event_family,myfxbook_source_family,myfxbook_event_id,release_date,myfxbook_actual,myfxbook_consensus,consensus_present,family_date_observation_count,classification,automatic_candidate_eligible,automatic_exclusion_reason,source,source_endpoint,source_years_back,source_capture_extracted_at,source_capture_filename,source_capture_sha256,source_series_ordinal,source_observation_ordinal
CPI,CPI_MOM,-265326876,2013-03-15,0.7,0.5,1,1,unique_populated,1,,myfxbook,calendar-chart-years-back.json,20,2026-08-26T15:48:54.341Z,EconomicCalendar/raw/myfxbook/myfxbook_consensus_history.json,1538055386838d8ec50ab9cce40153f69aa8bf841c2ae50f67751b2c465432cb,1,1
CPI,CPI_MOM,-265326876,2013-04-16,-0.2,0.1,1,1,unique_populated,1,,myfxbook,calendar-chart-years-back.json,20,2026-08-26T15:48:54.341Z,EconomicCalendar/raw/myfxbook/myfxbook_consensus_history.json,1538055386838d8ec50ab9cce40153f69aa8bf841c2ae50f67751b2c465432cb,1,2
CPI,CPI_MOM,-265326876,2013-05-16,-0.4,-0.2,1,1,unique_populated,1,,myfxbook,calendar-chart-years-back.json,20,2026-08-26T15:48:54.341Z,EconomicCalendar/raw/myfxbook/myfxbook_consensus_history.json,1538055386838d8ec50ab9cce40153f69aa8bf841c2ae50f67751b2c465432cb,1,3
CPI,CPI_MOM,-265326876,2013-06-18,0.1,0.15,1,1,unique_populated,1,,myfxbook,calendar-chart-years-back.json,20,2026-08-26T15:48:54.341Z,EconomicCalendar/raw/myfxbook/myfxbook_consensus_history.json,1538055386838d8ec50ab9cce40153f69aa8bf841c2ae50f67751b2c465432cb,1,4
CPI,CPI_MOM,-265326876,2013-07-16,0.5,0.3,1,1,unique_populated,1,,myfxbook,calendar-chart-years-back.json,20,2026-08-26T15:48:54.341Z,EconomicCalendar/raw/myfxbook/myfxbook_consensus_history.json,1538055386838d8ec50ab9cce40153f69aa8bf841c2ae50f67751b2c465432cb,1,5
CPI,CPI_MOM,-265326876,2013-08-15,0.2,0.3,1,1,unique_populated,1,,myfxbook,calendar-chart-years-back.json,20,2026-08-26T15:48:54.341Z,EconomicCalendar/raw/myfxbook/myfxbook_consensus_history.json,1538055386838d8ec50ab9cce40153f69aa8bf841c2ae50f67751b2c465432cb,1,6
CPI,CPI_MOM,-265326876,2013-09-17,0.1,0.2,1,1,unique_populated,1,,myfxbook,calendar-chart-years-back.json,20,2026-08-26T15:48:54.341Z,EconomicCalendar/raw/myfxbook/myfxbook_consensus_history.json,1538055386838d8ec50ab9cce40153f69aa8bf841c2ae50f67751b2c465432cb,1,7
CPI,CPI_MOM,-265326876,2013-10-30,0.2,0.2,1,1,unique_populated,1,,myfxbook,calendar-chart-years-back.json,20,2026-08-26T15:48:54.341Z,EconomicCalendar/raw/myfxbook/myfxbook_consensus_history.json,1538055386838d8ec50ab9cce40153f69aa8bf841c2ae50f67751b2c465432cb,1,8
CPI,CPI_MOM,-265326876,2013-11-20,-0.1,0.1,1,1,unique_populated,1,,myfxbook,calendar-chart-years-back.json,20,2026-08-26T15:48:54.341Z,EconomicCalendar/raw/myfxbook/myfxbook_consensus_history.json,1538055386838d8ec50ab9cce40153f69aa8bf841c2ae50f67751b2c465432cb,1,9
CPI,CPI_MOM,-265326876,2013-12-17,0.0,0.1,1,1,unique_populated,1,,myfxbook,calendar-chart-years-back.json,20,2026-08-26T15:48:54.341Z,EconomicCalendar/raw/myfxbook/myfxbook_consensus_history.json,1538055386838d8ec50ab9cce40153f69aa8bf841c2ae50f67751b2c465432cb,1,10
CPI,CPI_MOM,-265326876,2014-01-16,0.3,0.3,1,1,unique_populated,1,,myfxbook,calendar-chart-years-back.json,20,2026-08-26T15:48:54.341Z,EconomicCalendar/raw/myfxbook/myfxbook_consensus_history.json,1538055386838d8ec50ab9cce40153f69aa8bf841c2ae50f67751b2c465432cb,1,11
CPI,CPI_MOM,-265326876,2014-02-20,0.1,0.1,1,1,unique_populated,1,,myfxbook,calendar-chart-years-back.json,20,2026-08-26T15:48:54.341Z,EconomicCalendar/raw/myfxbook/myfxbook_consensus_history.json,1538055386838d8ec50ab9cce40153f69aa8bf841c2ae50f67751b2c465432cb,1,12
CPI,CPI_MOM,-265326876,2014-03-18,0.1,0.1,1,1,unique_populated,1,,myfxbook,calendar-chart-years-back.json,20,2026-08-26T15:48:54.341Z,EconomicCalendar/raw/myfxbook/myfxbook_consensus_history.json,1538055386838d8ec50ab9cce40153f69aa8bf841c2ae50f67751b2c465432cb,1,13
CPI,CPI_MOM,-265326876,2014-04-15,0.2,0.1,1,1,unique_populated,1,,myfxbook,calendar-chart-years-back.json,20,2026-08-26T15:48:54.341Z,EconomicCalendar/raw/myfxbook/myfxbook_consensus_history.json,1538055386838d8ec50ab9cce40153f69aa8bf841c2ae50f67751b2c465432cb,1,14
CPI,CPI_MOM,-265326876,2014-05-15,0.3,0.3,1,1,unique_populated,1,,myfxbook,calendar-chart-years-back.json,20,2026-08-26T15:48:54.341Z,EconomicCalendar/raw/myfxbook/myfxbook_consensus_history.json,1538055386838d8ec50ab9cce40153f69aa8bf841c2ae50f67751b2c465432cb,1,15
CPI,CPI_MOM,-265326876,2014-06-17,0.4,0.2,1,1,unique_populated,1,,myfxbook,calendar-chart-years-back.json,20,2026-08-26T15:48:54.341Z,EconomicCalendar/raw/myfxbook/myfxbook_consensus_history.json,1538055386838d8ec50ab9cce40153f69aa8bf841c2ae50f67751b2c465432cb,1,16
CPI,CPI_MOM,-265326876,2014-07-22,0.3,0.3,1,1,unique_populated,1,,myfxbook,calendar-chart-years-back.json,20,2026-08-26T15:48:54.341Z,EconomicCalendar/raw/myfxbook/myfxbook_consensus_history.json,1538055386838d8ec50ab9cce40153f69aa8bf841c2ae50f67751b2c465432cb,1,17
CPI,CPI_MOM,-265326876,2014-08-19,0.1,0.1,1,1,unique_populated,1,,myfxbook,calendar-chart-years-back.json,20,2026-08-26T15:48:54.341Z,EconomicCalendar/raw/myfxbook/myfxbook_consensus_history.json,1538055386838d8ec50ab9cce40153f69aa8bf841c2ae50f67751b2c465432cb,1,18
CPI,CPI_MOM,-265326876,2014-09-17,-0.2,0.1,1,1,unique_populated,1,,myfxbook,calendar-chart-years-back.json,20,2026-08-26T15:48:54.341Z,EconomicCalendar/raw/myfxbook/myfxbook_consensus_history.json,1538055386838d8ec50ab9cce40153f69aa8bf841c2ae50f67751b2c465432cb,1,19
CPI,CPI_MOM,-265326876,2014-10-22,0.1,0.1,1,1,unique_populated,1,,myfxbook,calendar-chart-years-back.json,20,2026-08-26T15:48:54.341Z,EconomicCalendar/raw/myfxbook/myfxbook_consensus_history.json,1538055386838d8ec50ab9cce40153f69aa8bf841c2ae50f67751b2c465432cb,1,20
CPI,CPI_MOM,-265326876,2014-11-20,0.0,-0.1,1,1,unique_populated,1,,myfxbook,calendar-chart-years-back.json,20,2026-08-26T15:48:54.341Z,EconomicCalendar/raw/myfxbook/myfxbook_consensus_history.json,1538055386838d8ec50ab9cce40153f69aa8bf841c2ae50f67751b2c465432cb,1,21
CPI,CPI_MOM,-265326876,2014-12-17,-0.3,-0.1,1,1,unique_populated,1,,myfxbook,calendar-chart-years-back.json,20,2026-08-26T15:48:54.341Z,EconomicCalendar/raw/myfxbook/myfxbook_consensus_history.json,1538055386838d8ec50ab9cce40153f69aa8bf841c2ae50f67751b2c465432cb,1,22
CPI,CPI_MOM,-265326876,2015-01-16,-0.4,-0.4,1,1,unique_populated,1,,myfxbook,calendar-chart-years-back.json,20,2026-08-26T15:48:54.341Z,EconomicCalendar/raw/myfxbook/myfxbook_consensus_history.json,1538055386838d8ec50ab9cce40153f69aa8bf841c2ae50f67751b2c465432cb,1,23
CPI,CPI_MOM,-265326876,2015-02-26,-0.7,-0.6,1,1,unique_populated,1,,myfxbook,calendar-chart-years-back.json,20,2026-08-26T15:48:54.341Z,EconomicCalendar/raw/myfxbook/myfxbook_consensus_history.json,1538055386838d8ec50ab9cce40153f69aa8bf841c2ae50f67751b2c465432cb,1,24
CPI,CPI_MOM,-265326876,2015-03-24,0.2,0.2,1,1,unique_populated,1,,myfxbook,calendar-chart-years-back.json,20,2026-08-26T15:48:54.341Z,EconomicCalendar/raw/myfxbook/myfxbook_consensus_history.json,1538055386838d8ec50ab9cce40153f69aa8bf841c2ae50f67751b2c465432cb,1,25
CPI,CPI_MOM,-265326876,2015-04-17,0.2,0.2,1,1,unique_populated,1,,myfxbook,calendar-chart-years-back.json,20,2026-08-26T15:48:54.341Z,EconomicCalendar/raw/myfxbook/myfxbook_consensus_history.json,1538055386838d8ec50ab9cce40153f69aa8bf841c2ae50f67751b2c465432cb,1,26
CPI,CPI_MOM,-265326876,2015-05-22,0.1,0.1,1,1,unique_populated,1,,myfxbook,calendar-chart-years-back.json,20,2026-08-26T15:48:54.341Z,EconomicCalendar/raw/myfxbook/myfxbook_consensus_history.json,1538055386838d8ec50ab9cce40153f69aa8bf841c2ae50f67751b2c465432cb,1,27
CPI,CPI_MOM,-265326876,2015-06-18,0.4,0.5,1,1,unique_populated,1,,myfxbook,calendar-chart-years-back.json,20,2026-08-26T15:48:54.341Z,EconomicCalendar/raw/myfxbook/myfxbook_consensus_history.json,1538055386838d8ec50ab9cce40153f69aa8bf841c2ae50f67751b2c465432cb,1,28
CPI,CPI_MOM,-265326876,2015-07-17,0.3,0.3,1,1,unique_populated,1,,myfxbook,calendar-chart-years-back.json,20,2026-08-26T15:48:54.341Z,EconomicCalendar/raw/myfxbook/myfxbook_consensus_history.json,1538055386838d8ec50ab9cce40153f69aa8bf841c2ae50f67751b2c465432cb,1,29
CPI,CPI_MOM,-265326876,2015-08-19,0.1,0.2,1,1,unique_populated,1,,myfxbook,calendar-chart-years-back.json,20,2026-08-26T15:48:54.341Z,EconomicCalendar/raw/myfxbook/myfxbook_consensus_history.json,1538055386838d8ec50ab9cce40153f69aa8bf841c2ae50f67751b2c465432cb,1,30
CPI,CPI_MOM,-265326876,2015-09-16,-0.1,0.0,1,1,unique_populated,1,,myfxbook,calendar-chart-years-back.json,20,2026-08-26T15:48:54.341Z,EconomicCalendar/raw/myfxbook/myfxbook_consensus_history.json,1538055386838d8ec50ab9cce40153f69aa8bf841c2ae50f67751b2c465432cb,1,31
CPI,CPI_MOM,-265326876,2015-10-15,-0.2,-0.2,1,1,unique_populated,1,,myfxbook,calendar-chart-years-back.json,20,2026-08-26T15:48:54.341Z,EconomicCalendar/raw/myfxbook/myfxbook_consensus_history.json,1538055386838d8ec50ab9cce40153f69aa8bf841c2ae50f67751b2c465432cb,1,32
CPI,CPI_MOM,-265326876,2015-11-17,0.2,0.2,1,1,unique_populated,1,,myfxbook,calendar-chart-years-back.json,20,2026-08-26T15:48:54.341Z,EconomicCalendar/raw/myfxbook/myfxbook_consensus_history.json,1538055386838d8ec50ab9cce40153f69aa8bf841c2ae50f67751b2c465432cb,1,33
CPI,CPI_MOM,-265326876,2015-12-15,0.0,0.0,1,1,unique_populated,1,,myfxbook,calendar-chart-years-back.json,20,2026-08-26T15:48:54.341Z,EconomicCalendar/raw/myfxbook/myfxbook_consensus_history.json,1538055386838d8ec50ab9cce40153f69aa8bf841c2ae50f67751b2c465432cb,1,34
CPI,CPI_MOM,-265326876,2016-01-20,-0.1,0.0,1,1,unique_populated,1,,myfxbook,calendar-chart-years-back.json,20,2026-08-26T15:48:54.341Z,EconomicCalendar/raw/myfxbook/myfxbook_consensus_history.json,1538055386838d8ec50ab9cce40153f69aa8bf841c2ae50f67751b2c465432cb,1,35
CPI,CPI_MOM,-265326876,2016-02-19,0.0,-0.1,1,1,unique_populated,1,,myfxbook,calendar-chart-years-back.json,20,2026-08-26T15:48:54.341Z,EconomicCalendar/raw/myfxbook/myfxbook_consensus_history.json,1538055386838d8ec50ab9cce40153f69aa8bf841c2ae50f67751b2c465432cb,1,36
CPI,CPI_MOM,-265326876,2016-03-16,-0.2,-0.2,1,1,unique_populated,1,,myfxbook,calendar-chart-years-back.json,20,2026-08-26T15:48:54.341Z,EconomicCalendar/raw/myfxbook/myfxbook_consensus_history.json,1538055386838d8ec50ab9cce40153f69aa8bf841c2ae50f67751b2c465432cb,1,37
CPI,CPI_MOM,-265326876,2016-04-14,0.1,0.2,1,1,unique_populated,1,,myfxbook,calendar-chart-years-back.json,20,2026-08-26T15:48:54.341Z,EconomicCalendar/raw/myfxbook/myfxbook_consensus_history.json,1538055386838d8ec50ab9cce40153f69aa8bf841c2ae50f67751b2c465432cb,1,38
CPI,CPI_MOM,-265326876,2016-05-17,0.4,0.3,1,1,unique_populated,1,,myfxbook,calendar-chart-years-back.json,20,2026-08-26T15:48:54.341Z,EconomicCalendar/raw/myfxbook/myfxbook_consensus_history.json,1538055386838d8ec50ab9cce40153f69aa8bf841c2ae50f67751b2c465432cb,1,39
CPI,CPI_MOM,-265326876,2016-06-16,0.2,0.3,1,1,unique_populated,1,,myfxbook,calendar-chart-years-back.json,20,2026-08-26T15:48:54.341Z,EconomicCalendar/raw/myfxbook/myfxbook_consensus_history.json,1538055386838d8ec50ab9cce40153f69aa8bf841c2ae50f67751b2c465432cb,1,40
CPI,CPI_MOM,-265326876,2016-07-15,0.2,0.3,1,1,unique_populated,1,,myfxbook,calendar-chart-years-back.json,20,2026-08-26T15:48:54.341Z,EconomicCalendar/raw/myfxbook/myfxbook_consensus_history.json,1538055386838d8ec50ab9cce40153f69aa8bf841c2ae50f67751b2c465432cb,1,41
CPI,CPI_MOM,-265326876,2016-08-16,0.0,0.0,1,1,unique_populated,1,,myfxbook,calendar-chart-years-back.json,20,2026-08-26T15:48:54.341Z,EconomicCalendar/raw/myfxbook/myfxbook_consensus_history.json,1538055386838d8ec50ab9cce40153f69aa8bf841c2ae50f67751b2c465432cb,1,42
CPI,CPI_MOM,-265326876,2016-09-16,0.2,0.1,1,1,unique_populated,1,,myfxbook,calendar-chart-years-back.json,20,2026-08-26T15:48:54.341Z,EconomicCalendar/raw/myfxbook/myfxbook_consensus_history.json,1538055386838d8ec50ab9cce40153f69aa8bf841c2ae50f67751b2c465432cb,1,43
CPI,CPI_MOM,-265326876,2016-10-18,0.3,0.3,1,1,unique_populated,1,,myfxbook,calendar-chart-years-back.json,20,2026-08-26T15:48:54.341Z,EconomicCalendar/raw/myfxbook/myfxbook_consensus_history.json,1538055386838d8ec50ab9cce40153f69aa8bf841c2ae50f67751b2c465432cb,1,44
CPI,CPI_MOM,-265326876,2016-11-17,0.4,0.4,1,1,unique_populated,1,,myfxbook,calendar-chart-years-back.json,20,2026-08-26T15:48:54.341Z,EconomicCalendar/raw/myfxbook/myfxbook_consensus_history.json,1538055386838d8ec50ab9cce40153f69aa8bf841c2ae50f67751b2c465432cb,1,45
CPI,CPI_MOM,-265326876,2016-12-15,0.2,0.2,1,1,unique_populated,1,,myfxbook,calendar-chart-years-back.json,20,2026-08-26T15:48:54.341Z,EconomicCalendar/raw/myfxbook/myfxbook_consensus_history.json,1538055386838d8ec50ab9cce40153f69aa8bf841c2ae50f67751b2c465432cb,1,46
CPI,CPI_MOM,-265326876,2017-01-18,0.3,0.3,1,1,unique_populated,1,,myfxbook,calendar-chart-years-back.json,20,2026-08-26T15:48:54.341Z,EconomicCalendar/raw/myfxbook/myfxbook_consensus_history.json,1538055386838d8ec50ab9cce40153f69aa8bf841c2ae50f67751b2c465432cb,1,47
CPI,CPI_MOM,-265326876,2017-02-15,0.6,0.3,1,1,unique_populated,1,,myfxbook,calendar-chart-years-back.json,20,2026-08-26T15:48:54.341Z,EconomicCalendar/raw/myfxbook/myfxbook_consensus_history.json,1538055386838d8ec50ab9cce40153f69aa8bf841c2ae50f67751b2c465432cb,1,48
CPI,CPI_MOM,-265326876,2017-03-15,0.1,0.1,1,1,unique_populated,1,,myfxbook,calendar-chart-years-back.json,20,2026-08-26T15:48:54.341Z,EconomicCalendar/raw/myfxbook/myfxbook_consensus_history.json,1538055386838d8ec50ab9cce40153f69aa8bf841c2ae50f67751b2c465432cb,1,49
CPI,CPI_MOM,-265326876,2017-04-14,-0.3,0.0,1,1,unique_populated,1,,myfxbook,calendar-chart-years-back.json,20,2026-08-26T15:48:54.341Z,EconomicCalendar/raw/myfxbook/myfxbook_consensus_history.json,1538055386838d8ec50ab9cce40153f69aa8bf841c2ae50f67751b2c465432cb,1,50
CPI,CPI_MOM,-265326876,2017-05-12,0.2,0.2,1,1,unique_populated,1,,myfxbook,calendar-chart-years-back.json,20,2026-08-26T15:48:54.341Z,EconomicCalendar/raw/myfxbook/myfxbook_consensus_history.json,1538055386838d8ec50ab9cce40153f69aa8bf841c2ae50f67751b2c465432cb,1,51
CPI,CPI_MOM,-265326876,2017-06-14,-0.1,0.1,1,1,unique_populated,1,,myfxbook,calendar-chart-years-back.json,20,2026-08-26T15:48:54.341Z,EconomicCalendar/raw/myfxbook/myfxbook_consensus_history.json,1538055386838d8ec50ab9cce40153f69aa8bf841c2ae50f67751b2c465432cb,1,52
CPI,CPI_MOM,-265326876,2017-07-14,0.0,0.1,1,1,unique_populated,1,,myfxbook,calendar-chart-years-back.json,20,2026-08-26T15:48:54.341Z,EconomicCalendar/raw/myfxbook/myfxbook_consensus_history.json,1538055386838d8ec50ab9cce40153f69aa8bf841c2ae50f67751b2c465432cb,1,53
CPI,CPI_MOM,-265326876,2017-08-11,0.1,0.2,1,1,unique_populated,1,,myfxbook,calendar-chart-years-back.json,20,2026-08-26T15:48:54.341Z,EconomicCalendar/raw/myfxbook/myfxbook_consensus_history.json,1538055386838d8ec50ab9cce40153f69aa8bf841c2ae50f67751b2c465432cb,1,54
CPI,CPI_MOM,-265326876,2017-09-14,0.4,0.3,1,1,unique_populated,1,,myfxbook,calendar-chart-years-back.json,20,2026-08-26T15:48:54.341Z,EconomicCalendar/raw/myfxbook/myfxbook_consensus_history.json,1538055386838d8ec50ab9cce40153f69aa8bf841c2ae50f67751b2c465432cb,1,55
CPI,CPI_MOM,-265326876,2017-10-13,0.5,0.6,1,1,unique_populated,1,,myfxbook,calendar-chart-years-back.json,20,2026-08-26T15:48:54.341Z,EconomicCalendar/raw/myfxbook/myfxbook_consensus_history.json,1538055386838d8ec50ab9cce40153f69aa8bf841c2ae50f67751b2c465432cb,1,56
CPI,CPI_MOM,-265326876,2017-11-15,0.1,0.1,1,1,unique_populated,1,,myfxbook,calendar-chart-years-back.json,20,2026-08-26T15:48:54.341Z,EconomicCalendar/raw/myfxbook/myfxbook_consensus_history.json,1538055386838d8ec50ab9cce40153f69aa8bf841c2ae50f67751b2c465432cb,1,57
CPI,CPI_MOM,-265326876,2017-12-13,0.4,0.4,1,1,unique_populated,1,,myfxbook,calendar-chart-years-back.json,20,2026-08-26T15:48:54.341Z,EconomicCalendar/raw/myfxbook/myfxbook_consensus_history.json,1538055386838d8ec50ab9cce40153f69aa8bf841c2ae50f67751b2c465432cb,1,58
CPI,CPI_MOM,-265326876,2018-01-12,0.1,0.2,1,1,unique_populated,1,,myfxbook,calendar-chart-years-back.json,20,2026-08-26T15:48:54.341Z,EconomicCalendar/raw/myfxbook/myfxbook_consensus_history.json,1538055386838d8ec50ab9cce40153f69aa8bf841c2ae50f67751b2c465432cb,1,59
CPI,CPI_MOM,-265326876,2018-02-14,0.5,0.3,1,1,unique_populated,1,,myfxbook,calendar-chart-years-back.json,20,2026-08-26T15:48:54.341Z,EconomicCalendar/raw/myfxbook/myfxbook_consensus_history.json,1538055386838d8ec50ab9cce40153f69aa8bf841c2ae50f67751b2c465432cb,1,60
CPI,CPI_MOM,-265326876,2018-03-13,0.2,0.2,1,1,unique_populated,1,,myfxbook,calendar-chart-years-back.json,20,2026-08-26T15:48:54.341Z,EconomicCalendar/raw/myfxbook/myfxbook_consensus_history.json,1538055386838d8ec50ab9cce40153f69aa8bf841c2ae50f67751b2c465432cb,1,61
CPI,CPI_MOM,-265326876,2018-04-11,-0.1,0.0,1,1,unique_populated,1,,myfxbook,calendar-chart-years-back.json,20,2026-08-26T15:48:54.341Z,EconomicCalendar/raw/myfxbook/myfxbook_consensus_history.json,1538055386838d8ec50ab9cce40153f69aa8bf841c2ae50f67751b2c465432cb,1,62
CPI,CPI_MOM,-265326876,2018-05-10,0.2,0.3,1,1,unique_populated,1,,myfxbook,calendar-chart-years-back.json,20,2026-08-26T15:48:54.341Z,EconomicCalendar/raw/myfxbook/myfxbook_consensus_history.json,1538055386838d8ec50ab9cce40153f69aa8bf841c2ae50f67751b2c465432cb,1,63
CPI,CPI_MOM,-265326876,2018-06-12,0.2,0.2,1,1,unique_populated,1,,myfxbook,calendar-chart-years-back.json,20,2026-08-26T15:48:54.341Z,EconomicCalendar/raw/myfxbook/myfxbook_consensus_history.json,1538055386838d8ec50ab9cce40153f69aa8bf841c2ae50f67751b2c465432cb,1,64
CPI,CPI_MOM,-265326876,2018-07-12,0.1,0.2,1,1,unique_populated,1,,myfxbook,calendar-chart-years-back.json,20,2026-08-26T15:48:54.341Z,EconomicCalendar/raw/myfxbook/myfxbook_consensus_history.json,1538055386838d8ec50ab9cce40153f69aa8bf841c2ae50f67751b2c465432cb,1,65
CPI,CPI_MOM,-265326876,2018-08-10,0.2,0.2,1,1,unique_populated,1,,myfxbook,calendar-chart-years-back.json,20,2026-08-26T15:48:54.341Z,EconomicCalendar/raw/myfxbook/myfxbook_consensus_history.json,1538055386838d8ec50ab9cce40153f69aa8bf841c2ae50f67751b2c465432cb,1,66
CPI,CPI_MOM,-265326876,2018-09-13,0.2,0.3,1,1,unique_populated,1,,myfxbook,calendar-chart-years-back.json,20,2026-08-26T15:48:54.341Z,EconomicCalendar/raw/myfxbook/myfxbook_consensus_history.json,1538055386838d8ec50ab9cce40153f69aa8bf841c2ae50f67751b2c465432cb,1,67
CPI,CPI_MOM,-265326876,2018-10-11,0.1,0.2,1,1,unique_populated,1,,myfxbook,calendar-chart-years-back.json,20,2026-08-26T15:48:54.341Z,EconomicCalendar/raw/myfxbook/myfxbook_consensus_history.json,1538055386838d8ec50ab9cce40153f69aa8bf841c2ae50f67751b2c465432cb,1,68
CPI,CPI_MOM,-265326876,2018-11-14,0.3,0.3,1,1,unique_populated,1,,myfxbook,calendar-chart-years-back.json,20,2026-08-26T15:48:54.341Z,EconomicCalendar/raw/myfxbook/myfxbook_consensus_history.json,1538055386838d8ec50ab9cce40153f69aa8bf841c2ae50f67751b2c465432cb,1,69
CPI,CPI_MOM,-265326876,2018-12-12,0.0,0.0,1,1,unique_populated,1,,myfxbook,calendar-chart-years-back.json,20,2026-08-26T15:48:54.341Z,EconomicCalendar/raw/myfxbook/myfxbook_consensus_history.json,1538055386838d8ec50ab9cce40153f69aa8bf841c2ae50f67751b2c465432cb,1,70
CPI,CPI_MOM,-265326876,2019-01-11,-0.1,-0.1,1,1,unique_populated,1,,myfxbook,calendar-chart-years-back.json,20,2026-08-26T15:48:54.341Z,EconomicCalendar/raw/myfxbook/myfxbook_consensus_history.json,1538055386838d8ec50ab9cce40153f69aa8bf841c2ae50f67751b2c465432cb,1,71
CPI,CPI_MOM,-265326876,2019-02-13,0.0,0.1,1,1,unique_populated,1,,myfxbook,calendar-chart-years-back.json,20,2026-08-26T15:48:54.341Z,EconomicCalendar/raw/myfxbook/myfxbook_consensus_history.json,1538055386838d8ec50ab9cce40153f69aa8bf841c2ae50f67751b2c465432cb,1,72
CPI,CPI_MOM,-265326876,2019-03-12,0.2,0.2,1,1,unique_populated,1,,myfxbook,calendar-chart-years-back.json,20,2026-08-26T15:48:54.341Z,EconomicCalendar/raw/myfxbook/myfxbook_consensus_history.json,1538055386838d8ec50ab9cce40153f69aa8bf841c2ae50f67751b2c465432cb,1,73
CPI,CPI_MOM,-265326876,2019-04-10,0.4,0.3,1,1,unique_populated,1,,myfxbook,calendar-chart-years-back.json,20,2026-08-26T15:48:54.341Z,EconomicCalendar/raw/myfxbook/myfxbook_consensus_history.json,1538055386838d8ec50ab9cce40153f69aa8bf841c2ae50f67751b2c465432cb,1,74
CPI,CPI_MOM,-265326876,2019-05-10,0.3,0.4,1,1,unique_populated,1,,myfxbook,calendar-chart-years-back.json,20,2026-08-26T15:48:54.341Z,EconomicCalendar/raw/myfxbook/myfxbook_consensus_history.json,1538055386838d8ec50ab9cce40153f69aa8bf841c2ae50f67751b2c465432cb,1,75
CPI,CPI_MOM,-265326876,2019-06-12,0.1,0.1,1,1,unique_populated,1,,myfxbook,calendar-chart-years-back.json,20,2026-08-26T15:48:54.341Z,EconomicCalendar/raw/myfxbook/myfxbook_consensus_history.json,1538055386838d8ec50ab9cce40153f69aa8bf841c2ae50f67751b2c465432cb,1,76
CPI,CPI_MOM,-265326876,2019-07-11,0.1,0.2,1,1,unique_populated,1,,myfxbook,calendar-chart-years-back.json,20,2026-08-26T15:48:54.341Z,EconomicCalendar/raw/myfxbook/myfxbook_consensus_history.json,1538055386838d8ec50ab9cce40153f69aa8bf841c2ae50f67751b2c465432cb,1,77
CPI,CPI_MOM,-265326876,2019-08-13,0.3,0.3,1,1,unique_populated,1,,myfxbook,calendar-chart-years-back.json,20,2026-08-26T15:48:54.341Z,EconomicCalendar/raw/myfxbook/myfxbook_consensus_history.json,1538055386838d8ec50ab9cce40153f69aa8bf841c2ae50f67751b2c465432cb,1,78
CPI,CPI_MOM,-265326876,2019-09-12,0.1,0.1,1,1,unique_populated,1,,myfxbook,calendar-chart-years-back.json,20,2026-08-26T15:48:54.341Z,EconomicCalendar/raw/myfxbook/myfxbook_consensus_history.json,1538055386838d8ec50ab9cce40153f69aa8bf841c2ae50f67751b2c465432cb,1,79
CPI,CPI_MOM,-265326876,2019-10-10,0.0,0.1,1,1,unique_populated,1,,myfxbook,calendar-chart-years-back.json,20,2026-08-26T15:48:54.341Z,EconomicCalendar/raw/myfxbook/myfxbook_consensus_history.json,1538055386838d8ec50ab9cce40153f69aa8bf841c2ae50f67751b2c465432cb,1,80
CPI,CPI_MOM,-265326876,2019-11-13,0.4,0.3,1,1,unique_populated,1,,myfxbook,calendar-chart-years-back.json,20,2026-08-26T15:48:54.341Z,EconomicCalendar/raw/myfxbook/myfxbook_consensus_history.json,1538055386838d8ec50ab9cce40153f69aa8bf841c2ae50f67751b2c465432cb,1,81
CPI,CPI_MOM,-265326876,2019-12-11,0.3,0.2,1,1,unique_populated,1,,myfxbook,calendar-chart-years-back.json,20,2026-08-26T15:48:54.341Z,EconomicCalendar/raw/myfxbook/myfxbook_consensus_history.json,1538055386838d8ec50ab9cce40153f69aa8bf841c2ae50f67751b2c465432cb,1,82
CPI,CPI_MOM,-265326876,2020-01-14,0.2,0.3,1,1,unique_populated,1,,myfxbook,calendar-chart-years-back.json,20,2026-08-26T15:48:54.341Z,EconomicCalendar/raw/myfxbook/myfxbook_consensus_history.json,1538055386838d8ec50ab9cce40153f69aa8bf841c2ae50f67751b2c465432cb,1,83
CPI,CPI_MOM,-265326876,2020-02-13,0.1,0.2,1,1,unique_populated,1,,myfxbook,calendar-chart-years-back.json,20,2026-08-26T15:48:54.341Z,EconomicCalendar/raw/myfxbook/myfxbook_consensus_history.json,1538055386838d8ec50ab9cce40153f69aa8bf841c2ae50f67751b2c465432cb,1,84
CPI,CPI_MOM,-265326876,2020-03-11,0.1,0.0,1,1,unique_populated,1,,myfxbook,calendar-chart-years-back.json,20,2026-08-26T15:48:54.341Z,EconomicCalendar/raw/myfxbook/myfxbook_consensus_history.json,1538055386838d8ec50ab9cce40153f69aa8bf841c2ae50f67751b2c465432cb,1,85
CPI,CPI_MOM,-265326876,2020-04-10,-0.4,-0.3,1,1,unique_populated,1,,myfxbook,calendar-chart-years-back.json,20,2026-08-26T15:48:54.341Z,EconomicCalendar/raw/myfxbook/myfxbook_consensus_history.json,1538055386838d8ec50ab9cce40153f69aa8bf841c2ae50f67751b2c465432cb,1,86
CPI,CPI_MOM,-265326876,2020-05-12,-0.8,-0.8,1,1,unique_populated,1,,myfxbook,calendar-chart-years-back.json,20,2026-08-26T15:48:54.341Z,EconomicCalendar/raw/myfxbook/myfxbook_consensus_history.json,1538055386838d8ec50ab9cce40153f69aa8bf841c2ae50f67751b2c465432cb,1,87
CPI,CPI_MOM,-265326876,2020-06-10,-0.1,0.0,1,1,unique_populated,1,,myfxbook,calendar-chart-years-back.json,20,2026-08-26T15:48:54.341Z,EconomicCalendar/raw/myfxbook/myfxbook_consensus_history.json,1538055386838d8ec50ab9cce40153f69aa8bf841c2ae50f67751b2c465432cb,1,88
CPI,CPI_MOM,-265326876,2020-07-14,0.6,0.5,1,1,unique_populated,1,,myfxbook,calendar-chart-years-back.json,20,2026-08-26T15:48:54.341Z,EconomicCalendar/raw/myfxbook/myfxbook_consensus_history.json,1538055386838d8ec50ab9cce40153f69aa8bf841c2ae50f67751b2c465432cb,1,89
CPI,CPI_MOM,-265326876,2020-08-12,0.6,0.3,1,1,unique_populated,1,,myfxbook,calendar-chart-years-back.json,20,2026-08-26T15:48:54.341Z,EconomicCalendar/raw/myfxbook/myfxbook_consensus_history.json,1538055386838d8ec50ab9cce40153f69aa8bf841c2ae50f67751b2c465432cb,1,90
CPI,CPI_MOM,-265326876,2020-09-11,0.4,0.3,1,1,unique_populated,1,,myfxbook,calendar-chart-years-back.json,20,2026-08-26T15:48:54.341Z,EconomicCalendar/raw/myfxbook/myfxbook_consensus_history.json,1538055386838d8ec50ab9cce40153f69aa8bf841c2ae50f67751b2c465432cb,1,91
CPI,CPI_MOM,-265326876,2020-10-13,0.2,0.2,1,1,unique_populated,1,,myfxbook,calendar-chart-years-back.json,20,2026-08-26T15:48:54.341Z,EconomicCalendar/raw/myfxbook/myfxbook_consensus_history.json,1538055386838d8ec50ab9cce40153f69aa8bf841c2ae50f67751b2c465432cb,1,92
CPI,CPI_MOM,-265326876,2020-11-12,0.0,0.1,1,1,unique_populated,1,,myfxbook,calendar-chart-years-back.json,20,2026-08-26T15:48:54.341Z,EconomicCalendar/raw/myfxbook/myfxbook_consensus_history.json,1538055386838d8ec50ab9cce40153f69aa8bf841c2ae50f67751b2c465432cb,1,93
CPI,CPI_MOM,-265326876,2020-12-10,0.2,0.1,1,1,unique_populated,1,,myfxbook,calendar-chart-years-back.json,20,2026-08-26T15:48:54.341Z,EconomicCalendar/raw/myfxbook/myfxbook_consensus_history.json,1538055386838d8ec50ab9cce40153f69aa8bf841c2ae50f67751b2c465432cb,1,94
CPI,CPI_MOM,-265326876,2021-01-13,0.4,0.4,1,1,unique_populated,1,,myfxbook,calendar-chart-years-back.json,20,2026-08-26T15:48:54.341Z,EconomicCalendar/raw/myfxbook/myfxbook_consensus_history.json,1538055386838d8ec50ab9cce40153f69aa8bf841c2ae50f67751b2c465432cb,1,95
CPI,CPI_MOM,-265326876,2021-02-10,0.3,0.3,1,1,unique_populated,1,,myfxbook,calendar-chart-years-back.json,20,2026-08-26T15:48:54.341Z,EconomicCalendar/raw/myfxbook/myfxbook_consensus_history.json,1538055386838d8ec50ab9cce40153f69aa8bf841c2ae50f67751b2c465432cb,1,96
CPI,CPI_MOM,-265326876,2021-03-10,0.4,0.4,1,1,unique_populated,1,,myfxbook,calendar-chart-years-back.json,20,2026-08-26T15:48:54.341Z,EconomicCalendar/raw/myfxbook/myfxbook_consensus_history.json,1538055386838d8ec50ab9cce40153f69aa8bf841c2ae50f67751b2c465432cb,1,97
CPI,CPI_MOM,-265326876,2021-04-13,0.6,0.5,1,1,unique_populated,1,,myfxbook,calendar-chart-years-back.json,20,2026-08-26T15:48:54.341Z,EconomicCalendar/raw/myfxbook/myfxbook_consensus_history.json,1538055386838d8ec50ab9cce40153f69aa8bf841c2ae50f67751b2c465432cb,1,98
CPI,CPI_MOM,-265326876,2021-05-12,0.8,0.2,1,1,unique_populated,1,,myfxbook,calendar-chart-years-back.json,20,2026-08-26T15:48:54.341Z,EconomicCalendar/raw/myfxbook/myfxbook_consensus_history.json,1538055386838d8ec50ab9cce40153f69aa8bf841c2ae50f67751b2c465432cb,1,99
CPI,CPI_MOM,-265326876,2021-06-10,0.6,0.4,1,1,unique_populated,1,,myfxbook,calendar-chart-years-back.json,20,2026-08-26T15:48:54.341Z,EconomicCalendar/raw/myfxbook/myfxbook_consensus_history.json,1538055386838d8ec50ab9cce40153f69aa8bf841c2ae50f67751b2c465432cb,1,100
CPI,CPI_MOM,-265326876,2021-07-13,0.9,0.5,1,1,unique_populated,1,,myfxbook,calendar-chart-years-back.json,20,2026-08-26T15:48:54.341Z,EconomicCalendar/raw/myfxbook/myfxbook_consensus_history.json,1538055386838d8ec50ab9cce40153f69aa8bf841c2ae50f67751b2c465432cb,1,101
CPI,CPI_MOM,-265326876,2021-08-11,0.5,0.5,1,1,unique_populated,1,,myfxbook,calendar-chart-years-back.json,20,2026-08-26T15:48:54.341Z,EconomicCalendar/raw/myfxbook/myfxbook_consensus_history.json,1538055386838d8ec50ab9cce40153f69aa8bf841c2ae50f67751b2c465432cb,1,102
CPI,CPI_MOM,-265326876,2021-09-14,0.3,0.4,1,1,unique_populated,1,,myfxbook,calendar-chart-years-back.json,20,2026-08-26T15:48:54.341Z,EconomicCalendar/raw/myfxbook/myfxbook_consensus_history.json,1538055386838d8ec50ab9cce40153f69aa8bf841c2ae50f67751b2c465432cb,1,103
CPI,CPI_MOM,-265326876,2021-10-13,0.4,0.3,1,1,unique_populated,1,,myfxbook,calendar-chart-years-back.json,20,2026-08-26T15:48:54.341Z,EconomicCalendar/raw/myfxbook/myfxbook_consensus_history.json,1538055386838d8ec50ab9cce40153f69aa8bf841c2ae50f67751b2c465432cb,1,104
CPI,CPI_MOM,-265326876,2021-11-10,0.9,0.6,1,1,unique_populated,1,,myfxbook,calendar-chart-years-back.json,20,2026-08-26T15:48:54.341Z,EconomicCalendar/raw/myfxbook/myfxbook_consensus_history.json,1538055386838d8ec50ab9cce40153f69aa8bf841c2ae50f67751b2c465432cb,1,105
CPI,CPI_MOM,-265326876,2021-12-10,0.8,0.7,1,1,unique_populated,1,,myfxbook,calendar-chart-years-back.json,20,2026-08-26T15:48:54.341Z,EconomicCalendar/raw/myfxbook/myfxbook_consensus_history.json,1538055386838d8ec50ab9cce40153f69aa8bf841c2ae50f67751b2c465432cb,1,106
CPI,CPI_MOM,-265326876,2022-01-12,0.5,0.4,1,1,unique_populated,1,,myfxbook,calendar-chart-years-back.json,20,2026-08-26T15:48:54.341Z,EconomicCalendar/raw/myfxbook/myfxbook_consensus_history.json,1538055386838d8ec50ab9cce40153f69aa8bf841c2ae50f67751b2c465432cb,1,107
CPI,CPI_MOM,-265326876,2022-02-10,0.6,0.5,1,1,unique_populated,1,,myfxbook,calendar-chart-years-back.json,20,2026-08-26T15:48:54.341Z,EconomicCalendar/raw/myfxbook/myfxbook_consensus_history.json,1538055386838d8ec50ab9cce40153f69aa8bf841c2ae50f67751b2c465432cb,1,108
CPI,CPI_MOM,-265326876,2022-03-10,0.8,0.8,1,1,unique_populated,1,,myfxbook,calendar-chart-years-back.json,20,2026-08-26T15:48:54.341Z,EconomicCalendar/raw/myfxbook/myfxbook_consensus_history.json,1538055386838d8ec50ab9cce40153f69aa8bf841c2ae50f67751b2c465432cb,1,109
CPI,CPI_MOM,-265326876,2022-04-12,1.2,1.2,1,1,unique_populated,1,,myfxbook,calendar-chart-years-back.json,20,2026-08-26T15:48:54.341Z,EconomicCalendar/raw/myfxbook/myfxbook_consensus_history.json,1538055386838d8ec50ab9cce40153f69aa8bf841c2ae50f67751b2c465432cb,1,110
CPI,CPI_MOM,-265326876,2022-05-11,0.3,0.2,1,1,unique_populated,1,,myfxbook,calendar-chart-years-back.json,20,2026-08-26T15:48:54.341Z,EconomicCalendar/raw/myfxbook/myfxbook_consensus_history.json,1538055386838d8ec50ab9cce40153f69aa8bf841c2ae50f67751b2c465432cb,1,111
CPI,CPI_MOM,-265326876,2022-06-10,1.0,0.7,1,1,unique_populated,1,,myfxbook,calendar-chart-years-back.json,20,2026-08-26T15:48:54.341Z,EconomicCalendar/raw/myfxbook/myfxbook_consensus_history.json,1538055386838d8ec50ab9cce40153f69aa8bf841c2ae50f67751b2c465432cb,1,112
CPI,CPI_MOM,-265326876,2022-07-13,1.3,1.1,1,1,unique_populated,1,,myfxbook,calendar-chart-years-back.json,20,2026-08-26T15:48:54.341Z,EconomicCalendar/raw/myfxbook/myfxbook_consensus_history.json,1538055386838d8ec50ab9cce40153f69aa8bf841c2ae50f67751b2c465432cb,1,113
CPI,CPI_MOM,-265326876,2022-08-10,0.0,0.2,1,1,unique_populated,1,,myfxbook,calendar-chart-years-back.json,20,2026-08-26T15:48:54.341Z,EconomicCalendar/raw/myfxbook/myfxbook_consensus_history.json,1538055386838d8ec50ab9cce40153f69aa8bf841c2ae50f67751b2c465432cb,1,114
CPI,CPI_MOM,-265326876,2022-09-13,0.1,-0.1,1,1,unique_populated,1,,myfxbook,calendar-chart-years-back.json,20,2026-08-26T15:48:54.341Z,EconomicCalendar/raw/myfxbook/myfxbook_consensus_history.json,1538055386838d8ec50ab9cce40153f69aa8bf841c2ae50f67751b2c465432cb,1,115
CPI,CPI_MOM,-265326876,2022-10-13,0.4,0.2,1,1,unique_populated,1,,myfxbook,calendar-chart-years-back.json,20,2026-08-26T15:48:54.341Z,EconomicCalendar/raw/myfxbook/myfxbook_consensus_history.json,1538055386838d8ec50ab9cce40153f69aa8bf841c2ae50f67751b2c465432cb,1,116
CPI,CPI_MOM,-265326876,2022-11-10,0.4,0.6,1,1,unique_populated,1,,myfxbook,calendar-chart-years-back.json,20,2026-08-26T15:48:54.341Z,EconomicCalendar/raw/myfxbook/myfxbook_consensus_history.json,1538055386838d8ec50ab9cce40153f69aa8bf841c2ae50f67751b2c465432cb,1,117
CPI,CPI_MOM,-265326876,2022-12-13,0.1,0.3,1,1,unique_populated,1,,myfxbook,calendar-chart-years-back.json,20,2026-08-26T15:48:54.341Z,EconomicCalendar/raw/myfxbook/myfxbook_consensus_history.json,1538055386838d8ec50ab9cce40153f69aa8bf841c2ae50f67751b2c465432cb,1,118
CPI,CPI_MOM,-265326876,2023-01-12,-0.1,0.0,1,1,unique_populated,1,,myfxbook,calendar-chart-years-back.json,20,2026-08-26T15:48:54.341Z,EconomicCalendar/raw/myfxbook/myfxbook_consensus_history.json,1538055386838d8ec50ab9cce40153f69aa8bf841c2ae50f67751b2c465432cb,1,119
CPI,CPI_MOM,-265326876,2023-02-14,0.5,0.5,1,1,unique_populated,1,,myfxbook,calendar-chart-years-back.json,20,2026-08-26T15:48:54.341Z,EconomicCalendar/raw/myfxbook/myfxbook_consensus_history.json,1538055386838d8ec50ab9cce40153f69aa8bf841c2ae50f67751b2c465432cb,1,120
CPI,CPI_MOM,-265326876,2023-03-14,0.4,0.4,1,1,unique_populated,1,,myfxbook,calendar-chart-years-back.json,20,2026-08-26T15:48:54.341Z,EconomicCalendar/raw/myfxbook/myfxbook_consensus_history.json,1538055386838d8ec50ab9cce40153f69aa8bf841c2ae50f67751b2c465432cb,1,121
CPI,CPI_MOM,-265326876,2023-04-12,0.1,0.2,1,1,unique_populated,1,,myfxbook,calendar-chart-years-back.json,20,2026-08-26T15:48:54.341Z,EconomicCalendar/raw/myfxbook/myfxbook_consensus_history.json,1538055386838d8ec50ab9cce40153f69aa8bf841c2ae50f67751b2c465432cb,1,122
CPI,CPI_MOM,-265326876,2023-05-10,0.4,0.4,1,1,unique_populated,1,,myfxbook,calendar-chart-years-back.json,20,2026-08-26T15:48:54.341Z,EconomicCalendar/raw/myfxbook/myfxbook_consensus_history.json,1538055386838d8ec50ab9cce40153f69aa8bf841c2ae50f67751b2c465432cb,1,123
CPI,CPI_MOM,-265326876,2023-06-13,0.1,0.2,1,1,unique_populated,1,,myfxbook,calendar-chart-years-back.json,20,2026-08-26T15:48:54.341Z,EconomicCalendar/raw/myfxbook/myfxbook_consensus_history.json,1538055386838d8ec50ab9cce40153f69aa8bf841c2ae50f67751b2c465432cb,1,124
CPI,CPI_MOM,-265326876,2023-07-12,0.2,0.3,1,1,unique_populated,1,,myfxbook,calendar-chart-years-back.json,20,2026-08-26T15:48:54.341Z,EconomicCalendar/raw/myfxbook/myfxbook_consensus_history.json,1538055386838d8ec50ab9cce40153f69aa8bf841c2ae50f67751b2c465432cb,1,125
CPI,CPI_MOM,-265326876,2023-08-10,0.2,0.2,1,1,unique_populated,1,,myfxbook,calendar-chart-years-back.json,20,2026-08-26T15:48:54.341Z,EconomicCalendar/raw/myfxbook/myfxbook_consensus_history.json,1538055386838d8ec50ab9cce40153f69aa8bf841c2ae50f67751b2c465432cb,1,126
CPI,CPI_MOM,-265326876,2023-09-13,0.6,0.6,1,1,unique_populated,1,,myfxbook,calendar-chart-years-back.json,20,2026-08-26T15:48:54.341Z,EconomicCalendar/raw/myfxbook/myfxbook_consensus_history.json,1538055386838d8ec50ab9cce40153f69aa8bf841c2ae50f67751b2c465432cb,1,127
CPI,CPI_MOM,-265326876,2023-10-12,0.4,0.3,1,1,unique_populated,1,,myfxbook,calendar-chart-years-back.json,20,2026-08-26T15:48:54.341Z,EconomicCalendar/raw/myfxbook/myfxbook_consensus_history.json,1538055386838d8ec50ab9cce40153f69aa8bf841c2ae50f67751b2c465432cb,1,128
CPI,CPI_MOM,-265326876,2023-11-14,0.0,0.1,1,1,unique_populated,1,,myfxbook,calendar-chart-years-back.json,20,2026-08-26T15:48:54.341Z,EconomicCalendar/raw/myfxbook/myfxbook_consensus_history.json,1538055386838d8ec50ab9cce40153f69aa8bf841c2ae50f67751b2c465432cb,1,129
CPI,CPI_MOM,-265326876,2023-12-12,0.1,0.0,1,1,unique_populated,1,,myfxbook,calendar-chart-years-back.json,20,2026-08-26T15:48:54.341Z,EconomicCalendar/raw/myfxbook/myfxbook_consensus_history.json,1538055386838d8ec50ab9cce40153f69aa8bf841c2ae50f67751b2c465432cb,1,130
CPI,CPI_MOM,-265326876,2024-01-11,0.3,0.2,1,1,unique_populated,1,,myfxbook,calendar-chart-years-back.json,20,2026-08-26T15:48:54.341Z,EconomicCalendar/raw/myfxbook/myfxbook_consensus_history.json,1538055386838d8ec50ab9cce40153f69aa8bf841c2ae50f67751b2c465432cb,1,131
CPI,CPI_MOM,-265326876,2024-02-09,0.2,,0,1,manual_review,0,known_cpi_2024_02_09_anomaly,myfxbook,calendar-chart-years-back.json,20,2026-08-26T15:48:54.341Z,EconomicCalendar/raw/myfxbook/myfxbook_consensus_history.json,1538055386838d8ec50ab9cce40153f69aa8bf841c2ae50f67751b2c465432cb,1,132
CPI,CPI_MOM,-265326876,2024-02-13,0.3,0.2,1,1,unique_populated,1,,myfxbook,calendar-chart-years-back.json,20,2026-08-26T15:48:54.341Z,EconomicCalendar/raw/myfxbook/myfxbook_consensus_history.json,1538055386838d8ec50ab9cce40153f69aa8bf841c2ae50f67751b2c465432cb,1,133
CPI,CPI_MOM,-265326876,2024-03-12,0.4,0.4,1,1,unique_populated,1,,myfxbook,calendar-chart-years-back.json,20,2026-08-26T15:48:54.341Z,EconomicCalendar/raw/myfxbook/myfxbook_consensus_history.json,1538055386838d8ec50ab9cce40153f69aa8bf841c2ae50f67751b2c465432cb,1,134
CPI,CPI_MOM,-265326876,2024-04-10,0.4,0.3,1,1,unique_populated,1,,myfxbook,calendar-chart-years-back.json,20,2026-08-26T15:48:54.341Z,EconomicCalendar/raw/myfxbook/myfxbook_consensus_history.json,1538055386838d8ec50ab9cce40153f69aa8bf841c2ae50f67751b2c465432cb,1,135
CPI,CPI_MOM,-265326876,2024-05-15,0.3,0.4,1,1,unique_populated,1,,myfxbook,calendar-chart-years-back.json,20,2026-08-26T15:48:54.341Z,EconomicCalendar/raw/myfxbook/myfxbook_consensus_history.json,1538055386838d8ec50ab9cce40153f69aa8bf841c2ae50f67751b2c465432cb,1,136
CPI,CPI_MOM,-265326876,2024-06-12,0.0,0.1,1,1,unique_populated,1,,myfxbook,calendar-chart-years-back.json,20,2026-08-26T15:48:54.341Z,EconomicCalendar/raw/myfxbook/myfxbook_consensus_history.json,1538055386838d8ec50ab9cce40153f69aa8bf841c2ae50f67751b2c465432cb,1,137
CPI,CPI_MOM,-265326876,2024-07-11,-0.1,0.1,1,1,unique_populated,1,,myfxbook,calendar-chart-years-back.json,20,2026-08-26T15:48:54.341Z,EconomicCalendar/raw/myfxbook/myfxbook_consensus_history.json,1538055386838d8ec50ab9cce40153f69aa8bf841c2ae50f67751b2c465432cb,1,138
CPI,CPI_MOM,-265326876,2024-08-14,0.2,0.2,1,1,unique_populated,1,,myfxbook,calendar-chart-years-back.json,20,2026-08-26T15:48:54.341Z,EconomicCalendar/raw/myfxbook/myfxbook_consensus_history.json,1538055386838d8ec50ab9cce40153f69aa8bf841c2ae50f67751b2c465432cb,1,139
CPI,CPI_MOM,-265326876,2024-09-11,0.2,0.2,1,1,unique_populated,1,,myfxbook,calendar-chart-years-back.json,20,2026-08-26T15:48:54.341Z,EconomicCalendar/raw/myfxbook/myfxbook_consensus_history.json,1538055386838d8ec50ab9cce40153f69aa8bf841c2ae50f67751b2c465432cb,1,140
CPI,CPI_MOM,-265326876,2024-10-10,0.2,0.1,1,1,unique_populated,1,,myfxbook,calendar-chart-years-back.json,20,2026-08-26T15:48:54.341Z,EconomicCalendar/raw/myfxbook/myfxbook_consensus_history.json,1538055386838d8ec50ab9cce40153f69aa8bf841c2ae50f67751b2c465432cb,1,141
CPI,CPI_MOM,-265326876,2024-11-13,0.2,0.2,1,1,unique_populated,1,,myfxbook,calendar-chart-years-back.json,20,2026-08-26T15:48:54.341Z,EconomicCalendar/raw/myfxbook/myfxbook_consensus_history.json,1538055386838d8ec50ab9cce40153f69aa8bf841c2ae50f67751b2c465432cb,1,142
CPI,CPI_MOM,-265326876,2024-12-11,0.3,0.3,1,1,unique_populated,1,,myfxbook,calendar-chart-years-back.json,20,2026-08-26T15:48:54.341Z,EconomicCalendar/raw/myfxbook/myfxbook_consensus_history.json,1538055386838d8ec50ab9cce40153f69aa8bf841c2ae50f67751b2c465432cb,1,143
CPI,CPI_MOM,-265326876,2025-01-15,0.4,0.3,1,1,unique_populated,1,,myfxbook,calendar-chart-years-back.json,20,2026-08-26T15:48:54.341Z,EconomicCalendar/raw/myfxbook/myfxbook_consensus_history.json,1538055386838d8ec50ab9cce40153f69aa8bf841c2ae50f67751b2c465432cb,1,144
CPI,CPI_MOM,-265326876,2025-02-12,0.5,0.3,1,1,unique_populated,1,,myfxbook,calendar-chart-years-back.json,20,2026-08-26T15:48:54.341Z,EconomicCalendar/raw/myfxbook/myfxbook_consensus_history.json,1538055386838d8ec50ab9cce40153f69aa8bf841c2ae50f67751b2c465432cb,1,145
CPI,CPI_MOM,-265326876,2025-03-12,0.2,0.3,1,1,unique_populated,1,,myfxbook,calendar-chart-years-back.json,20,2026-08-26T15:48:54.341Z,EconomicCalendar/raw/myfxbook/myfxbook_consensus_history.json,1538055386838d8ec50ab9cce40153f69aa8bf841c2ae50f67751b2c465432cb,1,146
CPI,CPI_MOM,-265326876,2025-04-10,-0.1,0.1,1,1,unique_populated,1,,myfxbook,calendar-chart-years-back.json,20,2026-08-26T15:48:54.341Z,EconomicCalendar/raw/myfxbook/myfxbook_consensus_history.json,1538055386838d8ec50ab9cce40153f69aa8bf841c2ae50f67751b2c465432cb,1,147
CPI,CPI_MOM,-265326876,2025-05-13,0.2,0.3,1,1,unique_populated,1,,myfxbook,calendar-chart-years-back.json,20,2026-08-26T15:48:54.341Z,EconomicCalendar/raw/myfxbook/myfxbook_consensus_history.json,1538055386838d8ec50ab9cce40153f69aa8bf841c2ae50f67751b2c465432cb,1,148
CPI,CPI_MOM,-265326876,2025-06-11,0.1,0.2,1,1,unique_populated,1,,myfxbook,calendar-chart-years-back.json,20,2026-08-26T15:48:54.341Z,EconomicCalendar/raw/myfxbook/myfxbook_consensus_history.json,1538055386838d8ec50ab9cce40153f69aa8bf841c2ae50f67751b2c465432cb,1,149
CPI,CPI_MOM,-265326876,2025-07-15,0.3,0.3,1,1,unique_populated,1,,myfxbook,calendar-chart-years-back.json,20,2026-08-26T15:48:54.341Z,EconomicCalendar/raw/myfxbook/myfxbook_consensus_history.json,1538055386838d8ec50ab9cce40153f69aa8bf841c2ae50f67751b2c465432cb,1,150
CPI,CPI_MOM,-265326876,2025-08-12,0.2,0.2,1,1,unique_populated,1,,myfxbook,calendar-chart-years-back.json,20,2026-08-26T15:48:54.341Z,EconomicCalendar/raw/myfxbook/myfxbook_consensus_history.json,1538055386838d8ec50ab9cce40153f69aa8bf841c2ae50f67751b2c465432cb,1,151
CPI,CPI_MOM,-265326876,2025-09-11,0.4,0.3,1,1,unique_populated,1,,myfxbook,calendar-chart-years-back.json,20,2026-08-26T15:48:54.341Z,EconomicCalendar/raw/myfxbook/myfxbook_consensus_history.json,1538055386838d8ec50ab9cce40153f69aa8bf841c2ae50f67751b2c465432cb,1,152
CPI,CPI_MOM,-265326876,2025-10-24,0.3,0.4,1,1,unique_populated,1,,myfxbook,calendar-chart-years-back.json,20,2026-08-26T15:48:54.341Z,EconomicCalendar/raw/myfxbook/myfxbook_consensus_history.json,1538055386838d8ec50ab9cce40153f69aa8bf841c2ae50f67751b2c465432cb,1,153
CPI,CPI_MOM,-265326876,2026-01-13,0.3,0.3,1,1,unique_populated,1,,myfxbook,calendar-chart-years-back.json,20,2026-08-26T15:48:54.341Z,EconomicCalendar/raw/myfxbook/myfxbook_consensus_history.json,1538055386838d8ec50ab9cce40153f69aa8bf841c2ae50f67751b2c465432cb,1,154
CPI,CPI_MOM,-265326876,2026-02-13,0.2,0.3,1,1,unique_populated,1,,myfxbook,calendar-chart-years-back.json,20,2026-08-26T15:48:54.341Z,EconomicCalendar/raw/myfxbook/myfxbook_consensus_history.json,1538055386838d8ec50ab9cce40153f69aa8bf841c2ae50f67751b2c465432cb,1,155
CPI,CPI_MOM,-265326876,2026-03-11,0.3,0.3,1,1,unique_populated,1,,myfxbook,calendar-chart-years-back.json,20,2026-08-26T15:48:54.341Z,EconomicCalendar/raw/myfxbook/myfxbook_consensus_history.json,1538055386838d8ec50ab9cce40153f69aa8bf841c2ae50f67751b2c465432cb,1,156
CPI,CPI_MOM,-265326876,2026-04-10,0.9,0.9,1,1,unique_populated,1,,myfxbook,calendar-chart-years-back.json,20,2026-08-26T15:48:54.341Z,EconomicCalendar/raw/myfxbook/myfxbook_consensus_history.json,1538055386838d8ec50ab9cce40153f69aa8bf841c2ae50f67751b2c465432cb,1,157
CPI,CPI_MOM,-265326876,2026-05-12,0.6,0.6,1,1,unique_populated,1,,myfxbook,calendar-chart-years-back.json,20,2026-08-26T15:48:54.341Z,EconomicCalendar/raw/myfxbook/myfxbook_consensus_history.json,1538055386838d8ec50ab9cce40153f69aa8bf841c2ae50f67751b2c465432cb,1,158
CPI,CPI_MOM,-265326876,2026-06-10,0.5,0.5,1,1,unique_populated,1,,myfxbook,calendar-chart-years-back.json,20,2026-08-26T15:48:54.341Z,EconomicCalendar/raw/myfxbook/myfxbook_consensus_history.json,1538055386838d8ec50ab9cce40153f69aa8bf841c2ae50f67751b2c465432cb,1,159
CPI,CPI_MOM,-265326876,2026-07-14,-0.4,-0.1,1,1,unique_populated,1,,myfxbook,calendar-chart-years-back.json,20,2026-08-26T15:48:54.341Z,EconomicCalendar/raw/myfxbook/myfxbook_consensus_history.json,1538055386838d8ec50ab9cce40153f69aa8bf841c2ae50f67751b2c465432cb,1,160
CPI,CPI_MOM,-265326876,2026-08-12,0.1,0.1,1,1,unique_populated,1,,myfxbook,calendar-chart-years-back.json,20,2026-08-26T15:48:54.341Z,EconomicCalendar/raw/myfxbook/myfxbook_consensus_history.json,1538055386838d8ec50ab9cce40153f69aa8bf841c2ae50f67751b2c465432cb,1,161
DURABLE_GOODS,DURABLE_GOODS_MOM,1842891375,2013-03-26,5.7,2.5,1,1,unique_populated,1,,myfxbook,calendar-chart-years-back.json,20,2026-08-26T15:48:54.341Z,EconomicCalendar/raw/myfxbook/myfxbook_consensus_history.json,1538055386838d8ec50ab9cce40153f69aa8bf841c2ae50f67751b2c465432cb,3,1
DURABLE_GOODS,DURABLE_GOODS_MOM,1842891375,2013-04-24,-5.7,-2.5,1,1,unique_populated,1,,myfxbook,calendar-chart-years-back.json,20,2026-08-26T15:48:54.341Z,EconomicCalendar/raw/myfxbook/myfxbook_consensus_history.json,1538055386838d8ec50ab9cce40153f69aa8bf841c2ae50f67751b2c465432cb,3,2
DURABLE_GOODS,DURABLE_GOODS_MOM,1842891375,2013-05-24,3.3,1.1,1,1,unique_populated,1,,myfxbook,calendar-chart-years-back.json,20,2026-08-26T15:48:54.341Z,EconomicCalendar/raw/myfxbook/myfxbook_consensus_history.json,1538055386838d8ec50ab9cce40153f69aa8bf841c2ae50f67751b2c465432cb,3,3
DURABLE_GOODS,DURABLE_GOODS_MOM,1842891375,2013-06-25,3.6,1.8,1,1,unique_populated,1,,myfxbook,calendar-chart-years-back.json,20,2026-08-26T15:48:54.341Z,EconomicCalendar/raw/myfxbook/myfxbook_consensus_history.json,1538055386838d8ec50ab9cce40153f69aa8bf841c2ae50f67751b2c465432cb,3,4
DURABLE_GOODS,DURABLE_GOODS_MOM,1842891375,2013-07-25,4.2,0.5,1,1,unique_populated,1,,myfxbook,calendar-chart-years-back.json,20,2026-08-26T15:48:54.341Z,EconomicCalendar/raw/myfxbook/myfxbook_consensus_history.json,1538055386838d8ec50ab9cce40153f69aa8bf841c2ae50f67751b2c465432cb,3,5
DURABLE_GOODS,DURABLE_GOODS_MOM,1842891375,2013-08-26,-7.3,-3.0,1,1,unique_populated,1,,myfxbook,calendar-chart-years-back.json,20,2026-08-26T15:48:54.341Z,EconomicCalendar/raw/myfxbook/myfxbook_consensus_history.json,1538055386838d8ec50ab9cce40153f69aa8bf841c2ae50f67751b2c465432cb,3,6
DURABLE_GOODS,DURABLE_GOODS_MOM,1842891375,2013-09-25,0.1,0.0,1,1,unique_populated,1,,myfxbook,calendar-chart-years-back.json,20,2026-08-26T15:48:54.341Z,EconomicCalendar/raw/myfxbook/myfxbook_consensus_history.json,1538055386838d8ec50ab9cce40153f69aa8bf841c2ae50f67751b2c465432cb,3,7
DURABLE_GOODS,DURABLE_GOODS_MOM,1842891375,2013-10-25,3.7,2.0,1,1,unique_populated,1,,myfxbook,calendar-chart-years-back.json,20,2026-08-26T15:48:54.341Z,EconomicCalendar/raw/myfxbook/myfxbook_consensus_history.json,1538055386838d8ec50ab9cce40153f69aa8bf841c2ae50f67751b2c465432cb,3,8
DURABLE_GOODS,DURABLE_GOODS_MOM,1842891375,2013-11-27,-2.0,-1.5,1,1,unique_populated,1,,myfxbook,calendar-chart-years-back.json,20,2026-08-26T15:48:54.341Z,EconomicCalendar/raw/myfxbook/myfxbook_consensus_history.json,1538055386838d8ec50ab9cce40153f69aa8bf841c2ae50f67751b2c465432cb,3,9
DURABLE_GOODS,DURABLE_GOODS_MOM,1842891375,2013-12-24,3.5,2.0,1,1,unique_populated,1,,myfxbook,calendar-chart-years-back.json,20,2026-08-26T15:48:54.341Z,EconomicCalendar/raw/myfxbook/myfxbook_consensus_history.json,1538055386838d8ec50ab9cce40153f69aa8bf841c2ae50f67751b2c465432cb,3,10
DURABLE_GOODS,DURABLE_GOODS_MOM,1842891375,2014-01-28,-4.3,1.8,1,1,unique_populated,1,,myfxbook,calendar-chart-years-back.json,20,2026-08-26T15:48:54.341Z,EconomicCalendar/raw/myfxbook/myfxbook_consensus_history.json,1538055386838d8ec50ab9cce40153f69aa8bf841c2ae50f67751b2c465432cb,3,11
DURABLE_GOODS,DURABLE_GOODS_MOM,1842891375,2014-02-27,-1.0,-1.5,1,1,unique_populated,1,,myfxbook,calendar-chart-years-back.json,20,2026-08-26T15:48:54.341Z,EconomicCalendar/raw/myfxbook/myfxbook_consensus_history.json,1538055386838d8ec50ab9cce40153f69aa8bf841c2ae50f67751b2c465432cb,3,12
DURABLE_GOODS,DURABLE_GOODS_MOM,1842891375,2014-03-26,2.2,1.0,1,1,unique_populated,1,,myfxbook,calendar-chart-years-back.json,20,2026-08-26T15:48:54.341Z,EconomicCalendar/raw/myfxbook/myfxbook_consensus_history.json,1538055386838d8ec50ab9cce40153f69aa8bf841c2ae50f67751b2c465432cb,3,13
DURABLE_GOODS,DURABLE_GOODS_MOM,1842891375,2014-04-24,2.6,2.0,1,1,unique_populated,1,,myfxbook,calendar-chart-years-back.json,20,2026-08-26T15:48:54.341Z,EconomicCalendar/raw/myfxbook/myfxbook_consensus_history.json,1538055386838d8ec50ab9cce40153f69aa8bf841c2ae50f67751b2c465432cb,3,14
DURABLE_GOODS,DURABLE_GOODS_MOM,1842891375,2014-05-27,0.8,-0.5,1,1,unique_populated,1,,myfxbook,calendar-chart-years-back.json,20,2026-08-26T15:48:54.341Z,EconomicCalendar/raw/myfxbook/myfxbook_consensus_history.json,1538055386838d8ec50ab9cce40153f69aa8bf841c2ae50f67751b2c465432cb,3,15
DURABLE_GOODS,DURABLE_GOODS_MOM,1842891375,2014-06-25,-1.0,0.2,1,1,unique_populated,1,,myfxbook,calendar-chart-years-back.json,20,2026-08-26T15:48:54.341Z,EconomicCalendar/raw/myfxbook/myfxbook_consensus_history.json,1538055386838d8ec50ab9cce40153f69aa8bf841c2ae50f67751b2c465432cb,3,16
DURABLE_GOODS,DURABLE_GOODS_MOM,1842891375,2014-07-25,0.7,0.5,1,1,unique_populated,1,,myfxbook,calendar-chart-years-back.json,20,2026-08-26T15:48:54.341Z,EconomicCalendar/raw/myfxbook/myfxbook_consensus_history.json,1538055386838d8ec50ab9cce40153f69aa8bf841c2ae50f67751b2c465432cb,3,17
DURABLE_GOODS,DURABLE_GOODS_MOM,1842891375,2014-08-26,22.6,5.0,1,1,unique_populated,1,,myfxbook,calendar-chart-years-back.json,20,2026-08-26T15:48:54.341Z,EconomicCalendar/raw/myfxbook/myfxbook_consensus_history.json,1538055386838d8ec50ab9cce40153f69aa8bf841c2ae50f67751b2c465432cb,3,18
DURABLE_GOODS,DURABLE_GOODS_MOM,1842891375,2014-09-25,-18.2,-18.0,1,1,unique_populated,1,,myfxbook,calendar-chart-years-back.json,20,2026-08-26T15:48:54.341Z,EconomicCalendar/raw/myfxbook/myfxbook_consensus_history.json,1538055386838d8ec50ab9cce40153f69aa8bf841c2ae50f67751b2c465432cb,3,19
DURABLE_GOODS,DURABLE_GOODS_MOM,1842891375,2014-10-28,-1.3,0.6,1,1,unique_populated,1,,myfxbook,calendar-chart-years-back.json,20,2026-08-26T15:48:54.341Z,EconomicCalendar/raw/myfxbook/myfxbook_consensus_history.json,1538055386838d8ec50ab9cce40153f69aa8bf841c2ae50f67751b2c465432cb,3,20
DURABLE_GOODS,DURABLE_GOODS_MOM,1842891375,2014-11-26,0.4,-0.6,1,1,unique_populated,1,,myfxbook,calendar-chart-years-back.json,20,2026-08-26T15:48:54.341Z,EconomicCalendar/raw/myfxbook/myfxbook_consensus_history.json,1538055386838d8ec50ab9cce40153f69aa8bf841c2ae50f67751b2c465432cb,3,21
DURABLE_GOODS,DURABLE_GOODS_MOM,1842891375,2014-12-23,-0.7,2.9,1,1,unique_populated,1,,myfxbook,calendar-chart-years-back.json,20,2026-08-26T15:48:54.341Z,EconomicCalendar/raw/myfxbook/myfxbook_consensus_history.json,1538055386838d8ec50ab9cce40153f69aa8bf841c2ae50f67751b2c465432cb,3,22
DURABLE_GOODS,DURABLE_GOODS_MOM,1842891375,2015-01-27,-3.4,0.5,1,1,unique_populated,1,,myfxbook,calendar-chart-years-back.json,20,2026-08-26T15:48:54.341Z,EconomicCalendar/raw/myfxbook/myfxbook_consensus_history.json,1538055386838d8ec50ab9cce40153f69aa8bf841c2ae50f67751b2c465432cb,3,23
DURABLE_GOODS,DURABLE_GOODS_MOM,1842891375,2015-02-26,2.8,1.7,1,1,unique_populated,1,,myfxbook,calendar-chart-years-back.json,20,2026-08-26T15:48:54.341Z,EconomicCalendar/raw/myfxbook/myfxbook_consensus_history.json,1538055386838d8ec50ab9cce40153f69aa8bf841c2ae50f67751b2c465432cb,3,24
DURABLE_GOODS,DURABLE_GOODS_MOM,1842891375,2015-03-25,-1.4,0.3,1,1,unique_populated,1,,myfxbook,calendar-chart-years-back.json,20,2026-08-26T15:48:54.341Z,EconomicCalendar/raw/myfxbook/myfxbook_consensus_history.json,1538055386838d8ec50ab9cce40153f69aa8bf841c2ae50f67751b2c465432cb,3,25
DURABLE_GOODS,DURABLE_GOODS_MOM,1842891375,2015-04-24,4.0,0.6,1,1,unique_populated,1,,myfxbook,calendar-chart-years-back.json,20,2026-08-26T15:48:54.341Z,EconomicCalendar/raw/myfxbook/myfxbook_consensus_history.json,1538055386838d8ec50ab9cce40153f69aa8bf841c2ae50f67751b2c465432cb,3,26
DURABLE_GOODS,DURABLE_GOODS_MOM,1842891375,2015-05-26,-0.5,-0.4,1,1,unique_populated,1,,myfxbook,calendar-chart-years-back.json,20,2026-08-26T15:48:54.341Z,EconomicCalendar/raw/myfxbook/myfxbook_consensus_history.json,1538055386838d8ec50ab9cce40153f69aa8bf841c2ae50f67751b2c465432cb,3,27
DURABLE_GOODS,DURABLE_GOODS_MOM,1842891375,2015-06-23,-1.8,-0.5,1,1,unique_populated,1,,myfxbook,calendar-chart-years-back.json,20,2026-08-26T15:48:54.341Z,EconomicCalendar/raw/myfxbook/myfxbook_consensus_history.json,1538055386838d8ec50ab9cce40153f69aa8bf841c2ae50f67751b2c465432cb,3,28
DURABLE_GOODS,DURABLE_GOODS_MOM,1842891375,2015-07-27,3.4,3.0,1,1,unique_populated,1,,myfxbook,calendar-chart-years-back.json,20,2026-08-26T15:48:54.341Z,EconomicCalendar/raw/myfxbook/myfxbook_consensus_history.json,1538055386838d8ec50ab9cce40153f69aa8bf841c2ae50f67751b2c465432cb,3,29
DURABLE_GOODS,DURABLE_GOODS_MOM,1842891375,2015-08-26,2.0,-0.4,1,1,unique_populated,1,,myfxbook,calendar-chart-years-back.json,20,2026-08-26T15:48:54.341Z,EconomicCalendar/raw/myfxbook/myfxbook_consensus_history.json,1538055386838d8ec50ab9cce40153f69aa8bf841c2ae50f67751b2c465432cb,3,30
DURABLE_GOODS,DURABLE_GOODS_MOM,1842891375,2015-09-24,-2.0,-2.0,1,1,unique_populated,1,,myfxbook,calendar-chart-years-back.json,20,2026-08-26T15:48:54.341Z,EconomicCalendar/raw/myfxbook/myfxbook_consensus_history.json,1538055386838d8ec50ab9cce40153f69aa8bf841c2ae50f67751b2c465432cb,3,31
DURABLE_GOODS,DURABLE_GOODS_MOM,1842891375,2015-10-27,-1.2,-1.2,1,1,unique_populated,1,,myfxbook,calendar-chart-years-back.json,20,2026-08-26T15:48:54.341Z,EconomicCalendar/raw/myfxbook/myfxbook_consensus_history.json,1538055386838d8ec50ab9cce40153f69aa8bf841c2ae50f67751b2c465432cb,3,32
DURABLE_GOODS,DURABLE_GOODS_MOM,1842891375,2015-11-25,3.0,1.5,1,1,unique_populated,1,,myfxbook,calendar-chart-years-back.json,20,2026-08-26T15:48:54.341Z,EconomicCalendar/raw/myfxbook/myfxbook_consensus_history.json,1538055386838d8ec50ab9cce40153f69aa8bf841c2ae50f67751b2c465432cb,3,33
DURABLE_GOODS,DURABLE_GOODS_MOM,1842891375,2015-12-23,0.0,-0.6,1,1,unique_populated,1,,myfxbook,calendar-chart-years-back.json,20,2026-08-26T15:48:54.341Z,EconomicCalendar/raw/myfxbook/myfxbook_consensus_history.json,1538055386838d8ec50ab9cce40153f69aa8bf841c2ae50f67751b2c465432cb,3,34
DURABLE_GOODS,DURABLE_GOODS_MOM,1842891375,2016-01-28,-5.1,-0.6,1,1,unique_populated,1,,myfxbook,calendar-chart-years-back.json,20,2026-08-26T15:48:54.341Z,EconomicCalendar/raw/myfxbook/myfxbook_consensus_history.json,1538055386838d8ec50ab9cce40153f69aa8bf841c2ae50f67751b2c465432cb,3,35
DURABLE_GOODS,DURABLE_GOODS_MOM,1842891375,2016-02-25,4.9,2.9,1,1,unique_populated,1,,myfxbook,calendar-chart-years-back.json,20,2026-08-26T15:48:54.341Z,EconomicCalendar/raw/myfxbook/myfxbook_consensus_history.json,1538055386838d8ec50ab9cce40153f69aa8bf841c2ae50f67751b2c465432cb,3,36
DURABLE_GOODS,DURABLE_GOODS_MOM,1842891375,2016-03-24,-2.8,-2.9,1,1,unique_populated,1,,myfxbook,calendar-chart-years-back.json,20,2026-08-26T15:48:54.341Z,EconomicCalendar/raw/myfxbook/myfxbook_consensus_history.json,1538055386838d8ec50ab9cce40153f69aa8bf841c2ae50f67751b2c465432cb,3,37
DURABLE_GOODS,DURABLE_GOODS_MOM,1842891375,2016-04-26,0.8,1.8,1,1,unique_populated,1,,myfxbook,calendar-chart-years-back.json,20,2026-08-26T15:48:54.341Z,EconomicCalendar/raw/myfxbook/myfxbook_consensus_history.json,1538055386838d8ec50ab9cce40153f69aa8bf841c2ae50f67751b2c465432cb,3,38
DURABLE_GOODS,DURABLE_GOODS_MOM,1842891375,2016-05-26,3.4,0.5,1,1,unique_populated,1,,myfxbook,calendar-chart-years-back.json,20,2026-08-26T15:48:54.341Z,EconomicCalendar/raw/myfxbook/myfxbook_consensus_history.json,1538055386838d8ec50ab9cce40153f69aa8bf841c2ae50f67751b2c465432cb,3,39
DURABLE_GOODS,DURABLE_GOODS_MOM,1842891375,2016-06-24,-2.2,-0.5,1,1,unique_populated,1,,myfxbook,calendar-chart-years-back.json,20,2026-08-26T15:48:54.341Z,EconomicCalendar/raw/myfxbook/myfxbook_consensus_history.json,1538055386838d8ec50ab9cce40153f69aa8bf841c2ae50f67751b2c465432cb,3,40
DURABLE_GOODS,DURABLE_GOODS_MOM,1842891375,2016-07-27,-4.0,-1.1,1,1,unique_populated,1,,myfxbook,calendar-chart-years-back.json,20,2026-08-26T15:48:54.341Z,EconomicCalendar/raw/myfxbook/myfxbook_consensus_history.json,1538055386838d8ec50ab9cce40153f69aa8bf841c2ae50f67751b2c465432cb,3,41
DURABLE_GOODS,DURABLE_GOODS_MOM,1842891375,2016-08-25,4.4,3.3,1,1,unique_populated,1,,myfxbook,calendar-chart-years-back.json,20,2026-08-26T15:48:54.341Z,EconomicCalendar/raw/myfxbook/myfxbook_consensus_history.json,1538055386838d8ec50ab9cce40153f69aa8bf841c2ae50f67751b2c465432cb,3,42
DURABLE_GOODS,DURABLE_GOODS_MOM,1842891375,2016-09-28,0.0,-1.4,1,1,unique_populated,1,,myfxbook,calendar-chart-years-back.json,20,2026-08-26T15:48:54.341Z,EconomicCalendar/raw/myfxbook/myfxbook_consensus_history.json,1538055386838d8ec50ab9cce40153f69aa8bf841c2ae50f67751b2c465432cb,3,43
DURABLE_GOODS,DURABLE_GOODS_MOM,1842891375,2016-10-27,-0.1,0.1,1,1,unique_populated,1,,myfxbook,calendar-chart-years-back.json,20,2026-08-26T15:48:54.341Z,EconomicCalendar/raw/myfxbook/myfxbook_consensus_history.json,1538055386838d8ec50ab9cce40153f69aa8bf841c2ae50f67751b2c465432cb,3,44
DURABLE_GOODS,DURABLE_GOODS_MOM,1842891375,2016-11-23,4.8,1.5,1,1,unique_populated,1,,myfxbook,calendar-chart-years-back.json,20,2026-08-26T15:48:54.341Z,EconomicCalendar/raw/myfxbook/myfxbook_consensus_history.json,1538055386838d8ec50ab9cce40153f69aa8bf841c2ae50f67751b2c465432cb,3,45
DURABLE_GOODS,DURABLE_GOODS_MOM,1842891375,2016-12-22,-4.6,-4.7,1,1,unique_populated,1,,myfxbook,calendar-chart-years-back.json,20,2026-08-26T15:48:54.341Z,EconomicCalendar/raw/myfxbook/myfxbook_consensus_history.json,1538055386838d8ec50ab9cce40153f69aa8bf841c2ae50f67751b2c465432cb,3,46
DURABLE_GOODS,DURABLE_GOODS_MOM,1842891375,2017-01-27,-0.4,2.6,1,1,unique_populated,1,,myfxbook,calendar-chart-years-back.json,20,2026-08-26T15:48:54.341Z,EconomicCalendar/raw/myfxbook/myfxbook_consensus_history.json,1538055386838d8ec50ab9cce40153f69aa8bf841c2ae50f67751b2c465432cb,3,47
DURABLE_GOODS,DURABLE_GOODS_MOM,1842891375,2017-02-27,1.8,1.7,1,1,unique_populated,1,,myfxbook,calendar-chart-years-back.json,20,2026-08-26T15:48:54.341Z,EconomicCalendar/raw/myfxbook/myfxbook_consensus_history.json,1538055386838d8ec50ab9cce40153f69aa8bf841c2ae50f67751b2c465432cb,3,48
DURABLE_GOODS,DURABLE_GOODS_MOM,1842891375,2017-03-24,1.7,1.2,1,1,unique_populated,1,,myfxbook,calendar-chart-years-back.json,20,2026-08-26T15:48:54.341Z,EconomicCalendar/raw/myfxbook/myfxbook_consensus_history.json,1538055386838d8ec50ab9cce40153f69aa8bf841c2ae50f67751b2c465432cb,3,49
DURABLE_GOODS,DURABLE_GOODS_MOM,1842891375,2017-04-27,0.7,1.2,1,1,unique_populated,1,,myfxbook,calendar-chart-years-back.json,20,2026-08-26T15:48:54.341Z,EconomicCalendar/raw/myfxbook/myfxbook_consensus_history.json,1538055386838d8ec50ab9cce40153f69aa8bf841c2ae50f67751b2c465432cb,3,50
DURABLE_GOODS,DURABLE_GOODS_MOM,1842891375,2017-05-26,-0.7,-1.2,1,1,unique_populated,1,,myfxbook,calendar-chart-years-back.json,20,2026-08-26T15:48:54.341Z,EconomicCalendar/raw/myfxbook/myfxbook_consensus_history.json,1538055386838d8ec50ab9cce40153f69aa8bf841c2ae50f67751b2c465432cb,3,51
DURABLE_GOODS,DURABLE_GOODS_MOM,1842891375,2017-06-26,-1.1,-0.6,1,1,unique_populated,1,,myfxbook,calendar-chart-years-back.json,20,2026-08-26T15:48:54.341Z,EconomicCalendar/raw/myfxbook/myfxbook_consensus_history.json,1538055386838d8ec50ab9cce40153f69aa8bf841c2ae50f67751b2c465432cb,3,52
DURABLE_GOODS,DURABLE_GOODS_MOM,1842891375,2017-07-27,6.5,3.0,1,1,unique_populated,1,,myfxbook,calendar-chart-years-back.json,20,2026-08-26T15:48:54.341Z,EconomicCalendar/raw/myfxbook/myfxbook_consensus_history.json,1538055386838d8ec50ab9cce40153f69aa8bf841c2ae50f67751b2c465432cb,3,53
DURABLE_GOODS,DURABLE_GOODS_MOM,1842891375,2017-08-25,-6.8,-6.0,1,1,unique_populated,1,,myfxbook,calendar-chart-years-back.json,20,2026-08-26T15:48:54.341Z,EconomicCalendar/raw/myfxbook/myfxbook_consensus_history.json,1538055386838d8ec50ab9cce40153f69aa8bf841c2ae50f67751b2c465432cb,3,54
DURABLE_GOODS,DURABLE_GOODS_MOM,1842891375,2017-09-27,1.7,1.0,1,1,unique_populated,1,,myfxbook,calendar-chart-years-back.json,20,2026-08-26T15:48:54.341Z,EconomicCalendar/raw/myfxbook/myfxbook_consensus_history.json,1538055386838d8ec50ab9cce40153f69aa8bf841c2ae50f67751b2c465432cb,3,55
DURABLE_GOODS,DURABLE_GOODS_MOM,1842891375,2017-10-25,2.2,1.0,1,1,unique_populated,1,,myfxbook,calendar-chart-years-back.json,20,2026-08-26T15:48:54.341Z,EconomicCalendar/raw/myfxbook/myfxbook_consensus_history.json,1538055386838d8ec50ab9cce40153f69aa8bf841c2ae50f67751b2c465432cb,3,56
DURABLE_GOODS,DURABLE_GOODS_MOM,1842891375,2017-11-22,-1.2,0.3,1,1,unique_populated,1,,myfxbook,calendar-chart-years-back.json,20,2026-08-26T15:48:54.341Z,EconomicCalendar/raw/myfxbook/myfxbook_consensus_history.json,1538055386838d8ec50ab9cce40153f69aa8bf841c2ae50f67751b2c465432cb,3,57
DURABLE_GOODS,DURABLE_GOODS_MOM,1842891375,2017-12-22,1.3,2.0,1,1,unique_populated,1,,myfxbook,calendar-chart-years-back.json,20,2026-08-26T15:48:54.341Z,EconomicCalendar/raw/myfxbook/myfxbook_consensus_history.json,1538055386838d8ec50ab9cce40153f69aa8bf841c2ae50f67751b2c465432cb,3,58
DURABLE_GOODS,DURABLE_GOODS_MOM,1842891375,2018-01-26,2.9,0.8,1,1,unique_populated,1,,myfxbook,calendar-chart-years-back.json,20,2026-08-26T15:48:54.341Z,EconomicCalendar/raw/myfxbook/myfxbook_consensus_history.json,1538055386838d8ec50ab9cce40153f69aa8bf841c2ae50f67751b2c465432cb,3,59
DURABLE_GOODS,DURABLE_GOODS_MOM,1842891375,2018-02-27,-3.7,-2.0,1,1,unique_populated,1,,myfxbook,calendar-chart-years-back.json,20,2026-08-26T15:48:54.341Z,EconomicCalendar/raw/myfxbook/myfxbook_consensus_history.json,1538055386838d8ec50ab9cce40153f69aa8bf841c2ae50f67751b2c465432cb,3,60
DURABLE_GOODS,DURABLE_GOODS_MOM,1842891375,2018-03-23,3.1,1.5,1,1,unique_populated,1,,myfxbook,calendar-chart-years-back.json,20,2026-08-26T15:48:54.341Z,EconomicCalendar/raw/myfxbook/myfxbook_consensus_history.json,1538055386838d8ec50ab9cce40153f69aa8bf841c2ae50f67751b2c465432cb,3,61
DURABLE_GOODS,DURABLE_GOODS_MOM,1842891375,2018-04-26,2.6,1.6,1,1,unique_populated,1,,myfxbook,calendar-chart-years-back.json,20,2026-08-26T15:48:54.341Z,EconomicCalendar/raw/myfxbook/myfxbook_consensus_history.json,1538055386838d8ec50ab9cce40153f69aa8bf841c2ae50f67751b2c465432cb,3,62
DURABLE_GOODS,DURABLE_GOODS_MOM,1842891375,2018-05-25,-1.7,-1.4,1,1,unique_populated,1,,myfxbook,calendar-chart-years-back.json,20,2026-08-26T15:48:54.341Z,EconomicCalendar/raw/myfxbook/myfxbook_consensus_history.json,1538055386838d8ec50ab9cce40153f69aa8bf841c2ae50f67751b2c465432cb,3,63
DURABLE_GOODS,DURABLE_GOODS_MOM,1842891375,2018-06-27,-0.6,-1.0,1,1,unique_populated,1,,myfxbook,calendar-chart-years-back.json,20,2026-08-26T15:48:54.341Z,EconomicCalendar/raw/myfxbook/myfxbook_consensus_history.json,1538055386838d8ec50ab9cce40153f69aa8bf841c2ae50f67751b2c465432cb,3,64
DURABLE_GOODS,DURABLE_GOODS_MOM,1842891375,2018-07-26,1.0,3.0,1,1,unique_populated,1,,myfxbook,calendar-chart-years-back.json,20,2026-08-26T15:48:54.341Z,EconomicCalendar/raw/myfxbook/myfxbook_consensus_history.json,1538055386838d8ec50ab9cce40153f69aa8bf841c2ae50f67751b2c465432cb,3,65
DURABLE_GOODS,DURABLE_GOODS_MOM,1842891375,2018-08-24,-1.7,-0.5,1,1,unique_populated,1,,myfxbook,calendar-chart-years-back.json,20,2026-08-26T15:48:54.341Z,EconomicCalendar/raw/myfxbook/myfxbook_consensus_history.json,1538055386838d8ec50ab9cce40153f69aa8bf841c2ae50f67751b2c465432cb,3,66
DURABLE_GOODS,DURABLE_GOODS_MOM,1842891375,2018-09-27,4.5,2.0,1,1,unique_populated,1,,myfxbook,calendar-chart-years-back.json,20,2026-08-26T15:48:54.341Z,EconomicCalendar/raw/myfxbook/myfxbook_consensus_history.json,1538055386838d8ec50ab9cce40153f69aa8bf841c2ae50f67751b2c465432cb,3,67
DURABLE_GOODS,DURABLE_GOODS_MOM,1842891375,2018-10-25,0.8,-1.0,1,1,unique_populated,1,,myfxbook,calendar-chart-years-back.json,20,2026-08-26T15:48:54.341Z,EconomicCalendar/raw/myfxbook/myfxbook_consensus_history.json,1538055386838d8ec50ab9cce40153f69aa8bf841c2ae50f67751b2c465432cb,3,68
DURABLE_GOODS,DURABLE_GOODS_MOM,1842891375,2018-11-21,-4.4,-2.5,1,1,unique_populated,1,,myfxbook,calendar-chart-years-back.json,20,2026-08-26T15:48:54.341Z,EconomicCalendar/raw/myfxbook/myfxbook_consensus_history.json,1538055386838d8ec50ab9cce40153f69aa8bf841c2ae50f67751b2c465432cb,3,69
DURABLE_GOODS,DURABLE_GOODS_MOM,1842891375,2018-12-21,0.8,1.6,1,1,unique_populated,1,,myfxbook,calendar-chart-years-back.json,20,2026-08-26T15:48:54.341Z,EconomicCalendar/raw/myfxbook/myfxbook_consensus_history.json,1538055386838d8ec50ab9cce40153f69aa8bf841c2ae50f67751b2c465432cb,3,70
DURABLE_GOODS,DURABLE_GOODS_MOM,1842891375,2019-02-21,1.2,1.5,1,1,unique_populated,1,,myfxbook,calendar-chart-years-back.json,20,2026-08-26T15:48:54.341Z,EconomicCalendar/raw/myfxbook/myfxbook_consensus_history.json,1538055386838d8ec50ab9cce40153f69aa8bf841c2ae50f67751b2c465432cb,3,71
DURABLE_GOODS,DURABLE_GOODS_MOM,1842891375,2019-03-13,0.4,-0.5,1,1,unique_populated,1,,myfxbook,calendar-chart-years-back.json,20,2026-08-26T15:48:54.341Z,EconomicCalendar/raw/myfxbook/myfxbook_consensus_history.json,1538055386838d8ec50ab9cce40153f69aa8bf841c2ae50f67751b2c465432cb,3,72
DURABLE_GOODS,DURABLE_GOODS_MOM,1842891375,2019-04-02,-1.6,-1.8,1,1,unique_populated,1,,myfxbook,calendar-chart-years-back.json,20,2026-08-26T15:48:54.341Z,EconomicCalendar/raw/myfxbook/myfxbook_consensus_history.json,1538055386838d8ec50ab9cce40153f69aa8bf841c2ae50f67751b2c465432cb,3,73
DURABLE_GOODS,DURABLE_GOODS_MOM,1842891375,2019-04-25,2.7,0.8,1,1,unique_populated,1,,myfxbook,calendar-chart-years-back.json,20,2026-08-26T15:48:54.341Z,EconomicCalendar/raw/myfxbook/myfxbook_consensus_history.json,1538055386838d8ec50ab9cce40153f69aa8bf841c2ae50f67751b2c465432cb,3,74
DURABLE_GOODS,DURABLE_GOODS_MOM,1842891375,2019-05-24,-2.1,-2.0,1,1,unique_populated,1,,myfxbook,calendar-chart-years-back.json,20,2026-08-26T15:48:54.341Z,EconomicCalendar/raw/myfxbook/myfxbook_consensus_history.json,1538055386838d8ec50ab9cce40153f69aa8bf841c2ae50f67751b2c465432cb,3,75
DURABLE_GOODS,DURABLE_GOODS_MOM,1842891375,2019-06-26,-1.3,-0.1,1,1,unique_populated,1,,myfxbook,calendar-chart-years-back.json,20,2026-08-26T15:48:54.341Z,EconomicCalendar/raw/myfxbook/myfxbook_consensus_history.json,1538055386838d8ec50ab9cce40153f69aa8bf841c2ae50f67751b2c465432cb,3,76
DURABLE_GOODS,DURABLE_GOODS_MOM,1842891375,2019-07-25,2.0,0.7,1,1,unique_populated,1,,myfxbook,calendar-chart-years-back.json,20,2026-08-26T15:48:54.341Z,EconomicCalendar/raw/myfxbook/myfxbook_consensus_history.json,1538055386838d8ec50ab9cce40153f69aa8bf841c2ae50f67751b2c465432cb,3,77
DURABLE_GOODS,DURABLE_GOODS_MOM,1842891375,2019-08-26,2.1,1.2,1,1,unique_populated,1,,myfxbook,calendar-chart-years-back.json,20,2026-08-26T15:48:54.341Z,EconomicCalendar/raw/myfxbook/myfxbook_consensus_history.json,1538055386838d8ec50ab9cce40153f69aa8bf841c2ae50f67751b2c465432cb,3,78
DURABLE_GOODS,DURABLE_GOODS_MOM,1842891375,2019-09-27,0.2,-1.0,1,1,unique_populated,1,,myfxbook,calendar-chart-years-back.json,20,2026-08-26T15:48:54.341Z,EconomicCalendar/raw/myfxbook/myfxbook_consensus_history.json,1538055386838d8ec50ab9cce40153f69aa8bf841c2ae50f67751b2c465432cb,3,79
DURABLE_GOODS,DURABLE_GOODS_MOM,1842891375,2019-10-24,-1.1,-0.8,1,1,unique_populated,1,,myfxbook,calendar-chart-years-back.json,20,2026-08-26T15:48:54.341Z,EconomicCalendar/raw/myfxbook/myfxbook_consensus_history.json,1538055386838d8ec50ab9cce40153f69aa8bf841c2ae50f67751b2c465432cb,3,80
DURABLE_GOODS,DURABLE_GOODS_MOM,1842891375,2019-11-27,0.6,-0.8,1,1,unique_populated,1,,myfxbook,calendar-chart-years-back.json,20,2026-08-26T15:48:54.341Z,EconomicCalendar/raw/myfxbook/myfxbook_consensus_history.json,1538055386838d8ec50ab9cce40153f69aa8bf841c2ae50f67751b2c465432cb,3,81
DURABLE_GOODS,DURABLE_GOODS_MOM,1842891375,2019-12-23,-2.0,1.5,1,1,unique_populated,1,,myfxbook,calendar-chart-years-back.json,20,2026-08-26T15:48:54.341Z,EconomicCalendar/raw/myfxbook/myfxbook_consensus_history.json,1538055386838d8ec50ab9cce40153f69aa8bf841c2ae50f67751b2c465432cb,3,82
DURABLE_GOODS,DURABLE_GOODS_MOM,1842891375,2020-01-28,2.4,0.4,1,1,unique_populated,1,,myfxbook,calendar-chart-years-back.json,20,2026-08-26T15:48:54.341Z,EconomicCalendar/raw/myfxbook/myfxbook_consensus_history.json,1538055386838d8ec50ab9cce40153f69aa8bf841c2ae50f67751b2c465432cb,3,83
DURABLE_GOODS,DURABLE_GOODS_MOM,1842891375,2020-02-27,-0.2,-1.5,1,1,unique_populated,1,,myfxbook,calendar-chart-years-back.json,20,2026-08-26T15:48:54.341Z,EconomicCalendar/raw/myfxbook/myfxbook_consensus_history.json,1538055386838d8ec50ab9cce40153f69aa8bf841c2ae50f67751b2c465432cb,3,84
DURABLE_GOODS,DURABLE_GOODS_MOM,1842891375,2020-03-25,1.2,-0.8,1,1,unique_populated,1,,myfxbook,calendar-chart-years-back.json,20,2026-08-26T15:48:54.341Z,EconomicCalendar/raw/myfxbook/myfxbook_consensus_history.json,1538055386838d8ec50ab9cce40153f69aa8bf841c2ae50f67751b2c465432cb,3,85
DURABLE_GOODS,DURABLE_GOODS_MOM,1842891375,2020-04-24,-14.4,-11.9,1,1,unique_populated,1,,myfxbook,calendar-chart-years-back.json,20,2026-08-26T15:48:54.341Z,EconomicCalendar/raw/myfxbook/myfxbook_consensus_history.json,1538055386838d8ec50ab9cce40153f69aa8bf841c2ae50f67751b2c465432cb,3,86
DURABLE_GOODS,DURABLE_GOODS_MOM,1842891375,2020-05-28,-17.2,-19.0,1,1,unique_populated,1,,myfxbook,calendar-chart-years-back.json,20,2026-08-26T15:48:54.341Z,EconomicCalendar/raw/myfxbook/myfxbook_consensus_history.json,1538055386838d8ec50ab9cce40153f69aa8bf841c2ae50f67751b2c465432cb,3,87
DURABLE_GOODS,DURABLE_GOODS_MOM,1842891375,2020-06-25,15.8,10.9,1,1,unique_populated,1,,myfxbook,calendar-chart-years-back.json,20,2026-08-26T15:48:54.341Z,EconomicCalendar/raw/myfxbook/myfxbook_consensus_history.json,1538055386838d8ec50ab9cce40153f69aa8bf841c2ae50f67751b2c465432cb,3,88
DURABLE_GOODS,DURABLE_GOODS_MOM,1842891375,2020-07-27,7.3,7.0,1,1,unique_populated,1,,myfxbook,calendar-chart-years-back.json,20,2026-08-26T15:48:54.341Z,EconomicCalendar/raw/myfxbook/myfxbook_consensus_history.json,1538055386838d8ec50ab9cce40153f69aa8bf841c2ae50f67751b2c465432cb,3,89
DURABLE_GOODS,DURABLE_GOODS_MOM,1842891375,2020-08-26,11.2,4.3,1,1,unique_populated,1,,myfxbook,calendar-chart-years-back.json,20,2026-08-26T15:48:54.341Z,EconomicCalendar/raw/myfxbook/myfxbook_consensus_history.json,1538055386838d8ec50ab9cce40153f69aa8bf841c2ae50f67751b2c465432cb,3,90
DURABLE_GOODS,DURABLE_GOODS_MOM,1842891375,2020-09-25,0.4,1.5,1,1,unique_populated,1,,myfxbook,calendar-chart-years-back.json,20,2026-08-26T15:48:54.341Z,EconomicCalendar/raw/myfxbook/myfxbook_consensus_history.json,1538055386838d8ec50ab9cce40153f69aa8bf841c2ae50f67751b2c465432cb,3,91
DURABLE_GOODS,DURABLE_GOODS_MOM,1842891375,2020-10-27,1.9,0.5,1,1,unique_populated,1,,myfxbook,calendar-chart-years-back.json,20,2026-08-26T15:48:54.341Z,EconomicCalendar/raw/myfxbook/myfxbook_consensus_history.json,1538055386838d8ec50ab9cce40153f69aa8bf841c2ae50f67751b2c465432cb,3,92
DURABLE_GOODS,DURABLE_GOODS_MOM,1842891375,2020-11-25,1.3,0.9,1,1,unique_populated,1,,myfxbook,calendar-chart-years-back.json,20,2026-08-26T15:48:54.341Z,EconomicCalendar/raw/myfxbook/myfxbook_consensus_history.json,1538055386838d8ec50ab9cce40153f69aa8bf841c2ae50f67751b2c465432cb,3,93
DURABLE_GOODS,DURABLE_GOODS_MOM,1842891375,2020-12-23,0.9,0.6,1,1,unique_populated,1,,myfxbook,calendar-chart-years-back.json,20,2026-08-26T15:48:54.341Z,EconomicCalendar/raw/myfxbook/myfxbook_consensus_history.json,1538055386838d8ec50ab9cce40153f69aa8bf841c2ae50f67751b2c465432cb,3,94
DURABLE_GOODS,DURABLE_GOODS_MOM,1842891375,2021-01-27,0.2,0.9,1,1,unique_populated,1,,myfxbook,calendar-chart-years-back.json,20,2026-08-26T15:48:54.341Z,EconomicCalendar/raw/myfxbook/myfxbook_consensus_history.json,1538055386838d8ec50ab9cce40153f69aa8bf841c2ae50f67751b2c465432cb,3,95
DURABLE_GOODS,DURABLE_GOODS_MOM,1842891375,2021-02-25,3.4,1.1,1,1,unique_populated,1,,myfxbook,calendar-chart-years-back.json,20,2026-08-26T15:48:54.341Z,EconomicCalendar/raw/myfxbook/myfxbook_consensus_history.json,1538055386838d8ec50ab9cce40153f69aa8bf841c2ae50f67751b2c465432cb,3,96
DURABLE_GOODS,DURABLE_GOODS_MOM,1842891375,2021-03-24,-1.1,0.8,1,1,unique_populated,1,,myfxbook,calendar-chart-years-back.json,20,2026-08-26T15:48:54.341Z,EconomicCalendar/raw/myfxbook/myfxbook_consensus_history.json,1538055386838d8ec50ab9cce40153f69aa8bf841c2ae50f67751b2c465432cb,3,97
DURABLE_GOODS,DURABLE_GOODS_MOM,1842891375,2021-04-26,0.5,2.5,1,1,unique_populated,1,,myfxbook,calendar-chart-years-back.json,20,2026-08-26T15:48:54.341Z,EconomicCalendar/raw/myfxbook/myfxbook_consensus_history.json,1538055386838d8ec50ab9cce40153f69aa8bf841c2ae50f67751b2c465432cb,3,98
DURABLE_GOODS,DURABLE_GOODS_MOM,1842891375,2021-05-27,-1.3,0.7,1,1,unique_populated,1,,myfxbook,calendar-chart-years-back.json,20,2026-08-26T15:48:54.341Z,EconomicCalendar/raw/myfxbook/myfxbook_consensus_history.json,1538055386838d8ec50ab9cce40153f69aa8bf841c2ae50f67751b2c465432cb,3,99
DURABLE_GOODS,DURABLE_GOODS_MOM,1842891375,2021-06-24,2.3,2.8,1,1,unique_populated,1,,myfxbook,calendar-chart-years-back.json,20,2026-08-26T15:48:54.341Z,EconomicCalendar/raw/myfxbook/myfxbook_consensus_history.json,1538055386838d8ec50ab9cce40153f69aa8bf841c2ae50f67751b2c465432cb,3,100
DURABLE_GOODS,DURABLE_GOODS_MOM,1842891375,2021-07-27,0.8,2.1,1,1,unique_populated,1,,myfxbook,calendar-chart-years-back.json,20,2026-08-26T15:48:54.341Z,EconomicCalendar/raw/myfxbook/myfxbook_consensus_history.json,1538055386838d8ec50ab9cce40153f69aa8bf841c2ae50f67751b2c465432cb,3,101
DURABLE_GOODS,DURABLE_GOODS_MOM,1842891375,2021-08-25,-0.1,-0.3,1,1,unique_populated,1,,myfxbook,calendar-chart-years-back.json,20,2026-08-26T15:48:54.341Z,EconomicCalendar/raw/myfxbook/myfxbook_consensus_history.json,1538055386838d8ec50ab9cce40153f69aa8bf841c2ae50f67751b2c465432cb,3,102
DURABLE_GOODS,DURABLE_GOODS_MOM,1842891375,2021-09-27,1.8,0.7,1,1,unique_populated,1,,myfxbook,calendar-chart-years-back.json,20,2026-08-26T15:48:54.341Z,EconomicCalendar/raw/myfxbook/myfxbook_consensus_history.json,1538055386838d8ec50ab9cce40153f69aa8bf841c2ae50f67751b2c465432cb,3,103
DURABLE_GOODS,DURABLE_GOODS_MOM,1842891375,2021-10-27,-0.4,-1.1,1,1,unique_populated,1,,myfxbook,calendar-chart-years-back.json,20,2026-08-26T15:48:54.341Z,EconomicCalendar/raw/myfxbook/myfxbook_consensus_history.json,1538055386838d8ec50ab9cce40153f69aa8bf841c2ae50f67751b2c465432cb,3,104
DURABLE_GOODS,DURABLE_GOODS_MOM,1842891375,2021-11-24,-0.5,0.2,1,1,unique_populated,1,,myfxbook,calendar-chart-years-back.json,20,2026-08-26T15:48:54.341Z,EconomicCalendar/raw/myfxbook/myfxbook_consensus_history.json,1538055386838d8ec50ab9cce40153f69aa8bf841c2ae50f67751b2c465432cb,3,105
DURABLE_GOODS,DURABLE_GOODS_MOM,1842891375,2021-12-23,2.5,1.6,1,1,unique_populated,1,,myfxbook,calendar-chart-years-back.json,20,2026-08-26T15:48:54.341Z,EconomicCalendar/raw/myfxbook/myfxbook_consensus_history.json,1538055386838d8ec50ab9cce40153f69aa8bf841c2ae50f67751b2c465432cb,3,106
DURABLE_GOODS,DURABLE_GOODS_MOM,1842891375,2022-01-27,-0.9,-0.5,1,1,unique_populated,1,,myfxbook,calendar-chart-years-back.json,20,2026-08-26T15:48:54.341Z,EconomicCalendar/raw/myfxbook/myfxbook_consensus_history.json,1538055386838d8ec50ab9cce40153f69aa8bf841c2ae50f67751b2c465432cb,3,107
DURABLE_GOODS,DURABLE_GOODS_MOM,1842891375,2022-02-25,1.6,0.8,1,1,unique_populated,1,,myfxbook,calendar-chart-years-back.json,20,2026-08-26T15:48:54.341Z,EconomicCalendar/raw/myfxbook/myfxbook_consensus_history.json,1538055386838d8ec50ab9cce40153f69aa8bf841c2ae50f67751b2c465432cb,3,108
DURABLE_GOODS,DURABLE_GOODS_MOM,1842891375,2022-03-24,-2.2,-0.5,1,1,unique_populated,1,,myfxbook,calendar-chart-years-back.json,20,2026-08-26T15:48:54.341Z,EconomicCalendar/raw/myfxbook/myfxbook_consensus_history.json,1538055386838d8ec50ab9cce40153f69aa8bf841c2ae50f67751b2c465432cb,3,109
DURABLE_GOODS,DURABLE_GOODS_MOM,1842891375,2022-04-26,0.8,1.0,1,1,unique_populated,1,,myfxbook,calendar-chart-years-back.json,20,2026-08-26T15:48:54.341Z,EconomicCalendar/raw/myfxbook/myfxbook_consensus_history.json,1538055386838d8ec50ab9cce40153f69aa8bf841c2ae50f67751b2c465432cb,3,110
DURABLE_GOODS,DURABLE_GOODS_MOM,1842891375,2022-05-25,0.4,0.6,1,1,unique_populated,1,,myfxbook,calendar-chart-years-back.json,20,2026-08-26T15:48:54.341Z,EconomicCalendar/raw/myfxbook/myfxbook_consensus_history.json,1538055386838d8ec50ab9cce40153f69aa8bf841c2ae50f67751b2c465432cb,3,111
DURABLE_GOODS,DURABLE_GOODS_MOM,1842891375,2022-06-27,0.7,0.1,1,1,unique_populated,1,,myfxbook,calendar-chart-years-back.json,20,2026-08-26T15:48:54.341Z,EconomicCalendar/raw/myfxbook/myfxbook_consensus_history.json,1538055386838d8ec50ab9cce40153f69aa8bf841c2ae50f67751b2c465432cb,3,112
DURABLE_GOODS,DURABLE_GOODS_MOM,1842891375,2022-07-27,1.9,-0.5,1,1,unique_populated,1,,myfxbook,calendar-chart-years-back.json,20,2026-08-26T15:48:54.341Z,EconomicCalendar/raw/myfxbook/myfxbook_consensus_history.json,1538055386838d8ec50ab9cce40153f69aa8bf841c2ae50f67751b2c465432cb,3,113
DURABLE_GOODS,DURABLE_GOODS_MOM,1842891375,2022-08-24,0.0,0.6,1,1,unique_populated,1,,myfxbook,calendar-chart-years-back.json,20,2026-08-26T15:48:54.341Z,EconomicCalendar/raw/myfxbook/myfxbook_consensus_history.json,1538055386838d8ec50ab9cce40153f69aa8bf841c2ae50f67751b2c465432cb,3,114
DURABLE_GOODS,DURABLE_GOODS_MOM,1842891375,2022-09-27,-0.2,-0.4,1,1,unique_populated,1,,myfxbook,calendar-chart-years-back.json,20,2026-08-26T15:48:54.341Z,EconomicCalendar/raw/myfxbook/myfxbook_consensus_history.json,1538055386838d8ec50ab9cce40153f69aa8bf841c2ae50f67751b2c465432cb,3,115
DURABLE_GOODS,DURABLE_GOODS_MOM,1842891375,2022-10-27,0.4,0.6,1,1,unique_populated,1,,myfxbook,calendar-chart-years-back.json,20,2026-08-26T15:48:54.341Z,EconomicCalendar/raw/myfxbook/myfxbook_consensus_history.json,1538055386838d8ec50ab9cce40153f69aa8bf841c2ae50f67751b2c465432cb,3,116
DURABLE_GOODS,DURABLE_GOODS_MOM,1842891375,2022-11-23,1.0,0.4,1,1,unique_populated,1,,myfxbook,calendar-chart-years-back.json,20,2026-08-26T15:48:54.341Z,EconomicCalendar/raw/myfxbook/myfxbook_consensus_history.json,1538055386838d8ec50ab9cce40153f69aa8bf841c2ae50f67751b2c465432cb,3,117
DURABLE_GOODS,DURABLE_GOODS_MOM,1842891375,2022-12-23,-2.1,-0.6,1,1,unique_populated,1,,myfxbook,calendar-chart-years-back.json,20,2026-08-26T15:48:54.341Z,EconomicCalendar/raw/myfxbook/myfxbook_consensus_history.json,1538055386838d8ec50ab9cce40153f69aa8bf841c2ae50f67751b2c465432cb,3,118
DURABLE_GOODS,DURABLE_GOODS_MOM,1842891375,2023-01-26,5.6,2.5,1,1,unique_populated,1,,myfxbook,calendar-chart-years-back.json,20,2026-08-26T15:48:54.341Z,EconomicCalendar/raw/myfxbook/myfxbook_consensus_history.json,1538055386838d8ec50ab9cce40153f69aa8bf841c2ae50f67751b2c465432cb,3,119
DURABLE_GOODS,DURABLE_GOODS_MOM,1842891375,2023-02-27,-4.5,-4.0,1,1,unique_populated,1,,myfxbook,calendar-chart-years-back.json,20,2026-08-26T15:48:54.341Z,EconomicCalendar/raw/myfxbook/myfxbook_consensus_history.json,1538055386838d8ec50ab9cce40153f69aa8bf841c2ae50f67751b2c465432cb,3,120
DURABLE_GOODS,DURABLE_GOODS_MOM,1842891375,2023-03-24,-1.0,0.6,1,1,unique_populated,1,,myfxbook,calendar-chart-years-back.json,20,2026-08-26T15:48:54.341Z,EconomicCalendar/raw/myfxbook/myfxbook_consensus_history.json,1538055386838d8ec50ab9cce40153f69aa8bf841c2ae50f67751b2c465432cb,3,121
DURABLE_GOODS,DURABLE_GOODS_MOM,1842891375,2023-04-26,3.2,0.7,1,1,unique_populated,1,,myfxbook,calendar-chart-years-back.json,20,2026-08-26T15:48:54.341Z,EconomicCalendar/raw/myfxbook/myfxbook_consensus_history.json,1538055386838d8ec50ab9cce40153f69aa8bf841c2ae50f67751b2c465432cb,3,122
DURABLE_GOODS,DURABLE_GOODS_MOM,1842891375,2023-05-26,1.1,-1.0,1,1,unique_populated,1,,myfxbook,calendar-chart-years-back.json,20,2026-08-26T15:48:54.341Z,EconomicCalendar/raw/myfxbook/myfxbook_consensus_history.json,1538055386838d8ec50ab9cce40153f69aa8bf841c2ae50f67751b2c465432cb,3,123
DURABLE_GOODS,DURABLE_GOODS_MOM,1842891375,2023-06-27,1.7,-1.0,1,1,unique_populated,1,,myfxbook,calendar-chart-years-back.json,20,2026-08-26T15:48:54.341Z,EconomicCalendar/raw/myfxbook/myfxbook_consensus_history.json,1538055386838d8ec50ab9cce40153f69aa8bf841c2ae50f67751b2c465432cb,3,124
DURABLE_GOODS,DURABLE_GOODS_MOM,1842891375,2023-07-27,4.7,1.0,1,1,unique_populated,1,,myfxbook,calendar-chart-years-back.json,20,2026-08-26T15:48:54.341Z,EconomicCalendar/raw/myfxbook/myfxbook_consensus_history.json,1538055386838d8ec50ab9cce40153f69aa8bf841c2ae50f67751b2c465432cb,3,125
DURABLE_GOODS,DURABLE_GOODS_MOM,1842891375,2023-08-24,-5.2,-4.0,1,1,unique_populated,1,,myfxbook,calendar-chart-years-back.json,20,2026-08-26T15:48:54.341Z,EconomicCalendar/raw/myfxbook/myfxbook_consensus_history.json,1538055386838d8ec50ab9cce40153f69aa8bf841c2ae50f67751b2c465432cb,3,126
DURABLE_GOODS,DURABLE_GOODS_MOM,1842891375,2023-09-27,0.2,-0.5,1,1,unique_populated,1,,myfxbook,calendar-chart-years-back.json,20,2026-08-26T15:48:54.341Z,EconomicCalendar/raw/myfxbook/myfxbook_consensus_history.json,1538055386838d8ec50ab9cce40153f69aa8bf841c2ae50f67751b2c465432cb,3,127
DURABLE_GOODS,DURABLE_GOODS_MOM,1842891375,2023-10-26,4.7,1.7,1,1,unique_populated,1,,myfxbook,calendar-chart-years-back.json,20,2026-08-26T15:48:54.341Z,EconomicCalendar/raw/myfxbook/myfxbook_consensus_history.json,1538055386838d8ec50ab9cce40153f69aa8bf841c2ae50f67751b2c465432cb,3,128
DURABLE_GOODS,DURABLE_GOODS_MOM,1842891375,2023-11-22,-5.4,-3.1,1,1,unique_populated,1,,myfxbook,calendar-chart-years-back.json,20,2026-08-26T15:48:54.341Z,EconomicCalendar/raw/myfxbook/myfxbook_consensus_history.json,1538055386838d8ec50ab9cce40153f69aa8bf841c2ae50f67751b2c465432cb,3,129
DURABLE_GOODS,DURABLE_GOODS_MOM,1842891375,2023-12-22,5.4,2.2,1,1,unique_populated,1,,myfxbook,calendar-chart-years-back.json,20,2026-08-26T15:48:54.341Z,EconomicCalendar/raw/myfxbook/myfxbook_consensus_history.json,1538055386838d8ec50ab9cce40153f69aa8bf841c2ae50f67751b2c465432cb,3,130
DURABLE_GOODS,DURABLE_GOODS_MOM,1842891375,2024-01-25,0.0,1.1,1,1,unique_populated,1,,myfxbook,calendar-chart-years-back.json,20,2026-08-26T15:48:54.341Z,EconomicCalendar/raw/myfxbook/myfxbook_consensus_history.json,1538055386838d8ec50ab9cce40153f69aa8bf841c2ae50f67751b2c465432cb,3,131
DURABLE_GOODS,DURABLE_GOODS_MOM,1842891375,2024-02-27,-6.1,-4.5,1,1,unique_populated,1,,myfxbook,calendar-chart-years-back.json,20,2026-08-26T15:48:54.341Z,EconomicCalendar/raw/myfxbook/myfxbook_consensus_history.json,1538055386838d8ec50ab9cce40153f69aa8bf841c2ae50f67751b2c465432cb,3,132
DURABLE_GOODS,DURABLE_GOODS_MOM,1842891375,2024-03-26,1.4,1.1,1,1,unique_populated,1,,myfxbook,calendar-chart-years-back.json,20,2026-08-26T15:48:54.341Z,EconomicCalendar/raw/myfxbook/myfxbook_consensus_history.json,1538055386838d8ec50ab9cce40153f69aa8bf841c2ae50f67751b2c465432cb,3,133
DURABLE_GOODS,DURABLE_GOODS_MOM,1842891375,2024-04-24,2.6,2.5,1,1,unique_populated,1,,myfxbook,calendar-chart-years-back.json,20,2026-08-26T15:48:54.341Z,EconomicCalendar/raw/myfxbook/myfxbook_consensus_history.json,1538055386838d8ec50ab9cce40153f69aa8bf841c2ae50f67751b2c465432cb,3,134
DURABLE_GOODS,DURABLE_GOODS_MOM,1842891375,2024-05-24,0.7,-0.8,1,1,unique_populated,1,,myfxbook,calendar-chart-years-back.json,20,2026-08-26T15:48:54.341Z,EconomicCalendar/raw/myfxbook/myfxbook_consensus_history.json,1538055386838d8ec50ab9cce40153f69aa8bf841c2ae50f67751b2c465432cb,3,135
DURABLE_GOODS,DURABLE_GOODS_MOM,1842891375,2024-06-27,0.1,-0.1,1,1,unique_populated,1,,myfxbook,calendar-chart-years-back.json,20,2026-08-26T15:48:54.341Z,EconomicCalendar/raw/myfxbook/myfxbook_consensus_history.json,1538055386838d8ec50ab9cce40153f69aa8bf841c2ae50f67751b2c465432cb,3,136
DURABLE_GOODS,DURABLE_GOODS_MOM,1842891375,2024-07-25,-6.6,0.3,1,1,unique_populated,1,,myfxbook,calendar-chart-years-back.json,20,2026-08-26T15:48:54.341Z,EconomicCalendar/raw/myfxbook/myfxbook_consensus_history.json,1538055386838d8ec50ab9cce40153f69aa8bf841c2ae50f67751b2c465432cb,3,137
DURABLE_GOODS,DURABLE_GOODS_MOM,1842891375,2024-08-26,9.9,5.0,1,1,unique_populated,1,,myfxbook,calendar-chart-years-back.json,20,2026-08-26T15:48:54.341Z,EconomicCalendar/raw/myfxbook/myfxbook_consensus_history.json,1538055386838d8ec50ab9cce40153f69aa8bf841c2ae50f67751b2c465432cb,3,138
DURABLE_GOODS,DURABLE_GOODS_MOM,1842891375,2024-09-26,0.0,-2.6,1,1,unique_populated,1,,myfxbook,calendar-chart-years-back.json,20,2026-08-26T15:48:54.341Z,EconomicCalendar/raw/myfxbook/myfxbook_consensus_history.json,1538055386838d8ec50ab9cce40153f69aa8bf841c2ae50f67751b2c465432cb,3,139
DURABLE_GOODS,DURABLE_GOODS_MOM,1842891375,2024-10-25,-0.8,-1.0,1,1,unique_populated,1,,myfxbook,calendar-chart-years-back.json,20,2026-08-26T15:48:54.341Z,EconomicCalendar/raw/myfxbook/myfxbook_consensus_history.json,1538055386838d8ec50ab9cce40153f69aa8bf841c2ae50f67751b2c465432cb,3,140
DURABLE_GOODS,DURABLE_GOODS_MOM,1842891375,2024-11-27,0.2,0.5,1,1,unique_populated,1,,myfxbook,calendar-chart-years-back.json,20,2026-08-26T15:48:54.341Z,EconomicCalendar/raw/myfxbook/myfxbook_consensus_history.json,1538055386838d8ec50ab9cce40153f69aa8bf841c2ae50f67751b2c465432cb,3,141
DURABLE_GOODS,DURABLE_GOODS_MOM,1842891375,2024-12-23,-1.1,-0.4,1,1,unique_populated,1,,myfxbook,calendar-chart-years-back.json,20,2026-08-26T15:48:54.341Z,EconomicCalendar/raw/myfxbook/myfxbook_consensus_history.json,1538055386838d8ec50ab9cce40153f69aa8bf841c2ae50f67751b2c465432cb,3,142
DURABLE_GOODS,DURABLE_GOODS_MOM,1842891375,2025-01-28,-2.2,0.6,1,1,unique_populated,1,,myfxbook,calendar-chart-years-back.json,20,2026-08-26T15:48:54.341Z,EconomicCalendar/raw/myfxbook/myfxbook_consensus_history.json,1538055386838d8ec50ab9cce40153f69aa8bf841c2ae50f67751b2c465432cb,3,143
DURABLE_GOODS,DURABLE_GOODS_MOM,1842891375,2025-02-27,3.1,2.0,1,1,unique_populated,1,,myfxbook,calendar-chart-years-back.json,20,2026-08-26T15:48:54.341Z,EconomicCalendar/raw/myfxbook/myfxbook_consensus_history.json,1538055386838d8ec50ab9cce40153f69aa8bf841c2ae50f67751b2c465432cb,3,144
DURABLE_GOODS,DURABLE_GOODS_MOM,1842891375,2025-03-26,0.9,-1.0,1,1,unique_populated,1,,myfxbook,calendar-chart-years-back.json,20,2026-08-26T15:48:54.341Z,EconomicCalendar/raw/myfxbook/myfxbook_consensus_history.json,1538055386838d8ec50ab9cce40153f69aa8bf841c2ae50f67751b2c465432cb,3,145
DURABLE_GOODS,DURABLE_GOODS_MOM,1842891375,2025-04-24,9.2,2.0,1,1,unique_populated,1,,myfxbook,calendar-chart-years-back.json,20,2026-08-26T15:48:54.341Z,EconomicCalendar/raw/myfxbook/myfxbook_consensus_history.json,1538055386838d8ec50ab9cce40153f69aa8bf841c2ae50f67751b2c465432cb,3,146
DURABLE_GOODS,DURABLE_GOODS_MOM,1842891375,2025-05-27,-6.3,-7.8,1,1,unique_populated,1,,myfxbook,calendar-chart-years-back.json,20,2026-08-26T15:48:54.341Z,EconomicCalendar/raw/myfxbook/myfxbook_consensus_history.json,1538055386838d8ec50ab9cce40153f69aa8bf841c2ae50f67751b2c465432cb,3,147
DURABLE_GOODS,DURABLE_GOODS_MOM,1842891375,2025-06-26,16.4,8.5,1,1,unique_populated,1,,myfxbook,calendar-chart-years-back.json,20,2026-08-26T15:48:54.341Z,EconomicCalendar/raw/myfxbook/myfxbook_consensus_history.json,1538055386838d8ec50ab9cce40153f69aa8bf841c2ae50f67751b2c465432cb,3,148
DURABLE_GOODS,DURABLE_GOODS_MOM,1842891375,2025-07-25,-9.3,-10.8,1,1,unique_populated,1,,myfxbook,calendar-chart-years-back.json,20,2026-08-26T15:48:54.341Z,EconomicCalendar/raw/myfxbook/myfxbook_consensus_history.json,1538055386838d8ec50ab9cce40153f69aa8bf841c2ae50f67751b2c465432cb,3,149
DURABLE_GOODS,DURABLE_GOODS_MOM,1842891375,2025-08-26,-2.8,-4.0,1,1,unique_populated,1,,myfxbook,calendar-chart-years-back.json,20,2026-08-26T15:48:54.341Z,EconomicCalendar/raw/myfxbook/myfxbook_consensus_history.json,1538055386838d8ec50ab9cce40153f69aa8bf841c2ae50f67751b2c465432cb,3,150
DURABLE_GOODS,DURABLE_GOODS_MOM,1842891375,2025-09-25,2.9,-0.5,1,1,unique_populated,1,,myfxbook,calendar-chart-years-back.json,20,2026-08-26T15:48:54.341Z,EconomicCalendar/raw/myfxbook/myfxbook_consensus_history.json,1538055386838d8ec50ab9cce40153f69aa8bf841c2ae50f67751b2c465432cb,3,151
DURABLE_GOODS,DURABLE_GOODS_MOM,1842891375,2025-11-26,0.5,0.3,1,1,unique_populated,1,,myfxbook,calendar-chart-years-back.json,20,2026-08-26T15:48:54.341Z,EconomicCalendar/raw/myfxbook/myfxbook_consensus_history.json,1538055386838d8ec50ab9cce40153f69aa8bf841c2ae50f67751b2c465432cb,3,152
DURABLE_GOODS,DURABLE_GOODS_MOM,1842891375,2025-12-23,-2.2,-1.5,1,1,unique_populated,1,,myfxbook,calendar-chart-years-back.json,20,2026-08-26T15:48:54.341Z,EconomicCalendar/raw/myfxbook/myfxbook_consensus_history.json,1538055386838d8ec50ab9cce40153f69aa8bf841c2ae50f67751b2c465432cb,3,153
DURABLE_GOODS,DURABLE_GOODS_MOM,1842891375,2026-01-26,5.3,3.7,1,1,unique_populated,1,,myfxbook,calendar-chart-years-back.json,20,2026-08-26T15:48:54.341Z,EconomicCalendar/raw/myfxbook/myfxbook_consensus_history.json,1538055386838d8ec50ab9cce40153f69aa8bf841c2ae50f67751b2c465432cb,3,154
DURABLE_GOODS,DURABLE_GOODS_MOM,1842891375,2026-02-18,-1.4,-2.0,1,1,unique_populated,1,,myfxbook,calendar-chart-years-back.json,20,2026-08-26T15:48:54.341Z,EconomicCalendar/raw/myfxbook/myfxbook_consensus_history.json,1538055386838d8ec50ab9cce40153f69aa8bf841c2ae50f67751b2c465432cb,3,155
DURABLE_GOODS,DURABLE_GOODS_MOM,1842891375,2026-03-13,0.0,1.2,1,1,unique_populated,1,,myfxbook,calendar-chart-years-back.json,20,2026-08-26T15:48:54.341Z,EconomicCalendar/raw/myfxbook/myfxbook_consensus_history.json,1538055386838d8ec50ab9cce40153f69aa8bf841c2ae50f67751b2c465432cb,3,156
DURABLE_GOODS,DURABLE_GOODS_MOM,1842891375,2026-04-07,-1.4,-0.5,1,1,unique_populated,1,,myfxbook,calendar-chart-years-back.json,20,2026-08-26T15:48:54.341Z,EconomicCalendar/raw/myfxbook/myfxbook_consensus_history.json,1538055386838d8ec50ab9cce40153f69aa8bf841c2ae50f67751b2c465432cb,3,157
DURABLE_GOODS,DURABLE_GOODS_MOM,1842891375,2026-04-29,0.8,0.5,1,1,unique_populated,1,,myfxbook,calendar-chart-years-back.json,20,2026-08-26T15:48:54.341Z,EconomicCalendar/raw/myfxbook/myfxbook_consensus_history.json,1538055386838d8ec50ab9cce40153f69aa8bf841c2ae50f67751b2c465432cb,3,158
DURABLE_GOODS,DURABLE_GOODS_MOM,1842891375,2026-05-28,7.9,3.5,1,1,unique_populated,1,,myfxbook,calendar-chart-years-back.json,20,2026-08-26T15:48:54.341Z,EconomicCalendar/raw/myfxbook/myfxbook_consensus_history.json,1538055386838d8ec50ab9cce40153f69aa8bf841c2ae50f67751b2c465432cb,3,159
DURABLE_GOODS,DURABLE_GOODS_MOM,1842891375,2026-06-25,-4.5,-4.5,1,1,unique_populated,1,,myfxbook,calendar-chart-years-back.json,20,2026-08-26T15:48:54.341Z,EconomicCalendar/raw/myfxbook/myfxbook_consensus_history.json,1538055386838d8ec50ab9cce40153f69aa8bf841c2ae50f67751b2c465432cb,3,160
DURABLE_GOODS,DURABLE_GOODS_MOM,1842891375,2026-07-27,0.3,2.5,1,1,unique_populated,1,,myfxbook,calendar-chart-years-back.json,20,2026-08-26T15:48:54.341Z,EconomicCalendar/raw/myfxbook/myfxbook_consensus_history.json,1538055386838d8ec50ab9cce40153f69aa8bf841c2ae50f67751b2c465432cb,3,161
DURABLE_GOODS,DURABLE_GOODS_MOM,1842891375,2026-08-26,1.1,0.5,1,1,unique_populated,1,,myfxbook,calendar-chart-years-back.json,20,2026-08-26T15:48:54.341Z,EconomicCalendar/raw/myfxbook/myfxbook_consensus_history.json,1538055386838d8ec50ab9cce40153f69aa8bf841c2ae50f67751b2c465432cb,3,162
EMPLOYMENT,EMPLOYMENT_NFP,1201719106,2013-03-08,236000,160000,1,1,unique_populated,1,,myfxbook,calendar-chart-years-back.json,20,2026-08-26T15:48:54.341Z,EconomicCalendar/raw/myfxbook/myfxbook_consensus_history.json,1538055386838d8ec50ab9cce40153f69aa8bf841c2ae50f67751b2c465432cb,6,1
EMPLOYMENT,EMPLOYMENT_NFP,1201719106,2013-04-05,88000,197000,1,1,unique_populated,1,,myfxbook,calendar-chart-years-back.json,20,2026-08-26T15:48:54.341Z,EconomicCalendar/raw/myfxbook/myfxbook_consensus_history.json,1538055386838d8ec50ab9cce40153f69aa8bf841c2ae50f67751b2c465432cb,6,2
EMPLOYMENT,EMPLOYMENT_NFP,1201719106,2013-05-03,165000,150000,1,1,unique_populated,1,,myfxbook,calendar-chart-years-back.json,20,2026-08-26T15:48:54.341Z,EconomicCalendar/raw/myfxbook/myfxbook_consensus_history.json,1538055386838d8ec50ab9cce40153f69aa8bf841c2ae50f67751b2c465432cb,6,3
EMPLOYMENT,EMPLOYMENT_NFP,1201719106,2013-06-07,175000,168000,1,1,unique_populated,1,,myfxbook,calendar-chart-years-back.json,20,2026-08-26T15:48:54.341Z,EconomicCalendar/raw/myfxbook/myfxbook_consensus_history.json,1538055386838d8ec50ab9cce40153f69aa8bf841c2ae50f67751b2c465432cb,6,4
EMPLOYMENT,EMPLOYMENT_NFP,1201719106,2013-07-05,195000,170000,1,1,unique_populated,1,,myfxbook,calendar-chart-years-back.json,20,2026-08-26T15:48:54.341Z,EconomicCalendar/raw/myfxbook/myfxbook_consensus_history.json,1538055386838d8ec50ab9cce40153f69aa8bf841c2ae50f67751b2c465432cb,6,5
EMPLOYMENT,EMPLOYMENT_NFP,1201719106,2013-08-02,162000,184000,1,1,unique_populated,1,,myfxbook,calendar-chart-years-back.json,20,2026-08-26T15:48:54.341Z,EconomicCalendar/raw/myfxbook/myfxbook_consensus_history.json,1538055386838d8ec50ab9cce40153f69aa8bf841c2ae50f67751b2c465432cb,6,6
EMPLOYMENT,EMPLOYMENT_NFP,1201719106,2013-09-06,169000,181000,1,1,unique_populated,1,,myfxbook,calendar-chart-years-back.json,20,2026-08-26T15:48:54.341Z,EconomicCalendar/raw/myfxbook/myfxbook_consensus_history.json,1538055386838d8ec50ab9cce40153f69aa8bf841c2ae50f67751b2c465432cb,6,7
EMPLOYMENT,EMPLOYMENT_NFP,1201719106,2013-10-22,148000,180000,1,1,unique_populated,1,,myfxbook,calendar-chart-years-back.json,20,2026-08-26T15:48:54.341Z,EconomicCalendar/raw/myfxbook/myfxbook_consensus_history.json,1538055386838d8ec50ab9cce40153f69aa8bf841c2ae50f67751b2c465432cb,6,8
EMPLOYMENT,EMPLOYMENT_NFP,1201719106,2013-11-08,204000,125000,1,1,unique_populated,1,,myfxbook,calendar-chart-years-back.json,20,2026-08-26T15:48:54.341Z,EconomicCalendar/raw/myfxbook/myfxbook_consensus_history.json,1538055386838d8ec50ab9cce40153f69aa8bf841c2ae50f67751b2c465432cb,6,9
EMPLOYMENT,EMPLOYMENT_NFP,1201719106,2013-12-06,203000,185000,1,1,unique_populated,1,,myfxbook,calendar-chart-years-back.json,20,2026-08-26T15:48:54.341Z,EconomicCalendar/raw/myfxbook/myfxbook_consensus_history.json,1538055386838d8ec50ab9cce40153f69aa8bf841c2ae50f67751b2c465432cb,6,10
EMPLOYMENT,EMPLOYMENT_NFP,1201719106,2014-01-10,74000,196000,1,1,unique_populated,1,,myfxbook,calendar-chart-years-back.json,20,2026-08-26T15:48:54.341Z,EconomicCalendar/raw/myfxbook/myfxbook_consensus_history.json,1538055386838d8ec50ab9cce40153f69aa8bf841c2ae50f67751b2c465432cb,6,11
EMPLOYMENT,EMPLOYMENT_NFP,1201719106,2014-02-07,113000,174000,1,1,unique_populated,1,,myfxbook,calendar-chart-years-back.json,20,2026-08-26T15:48:54.341Z,EconomicCalendar/raw/myfxbook/myfxbook_consensus_history.json,1538055386838d8ec50ab9cce40153f69aa8bf841c2ae50f67751b2c465432cb,6,12
EMPLOYMENT,EMPLOYMENT_NFP,1201719106,2014-03-07,175000,160000,1,1,unique_populated,1,,myfxbook,calendar-chart-years-back.json,20,2026-08-26T15:48:54.341Z,EconomicCalendar/raw/myfxbook/myfxbook_consensus_history.json,1538055386838d8ec50ab9cce40153f69aa8bf841c2ae50f67751b2c465432cb,6,13
EMPLOYMENT,EMPLOYMENT_NFP,1201719106,2014-04-04,192000,200000,1,1,unique_populated,1,,myfxbook,calendar-chart-years-back.json,20,2026-08-26T15:48:54.341Z,EconomicCalendar/raw/myfxbook/myfxbook_consensus_history.json,1538055386838d8ec50ab9cce40153f69aa8bf841c2ae50f67751b2c465432cb,6,14
EMPLOYMENT,EMPLOYMENT_NFP,1201719106,2014-05-02,288000,210000,1,1,unique_populated,1,,myfxbook,calendar-chart-years-back.json,20,2026-08-26T15:48:54.341Z,EconomicCalendar/raw/myfxbook/myfxbook_consensus_history.json,1538055386838d8ec50ab9cce40153f69aa8bf841c2ae50f67751b2c465432cb,6,15
EMPLOYMENT,EMPLOYMENT_NFP,1201719106,2014-06-06,217000,218000,1,1,unique_populated,1,,myfxbook,calendar-chart-years-back.json,20,2026-08-26T15:48:54.341Z,EconomicCalendar/raw/myfxbook/myfxbook_consensus_history.json,1538055386838d8ec50ab9cce40153f69aa8bf841c2ae50f67751b2c465432cb,6,16
EMPLOYMENT,EMPLOYMENT_NFP,1201719106,2014-07-03,288000,212000,1,1,unique_populated,1,,myfxbook,calendar-chart-years-back.json,20,2026-08-26T15:48:54.341Z,EconomicCalendar/raw/myfxbook/myfxbook_consensus_history.json,1538055386838d8ec50ab9cce40153f69aa8bf841c2ae50f67751b2c465432cb,6,17
EMPLOYMENT,EMPLOYMENT_NFP,1201719106,2014-08-01,209000,235000,1,1,unique_populated,1,,myfxbook,calendar-chart-years-back.json,20,2026-08-26T15:48:54.341Z,EconomicCalendar/raw/myfxbook/myfxbook_consensus_history.json,1538055386838d8ec50ab9cce40153f69aa8bf841c2ae50f67751b2c465432cb,6,18
EMPLOYMENT,EMPLOYMENT_NFP,1201719106,2014-09-05,142000,225000,1,1,unique_populated,1,,myfxbook,calendar-chart-years-back.json,20,2026-08-26T15:48:54.341Z,EconomicCalendar/raw/myfxbook/myfxbook_consensus_history.json,1538055386838d8ec50ab9cce40153f69aa8bf841c2ae50f67751b2c465432cb,6,19
EMPLOYMENT,EMPLOYMENT_NFP,1201719106,2014-10-03,248000,215000,1,1,unique_populated,1,,myfxbook,calendar-chart-years-back.json,20,2026-08-26T15:48:54.341Z,EconomicCalendar/raw/myfxbook/myfxbook_consensus_history.json,1538055386838d8ec50ab9cce40153f69aa8bf841c2ae50f67751b2c465432cb,6,20
EMPLOYMENT,EMPLOYMENT_NFP,1201719106,2014-11-07,214000,231000,1,1,unique_populated,1,,myfxbook,calendar-chart-years-back.json,20,2026-08-26T15:48:54.341Z,EconomicCalendar/raw/myfxbook/myfxbook_consensus_history.json,1538055386838d8ec50ab9cce40153f69aa8bf841c2ae50f67751b2c465432cb,6,21
EMPLOYMENT,EMPLOYMENT_NFP,1201719106,2014-12-05,321000,230000,1,1,unique_populated,1,,myfxbook,calendar-chart-years-back.json,20,2026-08-26T15:48:54.341Z,EconomicCalendar/raw/myfxbook/myfxbook_consensus_history.json,1538055386838d8ec50ab9cce40153f69aa8bf841c2ae50f67751b2c465432cb,6,22
EMPLOYMENT,EMPLOYMENT_NFP,1201719106,2015-01-09,252000,240000,1,1,unique_populated,1,,myfxbook,calendar-chart-years-back.json,20,2026-08-26T15:48:54.341Z,EconomicCalendar/raw/myfxbook/myfxbook_consensus_history.json,1538055386838d8ec50ab9cce40153f69aa8bf841c2ae50f67751b2c465432cb,6,23
EMPLOYMENT,EMPLOYMENT_NFP,1201719106,2015-02-06,257000,234000,1,1,unique_populated,1,,myfxbook,calendar-chart-years-back.json,20,2026-08-26T15:48:54.341Z,EconomicCalendar/raw/myfxbook/myfxbook_consensus_history.json,1538055386838d8ec50ab9cce40153f69aa8bf841c2ae50f67751b2c465432cb,6,24
EMPLOYMENT,EMPLOYMENT_NFP,1201719106,2015-03-06,295000,240000,1,1,unique_populated,1,,myfxbook,calendar-chart-years-back.json,20,2026-08-26T15:48:54.341Z,EconomicCalendar/raw/myfxbook/myfxbook_consensus_history.json,1538055386838d8ec50ab9cce40153f69aa8bf841c2ae50f67751b2c465432cb,6,25
EMPLOYMENT,EMPLOYMENT_NFP,1201719106,2015-04-03,126000,244000,1,1,unique_populated,1,,myfxbook,calendar-chart-years-back.json,20,2026-08-26T15:48:54.341Z,EconomicCalendar/raw/myfxbook/myfxbook_consensus_history.json,1538055386838d8ec50ab9cce40153f69aa8bf841c2ae50f67751b2c465432cb,6,26
EMPLOYMENT,EMPLOYMENT_NFP,1201719106,2015-05-08,223000,224000,1,1,unique_populated,1,,myfxbook,calendar-chart-years-back.json,20,2026-08-26T15:48:54.341Z,EconomicCalendar/raw/myfxbook/myfxbook_consensus_history.json,1538055386838d8ec50ab9cce40153f69aa8bf841c2ae50f67751b2c465432cb,6,27
EMPLOYMENT,EMPLOYMENT_NFP,1201719106,2015-06-05,280000,225000,1,1,unique_populated,1,,myfxbook,calendar-chart-years-back.json,20,2026-08-26T15:48:54.341Z,EconomicCalendar/raw/myfxbook/myfxbook_consensus_history.json,1538055386838d8ec50ab9cce40153f69aa8bf841c2ae50f67751b2c465432cb,6,28
EMPLOYMENT,EMPLOYMENT_NFP,1201719106,2015-07-02,223000,230000,1,1,unique_populated,1,,myfxbook,calendar-chart-years-back.json,20,2026-08-26T15:48:54.341Z,EconomicCalendar/raw/myfxbook/myfxbook_consensus_history.json,1538055386838d8ec50ab9cce40153f69aa8bf841c2ae50f67751b2c465432cb,6,29
EMPLOYMENT,EMPLOYMENT_NFP,1201719106,2015-08-07,215000,223000,1,1,unique_populated,1,,myfxbook,calendar-chart-years-back.json,20,2026-08-26T15:48:54.341Z,EconomicCalendar/raw/myfxbook/myfxbook_consensus_history.json,1538055386838d8ec50ab9cce40153f69aa8bf841c2ae50f67751b2c465432cb,6,30
EMPLOYMENT,EMPLOYMENT_NFP,1201719106,2015-09-04,173000,220000,1,1,unique_populated,1,,myfxbook,calendar-chart-years-back.json,20,2026-08-26T15:48:54.341Z,EconomicCalendar/raw/myfxbook/myfxbook_consensus_history.json,1538055386838d8ec50ab9cce40153f69aa8bf841c2ae50f67751b2c465432cb,6,31
EMPLOYMENT,EMPLOYMENT_NFP,1201719106,2015-10-02,142000,203000,1,1,unique_populated,1,,myfxbook,calendar-chart-years-back.json,20,2026-08-26T15:48:54.341Z,EconomicCalendar/raw/myfxbook/myfxbook_consensus_history.json,1538055386838d8ec50ab9cce40153f69aa8bf841c2ae50f67751b2c465432cb,6,32
EMPLOYMENT,EMPLOYMENT_NFP,1201719106,2015-11-06,271000,180000,1,1,unique_populated,1,,myfxbook,calendar-chart-years-back.json,20,2026-08-26T15:48:54.341Z,EconomicCalendar/raw/myfxbook/myfxbook_consensus_history.json,1538055386838d8ec50ab9cce40153f69aa8bf841c2ae50f67751b2c465432cb,6,33
EMPLOYMENT,EMPLOYMENT_NFP,1201719106,2015-12-04,211000,200000,1,1,unique_populated,1,,myfxbook,calendar-chart-years-back.json,20,2026-08-26T15:48:54.341Z,EconomicCalendar/raw/myfxbook/myfxbook_consensus_history.json,1538055386838d8ec50ab9cce40153f69aa8bf841c2ae50f67751b2c465432cb,6,34
EMPLOYMENT,EMPLOYMENT_NFP,1201719106,2016-01-08,292000,200000,1,1,unique_populated,1,,myfxbook,calendar-chart-years-back.json,20,2026-08-26T15:48:54.341Z,EconomicCalendar/raw/myfxbook/myfxbook_consensus_history.json,1538055386838d8ec50ab9cce40153f69aa8bf841c2ae50f67751b2c465432cb,6,35
EMPLOYMENT,EMPLOYMENT_NFP,1201719106,2016-02-05,151000,190000,1,1,unique_populated,1,,myfxbook,calendar-chart-years-back.json,20,2026-08-26T15:48:54.341Z,EconomicCalendar/raw/myfxbook/myfxbook_consensus_history.json,1538055386838d8ec50ab9cce40153f69aa8bf841c2ae50f67751b2c465432cb,6,36
EMPLOYMENT,EMPLOYMENT_NFP,1201719106,2016-03-04,242000,190000,1,1,unique_populated,1,,myfxbook,calendar-chart-years-back.json,20,2026-08-26T15:48:54.341Z,EconomicCalendar/raw/myfxbook/myfxbook_consensus_history.json,1538055386838d8ec50ab9cce40153f69aa8bf841c2ae50f67751b2c465432cb,6,37
EMPLOYMENT,EMPLOYMENT_NFP,1201719106,2016-04-01,215000,205000,1,1,unique_populated,1,,myfxbook,calendar-chart-years-back.json,20,2026-08-26T15:48:54.341Z,EconomicCalendar/raw/myfxbook/myfxbook_consensus_history.json,1538055386838d8ec50ab9cce40153f69aa8bf841c2ae50f67751b2c465432cb,6,38
EMPLOYMENT,EMPLOYMENT_NFP,1201719106,2016-05-06,160000,202000,1,1,unique_populated,1,,myfxbook,calendar-chart-years-back.json,20,2026-08-26T15:48:54.341Z,EconomicCalendar/raw/myfxbook/myfxbook_consensus_history.json,1538055386838d8ec50ab9cce40153f69aa8bf841c2ae50f67751b2c465432cb,6,39
EMPLOYMENT,EMPLOYMENT_NFP,1201719106,2016-06-03,38000,164000,1,1,unique_populated,1,,myfxbook,calendar-chart-years-back.json,20,2026-08-26T15:48:54.341Z,EconomicCalendar/raw/myfxbook/myfxbook_consensus_history.json,1538055386838d8ec50ab9cce40153f69aa8bf841c2ae50f67751b2c465432cb,6,40
EMPLOYMENT,EMPLOYMENT_NFP,1201719106,2016-07-08,287000,175000,1,1,unique_populated,1,,myfxbook,calendar-chart-years-back.json,20,2026-08-26T15:48:54.341Z,EconomicCalendar/raw/myfxbook/myfxbook_consensus_history.json,1538055386838d8ec50ab9cce40153f69aa8bf841c2ae50f67751b2c465432cb,6,41
EMPLOYMENT,EMPLOYMENT_NFP,1201719106,2016-08-05,255000,180000,1,1,unique_populated,1,,myfxbook,calendar-chart-years-back.json,20,2026-08-26T15:48:54.341Z,EconomicCalendar/raw/myfxbook/myfxbook_consensus_history.json,1538055386838d8ec50ab9cce40153f69aa8bf841c2ae50f67751b2c465432cb,6,42
EMPLOYMENT,EMPLOYMENT_NFP,1201719106,2016-09-02,151000,180000,1,1,unique_populated,1,,myfxbook,calendar-chart-years-back.json,20,2026-08-26T15:48:54.341Z,EconomicCalendar/raw/myfxbook/myfxbook_consensus_history.json,1538055386838d8ec50ab9cce40153f69aa8bf841c2ae50f67751b2c465432cb,6,43
EMPLOYMENT,EMPLOYMENT_NFP,1201719106,2016-10-07,156000,175000,1,1,unique_populated,1,,myfxbook,calendar-chart-years-back.json,20,2026-08-26T15:48:54.341Z,EconomicCalendar/raw/myfxbook/myfxbook_consensus_history.json,1538055386838d8ec50ab9cce40153f69aa8bf841c2ae50f67751b2c465432cb,6,44
EMPLOYMENT,EMPLOYMENT_NFP,1201719106,2016-11-04,161000,175000,1,1,unique_populated,1,,myfxbook,calendar-chart-years-back.json,20,2026-08-26T15:48:54.341Z,EconomicCalendar/raw/myfxbook/myfxbook_consensus_history.json,1538055386838d8ec50ab9cce40153f69aa8bf841c2ae50f67751b2c465432cb,6,45
EMPLOYMENT,EMPLOYMENT_NFP,1201719106,2016-12-02,178000,175000,1,1,unique_populated,1,,myfxbook,calendar-chart-years-back.json,20,2026-08-26T15:48:54.341Z,EconomicCalendar/raw/myfxbook/myfxbook_consensus_history.json,1538055386838d8ec50ab9cce40153f69aa8bf841c2ae50f67751b2c465432cb,6,46
EMPLOYMENT,EMPLOYMENT_NFP,1201719106,2017-01-06,156000,178000,1,1,unique_populated,1,,myfxbook,calendar-chart-years-back.json,20,2026-08-26T15:48:54.341Z,EconomicCalendar/raw/myfxbook/myfxbook_consensus_history.json,1538055386838d8ec50ab9cce40153f69aa8bf841c2ae50f67751b2c465432cb,6,47
EMPLOYMENT,EMPLOYMENT_NFP,1201719106,2017-02-03,227000,175000,1,1,unique_populated,1,,myfxbook,calendar-chart-years-back.json,20,2026-08-26T15:48:54.341Z,EconomicCalendar/raw/myfxbook/myfxbook_consensus_history.json,1538055386838d8ec50ab9cce40153f69aa8bf841c2ae50f67751b2c465432cb,6,48
EMPLOYMENT,EMPLOYMENT_NFP,1201719106,2017-03-10,235000,190000,1,1,unique_populated,1,,myfxbook,calendar-chart-years-back.json,20,2026-08-26T15:48:54.341Z,EconomicCalendar/raw/myfxbook/myfxbook_consensus_history.json,1538055386838d8ec50ab9cce40153f69aa8bf841c2ae50f67751b2c465432cb,6,49
EMPLOYMENT,EMPLOYMENT_NFP,1201719106,2017-04-07,98000,180000,1,1,unique_populated,1,,myfxbook,calendar-chart-years-back.json,20,2026-08-26T15:48:54.341Z,EconomicCalendar/raw/myfxbook/myfxbook_consensus_history.json,1538055386838d8ec50ab9cce40153f69aa8bf841c2ae50f67751b2c465432cb,6,50
EMPLOYMENT,EMPLOYMENT_NFP,1201719106,2017-05-05,211000,185000,1,1,unique_populated,1,,myfxbook,calendar-chart-years-back.json,20,2026-08-26T15:48:54.341Z,EconomicCalendar/raw/myfxbook/myfxbook_consensus_history.json,1538055386838d8ec50ab9cce40153f69aa8bf841c2ae50f67751b2c465432cb,6,51
EMPLOYMENT,EMPLOYMENT_NFP,1201719106,2017-06-02,138000,185000,1,1,unique_populated,1,,myfxbook,calendar-chart-years-back.json,20,2026-08-26T15:48:54.341Z,EconomicCalendar/raw/myfxbook/myfxbook_consensus_history.json,1538055386838d8ec50ab9cce40153f69aa8bf841c2ae50f67751b2c465432cb,6,52
EMPLOYMENT,EMPLOYMENT_NFP,1201719106,2017-07-07,222000,179000,1,1,unique_populated,1,,myfxbook,calendar-chart-years-back.json,20,2026-08-26T15:48:54.341Z,EconomicCalendar/raw/myfxbook/myfxbook_consensus_history.json,1538055386838d8ec50ab9cce40153f69aa8bf841c2ae50f67751b2c465432cb,6,53
EMPLOYMENT,EMPLOYMENT_NFP,1201719106,2017-08-04,209000,183000,1,1,unique_populated,1,,myfxbook,calendar-chart-years-back.json,20,2026-08-26T15:48:54.341Z,EconomicCalendar/raw/myfxbook/myfxbook_consensus_history.json,1538055386838d8ec50ab9cce40153f69aa8bf841c2ae50f67751b2c465432cb,6,54
EMPLOYMENT,EMPLOYMENT_NFP,1201719106,2017-09-01,156000,180000,1,1,unique_populated,1,,myfxbook,calendar-chart-years-back.json,20,2026-08-26T15:48:54.341Z,EconomicCalendar/raw/myfxbook/myfxbook_consensus_history.json,1538055386838d8ec50ab9cce40153f69aa8bf841c2ae50f67751b2c465432cb,6,55
EMPLOYMENT,EMPLOYMENT_NFP,1201719106,2017-10-06,-33000,90000,1,1,unique_populated,1,,myfxbook,calendar-chart-years-back.json,20,2026-08-26T15:48:54.341Z,EconomicCalendar/raw/myfxbook/myfxbook_consensus_history.json,1538055386838d8ec50ab9cce40153f69aa8bf841c2ae50f67751b2c465432cb,6,56
EMPLOYMENT,EMPLOYMENT_NFP,1201719106,2017-11-03,261000,310000,1,1,unique_populated,1,,myfxbook,calendar-chart-years-back.json,20,2026-08-26T15:48:54.341Z,EconomicCalendar/raw/myfxbook/myfxbook_consensus_history.json,1538055386838d8ec50ab9cce40153f69aa8bf841c2ae50f67751b2c465432cb,6,57
EMPLOYMENT,EMPLOYMENT_NFP,1201719106,2017-12-08,228000,200000,1,1,unique_populated,1,,myfxbook,calendar-chart-years-back.json,20,2026-08-26T15:48:54.341Z,EconomicCalendar/raw/myfxbook/myfxbook_consensus_history.json,1538055386838d8ec50ab9cce40153f69aa8bf841c2ae50f67751b2c465432cb,6,58
EMPLOYMENT,EMPLOYMENT_NFP,1201719106,2018-01-05,148000,190000,1,1,unique_populated,1,,myfxbook,calendar-chart-years-back.json,20,2026-08-26T15:48:54.341Z,EconomicCalendar/raw/myfxbook/myfxbook_consensus_history.json,1538055386838d8ec50ab9cce40153f69aa8bf841c2ae50f67751b2c465432cb,6,59
EMPLOYMENT,EMPLOYMENT_NFP,1201719106,2018-02-02,200000,180000,1,1,unique_populated,1,,myfxbook,calendar-chart-years-back.json,20,2026-08-26T15:48:54.341Z,EconomicCalendar/raw/myfxbook/myfxbook_consensus_history.json,1538055386838d8ec50ab9cce40153f69aa8bf841c2ae50f67751b2c465432cb,6,60
EMPLOYMENT,EMPLOYMENT_NFP,1201719106,2018-03-09,313000,200000,1,1,unique_populated,1,,myfxbook,calendar-chart-years-back.json,20,2026-08-26T15:48:54.341Z,EconomicCalendar/raw/myfxbook/myfxbook_consensus_history.json,1538055386838d8ec50ab9cce40153f69aa8bf841c2ae50f67751b2c465432cb,6,61
EMPLOYMENT,EMPLOYMENT_NFP,1201719106,2018-04-06,103000,193000,1,1,unique_populated,1,,myfxbook,calendar-chart-years-back.json,20,2026-08-26T15:48:54.341Z,EconomicCalendar/raw/myfxbook/myfxbook_consensus_history.json,1538055386838d8ec50ab9cce40153f69aa8bf841c2ae50f67751b2c465432cb,6,62
EMPLOYMENT,EMPLOYMENT_NFP,1201719106,2018-05-04,164000,192000,1,1,unique_populated,1,,myfxbook,calendar-chart-years-back.json,20,2026-08-26T15:48:54.341Z,EconomicCalendar/raw/myfxbook/myfxbook_consensus_history.json,1538055386838d8ec50ab9cce40153f69aa8bf841c2ae50f67751b2c465432cb,6,63
EMPLOYMENT,EMPLOYMENT_NFP,1201719106,2018-06-01,223000,189000,1,1,unique_populated,1,,myfxbook,calendar-chart-years-back.json,20,2026-08-26T15:48:54.341Z,EconomicCalendar/raw/myfxbook/myfxbook_consensus_history.json,1538055386838d8ec50ab9cce40153f69aa8bf841c2ae50f67751b2c465432cb,6,64
EMPLOYMENT,EMPLOYMENT_NFP,1201719106,2018-07-06,213000,195000,1,1,unique_populated,1,,myfxbook,calendar-chart-years-back.json,20,2026-08-26T15:48:54.341Z,EconomicCalendar/raw/myfxbook/myfxbook_consensus_history.json,1538055386838d8ec50ab9cce40153f69aa8bf841c2ae50f67751b2c465432cb,6,65
EMPLOYMENT,EMPLOYMENT_NFP,1201719106,2018-08-03,157000,190000,1,1,unique_populated,1,,myfxbook,calendar-chart-years-back.json,20,2026-08-26T15:48:54.341Z,EconomicCalendar/raw/myfxbook/myfxbook_consensus_history.json,1538055386838d8ec50ab9cce40153f69aa8bf841c2ae50f67751b2c465432cb,6,66
EMPLOYMENT,EMPLOYMENT_NFP,1201719106,2018-09-07,201000,191000,1,1,unique_populated,1,,myfxbook,calendar-chart-years-back.json,20,2026-08-26T15:48:54.341Z,EconomicCalendar/raw/myfxbook/myfxbook_consensus_history.json,1538055386838d8ec50ab9cce40153f69aa8bf841c2ae50f67751b2c465432cb,6,67
EMPLOYMENT,EMPLOYMENT_NFP,1201719106,2018-10-05,134000,185000,1,1,unique_populated,1,,myfxbook,calendar-chart-years-back.json,20,2026-08-26T15:48:54.341Z,EconomicCalendar/raw/myfxbook/myfxbook_consensus_history.json,1538055386838d8ec50ab9cce40153f69aa8bf841c2ae50f67751b2c465432cb,6,68
EMPLOYMENT,EMPLOYMENT_NFP,1201719106,2018-11-02,250000,190000,1,1,unique_populated,1,,myfxbook,calendar-chart-years-back.json,20,2026-08-26T15:48:54.341Z,EconomicCalendar/raw/myfxbook/myfxbook_consensus_history.json,1538055386838d8ec50ab9cce40153f69aa8bf841c2ae50f67751b2c465432cb,6,69
EMPLOYMENT,EMPLOYMENT_NFP,1201719106,2018-12-07,155000,200000,1,1,unique_populated,1,,myfxbook,calendar-chart-years-back.json,20,2026-08-26T15:48:54.341Z,EconomicCalendar/raw/myfxbook/myfxbook_consensus_history.json,1538055386838d8ec50ab9cce40153f69aa8bf841c2ae50f67751b2c465432cb,6,70
EMPLOYMENT,EMPLOYMENT_NFP,1201719106,2019-01-04,312000,177000,1,1,unique_populated,1,,myfxbook,calendar-chart-years-back.json,20,2026-08-26T15:48:54.341Z,EconomicCalendar/raw/myfxbook/myfxbook_consensus_history.json,1538055386838d8ec50ab9cce40153f69aa8bf841c2ae50f67751b2c465432cb,6,71
EMPLOYMENT,EMPLOYMENT_NFP,1201719106,2019-02-01,304000,165000,1,1,unique_populated,1,,myfxbook,calendar-chart-years-back.json,20,2026-08-26T15:48:54.341Z,EconomicCalendar/raw/myfxbook/myfxbook_consensus_history.json,1538055386838d8ec50ab9cce40153f69aa8bf841c2ae50f67751b2c465432cb,6,72
EMPLOYMENT,EMPLOYMENT_NFP,1201719106,2019-03-08,20000,180000,1,1,unique_populated,1,,myfxbook,calendar-chart-years-back.json,20,2026-08-26T15:48:54.341Z,EconomicCalendar/raw/myfxbook/myfxbook_consensus_history.json,1538055386838d8ec50ab9cce40153f69aa8bf841c2ae50f67751b2c465432cb,6,73
EMPLOYMENT,EMPLOYMENT_NFP,1201719106,2019-04-05,196000,180000,1,1,unique_populated,1,,myfxbook,calendar-chart-years-back.json,20,2026-08-26T15:48:54.341Z,EconomicCalendar/raw/myfxbook/myfxbook_consensus_history.json,1538055386838d8ec50ab9cce40153f69aa8bf841c2ae50f67751b2c465432cb,6,74
EMPLOYMENT,EMPLOYMENT_NFP,1201719106,2019-05-03,263000,185000,1,1,unique_populated,1,,myfxbook,calendar-chart-years-back.json,20,2026-08-26T15:48:54.341Z,EconomicCalendar/raw/myfxbook/myfxbook_consensus_history.json,1538055386838d8ec50ab9cce40153f69aa8bf841c2ae50f67751b2c465432cb,6,75
EMPLOYMENT,EMPLOYMENT_NFP,1201719106,2019-06-07,75000,185000,1,1,unique_populated,1,,myfxbook,calendar-chart-years-back.json,20,2026-08-26T15:48:54.341Z,EconomicCalendar/raw/myfxbook/myfxbook_consensus_history.json,1538055386838d8ec50ab9cce40153f69aa8bf841c2ae50f67751b2c465432cb,6,76
EMPLOYMENT,EMPLOYMENT_NFP,1201719106,2019-07-05,224000,160000,1,1,unique_populated,1,,myfxbook,calendar-chart-years-back.json,20,2026-08-26T15:48:54.341Z,EconomicCalendar/raw/myfxbook/myfxbook_consensus_history.json,1538055386838d8ec50ab9cce40153f69aa8bf841c2ae50f67751b2c465432cb,6,77
EMPLOYMENT,EMPLOYMENT_NFP,1201719106,2019-08-02,164000,164000,1,1,unique_populated,1,,myfxbook,calendar-chart-years-back.json,20,2026-08-26T15:48:54.341Z,EconomicCalendar/raw/myfxbook/myfxbook_consensus_history.json,1538055386838d8ec50ab9cce40153f69aa8bf841c2ae50f67751b2c465432cb,6,78
EMPLOYMENT,EMPLOYMENT_NFP,1201719106,2019-09-06,130000,158000,1,1,unique_populated,1,,myfxbook,calendar-chart-years-back.json,20,2026-08-26T15:48:54.341Z,EconomicCalendar/raw/myfxbook/myfxbook_consensus_history.json,1538055386838d8ec50ab9cce40153f69aa8bf841c2ae50f67751b2c465432cb,6,79
EMPLOYMENT,EMPLOYMENT_NFP,1201719106,2019-10-04,136000,145000,1,1,unique_populated,1,,myfxbook,calendar-chart-years-back.json,20,2026-08-26T15:48:54.341Z,EconomicCalendar/raw/myfxbook/myfxbook_consensus_history.json,1538055386838d8ec50ab9cce40153f69aa8bf841c2ae50f67751b2c465432cb,6,80
EMPLOYMENT,EMPLOYMENT_NFP,1201719106,2019-11-01,128000,89000,1,1,unique_populated,1,,myfxbook,calendar-chart-years-back.json,20,2026-08-26T15:48:54.341Z,EconomicCalendar/raw/myfxbook/myfxbook_consensus_history.json,1538055386838d8ec50ab9cce40153f69aa8bf841c2ae50f67751b2c465432cb,6,81
EMPLOYMENT,EMPLOYMENT_NFP,1201719106,2019-12-06,266000,180000,1,1,unique_populated,1,,myfxbook,calendar-chart-years-back.json,20,2026-08-26T15:48:54.341Z,EconomicCalendar/raw/myfxbook/myfxbook_consensus_history.json,1538055386838d8ec50ab9cce40153f69aa8bf841c2ae50f67751b2c465432cb,6,82
EMPLOYMENT,EMPLOYMENT_NFP,1201719106,2020-01-10,145000,164000,1,1,unique_populated,1,,myfxbook,calendar-chart-years-back.json,20,2026-08-26T15:48:54.341Z,EconomicCalendar/raw/myfxbook/myfxbook_consensus_history.json,1538055386838d8ec50ab9cce40153f69aa8bf841c2ae50f67751b2c465432cb,6,83
EMPLOYMENT,EMPLOYMENT_NFP,1201719106,2020-02-07,225000,160000,1,1,unique_populated,1,,myfxbook,calendar-chart-years-back.json,20,2026-08-26T15:48:54.341Z,EconomicCalendar/raw/myfxbook/myfxbook_consensus_history.json,1538055386838d8ec50ab9cce40153f69aa8bf841c2ae50f67751b2c465432cb,6,84
EMPLOYMENT,EMPLOYMENT_NFP,1201719106,2020-03-06,273000,175000,1,1,unique_populated,1,,myfxbook,calendar-chart-years-back.json,20,2026-08-26T15:48:54.341Z,EconomicCalendar/raw/myfxbook/myfxbook_consensus_history.json,1538055386838d8ec50ab9cce40153f69aa8bf841c2ae50f67751b2c465432cb,6,85
EMPLOYMENT,EMPLOYMENT_NFP,1201719106,2020-04-03,-701000,-100000,1,1,unique_populated,1,,myfxbook,calendar-chart-years-back.json,20,2026-08-26T15:48:54.341Z,EconomicCalendar/raw/myfxbook/myfxbook_consensus_history.json,1538055386838d8ec50ab9cce40153f69aa8bf841c2ae50f67751b2c465432cb,6,86
EMPLOYMENT,EMPLOYMENT_NFP,1201719106,2020-05-08,-20500000,-22000000,1,1,unique_populated,1,,myfxbook,calendar-chart-years-back.json,20,2026-08-26T15:48:54.341Z,EconomicCalendar/raw/myfxbook/myfxbook_consensus_history.json,1538055386838d8ec50ab9cce40153f69aa8bf841c2ae50f67751b2c465432cb,6,87
EMPLOYMENT,EMPLOYMENT_NFP,1201719106,2020-06-05,2509000,-8000000,1,1,unique_populated,1,,myfxbook,calendar-chart-years-back.json,20,2026-08-26T15:48:54.341Z,EconomicCalendar/raw/myfxbook/myfxbook_consensus_history.json,1538055386838d8ec50ab9cce40153f69aa8bf841c2ae50f67751b2c465432cb,6,88
EMPLOYMENT,EMPLOYMENT_NFP,1201719106,2020-07-02,4800000,3000000,1,1,unique_populated,1,,myfxbook,calendar-chart-years-back.json,20,2026-08-26T15:48:54.341Z,EconomicCalendar/raw/myfxbook/myfxbook_consensus_history.json,1538055386838d8ec50ab9cce40153f69aa8bf841c2ae50f67751b2c465432cb,6,89
EMPLOYMENT,EMPLOYMENT_NFP,1201719106,2020-08-07,1763000,1600000,1,1,unique_populated,1,,myfxbook,calendar-chart-years-back.json,20,2026-08-26T15:48:54.341Z,EconomicCalendar/raw/myfxbook/myfxbook_consensus_history.json,1538055386838d8ec50ab9cce40153f69aa8bf841c2ae50f67751b2c465432cb,6,90
EMPLOYMENT,EMPLOYMENT_NFP,1201719106,2020-09-04,1371000,1400000,1,1,unique_populated,1,,myfxbook,calendar-chart-years-back.json,20,2026-08-26T15:48:54.341Z,EconomicCalendar/raw/myfxbook/myfxbook_consensus_history.json,1538055386838d8ec50ab9cce40153f69aa8bf841c2ae50f67751b2c465432cb,6,91
EMPLOYMENT,EMPLOYMENT_NFP,1201719106,2020-10-02,661000,850000,1,1,unique_populated,1,,myfxbook,calendar-chart-years-back.json,20,2026-08-26T15:48:54.341Z,EconomicCalendar/raw/myfxbook/myfxbook_consensus_history.json,1538055386838d8ec50ab9cce40153f69aa8bf841c2ae50f67751b2c465432cb,6,92
EMPLOYMENT,EMPLOYMENT_NFP,1201719106,2020-11-06,638000,600000,1,1,unique_populated,1,,myfxbook,calendar-chart-years-back.json,20,2026-08-26T15:48:54.341Z,EconomicCalendar/raw/myfxbook/myfxbook_consensus_history.json,1538055386838d8ec50ab9cce40153f69aa8bf841c2ae50f67751b2c465432cb,6,93
EMPLOYMENT,EMPLOYMENT_NFP,1201719106,2020-12-04,245000,469000,1,1,unique_populated,1,,myfxbook,calendar-chart-years-back.json,20,2026-08-26T15:48:54.341Z,EconomicCalendar/raw/myfxbook/myfxbook_consensus_history.json,1538055386838d8ec50ab9cce40153f69aa8bf841c2ae50f67751b2c465432cb,6,94
EMPLOYMENT,EMPLOYMENT_NFP,1201719106,2021-01-08,-140000,71000,1,1,unique_populated,1,,myfxbook,calendar-chart-years-back.json,20,2026-08-26T15:48:54.341Z,EconomicCalendar/raw/myfxbook/myfxbook_consensus_history.json,1538055386838d8ec50ab9cce40153f69aa8bf841c2ae50f67751b2c465432cb,6,95
EMPLOYMENT,EMPLOYMENT_NFP,1201719106,2021-02-05,49000,50000,1,1,unique_populated,1,,myfxbook,calendar-chart-years-back.json,20,2026-08-26T15:48:54.341Z,EconomicCalendar/raw/myfxbook/myfxbook_consensus_history.json,1538055386838d8ec50ab9cce40153f69aa8bf841c2ae50f67751b2c465432cb,6,96
EMPLOYMENT,EMPLOYMENT_NFP,1201719106,2021-03-05,379000,182000,1,1,unique_populated,1,,myfxbook,calendar-chart-years-back.json,20,2026-08-26T15:48:54.341Z,EconomicCalendar/raw/myfxbook/myfxbook_consensus_history.json,1538055386838d8ec50ab9cce40153f69aa8bf841c2ae50f67751b2c465432cb,6,97
EMPLOYMENT,EMPLOYMENT_NFP,1201719106,2021-04-02,916000,647000,1,1,unique_populated,1,,myfxbook,calendar-chart-years-back.json,20,2026-08-26T15:48:54.341Z,EconomicCalendar/raw/myfxbook/myfxbook_consensus_history.json,1538055386838d8ec50ab9cce40153f69aa8bf841c2ae50f67751b2c465432cb,6,98
EMPLOYMENT,EMPLOYMENT_NFP,1201719106,2021-05-07,266000,978000,1,1,unique_populated,1,,myfxbook,calendar-chart-years-back.json,20,2026-08-26T15:48:54.341Z,EconomicCalendar/raw/myfxbook/myfxbook_consensus_history.json,1538055386838d8ec50ab9cce40153f69aa8bf841c2ae50f67751b2c465432cb,6,99
EMPLOYMENT,EMPLOYMENT_NFP,1201719106,2021-06-04,559000,650000,1,1,unique_populated,1,,myfxbook,calendar-chart-years-back.json,20,2026-08-26T15:48:54.341Z,EconomicCalendar/raw/myfxbook/myfxbook_consensus_history.json,1538055386838d8ec50ab9cce40153f69aa8bf841c2ae50f67751b2c465432cb,6,100
EMPLOYMENT,EMPLOYMENT_NFP,1201719106,2021-07-02,850000,700000,1,1,unique_populated,1,,myfxbook,calendar-chart-years-back.json,20,2026-08-26T15:48:54.341Z,EconomicCalendar/raw/myfxbook/myfxbook_consensus_history.json,1538055386838d8ec50ab9cce40153f69aa8bf841c2ae50f67751b2c465432cb,6,101
EMPLOYMENT,EMPLOYMENT_NFP,1201719106,2021-08-06,943000,870000,1,1,unique_populated,1,,myfxbook,calendar-chart-years-back.json,20,2026-08-26T15:48:54.341Z,EconomicCalendar/raw/myfxbook/myfxbook_consensus_history.json,1538055386838d8ec50ab9cce40153f69aa8bf841c2ae50f67751b2c465432cb,6,102
EMPLOYMENT,EMPLOYMENT_NFP,1201719106,2021-09-03,235000,750000,1,1,unique_populated,1,,myfxbook,calendar-chart-years-back.json,20,2026-08-26T15:48:54.341Z,EconomicCalendar/raw/myfxbook/myfxbook_consensus_history.json,1538055386838d8ec50ab9cce40153f69aa8bf841c2ae50f67751b2c465432cb,6,103
EMPLOYMENT,EMPLOYMENT_NFP,1201719106,2021-10-08,194000,500000,1,1,unique_populated,1,,myfxbook,calendar-chart-years-back.json,20,2026-08-26T15:48:54.341Z,EconomicCalendar/raw/myfxbook/myfxbook_consensus_history.json,1538055386838d8ec50ab9cce40153f69aa8bf841c2ae50f67751b2c465432cb,6,104
EMPLOYMENT,EMPLOYMENT_NFP,1201719106,2021-11-05,531000,450000,1,1,unique_populated,1,,myfxbook,calendar-chart-years-back.json,20,2026-08-26T15:48:54.341Z,EconomicCalendar/raw/myfxbook/myfxbook_consensus_history.json,1538055386838d8ec50ab9cce40153f69aa8bf841c2ae50f67751b2c465432cb,6,105
EMPLOYMENT,EMPLOYMENT_NFP,1201719106,2021-12-03,210000,550000,1,1,unique_populated,1,,myfxbook,calendar-chart-years-back.json,20,2026-08-26T15:48:54.341Z,EconomicCalendar/raw/myfxbook/myfxbook_consensus_history.json,1538055386838d8ec50ab9cce40153f69aa8bf841c2ae50f67751b2c465432cb,6,106
EMPLOYMENT,EMPLOYMENT_NFP,1201719106,2022-01-07,199000,400000,1,1,unique_populated,1,,myfxbook,calendar-chart-years-back.json,20,2026-08-26T15:48:54.341Z,EconomicCalendar/raw/myfxbook/myfxbook_consensus_history.json,1538055386838d8ec50ab9cce40153f69aa8bf841c2ae50f67751b2c465432cb,6,107
EMPLOYMENT,EMPLOYMENT_NFP,1201719106,2022-02-04,467000,150000,1,1,unique_populated,1,,myfxbook,calendar-chart-years-back.json,20,2026-08-26T15:48:54.341Z,EconomicCalendar/raw/myfxbook/myfxbook_consensus_history.json,1538055386838d8ec50ab9cce40153f69aa8bf841c2ae50f67751b2c465432cb,6,108
EMPLOYMENT,EMPLOYMENT_NFP,1201719106,2022-03-04,678000,400000,1,1,unique_populated,1,,myfxbook,calendar-chart-years-back.json,20,2026-08-26T15:48:54.341Z,EconomicCalendar/raw/myfxbook/myfxbook_consensus_history.json,1538055386838d8ec50ab9cce40153f69aa8bf841c2ae50f67751b2c465432cb,6,109
EMPLOYMENT,EMPLOYMENT_NFP,1201719106,2022-04-01,431000,490000,1,1,unique_populated,1,,myfxbook,calendar-chart-years-back.json,20,2026-08-26T15:48:54.341Z,EconomicCalendar/raw/myfxbook/myfxbook_consensus_history.json,1538055386838d8ec50ab9cce40153f69aa8bf841c2ae50f67751b2c465432cb,6,110
EMPLOYMENT,EMPLOYMENT_NFP,1201719106,2022-05-06,428000,391000,1,1,unique_populated,1,,myfxbook,calendar-chart-years-back.json,20,2026-08-26T15:48:54.341Z,EconomicCalendar/raw/myfxbook/myfxbook_consensus_history.json,1538055386838d8ec50ab9cce40153f69aa8bf841c2ae50f67751b2c465432cb,6,111
EMPLOYMENT,EMPLOYMENT_NFP,1201719106,2022-06-03,390000,325000,1,1,unique_populated,1,,myfxbook,calendar-chart-years-back.json,20,2026-08-26T15:48:54.341Z,EconomicCalendar/raw/myfxbook/myfxbook_consensus_history.json,1538055386838d8ec50ab9cce40153f69aa8bf841c2ae50f67751b2c465432cb,6,112
EMPLOYMENT,EMPLOYMENT_NFP,1201719106,2022-07-08,372000,268000,1,1,unique_populated,1,,myfxbook,calendar-chart-years-back.json,20,2026-08-26T15:48:54.341Z,EconomicCalendar/raw/myfxbook/myfxbook_consensus_history.json,1538055386838d8ec50ab9cce40153f69aa8bf841c2ae50f67751b2c465432cb,6,113
EMPLOYMENT,EMPLOYMENT_NFP,1201719106,2022-08-05,528000,250000,1,1,unique_populated,1,,myfxbook,calendar-chart-years-back.json,20,2026-08-26T15:48:54.341Z,EconomicCalendar/raw/myfxbook/myfxbook_consensus_history.json,1538055386838d8ec50ab9cce40153f69aa8bf841c2ae50f67751b2c465432cb,6,114
EMPLOYMENT,EMPLOYMENT_NFP,1201719106,2022-09-02,315000,300000,1,1,unique_populated,1,,myfxbook,calendar-chart-years-back.json,20,2026-08-26T15:48:54.341Z,EconomicCalendar/raw/myfxbook/myfxbook_consensus_history.json,1538055386838d8ec50ab9cce40153f69aa8bf841c2ae50f67751b2c465432cb,6,115
EMPLOYMENT,EMPLOYMENT_NFP,1201719106,2022-10-07,263000,250000,1,1,unique_populated,1,,myfxbook,calendar-chart-years-back.json,20,2026-08-26T15:48:54.341Z,EconomicCalendar/raw/myfxbook/myfxbook_consensus_history.json,1538055386838d8ec50ab9cce40153f69aa8bf841c2ae50f67751b2c465432cb,6,116
EMPLOYMENT,EMPLOYMENT_NFP,1201719106,2022-11-04,261000,200000,1,1,unique_populated,1,,myfxbook,calendar-chart-years-back.json,20,2026-08-26T15:48:54.341Z,EconomicCalendar/raw/myfxbook/myfxbook_consensus_history.json,1538055386838d8ec50ab9cce40153f69aa8bf841c2ae50f67751b2c465432cb,6,117
EMPLOYMENT,EMPLOYMENT_NFP,1201719106,2022-12-02,263000,200000,1,1,unique_populated,1,,myfxbook,calendar-chart-years-back.json,20,2026-08-26T15:48:54.341Z,EconomicCalendar/raw/myfxbook/myfxbook_consensus_history.json,1538055386838d8ec50ab9cce40153f69aa8bf841c2ae50f67751b2c465432cb,6,118
EMPLOYMENT,EMPLOYMENT_NFP,1201719106,2023-01-06,223000,200000,1,1,unique_populated,1,,myfxbook,calendar-chart-years-back.json,20,2026-08-26T15:48:54.341Z,EconomicCalendar/raw/myfxbook/myfxbook_consensus_history.json,1538055386838d8ec50ab9cce40153f69aa8bf841c2ae50f67751b2c465432cb,6,119
EMPLOYMENT,EMPLOYMENT_NFP,1201719106,2023-02-03,517000,185000,1,1,unique_populated,1,,myfxbook,calendar-chart-years-back.json,20,2026-08-26T15:48:54.341Z,EconomicCalendar/raw/myfxbook/myfxbook_consensus_history.json,1538055386838d8ec50ab9cce40153f69aa8bf841c2ae50f67751b2c465432cb,6,120
EMPLOYMENT,EMPLOYMENT_NFP,1201719106,2023-03-10,311000,205000,1,1,unique_populated,1,,myfxbook,calendar-chart-years-back.json,20,2026-08-26T15:48:54.341Z,EconomicCalendar/raw/myfxbook/myfxbook_consensus_history.json,1538055386838d8ec50ab9cce40153f69aa8bf841c2ae50f67751b2c465432cb,6,121
EMPLOYMENT,EMPLOYMENT_NFP,1201719106,2023-04-07,236000,239000,1,1,unique_populated,1,,myfxbook,calendar-chart-years-back.json,20,2026-08-26T15:48:54.341Z,EconomicCalendar/raw/myfxbook/myfxbook_consensus_history.json,1538055386838d8ec50ab9cce40153f69aa8bf841c2ae50f67751b2c465432cb,6,122
EMPLOYMENT,EMPLOYMENT_NFP,1201719106,2023-05-05,253000,180000,1,1,unique_populated,1,,myfxbook,calendar-chart-years-back.json,20,2026-08-26T15:48:54.341Z,EconomicCalendar/raw/myfxbook/myfxbook_consensus_history.json,1538055386838d8ec50ab9cce40153f69aa8bf841c2ae50f67751b2c465432cb,6,123
EMPLOYMENT,EMPLOYMENT_NFP,1201719106,2023-06-02,339000,190000,1,1,unique_populated,1,,myfxbook,calendar-chart-years-back.json,20,2026-08-26T15:48:54.341Z,EconomicCalendar/raw/myfxbook/myfxbook_consensus_history.json,1538055386838d8ec50ab9cce40153f69aa8bf841c2ae50f67751b2c465432cb,6,124
EMPLOYMENT,EMPLOYMENT_NFP,1201719106,2023-07-07,209000,225000,1,1,unique_populated,1,,myfxbook,calendar-chart-years-back.json,20,2026-08-26T15:48:54.341Z,EconomicCalendar/raw/myfxbook/myfxbook_consensus_history.json,1538055386838d8ec50ab9cce40153f69aa8bf841c2ae50f67751b2c465432cb,6,125
EMPLOYMENT,EMPLOYMENT_NFP,1201719106,2023-08-04,187000,200000,1,1,unique_populated,1,,myfxbook,calendar-chart-years-back.json,20,2026-08-26T15:48:54.341Z,EconomicCalendar/raw/myfxbook/myfxbook_consensus_history.json,1538055386838d8ec50ab9cce40153f69aa8bf841c2ae50f67751b2c465432cb,6,126
EMPLOYMENT,EMPLOYMENT_NFP,1201719106,2023-09-01,187000,170000,1,1,unique_populated,1,,myfxbook,calendar-chart-years-back.json,20,2026-08-26T15:48:54.341Z,EconomicCalendar/raw/myfxbook/myfxbook_consensus_history.json,1538055386838d8ec50ab9cce40153f69aa8bf841c2ae50f67751b2c465432cb,6,127
EMPLOYMENT,EMPLOYMENT_NFP,1201719106,2023-10-06,336000,170000,1,1,unique_populated,1,,myfxbook,calendar-chart-years-back.json,20,2026-08-26T15:48:54.341Z,EconomicCalendar/raw/myfxbook/myfxbook_consensus_history.json,1538055386838d8ec50ab9cce40153f69aa8bf841c2ae50f67751b2c465432cb,6,128
EMPLOYMENT,EMPLOYMENT_NFP,1201719106,2023-11-03,150000,180000,1,1,unique_populated,1,,myfxbook,calendar-chart-years-back.json,20,2026-08-26T15:48:54.341Z,EconomicCalendar/raw/myfxbook/myfxbook_consensus_history.json,1538055386838d8ec50ab9cce40153f69aa8bf841c2ae50f67751b2c465432cb,6,129
EMPLOYMENT,EMPLOYMENT_NFP,1201719106,2023-12-08,199000,180000,1,1,unique_populated,1,,myfxbook,calendar-chart-years-back.json,20,2026-08-26T15:48:54.341Z,EconomicCalendar/raw/myfxbook/myfxbook_consensus_history.json,1538055386838d8ec50ab9cce40153f69aa8bf841c2ae50f67751b2c465432cb,6,130
EMPLOYMENT,EMPLOYMENT_NFP,1201719106,2024-01-05,216000,170000,1,1,unique_populated,1,,myfxbook,calendar-chart-years-back.json,20,2026-08-26T15:48:54.341Z,EconomicCalendar/raw/myfxbook/myfxbook_consensus_history.json,1538055386838d8ec50ab9cce40153f69aa8bf841c2ae50f67751b2c465432cb,6,131
EMPLOYMENT,EMPLOYMENT_NFP,1201719106,2024-02-02,353000,180000,1,1,unique_populated,1,,myfxbook,calendar-chart-years-back.json,20,2026-08-26T15:48:54.341Z,EconomicCalendar/raw/myfxbook/myfxbook_consensus_history.json,1538055386838d8ec50ab9cce40153f69aa8bf841c2ae50f67751b2c465432cb,6,132
EMPLOYMENT,EMPLOYMENT_NFP,1201719106,2024-03-08,275000,200000,1,1,unique_populated,1,,myfxbook,calendar-chart-years-back.json,20,2026-08-26T15:48:54.341Z,EconomicCalendar/raw/myfxbook/myfxbook_consensus_history.json,1538055386838d8ec50ab9cce40153f69aa8bf841c2ae50f67751b2c465432cb,6,133
EMPLOYMENT,EMPLOYMENT_NFP,1201719106,2024-04-05,303000,200000,1,1,unique_populated,1,,myfxbook,calendar-chart-years-back.json,20,2026-08-26T15:48:54.341Z,EconomicCalendar/raw/myfxbook/myfxbook_consensus_history.json,1538055386838d8ec50ab9cce40153f69aa8bf841c2ae50f67751b2c465432cb,6,134
EMPLOYMENT,EMPLOYMENT_NFP,1201719106,2024-05-03,175000,243000,1,1,unique_populated,1,,myfxbook,calendar-chart-years-back.json,20,2026-08-26T15:48:54.341Z,EconomicCalendar/raw/myfxbook/myfxbook_consensus_history.json,1538055386838d8ec50ab9cce40153f69aa8bf841c2ae50f67751b2c465432cb,6,135
EMPLOYMENT,EMPLOYMENT_NFP,1201719106,2024-06-07,272000,185000,1,1,unique_populated,1,,myfxbook,calendar-chart-years-back.json,20,2026-08-26T15:48:54.341Z,EconomicCalendar/raw/myfxbook/myfxbook_consensus_history.json,1538055386838d8ec50ab9cce40153f69aa8bf841c2ae50f67751b2c465432cb,6,136
EMPLOYMENT,EMPLOYMENT_NFP,1201719106,2024-07-05,206000,190000,1,1,unique_populated,1,,myfxbook,calendar-chart-years-back.json,20,2026-08-26T15:48:54.341Z,EconomicCalendar/raw/myfxbook/myfxbook_consensus_history.json,1538055386838d8ec50ab9cce40153f69aa8bf841c2ae50f67751b2c465432cb,6,137
EMPLOYMENT,EMPLOYMENT_NFP,1201719106,2024-08-02,114000,175000,1,1,unique_populated,1,,myfxbook,calendar-chart-years-back.json,20,2026-08-26T15:48:54.341Z,EconomicCalendar/raw/myfxbook/myfxbook_consensus_history.json,1538055386838d8ec50ab9cce40153f69aa8bf841c2ae50f67751b2c465432cb,6,138
EMPLOYMENT,EMPLOYMENT_NFP,1201719106,2024-09-06,142000,160000,1,1,unique_populated,1,,myfxbook,calendar-chart-years-back.json,20,2026-08-26T15:48:54.341Z,EconomicCalendar/raw/myfxbook/myfxbook_consensus_history.json,1538055386838d8ec50ab9cce40153f69aa8bf841c2ae50f67751b2c465432cb,6,139
EMPLOYMENT,EMPLOYMENT_NFP,1201719106,2024-10-04,254000,140000,1,1,unique_populated,1,,myfxbook,calendar-chart-years-back.json,20,2026-08-26T15:48:54.341Z,EconomicCalendar/raw/myfxbook/myfxbook_consensus_history.json,1538055386838d8ec50ab9cce40153f69aa8bf841c2ae50f67751b2c465432cb,6,140
EMPLOYMENT,EMPLOYMENT_NFP,1201719106,2024-11-01,12000,113000,1,1,unique_populated,1,,myfxbook,calendar-chart-years-back.json,20,2026-08-26T15:48:54.341Z,EconomicCalendar/raw/myfxbook/myfxbook_consensus_history.json,1538055386838d8ec50ab9cce40153f69aa8bf841c2ae50f67751b2c465432cb,6,141
EMPLOYMENT,EMPLOYMENT_NFP,1201719106,2024-12-06,227000,200000,1,1,unique_populated,1,,myfxbook,calendar-chart-years-back.json,20,2026-08-26T15:48:54.341Z,EconomicCalendar/raw/myfxbook/myfxbook_consensus_history.json,1538055386838d8ec50ab9cce40153f69aa8bf841c2ae50f67751b2c465432cb,6,142
EMPLOYMENT,EMPLOYMENT_NFP,1201719106,2025-01-10,256000,160000,1,1,unique_populated,1,,myfxbook,calendar-chart-years-back.json,20,2026-08-26T15:48:54.341Z,EconomicCalendar/raw/myfxbook/myfxbook_consensus_history.json,1538055386838d8ec50ab9cce40153f69aa8bf841c2ae50f67751b2c465432cb,6,143
EMPLOYMENT,EMPLOYMENT_NFP,1201719106,2025-02-07,143000,170000,1,1,unique_populated,1,,myfxbook,calendar-chart-years-back.json,20,2026-08-26T15:48:54.341Z,EconomicCalendar/raw/myfxbook/myfxbook_consensus_history.json,1538055386838d8ec50ab9cce40153f69aa8bf841c2ae50f67751b2c465432cb,6,144
EMPLOYMENT,EMPLOYMENT_NFP,1201719106,2025-03-07,151000,160000,1,1,unique_populated,1,,myfxbook,calendar-chart-years-back.json,20,2026-08-26T15:48:54.341Z,EconomicCalendar/raw/myfxbook/myfxbook_consensus_history.json,1538055386838d8ec50ab9cce40153f69aa8bf841c2ae50f67751b2c465432cb,6,145
EMPLOYMENT,EMPLOYMENT_NFP,1201719106,2025-04-04,228000,135000,1,1,unique_populated,1,,myfxbook,calendar-chart-years-back.json,20,2026-08-26T15:48:54.341Z,EconomicCalendar/raw/myfxbook/myfxbook_consensus_history.json,1538055386838d8ec50ab9cce40153f69aa8bf841c2ae50f67751b2c465432cb,6,146
EMPLOYMENT,EMPLOYMENT_NFP,1201719106,2025-05-02,177000,130000,1,1,unique_populated,1,,myfxbook,calendar-chart-years-back.json,20,2026-08-26T15:48:54.341Z,EconomicCalendar/raw/myfxbook/myfxbook_consensus_history.json,1538055386838d8ec50ab9cce40153f69aa8bf841c2ae50f67751b2c465432cb,6,147
EMPLOYMENT,EMPLOYMENT_NFP,1201719106,2025-06-06,139000,130000,1,1,unique_populated,1,,myfxbook,calendar-chart-years-back.json,20,2026-08-26T15:48:54.341Z,EconomicCalendar/raw/myfxbook/myfxbook_consensus_history.json,1538055386838d8ec50ab9cce40153f69aa8bf841c2ae50f67751b2c465432cb,6,148
EMPLOYMENT,EMPLOYMENT_NFP,1201719106,2025-07-03,147000,110000,1,1,unique_populated,1,,myfxbook,calendar-chart-years-back.json,20,2026-08-26T15:48:54.341Z,EconomicCalendar/raw/myfxbook/myfxbook_consensus_history.json,1538055386838d8ec50ab9cce40153f69aa8bf841c2ae50f67751b2c465432cb,6,149
EMPLOYMENT,EMPLOYMENT_NFP,1201719106,2025-08-01,73000,110000,1,1,unique_populated,1,,myfxbook,calendar-chart-years-back.json,20,2026-08-26T15:48:54.341Z,EconomicCalendar/raw/myfxbook/myfxbook_consensus_history.json,1538055386838d8ec50ab9cce40153f69aa8bf841c2ae50f67751b2c465432cb,6,150
EMPLOYMENT,EMPLOYMENT_NFP,1201719106,2025-09-05,22000,75000,1,1,unique_populated,1,,myfxbook,calendar-chart-years-back.json,20,2026-08-26T15:48:54.341Z,EconomicCalendar/raw/myfxbook/myfxbook_consensus_history.json,1538055386838d8ec50ab9cce40153f69aa8bf841c2ae50f67751b2c465432cb,6,151
EMPLOYMENT,EMPLOYMENT_NFP,1201719106,2025-11-20,119000,50000,1,1,unique_populated,1,,myfxbook,calendar-chart-years-back.json,20,2026-08-26T15:48:54.341Z,EconomicCalendar/raw/myfxbook/myfxbook_consensus_history.json,1538055386838d8ec50ab9cce40153f69aa8bf841c2ae50f67751b2c465432cb,6,152
EMPLOYMENT,EMPLOYMENT_NFP,1201719106,2025-12-16,-105000,55000,1,2,ambiguous_duplicate,0,duplicate_family_date,myfxbook,calendar-chart-years-back.json,20,2026-08-26T15:48:54.341Z,EconomicCalendar/raw/myfxbook/myfxbook_consensus_history.json,1538055386838d8ec50ab9cce40153f69aa8bf841c2ae50f67751b2c465432cb,6,153
EMPLOYMENT,EMPLOYMENT_NFP,1201719106,2025-12-16,64000,50000,1,2,ambiguous_duplicate,0,duplicate_family_date,myfxbook,calendar-chart-years-back.json,20,2026-08-26T15:48:54.341Z,EconomicCalendar/raw/myfxbook/myfxbook_consensus_history.json,1538055386838d8ec50ab9cce40153f69aa8bf841c2ae50f67751b2c465432cb,6,154
EMPLOYMENT,EMPLOYMENT_NFP,1201719106,2026-01-09,50000,60000,1,1,unique_populated,1,,myfxbook,calendar-chart-years-back.json,20,2026-08-26T15:48:54.341Z,EconomicCalendar/raw/myfxbook/myfxbook_consensus_history.json,1538055386838d8ec50ab9cce40153f69aa8bf841c2ae50f67751b2c465432cb,6,155
EMPLOYMENT,EMPLOYMENT_NFP,1201719106,2026-02-11,130000,70000,1,1,unique_populated,1,,myfxbook,calendar-chart-years-back.json,20,2026-08-26T15:48:54.341Z,EconomicCalendar/raw/myfxbook/myfxbook_consensus_history.json,1538055386838d8ec50ab9cce40153f69aa8bf841c2ae50f67751b2c465432cb,6,156
EMPLOYMENT,EMPLOYMENT_NFP,1201719106,2026-03-06,-92000,59000,1,1,unique_populated,1,,myfxbook,calendar-chart-years-back.json,20,2026-08-26T15:48:54.341Z,EconomicCalendar/raw/myfxbook/myfxbook_consensus_history.json,1538055386838d8ec50ab9cce40153f69aa8bf841c2ae50f67751b2c465432cb,6,157
EMPLOYMENT,EMPLOYMENT_NFP,1201719106,2026-04-03,178000,60000,1,1,unique_populated,1,,myfxbook,calendar-chart-years-back.json,20,2026-08-26T15:48:54.341Z,EconomicCalendar/raw/myfxbook/myfxbook_consensus_history.json,1538055386838d8ec50ab9cce40153f69aa8bf841c2ae50f67751b2c465432cb,6,158
EMPLOYMENT,EMPLOYMENT_NFP,1201719106,2026-05-08,115000,62000,1,1,unique_populated,1,,myfxbook,calendar-chart-years-back.json,20,2026-08-26T15:48:54.341Z,EconomicCalendar/raw/myfxbook/myfxbook_consensus_history.json,1538055386838d8ec50ab9cce40153f69aa8bf841c2ae50f67751b2c465432cb,6,159
EMPLOYMENT,EMPLOYMENT_NFP,1201719106,2026-06-05,172000,85000,1,1,unique_populated,1,,myfxbook,calendar-chart-years-back.json,20,2026-08-26T15:48:54.341Z,EconomicCalendar/raw/myfxbook/myfxbook_consensus_history.json,1538055386838d8ec50ab9cce40153f69aa8bf841c2ae50f67751b2c465432cb,6,160
EMPLOYMENT,EMPLOYMENT_NFP,1201719106,2026-07-02,57000,110000,1,1,unique_populated,1,,myfxbook,calendar-chart-years-back.json,20,2026-08-26T15:48:54.341Z,EconomicCalendar/raw/myfxbook/myfxbook_consensus_history.json,1538055386838d8ec50ab9cce40153f69aa8bf841c2ae50f67751b2c465432cb,6,161
EMPLOYMENT,EMPLOYMENT_NFP,1201719106,2026-08-07,-23000,80000,1,1,unique_populated,1,,myfxbook,calendar-chart-years-back.json,20,2026-08-26T15:48:54.341Z,EconomicCalendar/raw/myfxbook/myfxbook_consensus_history.json,1538055386838d8ec50ab9cce40153f69aa8bf841c2ae50f67751b2c465432cb,6,162
FOMC,FOMC_RATE,-1731853807,2013-03-20,0.25,0.25,1,1,unique_populated,1,,myfxbook,calendar-chart-years-back.json,20,2026-08-26T15:48:54.341Z,EconomicCalendar/raw/myfxbook/myfxbook_consensus_history.json,1538055386838d8ec50ab9cce40153f69aa8bf841c2ae50f67751b2c465432cb,7,1
FOMC,FOMC_RATE,-1731853807,2013-05-01,0.25,0.25,1,1,unique_populated,1,,myfxbook,calendar-chart-years-back.json,20,2026-08-26T15:48:54.341Z,EconomicCalendar/raw/myfxbook/myfxbook_consensus_history.json,1538055386838d8ec50ab9cce40153f69aa8bf841c2ae50f67751b2c465432cb,7,2
FOMC,FOMC_RATE,-1731853807,2013-06-19,0.25,0.25,1,1,unique_populated,1,,myfxbook,calendar-chart-years-back.json,20,2026-08-26T15:48:54.341Z,EconomicCalendar/raw/myfxbook/myfxbook_consensus_history.json,1538055386838d8ec50ab9cce40153f69aa8bf841c2ae50f67751b2c465432cb,7,3
FOMC,FOMC_RATE,-1731853807,2013-07-31,0.25,0.25,1,1,unique_populated,1,,myfxbook,calendar-chart-years-back.json,20,2026-08-26T15:48:54.341Z,EconomicCalendar/raw/myfxbook/myfxbook_consensus_history.json,1538055386838d8ec50ab9cce40153f69aa8bf841c2ae50f67751b2c465432cb,7,4
FOMC,FOMC_RATE,-1731853807,2013-09-18,0.25,0.25,1,1,unique_populated,1,,myfxbook,calendar-chart-years-back.json,20,2026-08-26T15:48:54.341Z,EconomicCalendar/raw/myfxbook/myfxbook_consensus_history.json,1538055386838d8ec50ab9cce40153f69aa8bf841c2ae50f67751b2c465432cb,7,5
FOMC,FOMC_RATE,-1731853807,2013-10-30,0.25,0.25,1,1,unique_populated,1,,myfxbook,calendar-chart-years-back.json,20,2026-08-26T15:48:54.341Z,EconomicCalendar/raw/myfxbook/myfxbook_consensus_history.json,1538055386838d8ec50ab9cce40153f69aa8bf841c2ae50f67751b2c465432cb,7,6
FOMC,FOMC_RATE,-1731853807,2013-12-18,0.25,0.25,1,1,unique_populated,1,,myfxbook,calendar-chart-years-back.json,20,2026-08-26T15:48:54.341Z,EconomicCalendar/raw/myfxbook/myfxbook_consensus_history.json,1538055386838d8ec50ab9cce40153f69aa8bf841c2ae50f67751b2c465432cb,7,7
FOMC,FOMC_RATE,-1731853807,2014-01-29,0.25,0.25,1,1,unique_populated,1,,myfxbook,calendar-chart-years-back.json,20,2026-08-26T15:48:54.341Z,EconomicCalendar/raw/myfxbook/myfxbook_consensus_history.json,1538055386838d8ec50ab9cce40153f69aa8bf841c2ae50f67751b2c465432cb,7,8
FOMC,FOMC_RATE,-1731853807,2014-03-19,0.25,0.25,1,1,unique_populated,1,,myfxbook,calendar-chart-years-back.json,20,2026-08-26T15:48:54.341Z,EconomicCalendar/raw/myfxbook/myfxbook_consensus_history.json,1538055386838d8ec50ab9cce40153f69aa8bf841c2ae50f67751b2c465432cb,7,9
FOMC,FOMC_RATE,-1731853807,2014-04-30,0.25,0.25,1,1,unique_populated,1,,myfxbook,calendar-chart-years-back.json,20,2026-08-26T15:48:54.341Z,EconomicCalendar/raw/myfxbook/myfxbook_consensus_history.json,1538055386838d8ec50ab9cce40153f69aa8bf841c2ae50f67751b2c465432cb,7,10
FOMC,FOMC_RATE,-1731853807,2014-06-18,0.25,0.25,1,1,unique_populated,1,,myfxbook,calendar-chart-years-back.json,20,2026-08-26T15:48:54.341Z,EconomicCalendar/raw/myfxbook/myfxbook_consensus_history.json,1538055386838d8ec50ab9cce40153f69aa8bf841c2ae50f67751b2c465432cb,7,11
FOMC,FOMC_RATE,-1731853807,2014-07-30,0.25,0.25,1,1,unique_populated,1,,myfxbook,calendar-chart-years-back.json,20,2026-08-26T15:48:54.341Z,EconomicCalendar/raw/myfxbook/myfxbook_consensus_history.json,1538055386838d8ec50ab9cce40153f69aa8bf841c2ae50f67751b2c465432cb,7,12
FOMC,FOMC_RATE,-1731853807,2014-09-17,0.25,0.25,1,1,unique_populated,1,,myfxbook,calendar-chart-years-back.json,20,2026-08-26T15:48:54.341Z,EconomicCalendar/raw/myfxbook/myfxbook_consensus_history.json,1538055386838d8ec50ab9cce40153f69aa8bf841c2ae50f67751b2c465432cb,7,13
FOMC,FOMC_RATE,-1731853807,2014-10-29,0.25,0.25,1,1,unique_populated,1,,myfxbook,calendar-chart-years-back.json,20,2026-08-26T15:48:54.341Z,EconomicCalendar/raw/myfxbook/myfxbook_consensus_history.json,1538055386838d8ec50ab9cce40153f69aa8bf841c2ae50f67751b2c465432cb,7,14
FOMC,FOMC_RATE,-1731853807,2014-12-17,0.25,0.25,1,1,unique_populated,1,,myfxbook,calendar-chart-years-back.json,20,2026-08-26T15:48:54.341Z,EconomicCalendar/raw/myfxbook/myfxbook_consensus_history.json,1538055386838d8ec50ab9cce40153f69aa8bf841c2ae50f67751b2c465432cb,7,15
FOMC,FOMC_RATE,-1731853807,2015-01-28,0.25,0.25,1,1,unique_populated,1,,myfxbook,calendar-chart-years-back.json,20,2026-08-26T15:48:54.341Z,EconomicCalendar/raw/myfxbook/myfxbook_consensus_history.json,1538055386838d8ec50ab9cce40153f69aa8bf841c2ae50f67751b2c465432cb,7,16
FOMC,FOMC_RATE,-1731853807,2015-03-18,0.25,0.25,1,1,unique_populated,1,,myfxbook,calendar-chart-years-back.json,20,2026-08-26T15:48:54.341Z,EconomicCalendar/raw/myfxbook/myfxbook_consensus_history.json,1538055386838d8ec50ab9cce40153f69aa8bf841c2ae50f67751b2c465432cb,7,17
FOMC,FOMC_RATE,-1731853807,2015-04-29,0.25,0.25,1,1,unique_populated,1,,myfxbook,calendar-chart-years-back.json,20,2026-08-26T15:48:54.341Z,EconomicCalendar/raw/myfxbook/myfxbook_consensus_history.json,1538055386838d8ec50ab9cce40153f69aa8bf841c2ae50f67751b2c465432cb,7,18
FOMC,FOMC_RATE,-1731853807,2015-06-17,0.25,0.25,1,1,unique_populated,1,,myfxbook,calendar-chart-years-back.json,20,2026-08-26T15:48:54.341Z,EconomicCalendar/raw/myfxbook/myfxbook_consensus_history.json,1538055386838d8ec50ab9cce40153f69aa8bf841c2ae50f67751b2c465432cb,7,19
FOMC,FOMC_RATE,-1731853807,2015-07-29,0.25,0.25,1,1,unique_populated,1,,myfxbook,calendar-chart-years-back.json,20,2026-08-26T15:48:54.341Z,EconomicCalendar/raw/myfxbook/myfxbook_consensus_history.json,1538055386838d8ec50ab9cce40153f69aa8bf841c2ae50f67751b2c465432cb,7,20
FOMC,FOMC_RATE,-1731853807,2015-09-17,0.25,0.25,1,1,unique_populated,1,,myfxbook,calendar-chart-years-back.json,20,2026-08-26T15:48:54.341Z,EconomicCalendar/raw/myfxbook/myfxbook_consensus_history.json,1538055386838d8ec50ab9cce40153f69aa8bf841c2ae50f67751b2c465432cb,7,21
FOMC,FOMC_RATE,-1731853807,2015-10-28,0.25,0.25,1,1,unique_populated,1,,myfxbook,calendar-chart-years-back.json,20,2026-08-26T15:48:54.341Z,EconomicCalendar/raw/myfxbook/myfxbook_consensus_history.json,1538055386838d8ec50ab9cce40153f69aa8bf841c2ae50f67751b2c465432cb,7,22
FOMC,FOMC_RATE,-1731853807,2015-12-16,0.5,0.5,1,1,unique_populated,1,,myfxbook,calendar-chart-years-back.json,20,2026-08-26T15:48:54.341Z,EconomicCalendar/raw/myfxbook/myfxbook_consensus_history.json,1538055386838d8ec50ab9cce40153f69aa8bf841c2ae50f67751b2c465432cb,7,23
FOMC,FOMC_RATE,-1731853807,2016-01-27,0.5,0.5,1,1,unique_populated,1,,myfxbook,calendar-chart-years-back.json,20,2026-08-26T15:48:54.341Z,EconomicCalendar/raw/myfxbook/myfxbook_consensus_history.json,1538055386838d8ec50ab9cce40153f69aa8bf841c2ae50f67751b2c465432cb,7,24
FOMC,FOMC_RATE,-1731853807,2016-03-16,0.5,0.5,1,1,unique_populated,1,,myfxbook,calendar-chart-years-back.json,20,2026-08-26T15:48:54.341Z,EconomicCalendar/raw/myfxbook/myfxbook_consensus_history.json,1538055386838d8ec50ab9cce40153f69aa8bf841c2ae50f67751b2c465432cb,7,25
FOMC,FOMC_RATE,-1731853807,2016-04-27,0.5,0.5,1,1,unique_populated,1,,myfxbook,calendar-chart-years-back.json,20,2026-08-26T15:48:54.341Z,EconomicCalendar/raw/myfxbook/myfxbook_consensus_history.json,1538055386838d8ec50ab9cce40153f69aa8bf841c2ae50f67751b2c465432cb,7,26
FOMC,FOMC_RATE,-1731853807,2016-06-15,0.5,0.5,1,1,unique_populated,1,,myfxbook,calendar-chart-years-back.json,20,2026-08-26T15:48:54.341Z,EconomicCalendar/raw/myfxbook/myfxbook_consensus_history.json,1538055386838d8ec50ab9cce40153f69aa8bf841c2ae50f67751b2c465432cb,7,27
FOMC,FOMC_RATE,-1731853807,2016-07-27,0.5,0.5,1,1,unique_populated,1,,myfxbook,calendar-chart-years-back.json,20,2026-08-26T15:48:54.341Z,EconomicCalendar/raw/myfxbook/myfxbook_consensus_history.json,1538055386838d8ec50ab9cce40153f69aa8bf841c2ae50f67751b2c465432cb,7,28
FOMC,FOMC_RATE,-1731853807,2016-09-21,0.5,0.5,1,1,unique_populated,1,,myfxbook,calendar-chart-years-back.json,20,2026-08-26T15:48:54.341Z,EconomicCalendar/raw/myfxbook/myfxbook_consensus_history.json,1538055386838d8ec50ab9cce40153f69aa8bf841c2ae50f67751b2c465432cb,7,29
FOMC,FOMC_RATE,-1731853807,2016-11-02,0.5,0.5,1,1,unique_populated,1,,myfxbook,calendar-chart-years-back.json,20,2026-08-26T15:48:54.341Z,EconomicCalendar/raw/myfxbook/myfxbook_consensus_history.json,1538055386838d8ec50ab9cce40153f69aa8bf841c2ae50f67751b2c465432cb,7,30
FOMC,FOMC_RATE,-1731853807,2016-12-14,0.75,0.75,1,1,unique_populated,1,,myfxbook,calendar-chart-years-back.json,20,2026-08-26T15:48:54.341Z,EconomicCalendar/raw/myfxbook/myfxbook_consensus_history.json,1538055386838d8ec50ab9cce40153f69aa8bf841c2ae50f67751b2c465432cb,7,31
FOMC,FOMC_RATE,-1731853807,2017-02-01,0.75,0.75,1,1,unique_populated,1,,myfxbook,calendar-chart-years-back.json,20,2026-08-26T15:48:54.341Z,EconomicCalendar/raw/myfxbook/myfxbook_consensus_history.json,1538055386838d8ec50ab9cce40153f69aa8bf841c2ae50f67751b2c465432cb,7,32
FOMC,FOMC_RATE,-1731853807,2017-03-15,1.0,1.0,1,1,unique_populated,1,,myfxbook,calendar-chart-years-back.json,20,2026-08-26T15:48:54.341Z,EconomicCalendar/raw/myfxbook/myfxbook_consensus_history.json,1538055386838d8ec50ab9cce40153f69aa8bf841c2ae50f67751b2c465432cb,7,33
FOMC,FOMC_RATE,-1731853807,2017-05-03,1.0,1.0,1,1,unique_populated,1,,myfxbook,calendar-chart-years-back.json,20,2026-08-26T15:48:54.341Z,EconomicCalendar/raw/myfxbook/myfxbook_consensus_history.json,1538055386838d8ec50ab9cce40153f69aa8bf841c2ae50f67751b2c465432cb,7,34
FOMC,FOMC_RATE,-1731853807,2017-06-14,1.25,1.25,1,1,unique_populated,1,,myfxbook,calendar-chart-years-back.json,20,2026-08-26T15:48:54.341Z,EconomicCalendar/raw/myfxbook/myfxbook_consensus_history.json,1538055386838d8ec50ab9cce40153f69aa8bf841c2ae50f67751b2c465432cb,7,35
FOMC,FOMC_RATE,-1731853807,2017-07-26,1.25,1.25,1,1,unique_populated,1,,myfxbook,calendar-chart-years-back.json,20,2026-08-26T15:48:54.341Z,EconomicCalendar/raw/myfxbook/myfxbook_consensus_history.json,1538055386838d8ec50ab9cce40153f69aa8bf841c2ae50f67751b2c465432cb,7,36
FOMC,FOMC_RATE,-1731853807,2017-09-20,1.25,1.25,1,1,unique_populated,1,,myfxbook,calendar-chart-years-back.json,20,2026-08-26T15:48:54.341Z,EconomicCalendar/raw/myfxbook/myfxbook_consensus_history.json,1538055386838d8ec50ab9cce40153f69aa8bf841c2ae50f67751b2c465432cb,7,37
FOMC,FOMC_RATE,-1731853807,2017-11-01,1.25,1.25,1,1,unique_populated,1,,myfxbook,calendar-chart-years-back.json,20,2026-08-26T15:48:54.341Z,EconomicCalendar/raw/myfxbook/myfxbook_consensus_history.json,1538055386838d8ec50ab9cce40153f69aa8bf841c2ae50f67751b2c465432cb,7,38
FOMC,FOMC_RATE,-1731853807,2017-12-13,1.5,1.5,1,1,unique_populated,1,,myfxbook,calendar-chart-years-back.json,20,2026-08-26T15:48:54.341Z,EconomicCalendar/raw/myfxbook/myfxbook_consensus_history.json,1538055386838d8ec50ab9cce40153f69aa8bf841c2ae50f67751b2c465432cb,7,39
FOMC,FOMC_RATE,-1731853807,2018-01-31,1.5,1.5,1,1,unique_populated,1,,myfxbook,calendar-chart-years-back.json,20,2026-08-26T15:48:54.341Z,EconomicCalendar/raw/myfxbook/myfxbook_consensus_history.json,1538055386838d8ec50ab9cce40153f69aa8bf841c2ae50f67751b2c465432cb,7,40
FOMC,FOMC_RATE,-1731853807,2018-03-21,1.75,1.75,1,1,unique_populated,1,,myfxbook,calendar-chart-years-back.json,20,2026-08-26T15:48:54.341Z,EconomicCalendar/raw/myfxbook/myfxbook_consensus_history.json,1538055386838d8ec50ab9cce40153f69aa8bf841c2ae50f67751b2c465432cb,7,41
FOMC,FOMC_RATE,-1731853807,2018-05-02,1.75,1.75,1,1,unique_populated,1,,myfxbook,calendar-chart-years-back.json,20,2026-08-26T15:48:54.341Z,EconomicCalendar/raw/myfxbook/myfxbook_consensus_history.json,1538055386838d8ec50ab9cce40153f69aa8bf841c2ae50f67751b2c465432cb,7,42
FOMC,FOMC_RATE,-1731853807,2018-06-13,2.0,2.0,1,1,unique_populated,1,,myfxbook,calendar-chart-years-back.json,20,2026-08-26T15:48:54.341Z,EconomicCalendar/raw/myfxbook/myfxbook_consensus_history.json,1538055386838d8ec50ab9cce40153f69aa8bf841c2ae50f67751b2c465432cb,7,43
FOMC,FOMC_RATE,-1731853807,2018-08-01,2.0,2.0,1,1,unique_populated,1,,myfxbook,calendar-chart-years-back.json,20,2026-08-26T15:48:54.341Z,EconomicCalendar/raw/myfxbook/myfxbook_consensus_history.json,1538055386838d8ec50ab9cce40153f69aa8bf841c2ae50f67751b2c465432cb,7,44
FOMC,FOMC_RATE,-1731853807,2018-09-26,2.25,2.25,1,1,unique_populated,1,,myfxbook,calendar-chart-years-back.json,20,2026-08-26T15:48:54.341Z,EconomicCalendar/raw/myfxbook/myfxbook_consensus_history.json,1538055386838d8ec50ab9cce40153f69aa8bf841c2ae50f67751b2c465432cb,7,45
FOMC,FOMC_RATE,-1731853807,2018-11-08,2.25,2.25,1,1,unique_populated,1,,myfxbook,calendar-chart-years-back.json,20,2026-08-26T15:48:54.341Z,EconomicCalendar/raw/myfxbook/myfxbook_consensus_history.json,1538055386838d8ec50ab9cce40153f69aa8bf841c2ae50f67751b2c465432cb,7,46
FOMC,FOMC_RATE,-1731853807,2018-12-19,2.5,2.5,1,1,unique_populated,1,,myfxbook,calendar-chart-years-back.json,20,2026-08-26T15:48:54.341Z,EconomicCalendar/raw/myfxbook/myfxbook_consensus_history.json,1538055386838d8ec50ab9cce40153f69aa8bf841c2ae50f67751b2c465432cb,7,47
FOMC,FOMC_RATE,-1731853807,2019-01-30,2.5,2.5,1,1,unique_populated,1,,myfxbook,calendar-chart-years-back.json,20,2026-08-26T15:48:54.341Z,EconomicCalendar/raw/myfxbook/myfxbook_consensus_history.json,1538055386838d8ec50ab9cce40153f69aa8bf841c2ae50f67751b2c465432cb,7,48
FOMC,FOMC_RATE,-1731853807,2019-03-20,2.5,2.5,1,1,unique_populated,1,,myfxbook,calendar-chart-years-back.json,20,2026-08-26T15:48:54.341Z,EconomicCalendar/raw/myfxbook/myfxbook_consensus_history.json,1538055386838d8ec50ab9cce40153f69aa8bf841c2ae50f67751b2c465432cb,7,49
FOMC,FOMC_RATE,-1731853807,2019-05-01,2.5,2.5,1,1,unique_populated,1,,myfxbook,calendar-chart-years-back.json,20,2026-08-26T15:48:54.341Z,EconomicCalendar/raw/myfxbook/myfxbook_consensus_history.json,1538055386838d8ec50ab9cce40153f69aa8bf841c2ae50f67751b2c465432cb,7,50
FOMC,FOMC_RATE,-1731853807,2019-06-19,2.5,2.5,1,1,unique_populated,1,,myfxbook,calendar-chart-years-back.json,20,2026-08-26T15:48:54.341Z,EconomicCalendar/raw/myfxbook/myfxbook_consensus_history.json,1538055386838d8ec50ab9cce40153f69aa8bf841c2ae50f67751b2c465432cb,7,51
FOMC,FOMC_RATE,-1731853807,2019-07-31,2.25,2.25,1,1,unique_populated,1,,myfxbook,calendar-chart-years-back.json,20,2026-08-26T15:48:54.341Z,EconomicCalendar/raw/myfxbook/myfxbook_consensus_history.json,1538055386838d8ec50ab9cce40153f69aa8bf841c2ae50f67751b2c465432cb,7,52
FOMC,FOMC_RATE,-1731853807,2019-09-18,2.0,2.0,1,1,unique_populated,1,,myfxbook,calendar-chart-years-back.json,20,2026-08-26T15:48:54.341Z,EconomicCalendar/raw/myfxbook/myfxbook_consensus_history.json,1538055386838d8ec50ab9cce40153f69aa8bf841c2ae50f67751b2c465432cb,7,53
FOMC,FOMC_RATE,-1731853807,2019-10-30,1.75,1.75,1,1,unique_populated,1,,myfxbook,calendar-chart-years-back.json,20,2026-08-26T15:48:54.341Z,EconomicCalendar/raw/myfxbook/myfxbook_consensus_history.json,1538055386838d8ec50ab9cce40153f69aa8bf841c2ae50f67751b2c465432cb,7,54
FOMC,FOMC_RATE,-1731853807,2019-12-11,1.75,1.75,1,1,unique_populated,1,,myfxbook,calendar-chart-years-back.json,20,2026-08-26T15:48:54.341Z,EconomicCalendar/raw/myfxbook/myfxbook_consensus_history.json,1538055386838d8ec50ab9cce40153f69aa8bf841c2ae50f67751b2c465432cb,7,55
FOMC,FOMC_RATE,-1731853807,2020-01-29,1.75,1.75,1,1,unique_populated,1,,myfxbook,calendar-chart-years-back.json,20,2026-08-26T15:48:54.341Z,EconomicCalendar/raw/myfxbook/myfxbook_consensus_history.json,1538055386838d8ec50ab9cce40153f69aa8bf841c2ae50f67751b2c465432cb,7,56
FOMC,FOMC_RATE,-1731853807,2020-03-03,1.25,,0,1,unique_null,0,consensus_missing,myfxbook,calendar-chart-years-back.json,20,2026-08-26T15:48:54.341Z,EconomicCalendar/raw/myfxbook/myfxbook_consensus_history.json,1538055386838d8ec50ab9cce40153f69aa8bf841c2ae50f67751b2c465432cb,7,57
FOMC,FOMC_RATE,-1731853807,2020-03-15,0.25,,0,1,unique_null,0,consensus_missing,myfxbook,calendar-chart-years-back.json,20,2026-08-26T15:48:54.341Z,EconomicCalendar/raw/myfxbook/myfxbook_consensus_history.json,1538055386838d8ec50ab9cce40153f69aa8bf841c2ae50f67751b2c465432cb,7,58
FOMC,FOMC_RATE,-1731853807,2020-04-29,0.25,0.25,1,1,unique_populated,1,,myfxbook,calendar-chart-years-back.json,20,2026-08-26T15:48:54.341Z,EconomicCalendar/raw/myfxbook/myfxbook_consensus_history.json,1538055386838d8ec50ab9cce40153f69aa8bf841c2ae50f67751b2c465432cb,7,59
FOMC,FOMC_RATE,-1731853807,2020-06-10,0.25,0.25,1,1,unique_populated,1,,myfxbook,calendar-chart-years-back.json,20,2026-08-26T15:48:54.341Z,EconomicCalendar/raw/myfxbook/myfxbook_consensus_history.json,1538055386838d8ec50ab9cce40153f69aa8bf841c2ae50f67751b2c465432cb,7,60
FOMC,FOMC_RATE,-1731853807,2020-07-29,0.25,0.25,1,1,unique_populated,1,,myfxbook,calendar-chart-years-back.json,20,2026-08-26T15:48:54.341Z,EconomicCalendar/raw/myfxbook/myfxbook_consensus_history.json,1538055386838d8ec50ab9cce40153f69aa8bf841c2ae50f67751b2c465432cb,7,61
FOMC,FOMC_RATE,-1731853807,2020-09-16,0.25,0.25,1,1,unique_populated,1,,myfxbook,calendar-chart-years-back.json,20,2026-08-26T15:48:54.341Z,EconomicCalendar/raw/myfxbook/myfxbook_consensus_history.json,1538055386838d8ec50ab9cce40153f69aa8bf841c2ae50f67751b2c465432cb,7,62
FOMC,FOMC_RATE,-1731853807,2020-11-05,0.25,0.25,1,1,unique_populated,1,,myfxbook,calendar-chart-years-back.json,20,2026-08-26T15:48:54.341Z,EconomicCalendar/raw/myfxbook/myfxbook_consensus_history.json,1538055386838d8ec50ab9cce40153f69aa8bf841c2ae50f67751b2c465432cb,7,63
FOMC,FOMC_RATE,-1731853807,2020-12-16,0.25,0.25,1,1,unique_populated,1,,myfxbook,calendar-chart-years-back.json,20,2026-08-26T15:48:54.341Z,EconomicCalendar/raw/myfxbook/myfxbook_consensus_history.json,1538055386838d8ec50ab9cce40153f69aa8bf841c2ae50f67751b2c465432cb,7,64
FOMC,FOMC_RATE,-1731853807,2021-01-27,0.25,0.25,1,1,unique_populated,1,,myfxbook,calendar-chart-years-back.json,20,2026-08-26T15:48:54.341Z,EconomicCalendar/raw/myfxbook/myfxbook_consensus_history.json,1538055386838d8ec50ab9cce40153f69aa8bf841c2ae50f67751b2c465432cb,7,65
FOMC,FOMC_RATE,-1731853807,2021-03-17,0.25,0.25,1,1,unique_populated,1,,myfxbook,calendar-chart-years-back.json,20,2026-08-26T15:48:54.341Z,EconomicCalendar/raw/myfxbook/myfxbook_consensus_history.json,1538055386838d8ec50ab9cce40153f69aa8bf841c2ae50f67751b2c465432cb,7,66
FOMC,FOMC_RATE,-1731853807,2021-04-28,0.25,0.25,1,1,unique_populated,1,,myfxbook,calendar-chart-years-back.json,20,2026-08-26T15:48:54.341Z,EconomicCalendar/raw/myfxbook/myfxbook_consensus_history.json,1538055386838d8ec50ab9cce40153f69aa8bf841c2ae50f67751b2c465432cb,7,67
FOMC,FOMC_RATE,-1731853807,2021-06-16,0.25,0.25,1,1,unique_populated,1,,myfxbook,calendar-chart-years-back.json,20,2026-08-26T15:48:54.341Z,EconomicCalendar/raw/myfxbook/myfxbook_consensus_history.json,1538055386838d8ec50ab9cce40153f69aa8bf841c2ae50f67751b2c465432cb,7,68
FOMC,FOMC_RATE,-1731853807,2021-07-28,0.25,0.25,1,1,unique_populated,1,,myfxbook,calendar-chart-years-back.json,20,2026-08-26T15:48:54.341Z,EconomicCalendar/raw/myfxbook/myfxbook_consensus_history.json,1538055386838d8ec50ab9cce40153f69aa8bf841c2ae50f67751b2c465432cb,7,69
FOMC,FOMC_RATE,-1731853807,2021-09-22,0.25,0.25,1,1,unique_populated,1,,myfxbook,calendar-chart-years-back.json,20,2026-08-26T15:48:54.341Z,EconomicCalendar/raw/myfxbook/myfxbook_consensus_history.json,1538055386838d8ec50ab9cce40153f69aa8bf841c2ae50f67751b2c465432cb,7,70
FOMC,FOMC_RATE,-1731853807,2021-11-03,0.25,0.25,1,1,unique_populated,1,,myfxbook,calendar-chart-years-back.json,20,2026-08-26T15:48:54.341Z,EconomicCalendar/raw/myfxbook/myfxbook_consensus_history.json,1538055386838d8ec50ab9cce40153f69aa8bf841c2ae50f67751b2c465432cb,7,71
FOMC,FOMC_RATE,-1731853807,2021-12-15,0.25,0.25,1,1,unique_populated,1,,myfxbook,calendar-chart-years-back.json,20,2026-08-26T15:48:54.341Z,EconomicCalendar/raw/myfxbook/myfxbook_consensus_history.json,1538055386838d8ec50ab9cce40153f69aa8bf841c2ae50f67751b2c465432cb,7,72
FOMC,FOMC_RATE,-1731853807,2022-01-26,0.25,0.25,1,1,unique_populated,1,,myfxbook,calendar-chart-years-back.json,20,2026-08-26T15:48:54.341Z,EconomicCalendar/raw/myfxbook/myfxbook_consensus_history.json,1538055386838d8ec50ab9cce40153f69aa8bf841c2ae50f67751b2c465432cb,7,73
FOMC,FOMC_RATE,-1731853807,2022-03-16,0.5,0.5,1,1,unique_populated,1,,myfxbook,calendar-chart-years-back.json,20,2026-08-26T15:48:54.341Z,EconomicCalendar/raw/myfxbook/myfxbook_consensus_history.json,1538055386838d8ec50ab9cce40153f69aa8bf841c2ae50f67751b2c465432cb,7,74
FOMC,FOMC_RATE,-1731853807,2022-05-04,1.0,1.0,1,1,unique_populated,1,,myfxbook,calendar-chart-years-back.json,20,2026-08-26T15:48:54.341Z,EconomicCalendar/raw/myfxbook/myfxbook_consensus_history.json,1538055386838d8ec50ab9cce40153f69aa8bf841c2ae50f67751b2c465432cb,7,75
FOMC,FOMC_RATE,-1731853807,2022-06-15,1.75,1.5,1,1,unique_populated,1,,myfxbook,calendar-chart-years-back.json,20,2026-08-26T15:48:54.341Z,EconomicCalendar/raw/myfxbook/myfxbook_consensus_history.json,1538055386838d8ec50ab9cce40153f69aa8bf841c2ae50f67751b2c465432cb,7,76
FOMC,FOMC_RATE,-1731853807,2022-07-27,2.5,2.5,1,1,unique_populated,1,,myfxbook,calendar-chart-years-back.json,20,2026-08-26T15:48:54.341Z,EconomicCalendar/raw/myfxbook/myfxbook_consensus_history.json,1538055386838d8ec50ab9cce40153f69aa8bf841c2ae50f67751b2c465432cb,7,77
FOMC,FOMC_RATE,-1731853807,2022-09-21,3.25,3.25,1,1,unique_populated,1,,myfxbook,calendar-chart-years-back.json,20,2026-08-26T15:48:54.341Z,EconomicCalendar/raw/myfxbook/myfxbook_consensus_history.json,1538055386838d8ec50ab9cce40153f69aa8bf841c2ae50f67751b2c465432cb,7,78
FOMC,FOMC_RATE,-1731853807,2022-11-02,4.0,4.0,1,1,unique_populated,1,,myfxbook,calendar-chart-years-back.json,20,2026-08-26T15:48:54.341Z,EconomicCalendar/raw/myfxbook/myfxbook_consensus_history.json,1538055386838d8ec50ab9cce40153f69aa8bf841c2ae50f67751b2c465432cb,7,79
FOMC,FOMC_RATE,-1731853807,2022-12-14,4.5,4.5,1,1,unique_populated,1,,myfxbook,calendar-chart-years-back.json,20,2026-08-26T15:48:54.341Z,EconomicCalendar/raw/myfxbook/myfxbook_consensus_history.json,1538055386838d8ec50ab9cce40153f69aa8bf841c2ae50f67751b2c465432cb,7,80
FOMC,FOMC_RATE,-1731853807,2023-02-01,4.75,4.75,1,1,unique_populated,1,,myfxbook,calendar-chart-years-back.json,20,2026-08-26T15:48:54.341Z,EconomicCalendar/raw/myfxbook/myfxbook_consensus_history.json,1538055386838d8ec50ab9cce40153f69aa8bf841c2ae50f67751b2c465432cb,7,81
FOMC,FOMC_RATE,-1731853807,2023-03-22,5.0,5.0,1,1,unique_populated,1,,myfxbook,calendar-chart-years-back.json,20,2026-08-26T15:48:54.341Z,EconomicCalendar/raw/myfxbook/myfxbook_consensus_history.json,1538055386838d8ec50ab9cce40153f69aa8bf841c2ae50f67751b2c465432cb,7,82
FOMC,FOMC_RATE,-1731853807,2023-05-03,5.25,5.25,1,1,unique_populated,1,,myfxbook,calendar-chart-years-back.json,20,2026-08-26T15:48:54.341Z,EconomicCalendar/raw/myfxbook/myfxbook_consensus_history.json,1538055386838d8ec50ab9cce40153f69aa8bf841c2ae50f67751b2c465432cb,7,83
FOMC,FOMC_RATE,-1731853807,2023-06-14,5.25,5.25,1,1,unique_populated,1,,myfxbook,calendar-chart-years-back.json,20,2026-08-26T15:48:54.341Z,EconomicCalendar/raw/myfxbook/myfxbook_consensus_history.json,1538055386838d8ec50ab9cce40153f69aa8bf841c2ae50f67751b2c465432cb,7,84
FOMC,FOMC_RATE,-1731853807,2023-07-26,5.5,5.5,1,1,unique_populated,1,,myfxbook,calendar-chart-years-back.json,20,2026-08-26T15:48:54.341Z,EconomicCalendar/raw/myfxbook/myfxbook_consensus_history.json,1538055386838d8ec50ab9cce40153f69aa8bf841c2ae50f67751b2c465432cb,7,85
FOMC,FOMC_RATE,-1731853807,2023-09-20,5.5,5.5,1,1,unique_populated,1,,myfxbook,calendar-chart-years-back.json,20,2026-08-26T15:48:54.341Z,EconomicCalendar/raw/myfxbook/myfxbook_consensus_history.json,1538055386838d8ec50ab9cce40153f69aa8bf841c2ae50f67751b2c465432cb,7,86
FOMC,FOMC_RATE,-1731853807,2023-11-01,5.5,5.5,1,1,unique_populated,1,,myfxbook,calendar-chart-years-back.json,20,2026-08-26T15:48:54.341Z,EconomicCalendar/raw/myfxbook/myfxbook_consensus_history.json,1538055386838d8ec50ab9cce40153f69aa8bf841c2ae50f67751b2c465432cb,7,87
FOMC,FOMC_RATE,-1731853807,2023-12-13,5.5,5.5,1,1,unique_populated,1,,myfxbook,calendar-chart-years-back.json,20,2026-08-26T15:48:54.341Z,EconomicCalendar/raw/myfxbook/myfxbook_consensus_history.json,1538055386838d8ec50ab9cce40153f69aa8bf841c2ae50f67751b2c465432cb,7,88
FOMC,FOMC_RATE,-1731853807,2024-01-31,5.5,5.5,1,1,unique_populated,1,,myfxbook,calendar-chart-years-back.json,20,2026-08-26T15:48:54.341Z,EconomicCalendar/raw/myfxbook/myfxbook_consensus_history.json,1538055386838d8ec50ab9cce40153f69aa8bf841c2ae50f67751b2c465432cb,7,89
FOMC,FOMC_RATE,-1731853807,2024-03-20,5.5,5.5,1,1,unique_populated,1,,myfxbook,calendar-chart-years-back.json,20,2026-08-26T15:48:54.341Z,EconomicCalendar/raw/myfxbook/myfxbook_consensus_history.json,1538055386838d8ec50ab9cce40153f69aa8bf841c2ae50f67751b2c465432cb,7,90
FOMC,FOMC_RATE,-1731853807,2024-05-01,5.5,5.5,1,1,unique_populated,1,,myfxbook,calendar-chart-years-back.json,20,2026-08-26T15:48:54.341Z,EconomicCalendar/raw/myfxbook/myfxbook_consensus_history.json,1538055386838d8ec50ab9cce40153f69aa8bf841c2ae50f67751b2c465432cb,7,91
FOMC,FOMC_RATE,-1731853807,2024-06-12,5.5,5.5,1,1,unique_populated,1,,myfxbook,calendar-chart-years-back.json,20,2026-08-26T15:48:54.341Z,EconomicCalendar/raw/myfxbook/myfxbook_consensus_history.json,1538055386838d8ec50ab9cce40153f69aa8bf841c2ae50f67751b2c465432cb,7,92
FOMC,FOMC_RATE,-1731853807,2024-07-31,5.5,5.5,1,1,unique_populated,1,,myfxbook,calendar-chart-years-back.json,20,2026-08-26T15:48:54.341Z,EconomicCalendar/raw/myfxbook/myfxbook_consensus_history.json,1538055386838d8ec50ab9cce40153f69aa8bf841c2ae50f67751b2c465432cb,7,93
FOMC,FOMC_RATE,-1731853807,2024-09-18,5.0,5.25,1,1,unique_populated,1,,myfxbook,calendar-chart-years-back.json,20,2026-08-26T15:48:54.341Z,EconomicCalendar/raw/myfxbook/myfxbook_consensus_history.json,1538055386838d8ec50ab9cce40153f69aa8bf841c2ae50f67751b2c465432cb,7,94
FOMC,FOMC_RATE,-1731853807,2024-11-07,4.75,4.75,1,1,unique_populated,1,,myfxbook,calendar-chart-years-back.json,20,2026-08-26T15:48:54.341Z,EconomicCalendar/raw/myfxbook/myfxbook_consensus_history.json,1538055386838d8ec50ab9cce40153f69aa8bf841c2ae50f67751b2c465432cb,7,95
FOMC,FOMC_RATE,-1731853807,2024-12-18,4.5,4.5,1,1,unique_populated,1,,myfxbook,calendar-chart-years-back.json,20,2026-08-26T15:48:54.341Z,EconomicCalendar/raw/myfxbook/myfxbook_consensus_history.json,1538055386838d8ec50ab9cce40153f69aa8bf841c2ae50f67751b2c465432cb,7,96
FOMC,FOMC_RATE,-1731853807,2025-01-29,4.5,4.5,1,1,unique_populated,1,,myfxbook,calendar-chart-years-back.json,20,2026-08-26T15:48:54.341Z,EconomicCalendar/raw/myfxbook/myfxbook_consensus_history.json,1538055386838d8ec50ab9cce40153f69aa8bf841c2ae50f67751b2c465432cb,7,97
FOMC,FOMC_RATE,-1731853807,2025-03-19,4.5,4.5,1,1,unique_populated,1,,myfxbook,calendar-chart-years-back.json,20,2026-08-26T15:48:54.341Z,EconomicCalendar/raw/myfxbook/myfxbook_consensus_history.json,1538055386838d8ec50ab9cce40153f69aa8bf841c2ae50f67751b2c465432cb,7,98
FOMC,FOMC_RATE,-1731853807,2025-05-07,4.5,4.5,1,1,unique_populated,1,,myfxbook,calendar-chart-years-back.json,20,2026-08-26T15:48:54.341Z,EconomicCalendar/raw/myfxbook/myfxbook_consensus_history.json,1538055386838d8ec50ab9cce40153f69aa8bf841c2ae50f67751b2c465432cb,7,99
FOMC,FOMC_RATE,-1731853807,2025-06-18,4.5,4.5,1,1,unique_populated,1,,myfxbook,calendar-chart-years-back.json,20,2026-08-26T15:48:54.341Z,EconomicCalendar/raw/myfxbook/myfxbook_consensus_history.json,1538055386838d8ec50ab9cce40153f69aa8bf841c2ae50f67751b2c465432cb,7,100
FOMC,FOMC_RATE,-1731853807,2025-07-30,4.5,4.5,1,1,unique_populated,1,,myfxbook,calendar-chart-years-back.json,20,2026-08-26T15:48:54.341Z,EconomicCalendar/raw/myfxbook/myfxbook_consensus_history.json,1538055386838d8ec50ab9cce40153f69aa8bf841c2ae50f67751b2c465432cb,7,101
FOMC,FOMC_RATE,-1731853807,2025-09-17,4.25,4.25,1,1,unique_populated,1,,myfxbook,calendar-chart-years-back.json,20,2026-08-26T15:48:54.341Z,EconomicCalendar/raw/myfxbook/myfxbook_consensus_history.json,1538055386838d8ec50ab9cce40153f69aa8bf841c2ae50f67751b2c465432cb,7,102
FOMC,FOMC_RATE,-1731853807,2025-10-29,4.0,4.0,1,1,unique_populated,1,,myfxbook,calendar-chart-years-back.json,20,2026-08-26T15:48:54.341Z,EconomicCalendar/raw/myfxbook/myfxbook_consensus_history.json,1538055386838d8ec50ab9cce40153f69aa8bf841c2ae50f67751b2c465432cb,7,103
FOMC,FOMC_RATE,-1731853807,2025-12-10,3.75,3.75,1,1,unique_populated,1,,myfxbook,calendar-chart-years-back.json,20,2026-08-26T15:48:54.341Z,EconomicCalendar/raw/myfxbook/myfxbook_consensus_history.json,1538055386838d8ec50ab9cce40153f69aa8bf841c2ae50f67751b2c465432cb,7,104
FOMC,FOMC_RATE,-1731853807,2026-01-28,3.75,3.75,1,1,unique_populated,1,,myfxbook,calendar-chart-years-back.json,20,2026-08-26T15:48:54.341Z,EconomicCalendar/raw/myfxbook/myfxbook_consensus_history.json,1538055386838d8ec50ab9cce40153f69aa8bf841c2ae50f67751b2c465432cb,7,105
FOMC,FOMC_RATE,-1731853807,2026-03-18,3.75,3.75,1,1,unique_populated,1,,myfxbook,calendar-chart-years-back.json,20,2026-08-26T15:48:54.341Z,EconomicCalendar/raw/myfxbook/myfxbook_consensus_history.json,1538055386838d8ec50ab9cce40153f69aa8bf841c2ae50f67751b2c465432cb,7,106
FOMC,FOMC_RATE,-1731853807,2026-04-29,3.75,3.75,1,1,unique_populated,1,,myfxbook,calendar-chart-years-back.json,20,2026-08-26T15:48:54.341Z,EconomicCalendar/raw/myfxbook/myfxbook_consensus_history.json,1538055386838d8ec50ab9cce40153f69aa8bf841c2ae50f67751b2c465432cb,7,107
FOMC,FOMC_RATE,-1731853807,2026-06-17,3.75,3.75,1,1,unique_populated,1,,myfxbook,calendar-chart-years-back.json,20,2026-08-26T15:48:54.341Z,EconomicCalendar/raw/myfxbook/myfxbook_consensus_history.json,1538055386838d8ec50ab9cce40153f69aa8bf841c2ae50f67751b2c465432cb,7,108
FOMC,FOMC_RATE,-1731853807,2026-07-29,3.75,3.75,1,1,unique_populated,1,,myfxbook,calendar-chart-years-back.json,20,2026-08-26T15:48:54.341Z,EconomicCalendar/raw/myfxbook/myfxbook_consensus_history.json,1538055386838d8ec50ab9cce40153f69aa8bf841c2ae50f67751b2c465432cb,7,109
GDP,GDP,-2050894417,2013-03-28,0.4,,0,1,unique_null,0,consensus_missing,myfxbook,calendar-chart-years-back.json,20,2026-08-26T15:48:54.341Z,EconomicCalendar/raw/myfxbook/myfxbook_consensus_history.json,1538055386838d8ec50ab9cce40153f69aa8bf841c2ae50f67751b2c465432cb,4,1
GDP,GDP,-2050894417,2013-04-26,2.5,3.0,1,1,unique_populated,1,,myfxbook,calendar-chart-years-back.json,20,2026-08-26T15:48:54.341Z,EconomicCalendar/raw/myfxbook/myfxbook_consensus_history.json,1538055386838d8ec50ab9cce40153f69aa8bf841c2ae50f67751b2c465432cb,4,2
GDP,GDP,-2050894417,2013-06-26,1.8,2.4,1,1,unique_populated,1,,myfxbook,calendar-chart-years-back.json,20,2026-08-26T15:48:54.341Z,EconomicCalendar/raw/myfxbook/myfxbook_consensus_history.json,1538055386838d8ec50ab9cce40153f69aa8bf841c2ae50f67751b2c465432cb,4,3
GDP,GDP,-2050894417,2013-07-31,1.7,1.2,1,1,unique_populated,1,,myfxbook,calendar-chart-years-back.json,20,2026-08-26T15:48:54.341Z,EconomicCalendar/raw/myfxbook/myfxbook_consensus_history.json,1538055386838d8ec50ab9cce40153f69aa8bf841c2ae50f67751b2c465432cb,4,4
GDP,GDP,-2050894417,2013-09-26,2.5,2.5,1,1,unique_populated,1,,myfxbook,calendar-chart-years-back.json,20,2026-08-26T15:48:54.341Z,EconomicCalendar/raw/myfxbook/myfxbook_consensus_history.json,1538055386838d8ec50ab9cce40153f69aa8bf841c2ae50f67751b2c465432cb,4,5
GDP,GDP,-2050894417,2013-11-07,2.8,2.0,1,1,unique_populated,1,,myfxbook,calendar-chart-years-back.json,20,2026-08-26T15:48:54.341Z,EconomicCalendar/raw/myfxbook/myfxbook_consensus_history.json,1538055386838d8ec50ab9cce40153f69aa8bf841c2ae50f67751b2c465432cb,4,6
GDP,GDP,-2050894417,2013-12-05,3.6,2.8,1,1,unique_populated,1,,myfxbook,calendar-chart-years-back.json,20,2026-08-26T15:48:54.341Z,EconomicCalendar/raw/myfxbook/myfxbook_consensus_history.json,1538055386838d8ec50ab9cce40153f69aa8bf841c2ae50f67751b2c465432cb,4,7
GDP,GDP,-2050894417,2013-12-20,4.1,2.0,1,1,unique_populated,1,,myfxbook,calendar-chart-years-back.json,20,2026-08-26T15:48:54.341Z,EconomicCalendar/raw/myfxbook/myfxbook_consensus_history.json,1538055386838d8ec50ab9cce40153f69aa8bf841c2ae50f67751b2c465432cb,4,8
GDP,GDP,-2050894417,2014-01-30,3.2,3.2,1,1,unique_populated,1,,myfxbook,calendar-chart-years-back.json,20,2026-08-26T15:48:54.341Z,EconomicCalendar/raw/myfxbook/myfxbook_consensus_history.json,1538055386838d8ec50ab9cce40153f69aa8bf841c2ae50f67751b2c465432cb,4,9
GDP,GDP,-2050894417,2014-02-28,2.4,3.2,1,1,unique_populated,1,,myfxbook,calendar-chart-years-back.json,20,2026-08-26T15:48:54.341Z,EconomicCalendar/raw/myfxbook/myfxbook_consensus_history.json,1538055386838d8ec50ab9cce40153f69aa8bf841c2ae50f67751b2c465432cb,4,10
GDP,GDP,-2050894417,2014-03-27,2.6,2.4,1,1,unique_populated,1,,myfxbook,calendar-chart-years-back.json,20,2026-08-26T15:48:54.341Z,EconomicCalendar/raw/myfxbook/myfxbook_consensus_history.json,1538055386838d8ec50ab9cce40153f69aa8bf841c2ae50f67751b2c465432cb,4,11
GDP,GDP,-2050894417,2014-04-30,0.1,1.2,1,1,unique_populated,1,,myfxbook,calendar-chart-years-back.json,20,2026-08-26T15:48:54.341Z,EconomicCalendar/raw/myfxbook/myfxbook_consensus_history.json,1538055386838d8ec50ab9cce40153f69aa8bf841c2ae50f67751b2c465432cb,4,12
GDP,GDP,-2050894417,2014-05-29,-1.0,-0.5,1,1,unique_populated,1,,myfxbook,calendar-chart-years-back.json,20,2026-08-26T15:48:54.341Z,EconomicCalendar/raw/myfxbook/myfxbook_consensus_history.json,1538055386838d8ec50ab9cce40153f69aa8bf841c2ae50f67751b2c465432cb,4,13
GDP,GDP,-2050894417,2014-06-25,-2.9,-1.0,1,1,unique_populated,1,,myfxbook,calendar-chart-years-back.json,20,2026-08-26T15:48:54.341Z,EconomicCalendar/raw/myfxbook/myfxbook_consensus_history.json,1538055386838d8ec50ab9cce40153f69aa8bf841c2ae50f67751b2c465432cb,4,14
GDP,GDP,-2050894417,2014-07-30,4.0,2.9,1,1,unique_populated,1,,myfxbook,calendar-chart-years-back.json,20,2026-08-26T15:48:54.341Z,EconomicCalendar/raw/myfxbook/myfxbook_consensus_history.json,1538055386838d8ec50ab9cce40153f69aa8bf841c2ae50f67751b2c465432cb,4,15
GDP,GDP,-2050894417,2014-08-28,4.2,3.9,1,1,unique_populated,1,,myfxbook,calendar-chart-years-back.json,20,2026-08-26T15:48:54.341Z,EconomicCalendar/raw/myfxbook/myfxbook_consensus_history.json,1538055386838d8ec50ab9cce40153f69aa8bf841c2ae50f67751b2c465432cb,4,16
GDP,GDP,-2050894417,2014-09-26,4.6,4.6,1,1,unique_populated,1,,myfxbook,calendar-chart-years-back.json,20,2026-08-26T15:48:54.341Z,EconomicCalendar/raw/myfxbook/myfxbook_consensus_history.json,1538055386838d8ec50ab9cce40153f69aa8bf841c2ae50f67751b2c465432cb,4,17
GDP,GDP,-2050894417,2014-10-30,3.5,3.0,1,1,unique_populated,1,,myfxbook,calendar-chart-years-back.json,20,2026-08-26T15:48:54.341Z,EconomicCalendar/raw/myfxbook/myfxbook_consensus_history.json,1538055386838d8ec50ab9cce40153f69aa8bf841c2ae50f67751b2c465432cb,4,18
GDP,GDP,-2050894417,2014-11-25,3.9,3.3,1,1,unique_populated,1,,myfxbook,calendar-chart-years-back.json,20,2026-08-26T15:48:54.341Z,EconomicCalendar/raw/myfxbook/myfxbook_consensus_history.json,1538055386838d8ec50ab9cce40153f69aa8bf841c2ae50f67751b2c465432cb,4,19
GDP,GDP,-2050894417,2014-12-23,5.0,4.3,1,1,unique_populated,1,,myfxbook,calendar-chart-years-back.json,20,2026-08-26T15:48:54.341Z,EconomicCalendar/raw/myfxbook/myfxbook_consensus_history.json,1538055386838d8ec50ab9cce40153f69aa8bf841c2ae50f67751b2c465432cb,4,20
GDP,GDP,-2050894417,2015-01-30,2.6,3.3,1,1,unique_populated,1,,myfxbook,calendar-chart-years-back.json,20,2026-08-26T15:48:54.341Z,EconomicCalendar/raw/myfxbook/myfxbook_consensus_history.json,1538055386838d8ec50ab9cce40153f69aa8bf841c2ae50f67751b2c465432cb,4,21
GDP,GDP,-2050894417,2015-02-27,2.2,2.1,1,1,unique_populated,1,,myfxbook,calendar-chart-years-back.json,20,2026-08-26T15:48:54.341Z,EconomicCalendar/raw/myfxbook/myfxbook_consensus_history.json,1538055386838d8ec50ab9cce40153f69aa8bf841c2ae50f67751b2c465432cb,4,22
GDP,GDP,-2050894417,2015-03-27,2.2,2.2,1,1,unique_populated,1,,myfxbook,calendar-chart-years-back.json,20,2026-08-26T15:48:54.341Z,EconomicCalendar/raw/myfxbook/myfxbook_consensus_history.json,1538055386838d8ec50ab9cce40153f69aa8bf841c2ae50f67751b2c465432cb,4,23
GDP,GDP,-2050894417,2015-04-29,0.2,1.0,1,1,unique_populated,1,,myfxbook,calendar-chart-years-back.json,20,2026-08-26T15:48:54.341Z,EconomicCalendar/raw/myfxbook/myfxbook_consensus_history.json,1538055386838d8ec50ab9cce40153f69aa8bf841c2ae50f67751b2c465432cb,4,24
GDP,GDP,-2050894417,2015-05-29,-0.7,0.2,1,1,unique_populated,1,,myfxbook,calendar-chart-years-back.json,20,2026-08-26T15:48:54.341Z,EconomicCalendar/raw/myfxbook/myfxbook_consensus_history.json,1538055386838d8ec50ab9cce40153f69aa8bf841c2ae50f67751b2c465432cb,4,25
GDP,GDP,-2050894417,2015-06-24,-0.2,-0.2,1,1,unique_populated,1,,myfxbook,calendar-chart-years-back.json,20,2026-08-26T15:48:54.341Z,EconomicCalendar/raw/myfxbook/myfxbook_consensus_history.json,1538055386838d8ec50ab9cce40153f69aa8bf841c2ae50f67751b2c465432cb,4,26
GDP,GDP,-2050894417,2015-07-30,2.3,2.6,1,1,unique_populated,1,,myfxbook,calendar-chart-years-back.json,20,2026-08-26T15:48:54.341Z,EconomicCalendar/raw/myfxbook/myfxbook_consensus_history.json,1538055386838d8ec50ab9cce40153f69aa8bf841c2ae50f67751b2c465432cb,4,27
GDP,GDP,-2050894417,2015-08-27,3.7,3.2,1,1,unique_populated,1,,myfxbook,calendar-chart-years-back.json,20,2026-08-26T15:48:54.341Z,EconomicCalendar/raw/myfxbook/myfxbook_consensus_history.json,1538055386838d8ec50ab9cce40153f69aa8bf841c2ae50f67751b2c465432cb,4,28
GDP,GDP,-2050894417,2015-09-25,3.9,3.7,1,1,unique_populated,1,,myfxbook,calendar-chart-years-back.json,20,2026-08-26T15:48:54.341Z,EconomicCalendar/raw/myfxbook/myfxbook_consensus_history.json,1538055386838d8ec50ab9cce40153f69aa8bf841c2ae50f67751b2c465432cb,4,29
GDP,GDP,-2050894417,2015-10-29,1.5,1.6,1,1,unique_populated,1,,myfxbook,calendar-chart-years-back.json,20,2026-08-26T15:48:54.341Z,EconomicCalendar/raw/myfxbook/myfxbook_consensus_history.json,1538055386838d8ec50ab9cce40153f69aa8bf841c2ae50f67751b2c465432cb,4,30
GDP,GDP,-2050894417,2015-11-24,2.1,2.0,1,1,unique_populated,1,,myfxbook,calendar-chart-years-back.json,20,2026-08-26T15:48:54.341Z,EconomicCalendar/raw/myfxbook/myfxbook_consensus_history.json,1538055386838d8ec50ab9cce40153f69aa8bf841c2ae50f67751b2c465432cb,4,31
GDP,GDP,-2050894417,2015-12-22,2.0,1.9,1,1,unique_populated,1,,myfxbook,calendar-chart-years-back.json,20,2026-08-26T15:48:54.341Z,EconomicCalendar/raw/myfxbook/myfxbook_consensus_history.json,1538055386838d8ec50ab9cce40153f69aa8bf841c2ae50f67751b2c465432cb,4,32
GDP,GDP,-2050894417,2016-01-29,0.7,0.8,1,1,unique_populated,1,,myfxbook,calendar-chart-years-back.json,20,2026-08-26T15:48:54.341Z,EconomicCalendar/raw/myfxbook/myfxbook_consensus_history.json,1538055386838d8ec50ab9cce40153f69aa8bf841c2ae50f67751b2c465432cb,4,33
GDP,GDP,-2050894417,2016-02-26,1.0,0.4,1,1,unique_populated,1,,myfxbook,calendar-chart-years-back.json,20,2026-08-26T15:48:54.341Z,EconomicCalendar/raw/myfxbook/myfxbook_consensus_history.json,1538055386838d8ec50ab9cce40153f69aa8bf841c2ae50f67751b2c465432cb,4,34
GDP,GDP,-2050894417,2016-03-25,1.4,1.0,1,1,unique_populated,1,,myfxbook,calendar-chart-years-back.json,20,2026-08-26T15:48:54.341Z,EconomicCalendar/raw/myfxbook/myfxbook_consensus_history.json,1538055386838d8ec50ab9cce40153f69aa8bf841c2ae50f67751b2c465432cb,4,35
GDP,GDP,-2050894417,2016-04-28,0.5,0.7,1,1,unique_populated,1,,myfxbook,calendar-chart-years-back.json,20,2026-08-26T15:48:54.341Z,EconomicCalendar/raw/myfxbook/myfxbook_consensus_history.json,1538055386838d8ec50ab9cce40153f69aa8bf841c2ae50f67751b2c465432cb,4,36
GDP,GDP,-2050894417,2016-05-27,0.8,0.9,1,1,unique_populated,1,,myfxbook,calendar-chart-years-back.json,20,2026-08-26T15:48:54.341Z,EconomicCalendar/raw/myfxbook/myfxbook_consensus_history.json,1538055386838d8ec50ab9cce40153f69aa8bf841c2ae50f67751b2c465432cb,4,37
GDP,GDP,-2050894417,2016-06-28,1.1,1.0,1,1,unique_populated,1,,myfxbook,calendar-chart-years-back.json,20,2026-08-26T15:48:54.341Z,EconomicCalendar/raw/myfxbook/myfxbook_consensus_history.json,1538055386838d8ec50ab9cce40153f69aa8bf841c2ae50f67751b2c465432cb,4,38
GDP,GDP,-2050894417,2016-07-29,1.2,2.6,1,1,unique_populated,1,,myfxbook,calendar-chart-years-back.json,20,2026-08-26T15:48:54.341Z,EconomicCalendar/raw/myfxbook/myfxbook_consensus_history.json,1538055386838d8ec50ab9cce40153f69aa8bf841c2ae50f67751b2c465432cb,4,39
GDP,GDP,-2050894417,2016-08-26,1.1,1.1,1,1,unique_populated,1,,myfxbook,calendar-chart-years-back.json,20,2026-08-26T15:48:54.341Z,EconomicCalendar/raw/myfxbook/myfxbook_consensus_history.json,1538055386838d8ec50ab9cce40153f69aa8bf841c2ae50f67751b2c465432cb,4,40
GDP,GDP,-2050894417,2016-09-29,1.4,1.3,1,1,unique_populated,1,,myfxbook,calendar-chart-years-back.json,20,2026-08-26T15:48:54.341Z,EconomicCalendar/raw/myfxbook/myfxbook_consensus_history.json,1538055386838d8ec50ab9cce40153f69aa8bf841c2ae50f67751b2c465432cb,4,41
GDP,GDP,-2050894417,2016-10-28,2.9,2.5,1,1,unique_populated,1,,myfxbook,calendar-chart-years-back.json,20,2026-08-26T15:48:54.341Z,EconomicCalendar/raw/myfxbook/myfxbook_consensus_history.json,1538055386838d8ec50ab9cce40153f69aa8bf841c2ae50f67751b2c465432cb,4,42
GDP,GDP,-2050894417,2016-11-29,3.2,3.0,1,1,unique_populated,1,,myfxbook,calendar-chart-years-back.json,20,2026-08-26T15:48:54.341Z,EconomicCalendar/raw/myfxbook/myfxbook_consensus_history.json,1538055386838d8ec50ab9cce40153f69aa8bf841c2ae50f67751b2c465432cb,4,43
GDP,GDP,-2050894417,2016-12-22,3.5,3.3,1,1,unique_populated,1,,myfxbook,calendar-chart-years-back.json,20,2026-08-26T15:48:54.341Z,EconomicCalendar/raw/myfxbook/myfxbook_consensus_history.json,1538055386838d8ec50ab9cce40153f69aa8bf841c2ae50f67751b2c465432cb,4,44
GDP,GDP,-2050894417,2017-01-27,1.9,2.2,1,1,unique_populated,1,,myfxbook,calendar-chart-years-back.json,20,2026-08-26T15:48:54.341Z,EconomicCalendar/raw/myfxbook/myfxbook_consensus_history.json,1538055386838d8ec50ab9cce40153f69aa8bf841c2ae50f67751b2c465432cb,4,45
GDP,GDP,-2050894417,2017-02-28,1.9,2.1,1,1,unique_populated,1,,myfxbook,calendar-chart-years-back.json,20,2026-08-26T15:48:54.341Z,EconomicCalendar/raw/myfxbook/myfxbook_consensus_history.json,1538055386838d8ec50ab9cce40153f69aa8bf841c2ae50f67751b2c465432cb,4,46
GDP,GDP,-2050894417,2017-03-30,2.1,2.0,1,1,unique_populated,1,,myfxbook,calendar-chart-years-back.json,20,2026-08-26T15:48:54.341Z,EconomicCalendar/raw/myfxbook/myfxbook_consensus_history.json,1538055386838d8ec50ab9cce40153f69aa8bf841c2ae50f67751b2c465432cb,4,47
GDP,GDP,-2050894417,2017-04-28,0.7,1.1,1,1,unique_populated,1,,myfxbook,calendar-chart-years-back.json,20,2026-08-26T15:48:54.341Z,EconomicCalendar/raw/myfxbook/myfxbook_consensus_history.json,1538055386838d8ec50ab9cce40153f69aa8bf841c2ae50f67751b2c465432cb,4,48
GDP,GDP,-2050894417,2017-05-26,1.2,0.9,1,1,unique_populated,1,,myfxbook,calendar-chart-years-back.json,20,2026-08-26T15:48:54.341Z,EconomicCalendar/raw/myfxbook/myfxbook_consensus_history.json,1538055386838d8ec50ab9cce40153f69aa8bf841c2ae50f67751b2c465432cb,4,49
GDP,GDP,-2050894417,2017-06-29,1.4,1.2,1,1,unique_populated,1,,myfxbook,calendar-chart-years-back.json,20,2026-08-26T15:48:54.341Z,EconomicCalendar/raw/myfxbook/myfxbook_consensus_history.json,1538055386838d8ec50ab9cce40153f69aa8bf841c2ae50f67751b2c465432cb,4,50
GDP,GDP,-2050894417,2017-07-28,2.6,2.6,1,1,unique_populated,1,,myfxbook,calendar-chart-years-back.json,20,2026-08-26T15:48:54.341Z,EconomicCalendar/raw/myfxbook/myfxbook_consensus_history.json,1538055386838d8ec50ab9cce40153f69aa8bf841c2ae50f67751b2c465432cb,4,51
GDP,GDP,-2050894417,2017-08-30,3.0,2.7,1,1,unique_populated,1,,myfxbook,calendar-chart-years-back.json,20,2026-08-26T15:48:54.341Z,EconomicCalendar/raw/myfxbook/myfxbook_consensus_history.json,1538055386838d8ec50ab9cce40153f69aa8bf841c2ae50f67751b2c465432cb,4,52
GDP,GDP,-2050894417,2017-09-28,3.1,3.0,1,1,unique_populated,1,,myfxbook,calendar-chart-years-back.json,20,2026-08-26T15:48:54.341Z,EconomicCalendar/raw/myfxbook/myfxbook_consensus_history.json,1538055386838d8ec50ab9cce40153f69aa8bf841c2ae50f67751b2c465432cb,4,53
GDP,GDP,-2050894417,2017-10-27,3.0,3.3,1,1,unique_populated,1,,myfxbook,calendar-chart-years-back.json,20,2026-08-26T15:48:54.341Z,EconomicCalendar/raw/myfxbook/myfxbook_consensus_history.json,1538055386838d8ec50ab9cce40153f69aa8bf841c2ae50f67751b2c465432cb,4,54
GDP,GDP,-2050894417,2017-11-29,3.3,3.2,1,1,unique_populated,1,,myfxbook,calendar-chart-years-back.json,20,2026-08-26T15:48:54.341Z,EconomicCalendar/raw/myfxbook/myfxbook_consensus_history.json,1538055386838d8ec50ab9cce40153f69aa8bf841c2ae50f67751b2c465432cb,4,55
GDP,GDP,-2050894417,2017-12-21,3.2,3.3,1,1,unique_populated,1,,myfxbook,calendar-chart-years-back.json,20,2026-08-26T15:48:54.341Z,EconomicCalendar/raw/myfxbook/myfxbook_consensus_history.json,1538055386838d8ec50ab9cce40153f69aa8bf841c2ae50f67751b2c465432cb,4,56
GDP,GDP,-2050894417,2018-01-26,2.6,2.7,1,1,unique_populated,1,,myfxbook,calendar-chart-years-back.json,20,2026-08-26T15:48:54.341Z,EconomicCalendar/raw/myfxbook/myfxbook_consensus_history.json,1538055386838d8ec50ab9cce40153f69aa8bf841c2ae50f67751b2c465432cb,4,57
GDP,GDP,-2050894417,2018-02-28,2.5,2.5,1,1,unique_populated,1,,myfxbook,calendar-chart-years-back.json,20,2026-08-26T15:48:54.341Z,EconomicCalendar/raw/myfxbook/myfxbook_consensus_history.json,1538055386838d8ec50ab9cce40153f69aa8bf841c2ae50f67751b2c465432cb,4,58
GDP,GDP,-2050894417,2018-03-28,2.9,2.7,1,1,unique_populated,1,,myfxbook,calendar-chart-years-back.json,20,2026-08-26T15:48:54.341Z,EconomicCalendar/raw/myfxbook/myfxbook_consensus_history.json,1538055386838d8ec50ab9cce40153f69aa8bf841c2ae50f67751b2c465432cb,4,59
GDP,GDP,-2050894417,2018-04-27,2.3,2.0,1,1,unique_populated,1,,myfxbook,calendar-chart-years-back.json,20,2026-08-26T15:48:54.341Z,EconomicCalendar/raw/myfxbook/myfxbook_consensus_history.json,1538055386838d8ec50ab9cce40153f69aa8bf841c2ae50f67751b2c465432cb,4,60
GDP,GDP,-2050894417,2018-05-30,2.2,2.3,1,1,unique_populated,1,,myfxbook,calendar-chart-years-back.json,20,2026-08-26T15:48:54.341Z,EconomicCalendar/raw/myfxbook/myfxbook_consensus_history.json,1538055386838d8ec50ab9cce40153f69aa8bf841c2ae50f67751b2c465432cb,4,61
GDP,GDP,-2050894417,2018-06-28,2.0,2.2,1,1,unique_populated,1,,myfxbook,calendar-chart-years-back.json,20,2026-08-26T15:48:54.341Z,EconomicCalendar/raw/myfxbook/myfxbook_consensus_history.json,1538055386838d8ec50ab9cce40153f69aa8bf841c2ae50f67751b2c465432cb,4,62
GDP,GDP,-2050894417,2018-07-27,4.1,4.1,1,1,unique_populated,1,,myfxbook,calendar-chart-years-back.json,20,2026-08-26T15:48:54.341Z,EconomicCalendar/raw/myfxbook/myfxbook_consensus_history.json,1538055386838d8ec50ab9cce40153f69aa8bf841c2ae50f67751b2c465432cb,4,63
GDP,GDP,-2050894417,2018-08-29,4.2,4.0,1,1,unique_populated,1,,myfxbook,calendar-chart-years-back.json,20,2026-08-26T15:48:54.341Z,EconomicCalendar/raw/myfxbook/myfxbook_consensus_history.json,1538055386838d8ec50ab9cce40153f69aa8bf841c2ae50f67751b2c465432cb,4,64
GDP,GDP,-2050894417,2018-09-27,4.2,4.2,1,1,unique_populated,1,,myfxbook,calendar-chart-years-back.json,20,2026-08-26T15:48:54.341Z,EconomicCalendar/raw/myfxbook/myfxbook_consensus_history.json,1538055386838d8ec50ab9cce40153f69aa8bf841c2ae50f67751b2c465432cb,4,65
GDP,GDP,-2050894417,2018-10-26,3.5,3.3,1,1,unique_populated,1,,myfxbook,calendar-chart-years-back.json,20,2026-08-26T15:48:54.341Z,EconomicCalendar/raw/myfxbook/myfxbook_consensus_history.json,1538055386838d8ec50ab9cce40153f69aa8bf841c2ae50f67751b2c465432cb,4,66
GDP,GDP,-2050894417,2018-11-28,3.5,3.5,1,1,unique_populated,1,,myfxbook,calendar-chart-years-back.json,20,2026-08-26T15:48:54.341Z,EconomicCalendar/raw/myfxbook/myfxbook_consensus_history.json,1538055386838d8ec50ab9cce40153f69aa8bf841c2ae50f67751b2c465432cb,4,67
GDP,GDP,-2050894417,2018-12-21,3.4,3.5,1,1,unique_populated,1,,myfxbook,calendar-chart-years-back.json,20,2026-08-26T15:48:54.341Z,EconomicCalendar/raw/myfxbook/myfxbook_consensus_history.json,1538055386838d8ec50ab9cce40153f69aa8bf841c2ae50f67751b2c465432cb,4,68
GDP,GDP,-2050894417,2019-02-28,2.6,2.5,1,1,unique_populated,1,,myfxbook,calendar-chart-years-back.json,20,2026-08-26T15:48:54.341Z,EconomicCalendar/raw/myfxbook/myfxbook_consensus_history.json,1538055386838d8ec50ab9cce40153f69aa8bf841c2ae50f67751b2c465432cb,4,69
GDP,GDP,-2050894417,2019-03-28,2.2,2.4,1,1,unique_populated,1,,myfxbook,calendar-chart-years-back.json,20,2026-08-26T15:48:54.341Z,EconomicCalendar/raw/myfxbook/myfxbook_consensus_history.json,1538055386838d8ec50ab9cce40153f69aa8bf841c2ae50f67751b2c465432cb,4,70
GDP,GDP,-2050894417,2019-04-26,3.2,2.0,1,1,unique_populated,1,,myfxbook,calendar-chart-years-back.json,20,2026-08-26T15:48:54.341Z,EconomicCalendar/raw/myfxbook/myfxbook_consensus_history.json,1538055386838d8ec50ab9cce40153f69aa8bf841c2ae50f67751b2c465432cb,4,71
GDP,GDP,-2050894417,2019-05-30,3.1,3.1,1,1,unique_populated,1,,myfxbook,calendar-chart-years-back.json,20,2026-08-26T15:48:54.341Z,EconomicCalendar/raw/myfxbook/myfxbook_consensus_history.json,1538055386838d8ec50ab9cce40153f69aa8bf841c2ae50f67751b2c465432cb,4,72
GDP,GDP,-2050894417,2019-06-27,3.1,3.1,1,1,unique_populated,1,,myfxbook,calendar-chart-years-back.json,20,2026-08-26T15:48:54.341Z,EconomicCalendar/raw/myfxbook/myfxbook_consensus_history.json,1538055386838d8ec50ab9cce40153f69aa8bf841c2ae50f67751b2c465432cb,4,73
GDP,GDP,-2050894417,2019-07-26,2.1,1.8,1,1,unique_populated,1,,myfxbook,calendar-chart-years-back.json,20,2026-08-26T15:48:54.341Z,EconomicCalendar/raw/myfxbook/myfxbook_consensus_history.json,1538055386838d8ec50ab9cce40153f69aa8bf841c2ae50f67751b2c465432cb,4,74
GDP,GDP,-2050894417,2019-08-29,2.0,2.0,1,1,unique_populated,1,,myfxbook,calendar-chart-years-back.json,20,2026-08-26T15:48:54.341Z,EconomicCalendar/raw/myfxbook/myfxbook_consensus_history.json,1538055386838d8ec50ab9cce40153f69aa8bf841c2ae50f67751b2c465432cb,4,75
GDP,GDP,-2050894417,2019-09-26,2.0,2.0,1,1,unique_populated,1,,myfxbook,calendar-chart-years-back.json,20,2026-08-26T15:48:54.341Z,EconomicCalendar/raw/myfxbook/myfxbook_consensus_history.json,1538055386838d8ec50ab9cce40153f69aa8bf841c2ae50f67751b2c465432cb,4,76
GDP,GDP,-2050894417,2019-10-30,1.9,1.6,1,1,unique_populated,1,,myfxbook,calendar-chart-years-back.json,20,2026-08-26T15:48:54.341Z,EconomicCalendar/raw/myfxbook/myfxbook_consensus_history.json,1538055386838d8ec50ab9cce40153f69aa8bf841c2ae50f67751b2c465432cb,4,77
GDP,GDP,-2050894417,2019-11-27,2.1,1.9,1,1,unique_populated,1,,myfxbook,calendar-chart-years-back.json,20,2026-08-26T15:48:54.341Z,EconomicCalendar/raw/myfxbook/myfxbook_consensus_history.json,1538055386838d8ec50ab9cce40153f69aa8bf841c2ae50f67751b2c465432cb,4,78
GDP,GDP,-2050894417,2019-12-20,2.1,2.1,1,1,unique_populated,1,,myfxbook,calendar-chart-years-back.json,20,2026-08-26T15:48:54.341Z,EconomicCalendar/raw/myfxbook/myfxbook_consensus_history.json,1538055386838d8ec50ab9cce40153f69aa8bf841c2ae50f67751b2c465432cb,4,79
GDP,GDP,-2050894417,2020-01-30,2.1,2.1,1,1,unique_populated,1,,myfxbook,calendar-chart-years-back.json,20,2026-08-26T15:48:54.341Z,EconomicCalendar/raw/myfxbook/myfxbook_consensus_history.json,1538055386838d8ec50ab9cce40153f69aa8bf841c2ae50f67751b2c465432cb,4,80
GDP,GDP,-2050894417,2020-02-27,2.1,2.1,1,1,unique_populated,1,,myfxbook,calendar-chart-years-back.json,20,2026-08-26T15:48:54.341Z,EconomicCalendar/raw/myfxbook/myfxbook_consensus_history.json,1538055386838d8ec50ab9cce40153f69aa8bf841c2ae50f67751b2c465432cb,4,81
GDP,GDP,-2050894417,2020-03-26,2.1,2.1,1,1,unique_populated,1,,myfxbook,calendar-chart-years-back.json,20,2026-08-26T15:48:54.341Z,EconomicCalendar/raw/myfxbook/myfxbook_consensus_history.json,1538055386838d8ec50ab9cce40153f69aa8bf841c2ae50f67751b2c465432cb,4,82
GDP,GDP,-2050894417,2020-04-29,-4.8,-4.0,1,1,unique_populated,1,,myfxbook,calendar-chart-years-back.json,20,2026-08-26T15:48:54.341Z,EconomicCalendar/raw/myfxbook/myfxbook_consensus_history.json,1538055386838d8ec50ab9cce40153f69aa8bf841c2ae50f67751b2c465432cb,4,83
GDP,GDP,-2050894417,2020-05-28,-5.0,-4.8,1,1,unique_populated,1,,myfxbook,calendar-chart-years-back.json,20,2026-08-26T15:48:54.341Z,EconomicCalendar/raw/myfxbook/myfxbook_consensus_history.json,1538055386838d8ec50ab9cce40153f69aa8bf841c2ae50f67751b2c465432cb,4,84
GDP,GDP,-2050894417,2020-06-25,-5.0,-5.0,1,1,unique_populated,1,,myfxbook,calendar-chart-years-back.json,20,2026-08-26T15:48:54.341Z,EconomicCalendar/raw/myfxbook/myfxbook_consensus_history.json,1538055386838d8ec50ab9cce40153f69aa8bf841c2ae50f67751b2c465432cb,4,85
GDP,GDP,-2050894417,2020-07-30,-32.9,-34.1,1,1,unique_populated,1,,myfxbook,calendar-chart-years-back.json,20,2026-08-26T15:48:54.341Z,EconomicCalendar/raw/myfxbook/myfxbook_consensus_history.json,1538055386838d8ec50ab9cce40153f69aa8bf841c2ae50f67751b2c465432cb,4,86
GDP,GDP,-2050894417,2020-08-27,-31.7,-32.5,1,1,unique_populated,1,,myfxbook,calendar-chart-years-back.json,20,2026-08-26T15:48:54.341Z,EconomicCalendar/raw/myfxbook/myfxbook_consensus_history.json,1538055386838d8ec50ab9cce40153f69aa8bf841c2ae50f67751b2c465432cb,4,87
GDP,GDP,-2050894417,2020-09-30,-31.4,-31.7,1,1,unique_populated,1,,myfxbook,calendar-chart-years-back.json,20,2026-08-26T15:48:54.341Z,EconomicCalendar/raw/myfxbook/myfxbook_consensus_history.json,1538055386838d8ec50ab9cce40153f69aa8bf841c2ae50f67751b2c465432cb,4,88
GDP,GDP,-2050894417,2020-10-29,33.1,31.0,1,1,unique_populated,1,,myfxbook,calendar-chart-years-back.json,20,2026-08-26T15:48:54.341Z,EconomicCalendar/raw/myfxbook/myfxbook_consensus_history.json,1538055386838d8ec50ab9cce40153f69aa8bf841c2ae50f67751b2c465432cb,4,89
GDP,GDP,-2050894417,2020-11-25,33.1,33.2,1,1,unique_populated,1,,myfxbook,calendar-chart-years-back.json,20,2026-08-26T15:48:54.341Z,EconomicCalendar/raw/myfxbook/myfxbook_consensus_history.json,1538055386838d8ec50ab9cce40153f69aa8bf841c2ae50f67751b2c465432cb,4,90
GDP,GDP,-2050894417,2020-12-22,33.4,33.1,1,1,unique_populated,1,,myfxbook,calendar-chart-years-back.json,20,2026-08-26T15:48:54.341Z,EconomicCalendar/raw/myfxbook/myfxbook_consensus_history.json,1538055386838d8ec50ab9cce40153f69aa8bf841c2ae50f67751b2c465432cb,4,91
GDP,GDP,-2050894417,2021-01-28,4.0,4.0,1,1,unique_populated,1,,myfxbook,calendar-chart-years-back.json,20,2026-08-26T15:48:54.341Z,EconomicCalendar/raw/myfxbook/myfxbook_consensus_history.json,1538055386838d8ec50ab9cce40153f69aa8bf841c2ae50f67751b2c465432cb,4,92
GDP,GDP,-2050894417,2021-02-25,4.1,4.2,1,1,unique_populated,1,,myfxbook,calendar-chart-years-back.json,20,2026-08-26T15:48:54.341Z,EconomicCalendar/raw/myfxbook/myfxbook_consensus_history.json,1538055386838d8ec50ab9cce40153f69aa8bf841c2ae50f67751b2c465432cb,4,93
GDP,GDP,-2050894417,2021-03-25,4.3,4.1,1,1,unique_populated,1,,myfxbook,calendar-chart-years-back.json,20,2026-08-26T15:48:54.341Z,EconomicCalendar/raw/myfxbook/myfxbook_consensus_history.json,1538055386838d8ec50ab9cce40153f69aa8bf841c2ae50f67751b2c465432cb,4,94
GDP,GDP,-2050894417,2021-04-29,6.4,6.1,1,1,unique_populated,1,,myfxbook,calendar-chart-years-back.json,20,2026-08-26T15:48:54.341Z,EconomicCalendar/raw/myfxbook/myfxbook_consensus_history.json,1538055386838d8ec50ab9cce40153f69aa8bf841c2ae50f67751b2c465432cb,4,95
GDP,GDP,-2050894417,2021-05-27,6.4,6.5,1,1,unique_populated,1,,myfxbook,calendar-chart-years-back.json,20,2026-08-26T15:48:54.341Z,EconomicCalendar/raw/myfxbook/myfxbook_consensus_history.json,1538055386838d8ec50ab9cce40153f69aa8bf841c2ae50f67751b2c465432cb,4,96
GDP,GDP,-2050894417,2021-06-24,6.4,6.4,1,1,unique_populated,1,,myfxbook,calendar-chart-years-back.json,20,2026-08-26T15:48:54.341Z,EconomicCalendar/raw/myfxbook/myfxbook_consensus_history.json,1538055386838d8ec50ab9cce40153f69aa8bf841c2ae50f67751b2c465432cb,4,97
GDP,GDP,-2050894417,2021-07-29,6.5,8.5,1,1,unique_populated,1,,myfxbook,calendar-chart-years-back.json,20,2026-08-26T15:48:54.341Z,EconomicCalendar/raw/myfxbook/myfxbook_consensus_history.json,1538055386838d8ec50ab9cce40153f69aa8bf841c2ae50f67751b2c465432cb,4,98
GDP,GDP,-2050894417,2021-08-26,6.6,6.7,1,1,unique_populated,1,,myfxbook,calendar-chart-years-back.json,20,2026-08-26T15:48:54.341Z,EconomicCalendar/raw/myfxbook/myfxbook_consensus_history.json,1538055386838d8ec50ab9cce40153f69aa8bf841c2ae50f67751b2c465432cb,4,99
GDP,GDP,-2050894417,2021-09-30,6.7,6.6,1,1,unique_populated,1,,myfxbook,calendar-chart-years-back.json,20,2026-08-26T15:48:54.341Z,EconomicCalendar/raw/myfxbook/myfxbook_consensus_history.json,1538055386838d8ec50ab9cce40153f69aa8bf841c2ae50f67751b2c465432cb,4,100
GDP,GDP,-2050894417,2021-10-28,2.0,2.7,1,1,unique_populated,1,,myfxbook,calendar-chart-years-back.json,20,2026-08-26T15:48:54.341Z,EconomicCalendar/raw/myfxbook/myfxbook_consensus_history.json,1538055386838d8ec50ab9cce40153f69aa8bf841c2ae50f67751b2c465432cb,4,101
GDP,GDP,-2050894417,2021-11-24,2.1,2.2,1,1,unique_populated,1,,myfxbook,calendar-chart-years-back.json,20,2026-08-26T15:48:54.341Z,EconomicCalendar/raw/myfxbook/myfxbook_consensus_history.json,1538055386838d8ec50ab9cce40153f69aa8bf841c2ae50f67751b2c465432cb,4,102
GDP,GDP,-2050894417,2021-12-22,2.3,2.1,1,1,unique_populated,1,,myfxbook,calendar-chart-years-back.json,20,2026-08-26T15:48:54.341Z,EconomicCalendar/raw/myfxbook/myfxbook_consensus_history.json,1538055386838d8ec50ab9cce40153f69aa8bf841c2ae50f67751b2c465432cb,4,103
GDP,GDP,-2050894417,2022-01-27,6.9,5.5,1,1,unique_populated,1,,myfxbook,calendar-chart-years-back.json,20,2026-08-26T15:48:54.341Z,EconomicCalendar/raw/myfxbook/myfxbook_consensus_history.json,1538055386838d8ec50ab9cce40153f69aa8bf841c2ae50f67751b2c465432cb,4,104
GDP,GDP,-2050894417,2022-02-24,7.0,7.0,1,1,unique_populated,1,,myfxbook,calendar-chart-years-back.json,20,2026-08-26T15:48:54.341Z,EconomicCalendar/raw/myfxbook/myfxbook_consensus_history.json,1538055386838d8ec50ab9cce40153f69aa8bf841c2ae50f67751b2c465432cb,4,105
GDP,GDP,-2050894417,2022-03-30,6.9,7.1,1,1,unique_populated,1,,myfxbook,calendar-chart-years-back.json,20,2026-08-26T15:48:54.341Z,EconomicCalendar/raw/myfxbook/myfxbook_consensus_history.json,1538055386838d8ec50ab9cce40153f69aa8bf841c2ae50f67751b2c465432cb,4,106
GDP,GDP,-2050894417,2022-04-28,-1.4,1.1,1,1,unique_populated,1,,myfxbook,calendar-chart-years-back.json,20,2026-08-26T15:48:54.341Z,EconomicCalendar/raw/myfxbook/myfxbook_consensus_history.json,1538055386838d8ec50ab9cce40153f69aa8bf841c2ae50f67751b2c465432cb,4,107
GDP,GDP,-2050894417,2022-05-26,-1.5,-1.3,1,1,unique_populated,1,,myfxbook,calendar-chart-years-back.json,20,2026-08-26T15:48:54.341Z,EconomicCalendar/raw/myfxbook/myfxbook_consensus_history.json,1538055386838d8ec50ab9cce40153f69aa8bf841c2ae50f67751b2c465432cb,4,108
GDP,GDP,-2050894417,2022-06-29,-1.6,-1.5,1,1,unique_populated,1,,myfxbook,calendar-chart-years-back.json,20,2026-08-26T15:48:54.341Z,EconomicCalendar/raw/myfxbook/myfxbook_consensus_history.json,1538055386838d8ec50ab9cce40153f69aa8bf841c2ae50f67751b2c465432cb,4,109
GDP,GDP,-2050894417,2022-07-28,-0.9,0.5,1,1,unique_populated,1,,myfxbook,calendar-chart-years-back.json,20,2026-08-26T15:48:54.341Z,EconomicCalendar/raw/myfxbook/myfxbook_consensus_history.json,1538055386838d8ec50ab9cce40153f69aa8bf841c2ae50f67751b2c465432cb,4,110
GDP,GDP,-2050894417,2022-08-25,-0.6,-0.8,1,1,unique_populated,1,,myfxbook,calendar-chart-years-back.json,20,2026-08-26T15:48:54.341Z,EconomicCalendar/raw/myfxbook/myfxbook_consensus_history.json,1538055386838d8ec50ab9cce40153f69aa8bf841c2ae50f67751b2c465432cb,4,111
GDP,GDP,-2050894417,2022-09-29,-0.6,-0.6,1,1,unique_populated,1,,myfxbook,calendar-chart-years-back.json,20,2026-08-26T15:48:54.341Z,EconomicCalendar/raw/myfxbook/myfxbook_consensus_history.json,1538055386838d8ec50ab9cce40153f69aa8bf841c2ae50f67751b2c465432cb,4,112
GDP,GDP,-2050894417,2022-10-27,2.6,2.4,1,1,unique_populated,1,,myfxbook,calendar-chart-years-back.json,20,2026-08-26T15:48:54.341Z,EconomicCalendar/raw/myfxbook/myfxbook_consensus_history.json,1538055386838d8ec50ab9cce40153f69aa8bf841c2ae50f67751b2c465432cb,4,113
GDP,GDP,-2050894417,2022-11-30,2.9,2.7,1,1,unique_populated,1,,myfxbook,calendar-chart-years-back.json,20,2026-08-26T15:48:54.341Z,EconomicCalendar/raw/myfxbook/myfxbook_consensus_history.json,1538055386838d8ec50ab9cce40153f69aa8bf841c2ae50f67751b2c465432cb,4,114
GDP,GDP,-2050894417,2022-12-22,3.2,2.9,1,1,unique_populated,1,,myfxbook,calendar-chart-years-back.json,20,2026-08-26T15:48:54.341Z,EconomicCalendar/raw/myfxbook/myfxbook_consensus_history.json,1538055386838d8ec50ab9cce40153f69aa8bf841c2ae50f67751b2c465432cb,4,115
GDP,GDP,-2050894417,2023-01-26,2.9,2.6,1,1,unique_populated,1,,myfxbook,calendar-chart-years-back.json,20,2026-08-26T15:48:54.341Z,EconomicCalendar/raw/myfxbook/myfxbook_consensus_history.json,1538055386838d8ec50ab9cce40153f69aa8bf841c2ae50f67751b2c465432cb,4,116
GDP,GDP,-2050894417,2023-02-23,2.7,2.9,1,1,unique_populated,1,,myfxbook,calendar-chart-years-back.json,20,2026-08-26T15:48:54.341Z,EconomicCalendar/raw/myfxbook/myfxbook_consensus_history.json,1538055386838d8ec50ab9cce40153f69aa8bf841c2ae50f67751b2c465432cb,4,117
GDP,GDP,-2050894417,2023-03-30,2.6,2.7,1,1,unique_populated,1,,myfxbook,calendar-chart-years-back.json,20,2026-08-26T15:48:54.341Z,EconomicCalendar/raw/myfxbook/myfxbook_consensus_history.json,1538055386838d8ec50ab9cce40153f69aa8bf841c2ae50f67751b2c465432cb,4,118
GDP,GDP,-2050894417,2023-04-27,1.1,2.0,1,1,unique_populated,1,,myfxbook,calendar-chart-years-back.json,20,2026-08-26T15:48:54.341Z,EconomicCalendar/raw/myfxbook/myfxbook_consensus_history.json,1538055386838d8ec50ab9cce40153f69aa8bf841c2ae50f67751b2c465432cb,4,119
GDP,GDP,-2050894417,2023-05-25,1.3,1.1,1,1,unique_populated,1,,myfxbook,calendar-chart-years-back.json,20,2026-08-26T15:48:54.341Z,EconomicCalendar/raw/myfxbook/myfxbook_consensus_history.json,1538055386838d8ec50ab9cce40153f69aa8bf841c2ae50f67751b2c465432cb,4,120
GDP,GDP,-2050894417,2023-06-29,2.0,1.4,1,1,unique_populated,1,,myfxbook,calendar-chart-years-back.json,20,2026-08-26T15:48:54.341Z,EconomicCalendar/raw/myfxbook/myfxbook_consensus_history.json,1538055386838d8ec50ab9cce40153f69aa8bf841c2ae50f67751b2c465432cb,4,121
GDP,GDP,-2050894417,2023-07-27,2.4,1.8,1,1,unique_populated,1,,myfxbook,calendar-chart-years-back.json,20,2026-08-26T15:48:54.341Z,EconomicCalendar/raw/myfxbook/myfxbook_consensus_history.json,1538055386838d8ec50ab9cce40153f69aa8bf841c2ae50f67751b2c465432cb,4,122
GDP,GDP,-2050894417,2023-08-30,2.1,2.4,1,1,unique_populated,1,,myfxbook,calendar-chart-years-back.json,20,2026-08-26T15:48:54.341Z,EconomicCalendar/raw/myfxbook/myfxbook_consensus_history.json,1538055386838d8ec50ab9cce40153f69aa8bf841c2ae50f67751b2c465432cb,4,123
GDP,GDP,-2050894417,2023-09-28,2.1,2.1,1,1,unique_populated,1,,myfxbook,calendar-chart-years-back.json,20,2026-08-26T15:48:54.341Z,EconomicCalendar/raw/myfxbook/myfxbook_consensus_history.json,1538055386838d8ec50ab9cce40153f69aa8bf841c2ae50f67751b2c465432cb,4,124
GDP,GDP,-2050894417,2023-10-26,4.9,4.3,1,1,unique_populated,1,,myfxbook,calendar-chart-years-back.json,20,2026-08-26T15:48:54.341Z,EconomicCalendar/raw/myfxbook/myfxbook_consensus_history.json,1538055386838d8ec50ab9cce40153f69aa8bf841c2ae50f67751b2c465432cb,4,125
GDP,GDP,-2050894417,2023-11-29,5.2,5.0,1,1,unique_populated,1,,myfxbook,calendar-chart-years-back.json,20,2026-08-26T15:48:54.341Z,EconomicCalendar/raw/myfxbook/myfxbook_consensus_history.json,1538055386838d8ec50ab9cce40153f69aa8bf841c2ae50f67751b2c465432cb,4,126
GDP,GDP,-2050894417,2023-12-21,4.9,5.2,1,1,unique_populated,1,,myfxbook,calendar-chart-years-back.json,20,2026-08-26T15:48:54.341Z,EconomicCalendar/raw/myfxbook/myfxbook_consensus_history.json,1538055386838d8ec50ab9cce40153f69aa8bf841c2ae50f67751b2c465432cb,4,127
GDP,GDP,-2050894417,2024-01-25,3.3,2.0,1,1,unique_populated,1,,myfxbook,calendar-chart-years-back.json,20,2026-08-26T15:48:54.341Z,EconomicCalendar/raw/myfxbook/myfxbook_consensus_history.json,1538055386838d8ec50ab9cce40153f69aa8bf841c2ae50f67751b2c465432cb,4,128
GDP,GDP,-2050894417,2024-02-28,3.2,3.3,1,1,unique_populated,1,,myfxbook,calendar-chart-years-back.json,20,2026-08-26T15:48:54.341Z,EconomicCalendar/raw/myfxbook/myfxbook_consensus_history.json,1538055386838d8ec50ab9cce40153f69aa8bf841c2ae50f67751b2c465432cb,4,129
GDP,GDP,-2050894417,2024-03-28,3.4,3.2,1,1,unique_populated,1,,myfxbook,calendar-chart-years-back.json,20,2026-08-26T15:48:54.341Z,EconomicCalendar/raw/myfxbook/myfxbook_consensus_history.json,1538055386838d8ec50ab9cce40153f69aa8bf841c2ae50f67751b2c465432cb,4,130
GDP,GDP,-2050894417,2024-04-25,1.6,2.5,1,1,unique_populated,1,,myfxbook,calendar-chart-years-back.json,20,2026-08-26T15:48:54.341Z,EconomicCalendar/raw/myfxbook/myfxbook_consensus_history.json,1538055386838d8ec50ab9cce40153f69aa8bf841c2ae50f67751b2c465432cb,4,131
GDP,GDP,-2050894417,2024-05-30,1.3,1.3,1,1,unique_populated,1,,myfxbook,calendar-chart-years-back.json,20,2026-08-26T15:48:54.341Z,EconomicCalendar/raw/myfxbook/myfxbook_consensus_history.json,1538055386838d8ec50ab9cce40153f69aa8bf841c2ae50f67751b2c465432cb,4,132
GDP,GDP,-2050894417,2024-06-27,1.4,1.4,1,1,unique_populated,1,,myfxbook,calendar-chart-years-back.json,20,2026-08-26T15:48:54.341Z,EconomicCalendar/raw/myfxbook/myfxbook_consensus_history.json,1538055386838d8ec50ab9cce40153f69aa8bf841c2ae50f67751b2c465432cb,4,133
GDP,GDP,-2050894417,2024-07-25,2.8,2.0,1,1,unique_populated,1,,myfxbook,calendar-chart-years-back.json,20,2026-08-26T15:48:54.341Z,EconomicCalendar/raw/myfxbook/myfxbook_consensus_history.json,1538055386838d8ec50ab9cce40153f69aa8bf841c2ae50f67751b2c465432cb,4,134
GDP,GDP,-2050894417,2024-08-29,3.0,2.8,1,1,unique_populated,1,,myfxbook,calendar-chart-years-back.json,20,2026-08-26T15:48:54.341Z,EconomicCalendar/raw/myfxbook/myfxbook_consensus_history.json,1538055386838d8ec50ab9cce40153f69aa8bf841c2ae50f67751b2c465432cb,4,135
GDP,GDP,-2050894417,2024-09-26,3.0,3.0,1,1,unique_populated,1,,myfxbook,calendar-chart-years-back.json,20,2026-08-26T15:48:54.341Z,EconomicCalendar/raw/myfxbook/myfxbook_consensus_history.json,1538055386838d8ec50ab9cce40153f69aa8bf841c2ae50f67751b2c465432cb,4,136
GDP,GDP,-2050894417,2024-10-30,2.8,3.0,1,1,unique_populated,1,,myfxbook,calendar-chart-years-back.json,20,2026-08-26T15:48:54.341Z,EconomicCalendar/raw/myfxbook/myfxbook_consensus_history.json,1538055386838d8ec50ab9cce40153f69aa8bf841c2ae50f67751b2c465432cb,4,137
GDP,GDP,-2050894417,2024-11-27,2.8,2.8,1,1,unique_populated,1,,myfxbook,calendar-chart-years-back.json,20,2026-08-26T15:48:54.341Z,EconomicCalendar/raw/myfxbook/myfxbook_consensus_history.json,1538055386838d8ec50ab9cce40153f69aa8bf841c2ae50f67751b2c465432cb,4,138
GDP,GDP,-2050894417,2024-12-19,3.1,2.8,1,1,unique_populated,1,,myfxbook,calendar-chart-years-back.json,20,2026-08-26T15:48:54.341Z,EconomicCalendar/raw/myfxbook/myfxbook_consensus_history.json,1538055386838d8ec50ab9cce40153f69aa8bf841c2ae50f67751b2c465432cb,4,139
GDP,GDP,-2050894417,2025-01-30,2.3,2.6,1,1,unique_populated,1,,myfxbook,calendar-chart-years-back.json,20,2026-08-26T15:48:54.341Z,EconomicCalendar/raw/myfxbook/myfxbook_consensus_history.json,1538055386838d8ec50ab9cce40153f69aa8bf841c2ae50f67751b2c465432cb,4,140
GDP,GDP,-2050894417,2025-02-27,2.3,2.3,1,1,unique_populated,1,,myfxbook,calendar-chart-years-back.json,20,2026-08-26T15:48:54.341Z,EconomicCalendar/raw/myfxbook/myfxbook_consensus_history.json,1538055386838d8ec50ab9cce40153f69aa8bf841c2ae50f67751b2c465432cb,4,141
GDP,GDP,-2050894417,2025-03-27,2.4,2.3,1,1,unique_populated,1,,myfxbook,calendar-chart-years-back.json,20,2026-08-26T15:48:54.341Z,EconomicCalendar/raw/myfxbook/myfxbook_consensus_history.json,1538055386838d8ec50ab9cce40153f69aa8bf841c2ae50f67751b2c465432cb,4,142
GDP,GDP,-2050894417,2025-04-30,-0.3,0.3,1,1,unique_populated,1,,myfxbook,calendar-chart-years-back.json,20,2026-08-26T15:48:54.341Z,EconomicCalendar/raw/myfxbook/myfxbook_consensus_history.json,1538055386838d8ec50ab9cce40153f69aa8bf841c2ae50f67751b2c465432cb,4,143
GDP,GDP,-2050894417,2025-05-29,-0.2,-0.3,1,1,unique_populated,1,,myfxbook,calendar-chart-years-back.json,20,2026-08-26T15:48:54.341Z,EconomicCalendar/raw/myfxbook/myfxbook_consensus_history.json,1538055386838d8ec50ab9cce40153f69aa8bf841c2ae50f67751b2c465432cb,4,144
GDP,GDP,-2050894417,2025-06-26,-0.5,-0.2,1,1,unique_populated,1,,myfxbook,calendar-chart-years-back.json,20,2026-08-26T15:48:54.341Z,EconomicCalendar/raw/myfxbook/myfxbook_consensus_history.json,1538055386838d8ec50ab9cce40153f69aa8bf841c2ae50f67751b2c465432cb,4,145
GDP,GDP,-2050894417,2025-07-30,3.0,2.4,1,1,unique_populated,1,,myfxbook,calendar-chart-years-back.json,20,2026-08-26T15:48:54.341Z,EconomicCalendar/raw/myfxbook/myfxbook_consensus_history.json,1538055386838d8ec50ab9cce40153f69aa8bf841c2ae50f67751b2c465432cb,4,146
GDP,GDP,-2050894417,2025-08-28,3.3,3.1,1,1,unique_populated,1,,myfxbook,calendar-chart-years-back.json,20,2026-08-26T15:48:54.341Z,EconomicCalendar/raw/myfxbook/myfxbook_consensus_history.json,1538055386838d8ec50ab9cce40153f69aa8bf841c2ae50f67751b2c465432cb,4,147
GDP,GDP,-2050894417,2025-09-25,3.8,3.3,1,1,unique_populated,1,,myfxbook,calendar-chart-years-back.json,20,2026-08-26T15:48:54.341Z,EconomicCalendar/raw/myfxbook/myfxbook_consensus_history.json,1538055386838d8ec50ab9cce40153f69aa8bf841c2ae50f67751b2c465432cb,4,148
GDP,GDP,-2050894417,2025-12-23,4.3,3.3,1,1,unique_populated,1,,myfxbook,calendar-chart-years-back.json,20,2026-08-26T15:48:54.341Z,EconomicCalendar/raw/myfxbook/myfxbook_consensus_history.json,1538055386838d8ec50ab9cce40153f69aa8bf841c2ae50f67751b2c465432cb,4,149
GDP,GDP,-2050894417,2026-01-22,4.4,4.3,1,1,unique_populated,1,,myfxbook,calendar-chart-years-back.json,20,2026-08-26T15:48:54.341Z,EconomicCalendar/raw/myfxbook/myfxbook_consensus_history.json,1538055386838d8ec50ab9cce40153f69aa8bf841c2ae50f67751b2c465432cb,4,150
GDP,GDP,-2050894417,2026-02-20,1.4,3.0,1,1,unique_populated,1,,myfxbook,calendar-chart-years-back.json,20,2026-08-26T15:48:54.341Z,EconomicCalendar/raw/myfxbook/myfxbook_consensus_history.json,1538055386838d8ec50ab9cce40153f69aa8bf841c2ae50f67751b2c465432cb,4,151
GDP,GDP,-2050894417,2026-03-13,0.7,1.4,1,1,unique_populated,1,,myfxbook,calendar-chart-years-back.json,20,2026-08-26T15:48:54.341Z,EconomicCalendar/raw/myfxbook/myfxbook_consensus_history.json,1538055386838d8ec50ab9cce40153f69aa8bf841c2ae50f67751b2c465432cb,4,152
GDP,GDP,-2050894417,2026-04-09,0.5,0.7,1,1,unique_populated,1,,myfxbook,calendar-chart-years-back.json,20,2026-08-26T15:48:54.341Z,EconomicCalendar/raw/myfxbook/myfxbook_consensus_history.json,1538055386838d8ec50ab9cce40153f69aa8bf841c2ae50f67751b2c465432cb,4,153
GDP,GDP,-2050894417,2026-04-30,2.0,2.3,1,1,unique_populated,1,,myfxbook,calendar-chart-years-back.json,20,2026-08-26T15:48:54.341Z,EconomicCalendar/raw/myfxbook/myfxbook_consensus_history.json,1538055386838d8ec50ab9cce40153f69aa8bf841c2ae50f67751b2c465432cb,4,154
GDP,GDP,-2050894417,2026-05-28,1.6,2.0,1,1,unique_populated,1,,myfxbook,calendar-chart-years-back.json,20,2026-08-26T15:48:54.341Z,EconomicCalendar/raw/myfxbook/myfxbook_consensus_history.json,1538055386838d8ec50ab9cce40153f69aa8bf841c2ae50f67751b2c465432cb,4,155
GDP,GDP,-2050894417,2026-06-25,2.1,1.6,1,1,unique_populated,1,,myfxbook,calendar-chart-years-back.json,20,2026-08-26T15:48:54.341Z,EconomicCalendar/raw/myfxbook/myfxbook_consensus_history.json,1538055386838d8ec50ab9cce40153f69aa8bf841c2ae50f67751b2c465432cb,4,156
GDP,GDP,-2050894417,2026-07-30,1.5,2.1,1,1,unique_populated,1,,myfxbook,calendar-chart-years-back.json,20,2026-08-26T15:48:54.341Z,EconomicCalendar/raw/myfxbook/myfxbook_consensus_history.json,1538055386838d8ec50ab9cce40153f69aa8bf841c2ae50f67751b2c465432cb,4,157
GDP,GDP,-2050894417,2026-08-26,1.5,1.5,1,1,unique_populated,1,,myfxbook,calendar-chart-years-back.json,20,2026-08-26T15:48:54.341Z,EconomicCalendar/raw/myfxbook/myfxbook_consensus_history.json,1538055386838d8ec50ab9cce40153f69aa8bf841c2ae50f67751b2c465432cb,4,158
JOLTS,JOLTS,906938645,2014-07-08,4640000,4530000,1,1,unique_populated,1,,myfxbook,calendar-chart-years-back.json,20,2026-08-26T15:48:54.341Z,EconomicCalendar/raw/myfxbook/myfxbook_consensus_history.json,1538055386838d8ec50ab9cce40153f69aa8bf841c2ae50f67751b2c465432cb,9,1
JOLTS,JOLTS,906938645,2014-08-12,4670000,4740000,1,1,unique_populated,1,,myfxbook,calendar-chart-years-back.json,20,2026-08-26T15:48:54.341Z,EconomicCalendar/raw/myfxbook/myfxbook_consensus_history.json,1538055386838d8ec50ab9cce40153f69aa8bf841c2ae50f67751b2c465432cb,9,2
JOLTS,JOLTS,906938645,2014-09-09,4673000,4720000,1,1,unique_populated,1,,myfxbook,calendar-chart-years-back.json,20,2026-08-26T15:48:54.341Z,EconomicCalendar/raw/myfxbook/myfxbook_consensus_history.json,1538055386838d8ec50ab9cce40153f69aa8bf841c2ae50f67751b2c465432cb,9,3
JOLTS,JOLTS,906938645,2014-10-07,4835000,4710000,1,1,unique_populated,1,,myfxbook,calendar-chart-years-back.json,20,2026-08-26T15:48:54.341Z,EconomicCalendar/raw/myfxbook/myfxbook_consensus_history.json,1538055386838d8ec50ab9cce40153f69aa8bf841c2ae50f67751b2c465432cb,9,4
JOLTS,JOLTS,906938645,2014-11-13,4735000,4820000,1,1,unique_populated,1,,myfxbook,calendar-chart-years-back.json,20,2026-08-26T15:48:54.341Z,EconomicCalendar/raw/myfxbook/myfxbook_consensus_history.json,1538055386838d8ec50ab9cce40153f69aa8bf841c2ae50f67751b2c465432cb,9,5
JOLTS,JOLTS,906938645,2014-12-09,4834000,4790000,1,1,unique_populated,1,,myfxbook,calendar-chart-years-back.json,20,2026-08-26T15:48:54.341Z,EconomicCalendar/raw/myfxbook/myfxbook_consensus_history.json,1538055386838d8ec50ab9cce40153f69aa8bf841c2ae50f67751b2c465432cb,9,6
JOLTS,JOLTS,906938645,2015-01-13,4972000,4863000,1,1,unique_populated,1,,myfxbook,calendar-chart-years-back.json,20,2026-08-26T15:48:54.341Z,EconomicCalendar/raw/myfxbook/myfxbook_consensus_history.json,1538055386838d8ec50ab9cce40153f69aa8bf841c2ae50f67751b2c465432cb,9,7
JOLTS,JOLTS,906938645,2015-02-10,5028000,4990000,1,1,unique_populated,1,,myfxbook,calendar-chart-years-back.json,20,2026-08-26T15:48:54.341Z,EconomicCalendar/raw/myfxbook/myfxbook_consensus_history.json,1538055386838d8ec50ab9cce40153f69aa8bf841c2ae50f67751b2c465432cb,9,8
JOLTS,JOLTS,906938645,2015-03-10,4998000,5052000,1,1,unique_populated,1,,myfxbook,calendar-chart-years-back.json,20,2026-08-26T15:48:54.341Z,EconomicCalendar/raw/myfxbook/myfxbook_consensus_history.json,1538055386838d8ec50ab9cce40153f69aa8bf841c2ae50f67751b2c465432cb,9,9
JOLTS,JOLTS,906938645,2015-04-07,5133000,5010000,1,1,unique_populated,1,,myfxbook,calendar-chart-years-back.json,20,2026-08-26T15:48:54.341Z,EconomicCalendar/raw/myfxbook/myfxbook_consensus_history.json,1538055386838d8ec50ab9cce40153f69aa8bf841c2ae50f67751b2c465432cb,9,10
JOLTS,JOLTS,906938645,2015-05-12,4994000,5085000,1,1,unique_populated,1,,myfxbook,calendar-chart-years-back.json,20,2026-08-26T15:48:54.341Z,EconomicCalendar/raw/myfxbook/myfxbook_consensus_history.json,1538055386838d8ec50ab9cce40153f69aa8bf841c2ae50f67751b2c465432cb,9,11
JOLTS,JOLTS,906938645,2015-06-09,5376000,5100000,1,1,unique_populated,1,,myfxbook,calendar-chart-years-back.json,20,2026-08-26T15:48:54.341Z,EconomicCalendar/raw/myfxbook/myfxbook_consensus_history.json,1538055386838d8ec50ab9cce40153f69aa8bf841c2ae50f67751b2c465432cb,9,12
JOLTS,JOLTS,906938645,2015-07-07,5363000,5350000,1,1,unique_populated,1,,myfxbook,calendar-chart-years-back.json,20,2026-08-26T15:48:54.341Z,EconomicCalendar/raw/myfxbook/myfxbook_consensus_history.json,1538055386838d8ec50ab9cce40153f69aa8bf841c2ae50f67751b2c465432cb,9,13
JOLTS,JOLTS,906938645,2015-08-12,5249000,5300000,1,1,unique_populated,1,,myfxbook,calendar-chart-years-back.json,20,2026-08-26T15:48:54.341Z,EconomicCalendar/raw/myfxbook/myfxbook_consensus_history.json,1538055386838d8ec50ab9cce40153f69aa8bf841c2ae50f67751b2c465432cb,9,14
JOLTS,JOLTS,906938645,2015-09-09,5753000,5288000,1,1,unique_populated,1,,myfxbook,calendar-chart-years-back.json,20,2026-08-26T15:48:54.341Z,EconomicCalendar/raw/myfxbook/myfxbook_consensus_history.json,1538055386838d8ec50ab9cce40153f69aa8bf841c2ae50f67751b2c465432cb,9,15
JOLTS,JOLTS,906938645,2015-10-16,5370000,5625000,1,1,unique_populated,1,,myfxbook,calendar-chart-years-back.json,20,2026-08-26T15:48:54.341Z,EconomicCalendar/raw/myfxbook/myfxbook_consensus_history.json,1538055386838d8ec50ab9cce40153f69aa8bf841c2ae50f67751b2c465432cb,9,16
JOLTS,JOLTS,906938645,2015-11-12,5526000,5370000,1,1,unique_populated,1,,myfxbook,calendar-chart-years-back.json,20,2026-08-26T15:48:54.341Z,EconomicCalendar/raw/myfxbook/myfxbook_consensus_history.json,1538055386838d8ec50ab9cce40153f69aa8bf841c2ae50f67751b2c465432cb,9,17
JOLTS,JOLTS,906938645,2015-12-08,5383000,5550000,1,1,unique_populated,1,,myfxbook,calendar-chart-years-back.json,20,2026-08-26T15:48:54.341Z,EconomicCalendar/raw/myfxbook/myfxbook_consensus_history.json,1538055386838d8ec50ab9cce40153f69aa8bf841c2ae50f67751b2c465432cb,9,18
JOLTS,JOLTS,906938645,2016-01-12,5431000,5410000,1,1,unique_populated,1,,myfxbook,calendar-chart-years-back.json,20,2026-08-26T15:48:54.341Z,EconomicCalendar/raw/myfxbook/myfxbook_consensus_history.json,1538055386838d8ec50ab9cce40153f69aa8bf841c2ae50f67751b2c465432cb,9,19
JOLTS,JOLTS,906938645,2016-02-09,5607000,5400000,1,1,unique_populated,1,,myfxbook,calendar-chart-years-back.json,20,2026-08-26T15:48:54.341Z,EconomicCalendar/raw/myfxbook/myfxbook_consensus_history.json,1538055386838d8ec50ab9cce40153f69aa8bf841c2ae50f67751b2c465432cb,9,20
JOLTS,JOLTS,906938645,2016-03-17,5541000,5500000,1,1,unique_populated,1,,myfxbook,calendar-chart-years-back.json,20,2026-08-26T15:48:54.341Z,EconomicCalendar/raw/myfxbook/myfxbook_consensus_history.json,1538055386838d8ec50ab9cce40153f69aa8bf841c2ae50f67751b2c465432cb,9,21
JOLTS,JOLTS,906938645,2016-04-05,5445000,5500000,1,1,unique_populated,1,,myfxbook,calendar-chart-years-back.json,20,2026-08-26T15:48:54.341Z,EconomicCalendar/raw/myfxbook/myfxbook_consensus_history.json,1538055386838d8ec50ab9cce40153f69aa8bf841c2ae50f67751b2c465432cb,9,22
JOLTS,JOLTS,906938645,2016-05-10,5757000,5412000,1,1,unique_populated,1,,myfxbook,calendar-chart-years-back.json,20,2026-08-26T15:48:54.341Z,EconomicCalendar/raw/myfxbook/myfxbook_consensus_history.json,1538055386838d8ec50ab9cce40153f69aa8bf841c2ae50f67751b2c465432cb,9,23
JOLTS,JOLTS,906938645,2016-06-08,5788000,5672000,1,1,unique_populated,1,,myfxbook,calendar-chart-years-back.json,20,2026-08-26T15:48:54.341Z,EconomicCalendar/raw/myfxbook/myfxbook_consensus_history.json,1538055386838d8ec50ab9cce40153f69aa8bf841c2ae50f67751b2c465432cb,9,24
JOLTS,JOLTS,906938645,2016-07-12,5500000,5700000,1,1,unique_populated,1,,myfxbook,calendar-chart-years-back.json,20,2026-08-26T15:48:54.341Z,EconomicCalendar/raw/myfxbook/myfxbook_consensus_history.json,1538055386838d8ec50ab9cce40153f69aa8bf841c2ae50f67751b2c465432cb,9,25
JOLTS,JOLTS,906938645,2016-08-10,5624000,5570000,1,1,unique_populated,1,,myfxbook,calendar-chart-years-back.json,20,2026-08-26T15:48:54.341Z,EconomicCalendar/raw/myfxbook/myfxbook_consensus_history.json,1538055386838d8ec50ab9cce40153f69aa8bf841c2ae50f67751b2c465432cb,9,26
JOLTS,JOLTS,906938645,2016-09-07,5871000,5580000,1,1,unique_populated,1,,myfxbook,calendar-chart-years-back.json,20,2026-08-26T15:48:54.341Z,EconomicCalendar/raw/myfxbook/myfxbook_consensus_history.json,1538055386838d8ec50ab9cce40153f69aa8bf841c2ae50f67751b2c465432cb,9,27
JOLTS,JOLTS,906938645,2016-10-12,5443000,5720000,1,1,unique_populated,1,,myfxbook,calendar-chart-years-back.json,20,2026-08-26T15:48:54.341Z,EconomicCalendar/raw/myfxbook/myfxbook_consensus_history.json,1538055386838d8ec50ab9cce40153f69aa8bf841c2ae50f67751b2c465432cb,9,28
JOLTS,JOLTS,906938645,2016-11-08,5486000,5508000,1,1,unique_populated,1,,myfxbook,calendar-chart-years-back.json,20,2026-08-26T15:48:54.341Z,EconomicCalendar/raw/myfxbook/myfxbook_consensus_history.json,1538055386838d8ec50ab9cce40153f69aa8bf841c2ae50f67751b2c465432cb,9,29
JOLTS,JOLTS,906938645,2016-12-07,5534000,5500000,1,1,unique_populated,1,,myfxbook,calendar-chart-years-back.json,20,2026-08-26T15:48:54.341Z,EconomicCalendar/raw/myfxbook/myfxbook_consensus_history.json,1538055386838d8ec50ab9cce40153f69aa8bf841c2ae50f67751b2c465432cb,9,30
JOLTS,JOLTS,906938645,2017-01-10,5522000,6090000,1,1,unique_populated,1,,myfxbook,calendar-chart-years-back.json,20,2026-08-26T15:48:54.341Z,EconomicCalendar/raw/myfxbook/myfxbook_consensus_history.json,1538055386838d8ec50ab9cce40153f69aa8bf841c2ae50f67751b2c465432cb,9,31
JOLTS,JOLTS,906938645,2017-02-07,5501000,5568000,1,1,unique_populated,1,,myfxbook,calendar-chart-years-back.json,20,2026-08-26T15:48:54.341Z,EconomicCalendar/raw/myfxbook/myfxbook_consensus_history.json,1538055386838d8ec50ab9cce40153f69aa8bf841c2ae50f67751b2c465432cb,9,32
JOLTS,JOLTS,906938645,2017-03-16,5626000,5450000,1,1,unique_populated,1,,myfxbook,calendar-chart-years-back.json,20,2026-08-26T15:48:54.341Z,EconomicCalendar/raw/myfxbook/myfxbook_consensus_history.json,1538055386838d8ec50ab9cce40153f69aa8bf841c2ae50f67751b2c465432cb,9,33
JOLTS,JOLTS,906938645,2017-04-11,5743000,5655000,1,1,unique_populated,1,,myfxbook,calendar-chart-years-back.json,20,2026-08-26T15:48:54.341Z,EconomicCalendar/raw/myfxbook/myfxbook_consensus_history.json,1538055386838d8ec50ab9cce40153f69aa8bf841c2ae50f67751b2c465432cb,9,34
JOLTS,JOLTS,906938645,2017-05-09,5743000,5670000,1,1,unique_populated,1,,myfxbook,calendar-chart-years-back.json,20,2026-08-26T15:48:54.341Z,EconomicCalendar/raw/myfxbook/myfxbook_consensus_history.json,1538055386838d8ec50ab9cce40153f69aa8bf841c2ae50f67751b2c465432cb,9,35
JOLTS,JOLTS,906938645,2017-06-06,6044000,5650000,1,1,unique_populated,1,,myfxbook,calendar-chart-years-back.json,20,2026-08-26T15:48:54.341Z,EconomicCalendar/raw/myfxbook/myfxbook_consensus_history.json,1538055386838d8ec50ab9cce40153f69aa8bf841c2ae50f67751b2c465432cb,9,36
JOLTS,JOLTS,906938645,2017-07-11,5666000,5950000,1,1,unique_populated,1,,myfxbook,calendar-chart-years-back.json,20,2026-08-26T15:48:54.341Z,EconomicCalendar/raw/myfxbook/myfxbook_consensus_history.json,1538055386838d8ec50ab9cce40153f69aa8bf841c2ae50f67751b2c465432cb,9,37
JOLTS,JOLTS,906938645,2017-08-08,6163000,5600000,1,1,unique_populated,1,,myfxbook,calendar-chart-years-back.json,20,2026-08-26T15:48:54.341Z,EconomicCalendar/raw/myfxbook/myfxbook_consensus_history.json,1538055386838d8ec50ab9cce40153f69aa8bf841c2ae50f67751b2c465432cb,9,38
JOLTS,JOLTS,906938645,2017-09-12,6170000,5960000,1,1,unique_populated,1,,myfxbook,calendar-chart-years-back.json,20,2026-08-26T15:48:54.341Z,EconomicCalendar/raw/myfxbook/myfxbook_consensus_history.json,1538055386838d8ec50ab9cce40153f69aa8bf841c2ae50f67751b2c465432cb,9,39
JOLTS,JOLTS,906938645,2017-10-11,6082000,6125000,1,1,unique_populated,1,,myfxbook,calendar-chart-years-back.json,20,2026-08-26T15:48:54.341Z,EconomicCalendar/raw/myfxbook/myfxbook_consensus_history.json,1538055386838d8ec50ab9cce40153f69aa8bf841c2ae50f67751b2c465432cb,9,40
JOLTS,JOLTS,906938645,2017-11-07,6093000,6091000,1,1,unique_populated,1,,myfxbook,calendar-chart-years-back.json,20,2026-08-26T15:48:54.341Z,EconomicCalendar/raw/myfxbook/myfxbook_consensus_history.json,1538055386838d8ec50ab9cce40153f69aa8bf841c2ae50f67751b2c465432cb,9,41
JOLTS,JOLTS,906938645,2017-12-11,5996000,6090000,1,1,unique_populated,1,,myfxbook,calendar-chart-years-back.json,20,2026-08-26T15:48:54.341Z,EconomicCalendar/raw/myfxbook/myfxbook_consensus_history.json,1538055386838d8ec50ab9cce40153f69aa8bf841c2ae50f67751b2c465432cb,9,42
JOLTS,JOLTS,906938645,2018-01-09,5879000,6038000,1,1,unique_populated,1,,myfxbook,calendar-chart-years-back.json,20,2026-08-26T15:48:54.341Z,EconomicCalendar/raw/myfxbook/myfxbook_consensus_history.json,1538055386838d8ec50ab9cce40153f69aa8bf841c2ae50f67751b2c465432cb,9,43
JOLTS,JOLTS,906938645,2018-02-06,5811000,5900000,1,1,unique_populated,1,,myfxbook,calendar-chart-years-back.json,20,2026-08-26T15:48:54.341Z,EconomicCalendar/raw/myfxbook/myfxbook_consensus_history.json,1538055386838d8ec50ab9cce40153f69aa8bf841c2ae50f67751b2c465432cb,9,44
JOLTS,JOLTS,906938645,2018-03-16,6312000,5890000,1,1,unique_populated,1,,myfxbook,calendar-chart-years-back.json,20,2026-08-26T15:48:54.341Z,EconomicCalendar/raw/myfxbook/myfxbook_consensus_history.json,1538055386838d8ec50ab9cce40153f69aa8bf841c2ae50f67751b2c465432cb,9,45
JOLTS,JOLTS,906938645,2018-04-13,6052000,6173000,1,1,unique_populated,1,,myfxbook,calendar-chart-years-back.json,20,2026-08-26T15:48:54.341Z,EconomicCalendar/raw/myfxbook/myfxbook_consensus_history.json,1538055386838d8ec50ab9cce40153f69aa8bf841c2ae50f67751b2c465432cb,9,46
JOLTS,JOLTS,906938645,2018-05-08,6550000,6101000,1,1,unique_populated,1,,myfxbook,calendar-chart-years-back.json,20,2026-08-26T15:48:54.341Z,EconomicCalendar/raw/myfxbook/myfxbook_consensus_history.json,1538055386838d8ec50ab9cce40153f69aa8bf841c2ae50f67751b2c465432cb,9,47
JOLTS,JOLTS,906938645,2018-06-05,6698000,6400000,1,1,unique_populated,1,,myfxbook,calendar-chart-years-back.json,20,2026-08-26T15:48:54.341Z,EconomicCalendar/raw/myfxbook/myfxbook_consensus_history.json,1538055386838d8ec50ab9cce40153f69aa8bf841c2ae50f67751b2c465432cb,9,48
JOLTS,JOLTS,906938645,2018-07-10,6638000,6583000,1,1,unique_populated,1,,myfxbook,calendar-chart-years-back.json,20,2026-08-26T15:48:54.341Z,EconomicCalendar/raw/myfxbook/myfxbook_consensus_history.json,1538055386838d8ec50ab9cce40153f69aa8bf841c2ae50f67751b2c465432cb,9,49
JOLTS,JOLTS,906938645,2018-08-07,6662000,6646000,1,1,unique_populated,1,,myfxbook,calendar-chart-years-back.json,20,2026-08-26T15:48:54.341Z,EconomicCalendar/raw/myfxbook/myfxbook_consensus_history.json,1538055386838d8ec50ab9cce40153f69aa8bf841c2ae50f67751b2c465432cb,9,50
JOLTS,JOLTS,906938645,2018-09-11,6939000,6680000,1,1,unique_populated,1,,myfxbook,calendar-chart-years-back.json,20,2026-08-26T15:48:54.341Z,EconomicCalendar/raw/myfxbook/myfxbook_consensus_history.json,1538055386838d8ec50ab9cce40153f69aa8bf841c2ae50f67751b2c465432cb,9,51
JOLTS,JOLTS,906938645,2018-10-16,7136000,6945000,1,1,unique_populated,1,,myfxbook,calendar-chart-years-back.json,20,2026-08-26T15:48:54.341Z,EconomicCalendar/raw/myfxbook/myfxbook_consensus_history.json,1538055386838d8ec50ab9cce40153f69aa8bf841c2ae50f67751b2c465432cb,9,52
JOLTS,JOLTS,906938645,2018-11-06,7009000,7100000,1,1,unique_populated,1,,myfxbook,calendar-chart-years-back.json,20,2026-08-26T15:48:54.341Z,EconomicCalendar/raw/myfxbook/myfxbook_consensus_history.json,1538055386838d8ec50ab9cce40153f69aa8bf841c2ae50f67751b2c465432cb,9,53
JOLTS,JOLTS,906938645,2018-12-10,7079000,6995000,1,1,unique_populated,1,,myfxbook,calendar-chart-years-back.json,20,2026-08-26T15:48:54.341Z,EconomicCalendar/raw/myfxbook/myfxbook_consensus_history.json,1538055386838d8ec50ab9cce40153f69aa8bf841c2ae50f67751b2c465432cb,9,54
JOLTS,JOLTS,906938645,2019-01-08,6888000,7063000,1,1,unique_populated,1,,myfxbook,calendar-chart-years-back.json,20,2026-08-26T15:48:54.341Z,EconomicCalendar/raw/myfxbook/myfxbook_consensus_history.json,1538055386838d8ec50ab9cce40153f69aa8bf841c2ae50f67751b2c465432cb,9,55
JOLTS,JOLTS,906938645,2019-02-12,7335000,6900000,1,1,unique_populated,1,,myfxbook,calendar-chart-years-back.json,20,2026-08-26T15:48:54.341Z,EconomicCalendar/raw/myfxbook/myfxbook_consensus_history.json,1538055386838d8ec50ab9cce40153f69aa8bf841c2ae50f67751b2c465432cb,9,56
JOLTS,JOLTS,906938645,2019-03-15,7581000,7310000,1,1,unique_populated,1,,myfxbook,calendar-chart-years-back.json,20,2026-08-26T15:48:54.341Z,EconomicCalendar/raw/myfxbook/myfxbook_consensus_history.json,1538055386838d8ec50ab9cce40153f69aa8bf841c2ae50f67751b2c465432cb,9,57
JOLTS,JOLTS,906938645,2019-04-09,7087000,7550000,1,1,unique_populated,1,,myfxbook,calendar-chart-years-back.json,20,2026-08-26T15:48:54.341Z,EconomicCalendar/raw/myfxbook/myfxbook_consensus_history.json,1538055386838d8ec50ab9cce40153f69aa8bf841c2ae50f67751b2c465432cb,9,58
JOLTS,JOLTS,906938645,2019-05-07,7488000,7240000,1,1,unique_populated,1,,myfxbook,calendar-chart-years-back.json,20,2026-08-26T15:48:54.341Z,EconomicCalendar/raw/myfxbook/myfxbook_consensus_history.json,1538055386838d8ec50ab9cce40153f69aa8bf841c2ae50f67751b2c465432cb,9,59
JOLTS,JOLTS,906938645,2019-06-10,7449000,7479000,1,1,unique_populated,1,,myfxbook,calendar-chart-years-back.json,20,2026-08-26T15:48:54.341Z,EconomicCalendar/raw/myfxbook/myfxbook_consensus_history.json,1538055386838d8ec50ab9cce40153f69aa8bf841c2ae50f67751b2c465432cb,9,60
JOLTS,JOLTS,906938645,2019-07-09,7323000,7470000,1,1,unique_populated,1,,myfxbook,calendar-chart-years-back.json,20,2026-08-26T15:48:54.341Z,EconomicCalendar/raw/myfxbook/myfxbook_consensus_history.json,1538055386838d8ec50ab9cce40153f69aa8bf841c2ae50f67751b2c465432cb,9,61
JOLTS,JOLTS,906938645,2019-08-06,7348000,7317000,1,1,unique_populated,1,,myfxbook,calendar-chart-years-back.json,20,2026-08-26T15:48:54.341Z,EconomicCalendar/raw/myfxbook/myfxbook_consensus_history.json,1538055386838d8ec50ab9cce40153f69aa8bf841c2ae50f67751b2c465432cb,9,62
JOLTS,JOLTS,906938645,2019-09-10,7217000,7311000,1,1,unique_populated,1,,myfxbook,calendar-chart-years-back.json,20,2026-08-26T15:48:54.341Z,EconomicCalendar/raw/myfxbook/myfxbook_consensus_history.json,1538055386838d8ec50ab9cce40153f69aa8bf841c2ae50f67751b2c465432cb,9,63
JOLTS,JOLTS,906938645,2019-10-09,7051000,7191000,1,1,unique_populated,1,,myfxbook,calendar-chart-years-back.json,20,2026-08-26T15:48:54.341Z,EconomicCalendar/raw/myfxbook/myfxbook_consensus_history.json,1538055386838d8ec50ab9cce40153f69aa8bf841c2ae50f67751b2c465432cb,9,64
JOLTS,JOLTS,906938645,2019-11-05,7024000,7028000,1,1,unique_populated,1,,myfxbook,calendar-chart-years-back.json,20,2026-08-26T15:48:54.341Z,EconomicCalendar/raw/myfxbook/myfxbook_consensus_history.json,1538055386838d8ec50ab9cce40153f69aa8bf841c2ae50f67751b2c465432cb,9,65
JOLTS,JOLTS,906938645,2019-12-17,7267000,7018000,1,1,unique_populated,1,,myfxbook,calendar-chart-years-back.json,20,2026-08-26T15:48:54.341Z,EconomicCalendar/raw/myfxbook/myfxbook_consensus_history.json,1538055386838d8ec50ab9cce40153f69aa8bf841c2ae50f67751b2c465432cb,9,66
JOLTS,JOLTS,906938645,2020-01-17,6800000,7233000,1,1,unique_populated,1,,myfxbook,calendar-chart-years-back.json,20,2026-08-26T15:48:54.341Z,EconomicCalendar/raw/myfxbook/myfxbook_consensus_history.json,1538055386838d8ec50ab9cce40153f69aa8bf841c2ae50f67751b2c465432cb,9,67
JOLTS,JOLTS,906938645,2020-02-11,6423000,7000000,1,1,unique_populated,1,,myfxbook,calendar-chart-years-back.json,20,2026-08-26T15:48:54.341Z,EconomicCalendar/raw/myfxbook/myfxbook_consensus_history.json,1538055386838d8ec50ab9cce40153f69aa8bf841c2ae50f67751b2c465432cb,9,68
JOLTS,JOLTS,906938645,2020-03-17,6963000,6476000,1,1,unique_populated,1,,myfxbook,calendar-chart-years-back.json,20,2026-08-26T15:48:54.341Z,EconomicCalendar/raw/myfxbook/myfxbook_consensus_history.json,1538055386838d8ec50ab9cce40153f69aa8bf841c2ae50f67751b2c465432cb,9,69
JOLTS,JOLTS,906938645,2020-04-07,6882000,6600000,1,1,unique_populated,1,,myfxbook,calendar-chart-years-back.json,20,2026-08-26T15:48:54.341Z,EconomicCalendar/raw/myfxbook/myfxbook_consensus_history.json,1538055386838d8ec50ab9cce40153f69aa8bf841c2ae50f67751b2c465432cb,9,70
JOLTS,JOLTS,906938645,2020-05-15,6191000,3100000,1,1,unique_populated,1,,myfxbook,calendar-chart-years-back.json,20,2026-08-26T15:48:54.341Z,EconomicCalendar/raw/myfxbook/myfxbook_consensus_history.json,1538055386838d8ec50ab9cce40153f69aa8bf841c2ae50f67751b2c465432cb,9,71
JOLTS,JOLTS,906938645,2020-06-09,5046000,5000000,1,1,unique_populated,1,,myfxbook,calendar-chart-years-back.json,20,2026-08-26T15:48:54.341Z,EconomicCalendar/raw/myfxbook/myfxbook_consensus_history.json,1538055386838d8ec50ab9cce40153f69aa8bf841c2ae50f67751b2c465432cb,9,72
JOLTS,JOLTS,906938645,2020-07-07,5397000,4850000,1,1,unique_populated,1,,myfxbook,calendar-chart-years-back.json,20,2026-08-26T15:48:54.341Z,EconomicCalendar/raw/myfxbook/myfxbook_consensus_history.json,1538055386838d8ec50ab9cce40153f69aa8bf841c2ae50f67751b2c465432cb,9,73
JOLTS,JOLTS,906938645,2020-08-10,5889000,4910000,1,1,unique_populated,1,,myfxbook,calendar-chart-years-back.json,20,2026-08-26T15:48:54.341Z,EconomicCalendar/raw/myfxbook/myfxbook_consensus_history.json,1538055386838d8ec50ab9cce40153f69aa8bf841c2ae50f67751b2c465432cb,9,74
JOLTS,JOLTS,906938645,2020-09-09,6618000,6000000,1,1,unique_populated,1,,myfxbook,calendar-chart-years-back.json,20,2026-08-26T15:48:54.341Z,EconomicCalendar/raw/myfxbook/myfxbook_consensus_history.json,1538055386838d8ec50ab9cce40153f69aa8bf841c2ae50f67751b2c465432cb,9,75
JOLTS,JOLTS,906938645,2020-10-06,6493000,6685000,1,1,unique_populated,1,,myfxbook,calendar-chart-years-back.json,20,2026-08-26T15:48:54.341Z,EconomicCalendar/raw/myfxbook/myfxbook_consensus_history.json,1538055386838d8ec50ab9cce40153f69aa8bf841c2ae50f67751b2c465432cb,9,76
JOLTS,JOLTS,906938645,2020-11-10,6436000,6500000,1,1,unique_populated,1,,myfxbook,calendar-chart-years-back.json,20,2026-08-26T15:48:54.341Z,EconomicCalendar/raw/myfxbook/myfxbook_consensus_history.json,1538055386838d8ec50ab9cce40153f69aa8bf841c2ae50f67751b2c465432cb,9,77
JOLTS,JOLTS,906938645,2020-12-09,6652000,6300000,1,1,unique_populated,1,,myfxbook,calendar-chart-years-back.json,20,2026-08-26T15:48:54.341Z,EconomicCalendar/raw/myfxbook/myfxbook_consensus_history.json,1538055386838d8ec50ab9cce40153f69aa8bf841c2ae50f67751b2c465432cb,9,78
JOLTS,JOLTS,906938645,2021-01-12,6527000,6300000,1,1,unique_populated,1,,myfxbook,calendar-chart-years-back.json,20,2026-08-26T15:48:54.341Z,EconomicCalendar/raw/myfxbook/myfxbook_consensus_history.json,1538055386838d8ec50ab9cce40153f69aa8bf841c2ae50f67751b2c465432cb,9,79
JOLTS,JOLTS,906938645,2021-02-09,6646000,6500000,1,1,unique_populated,1,,myfxbook,calendar-chart-years-back.json,20,2026-08-26T15:48:54.341Z,EconomicCalendar/raw/myfxbook/myfxbook_consensus_history.json,1538055386838d8ec50ab9cce40153f69aa8bf841c2ae50f67751b2c465432cb,9,80
JOLTS,JOLTS,906938645,2021-03-11,6917000,6600000,1,1,unique_populated,1,,myfxbook,calendar-chart-years-back.json,20,2026-08-26T15:48:54.341Z,EconomicCalendar/raw/myfxbook/myfxbook_consensus_history.json,1538055386838d8ec50ab9cce40153f69aa8bf841c2ae50f67751b2c465432cb,9,81
JOLTS,JOLTS,906938645,2021-04-06,7367000,6995000,1,1,unique_populated,1,,myfxbook,calendar-chart-years-back.json,20,2026-08-26T15:48:54.341Z,EconomicCalendar/raw/myfxbook/myfxbook_consensus_history.json,1538055386838d8ec50ab9cce40153f69aa8bf841c2ae50f67751b2c465432cb,9,82
JOLTS,JOLTS,906938645,2021-05-11,8122999.999999999,7500000,1,1,unique_populated,1,,myfxbook,calendar-chart-years-back.json,20,2026-08-26T15:48:54.341Z,EconomicCalendar/raw/myfxbook/myfxbook_consensus_history.json,1538055386838d8ec50ab9cce40153f69aa8bf841c2ae50f67751b2c465432cb,9,83
JOLTS,JOLTS,906938645,2021-06-08,9286000,8300000.000000001,1,1,unique_populated,1,,myfxbook,calendar-chart-years-back.json,20,2026-08-26T15:48:54.341Z,EconomicCalendar/raw/myfxbook/myfxbook_consensus_history.json,1538055386838d8ec50ab9cce40153f69aa8bf841c2ae50f67751b2c465432cb,9,84
JOLTS,JOLTS,906938645,2021-07-07,9209000,9388000,1,1,unique_populated,1,,myfxbook,calendar-chart-years-back.json,20,2026-08-26T15:48:54.341Z,EconomicCalendar/raw/myfxbook/myfxbook_consensus_history.json,1538055386838d8ec50ab9cce40153f69aa8bf841c2ae50f67751b2c465432cb,9,85
JOLTS,JOLTS,906938645,2021-08-09,10073000,9281000,1,1,unique_populated,1,,myfxbook,calendar-chart-years-back.json,20,2026-08-26T15:48:54.341Z,EconomicCalendar/raw/myfxbook/myfxbook_consensus_history.json,1538055386838d8ec50ab9cce40153f69aa8bf841c2ae50f67751b2c465432cb,9,86
JOLTS,JOLTS,906938645,2021-09-08,10934000,10000000,1,1,unique_populated,1,,myfxbook,calendar-chart-years-back.json,20,2026-08-26T15:48:54.341Z,EconomicCalendar/raw/myfxbook/myfxbook_consensus_history.json,1538055386838d8ec50ab9cce40153f69aa8bf841c2ae50f67751b2c465432cb,9,87
JOLTS,JOLTS,906938645,2021-10-12,10439000,10925000,1,1,unique_populated,1,,myfxbook,calendar-chart-years-back.json,20,2026-08-26T15:48:54.341Z,EconomicCalendar/raw/myfxbook/myfxbook_consensus_history.json,1538055386838d8ec50ab9cce40153f69aa8bf841c2ae50f67751b2c465432cb,9,88
JOLTS,JOLTS,906938645,2021-11-12,10438000,10300000,1,1,unique_populated,1,,myfxbook,calendar-chart-years-back.json,20,2026-08-26T15:48:54.341Z,EconomicCalendar/raw/myfxbook/myfxbook_consensus_history.json,1538055386838d8ec50ab9cce40153f69aa8bf841c2ae50f67751b2c465432cb,9,89
JOLTS,JOLTS,906938645,2021-12-08,11000000,10369000,1,1,unique_populated,1,,myfxbook,calendar-chart-years-back.json,20,2026-08-26T15:48:54.341Z,EconomicCalendar/raw/myfxbook/myfxbook_consensus_history.json,1538055386838d8ec50ab9cce40153f69aa8bf841c2ae50f67751b2c465432cb,9,90
JOLTS,JOLTS,906938645,2022-01-04,10562000,11075000,1,1,unique_populated,1,,myfxbook,calendar-chart-years-back.json,20,2026-08-26T15:48:54.341Z,EconomicCalendar/raw/myfxbook/myfxbook_consensus_history.json,1538055386838d8ec50ab9cce40153f69aa8bf841c2ae50f67751b2c465432cb,9,91
JOLTS,JOLTS,906938645,2022-02-01,10925000,10300000,1,1,unique_populated,1,,myfxbook,calendar-chart-years-back.json,20,2026-08-26T15:48:54.341Z,EconomicCalendar/raw/myfxbook/myfxbook_consensus_history.json,1538055386838d8ec50ab9cce40153f69aa8bf841c2ae50f67751b2c465432cb,9,92
JOLTS,JOLTS,906938645,2022-03-09,11263000,10925000,1,1,unique_populated,1,,myfxbook,calendar-chart-years-back.json,20,2026-08-26T15:48:54.341Z,EconomicCalendar/raw/myfxbook/myfxbook_consensus_history.json,1538055386838d8ec50ab9cce40153f69aa8bf841c2ae50f67751b2c465432cb,9,93
JOLTS,JOLTS,906938645,2022-03-29,11266000,11000000,1,1,unique_populated,1,,myfxbook,calendar-chart-years-back.json,20,2026-08-26T15:48:54.341Z,EconomicCalendar/raw/myfxbook/myfxbook_consensus_history.json,1538055386838d8ec50ab9cce40153f69aa8bf841c2ae50f67751b2c465432cb,9,94
JOLTS,JOLTS,906938645,2022-05-03,11549000,11000000,1,1,unique_populated,1,,myfxbook,calendar-chart-years-back.json,20,2026-08-26T15:48:54.341Z,EconomicCalendar/raw/myfxbook/myfxbook_consensus_history.json,1538055386838d8ec50ab9cce40153f69aa8bf841c2ae50f67751b2c465432cb,9,95
JOLTS,JOLTS,906938645,2022-06-01,11400000,11400000,1,1,unique_populated,1,,myfxbook,calendar-chart-years-back.json,20,2026-08-26T15:48:54.341Z,EconomicCalendar/raw/myfxbook/myfxbook_consensus_history.json,1538055386838d8ec50ab9cce40153f69aa8bf841c2ae50f67751b2c465432cb,9,96
JOLTS,JOLTS,906938645,2022-07-06,11254000,11000000,1,1,unique_populated,1,,myfxbook,calendar-chart-years-back.json,20,2026-08-26T15:48:54.341Z,EconomicCalendar/raw/myfxbook/myfxbook_consensus_history.json,1538055386838d8ec50ab9cce40153f69aa8bf841c2ae50f67751b2c465432cb,9,97
JOLTS,JOLTS,906938645,2022-08-02,10698000,11000000,1,1,unique_populated,1,,myfxbook,calendar-chart-years-back.json,20,2026-08-26T15:48:54.341Z,EconomicCalendar/raw/myfxbook/myfxbook_consensus_history.json,1538055386838d8ec50ab9cce40153f69aa8bf841c2ae50f67751b2c465432cb,9,98
JOLTS,JOLTS,906938645,2022-08-30,11239000,10450000,1,1,unique_populated,1,,myfxbook,calendar-chart-years-back.json,20,2026-08-26T15:48:54.341Z,EconomicCalendar/raw/myfxbook/myfxbook_consensus_history.json,1538055386838d8ec50ab9cce40153f69aa8bf841c2ae50f67751b2c465432cb,9,99
JOLTS,JOLTS,906938645,2022-10-04,10053000,10775000,1,1,unique_populated,1,,myfxbook,calendar-chart-years-back.json,20,2026-08-26T15:48:54.341Z,EconomicCalendar/raw/myfxbook/myfxbook_consensus_history.json,1538055386838d8ec50ab9cce40153f69aa8bf841c2ae50f67751b2c465432cb,9,100
JOLTS,JOLTS,906938645,2022-11-01,10717000,10000000,1,1,unique_populated,1,,myfxbook,calendar-chart-years-back.json,20,2026-08-26T15:48:54.341Z,EconomicCalendar/raw/myfxbook/myfxbook_consensus_history.json,1538055386838d8ec50ab9cce40153f69aa8bf841c2ae50f67751b2c465432cb,9,101
JOLTS,JOLTS,906938645,2022-11-30,10334000,10300000,1,1,unique_populated,1,,myfxbook,calendar-chart-years-back.json,20,2026-08-26T15:48:54.341Z,EconomicCalendar/raw/myfxbook/myfxbook_consensus_history.json,1538055386838d8ec50ab9cce40153f69aa8bf841c2ae50f67751b2c465432cb,9,102
JOLTS,JOLTS,906938645,2023-01-04,10458000,10000000,1,1,unique_populated,1,,myfxbook,calendar-chart-years-back.json,20,2026-08-26T15:48:54.341Z,EconomicCalendar/raw/myfxbook/myfxbook_consensus_history.json,1538055386838d8ec50ab9cce40153f69aa8bf841c2ae50f67751b2c465432cb,9,103
JOLTS,JOLTS,906938645,2023-02-01,11012000,10250000,1,1,unique_populated,1,,myfxbook,calendar-chart-years-back.json,20,2026-08-26T15:48:54.341Z,EconomicCalendar/raw/myfxbook/myfxbook_consensus_history.json,1538055386838d8ec50ab9cce40153f69aa8bf841c2ae50f67751b2c465432cb,9,104
JOLTS,JOLTS,906938645,2023-03-08,10824000,10500000,1,1,unique_populated,1,,myfxbook,calendar-chart-years-back.json,20,2026-08-26T15:48:54.341Z,EconomicCalendar/raw/myfxbook/myfxbook_consensus_history.json,1538055386838d8ec50ab9cce40153f69aa8bf841c2ae50f67751b2c465432cb,9,105
JOLTS,JOLTS,906938645,2023-04-04,9931000,10400000,1,1,unique_populated,1,,myfxbook,calendar-chart-years-back.json,20,2026-08-26T15:48:54.341Z,EconomicCalendar/raw/myfxbook/myfxbook_consensus_history.json,1538055386838d8ec50ab9cce40153f69aa8bf841c2ae50f67751b2c465432cb,9,106
JOLTS,JOLTS,906938645,2023-05-02,9590000,9775000,1,1,unique_populated,1,,myfxbook,calendar-chart-years-back.json,20,2026-08-26T15:48:54.341Z,EconomicCalendar/raw/myfxbook/myfxbook_consensus_history.json,1538055386838d8ec50ab9cce40153f69aa8bf841c2ae50f67751b2c465432cb,9,107
JOLTS,JOLTS,906938645,2023-05-31,10103000,9375000,1,1,unique_populated,1,,myfxbook,calendar-chart-years-back.json,20,2026-08-26T15:48:54.341Z,EconomicCalendar/raw/myfxbook/myfxbook_consensus_history.json,1538055386838d8ec50ab9cce40153f69aa8bf841c2ae50f67751b2c465432cb,9,108
JOLTS,JOLTS,906938645,2023-07-06,9800000,9935000,1,1,unique_populated,1,,myfxbook,calendar-chart-years-back.json,20,2026-08-26T15:48:54.341Z,EconomicCalendar/raw/myfxbook/myfxbook_consensus_history.json,1538055386838d8ec50ab9cce40153f69aa8bf841c2ae50f67751b2c465432cb,9,109
JOLTS,JOLTS,906938645,2023-08-01,9582000,9610000,1,1,unique_populated,1,,myfxbook,calendar-chart-years-back.json,20,2026-08-26T15:48:54.341Z,EconomicCalendar/raw/myfxbook/myfxbook_consensus_history.json,1538055386838d8ec50ab9cce40153f69aa8bf841c2ae50f67751b2c465432cb,9,110
JOLTS,JOLTS,906938645,2023-08-29,8827000,9465000,1,1,unique_populated,1,,myfxbook,calendar-chart-years-back.json,20,2026-08-26T15:48:54.341Z,EconomicCalendar/raw/myfxbook/myfxbook_consensus_history.json,1538055386838d8ec50ab9cce40153f69aa8bf841c2ae50f67751b2c465432cb,9,111
JOLTS,JOLTS,906938645,2023-10-03,9610000,8800000,1,1,unique_populated,1,,myfxbook,calendar-chart-years-back.json,20,2026-08-26T15:48:54.341Z,EconomicCalendar/raw/myfxbook/myfxbook_consensus_history.json,1538055386838d8ec50ab9cce40153f69aa8bf841c2ae50f67751b2c465432cb,9,112
JOLTS,JOLTS,906938645,2023-11-01,9553000,9250000,1,1,unique_populated,1,,myfxbook,calendar-chart-years-back.json,20,2026-08-26T15:48:54.341Z,EconomicCalendar/raw/myfxbook/myfxbook_consensus_history.json,1538055386838d8ec50ab9cce40153f69aa8bf841c2ae50f67751b2c465432cb,9,113
JOLTS,JOLTS,906938645,2023-12-05,8733000,9300000,1,1,unique_populated,1,,myfxbook,calendar-chart-years-back.json,20,2026-08-26T15:48:54.341Z,EconomicCalendar/raw/myfxbook/myfxbook_consensus_history.json,1538055386838d8ec50ab9cce40153f69aa8bf841c2ae50f67751b2c465432cb,9,114
JOLTS,JOLTS,906938645,2024-01-03,8790000,8850000,1,1,unique_populated,1,,myfxbook,calendar-chart-years-back.json,20,2026-08-26T15:48:54.341Z,EconomicCalendar/raw/myfxbook/myfxbook_consensus_history.json,1538055386838d8ec50ab9cce40153f69aa8bf841c2ae50f67751b2c465432cb,9,115
JOLTS,JOLTS,906938645,2024-01-30,9026000,8750000,1,1,unique_populated,1,,myfxbook,calendar-chart-years-back.json,20,2026-08-26T15:48:54.341Z,EconomicCalendar/raw/myfxbook/myfxbook_consensus_history.json,1538055386838d8ec50ab9cce40153f69aa8bf841c2ae50f67751b2c465432cb,9,116
JOLTS,JOLTS,906938645,2024-03-06,8863000,8900000,1,1,unique_populated,1,,myfxbook,calendar-chart-years-back.json,20,2026-08-26T15:48:54.341Z,EconomicCalendar/raw/myfxbook/myfxbook_consensus_history.json,1538055386838d8ec50ab9cce40153f69aa8bf841c2ae50f67751b2c465432cb,9,117
JOLTS,JOLTS,906938645,2024-04-02,8756000,8750000,1,1,unique_populated,1,,myfxbook,calendar-chart-years-back.json,20,2026-08-26T15:48:54.341Z,EconomicCalendar/raw/myfxbook/myfxbook_consensus_history.json,1538055386838d8ec50ab9cce40153f69aa8bf841c2ae50f67751b2c465432cb,9,118
JOLTS,JOLTS,906938645,2024-05-01,8488000,8690000,1,1,unique_populated,1,,myfxbook,calendar-chart-years-back.json,20,2026-08-26T15:48:54.341Z,EconomicCalendar/raw/myfxbook/myfxbook_consensus_history.json,1538055386838d8ec50ab9cce40153f69aa8bf841c2ae50f67751b2c465432cb,9,119
JOLTS,JOLTS,906938645,2024-06-04,8058999.999999999,8340000,1,1,unique_populated,1,,myfxbook,calendar-chart-years-back.json,20,2026-08-26T15:48:54.341Z,EconomicCalendar/raw/myfxbook/myfxbook_consensus_history.json,1538055386838d8ec50ab9cce40153f69aa8bf841c2ae50f67751b2c465432cb,9,120
JOLTS,JOLTS,906938645,2024-07-02,8140000.000000001,7910000,1,1,unique_populated,1,,myfxbook,calendar-chart-years-back.json,20,2026-08-26T15:48:54.341Z,EconomicCalendar/raw/myfxbook/myfxbook_consensus_history.json,1538055386838d8ec50ab9cce40153f69aa8bf841c2ae50f67751b2c465432cb,9,121
JOLTS,JOLTS,906938645,2024-07-30,8183999.999999999,8000000,1,1,unique_populated,1,,myfxbook,calendar-chart-years-back.json,20,2026-08-26T15:48:54.341Z,EconomicCalendar/raw/myfxbook/myfxbook_consensus_history.json,1538055386838d8ec50ab9cce40153f69aa8bf841c2ae50f67751b2c465432cb,9,122
JOLTS,JOLTS,906938645,2024-09-04,7673000,8100000,1,1,unique_populated,1,,myfxbook,calendar-chart-years-back.json,20,2026-08-26T15:48:54.341Z,EconomicCalendar/raw/myfxbook/myfxbook_consensus_history.json,1538055386838d8ec50ab9cce40153f69aa8bf841c2ae50f67751b2c465432cb,9,123
JOLTS,JOLTS,906938645,2024-10-01,8039999.999999999,7655000,1,1,unique_populated,1,,myfxbook,calendar-chart-years-back.json,20,2026-08-26T15:48:54.341Z,EconomicCalendar/raw/myfxbook/myfxbook_consensus_history.json,1538055386838d8ec50ab9cce40153f69aa8bf841c2ae50f67751b2c465432cb,9,124
JOLTS,JOLTS,906938645,2024-10-29,7443000,7990000,1,1,unique_populated,1,,myfxbook,calendar-chart-years-back.json,20,2026-08-26T15:48:54.341Z,EconomicCalendar/raw/myfxbook/myfxbook_consensus_history.json,1538055386838d8ec50ab9cce40153f69aa8bf841c2ae50f67751b2c465432cb,9,125
JOLTS,JOLTS,906938645,2024-12-03,7744000,7480000,1,1,unique_populated,1,,myfxbook,calendar-chart-years-back.json,20,2026-08-26T15:48:54.341Z,EconomicCalendar/raw/myfxbook/myfxbook_consensus_history.json,1538055386838d8ec50ab9cce40153f69aa8bf841c2ae50f67751b2c465432cb,9,126
JOLTS,JOLTS,906938645,2025-01-07,8098000.000000001,7700000,1,1,unique_populated,1,,myfxbook,calendar-chart-years-back.json,20,2026-08-26T15:48:54.341Z,EconomicCalendar/raw/myfxbook/myfxbook_consensus_history.json,1538055386838d8ec50ab9cce40153f69aa8bf841c2ae50f67751b2c465432cb,9,127
JOLTS,JOLTS,906938645,2025-02-04,7600000,8000000,1,1,unique_populated,1,,myfxbook,calendar-chart-years-back.json,20,2026-08-26T15:48:54.341Z,EconomicCalendar/raw/myfxbook/myfxbook_consensus_history.json,1538055386838d8ec50ab9cce40153f69aa8bf841c2ae50f67751b2c465432cb,9,128
JOLTS,JOLTS,906938645,2025-03-11,7740000,7630000,1,1,unique_populated,1,,myfxbook,calendar-chart-years-back.json,20,2026-08-26T15:48:54.341Z,EconomicCalendar/raw/myfxbook/myfxbook_consensus_history.json,1538055386838d8ec50ab9cce40153f69aa8bf841c2ae50f67751b2c465432cb,9,129
JOLTS,JOLTS,906938645,2025-04-01,7568000,7630000,1,1,unique_populated,1,,myfxbook,calendar-chart-years-back.json,20,2026-08-26T15:48:54.341Z,EconomicCalendar/raw/myfxbook/myfxbook_consensus_history.json,1538055386838d8ec50ab9cce40153f69aa8bf841c2ae50f67751b2c465432cb,9,130
JOLTS,JOLTS,906938645,2025-04-29,7192000,7480000,1,1,unique_populated,1,,myfxbook,calendar-chart-years-back.json,20,2026-08-26T15:48:54.341Z,EconomicCalendar/raw/myfxbook/myfxbook_consensus_history.json,1538055386838d8ec50ab9cce40153f69aa8bf841c2ae50f67751b2c465432cb,9,131
JOLTS,JOLTS,906938645,2025-06-03,7391000,7100000,1,1,unique_populated,1,,myfxbook,calendar-chart-years-back.json,20,2026-08-26T15:48:54.341Z,EconomicCalendar/raw/myfxbook/myfxbook_consensus_history.json,1538055386838d8ec50ab9cce40153f69aa8bf841c2ae50f67751b2c465432cb,9,132
JOLTS,JOLTS,906938645,2025-07-01,7769000,7300000,1,1,unique_populated,1,,myfxbook,calendar-chart-years-back.json,20,2026-08-26T15:48:54.341Z,EconomicCalendar/raw/myfxbook/myfxbook_consensus_history.json,1538055386838d8ec50ab9cce40153f69aa8bf841c2ae50f67751b2c465432cb,9,133
JOLTS,JOLTS,906938645,2025-07-29,7437000,7550000,1,1,unique_populated,1,,myfxbook,calendar-chart-years-back.json,20,2026-08-26T15:48:54.341Z,EconomicCalendar/raw/myfxbook/myfxbook_consensus_history.json,1538055386838d8ec50ab9cce40153f69aa8bf841c2ae50f67751b2c465432cb,9,134
JOLTS,JOLTS,906938645,2025-09-03,7181000,7400000,1,1,unique_populated,1,,myfxbook,calendar-chart-years-back.json,20,2026-08-26T15:48:54.341Z,EconomicCalendar/raw/myfxbook/myfxbook_consensus_history.json,1538055386838d8ec50ab9cce40153f69aa8bf841c2ae50f67751b2c465432cb,9,135
JOLTS,JOLTS,906938645,2025-09-30,7227000,7200000,1,1,unique_populated,1,,myfxbook,calendar-chart-years-back.json,20,2026-08-26T15:48:54.341Z,EconomicCalendar/raw/myfxbook/myfxbook_consensus_history.json,1538055386838d8ec50ab9cce40153f69aa8bf841c2ae50f67751b2c465432cb,9,136
JOLTS,JOLTS,906938645,2025-12-09,7658000,7200000,1,2,ambiguous_duplicate,0,duplicate_family_date,myfxbook,calendar-chart-years-back.json,20,2026-08-26T15:48:54.341Z,EconomicCalendar/raw/myfxbook/myfxbook_consensus_history.json,1538055386838d8ec50ab9cce40153f69aa8bf841c2ae50f67751b2c465432cb,9,137
JOLTS,JOLTS,906938645,2025-12-09,7670000,7000000,1,2,ambiguous_duplicate,0,duplicate_family_date,myfxbook,calendar-chart-years-back.json,20,2026-08-26T15:48:54.341Z,EconomicCalendar/raw/myfxbook/myfxbook_consensus_history.json,1538055386838d8ec50ab9cce40153f69aa8bf841c2ae50f67751b2c465432cb,9,138
JOLTS,JOLTS,906938645,2026-01-07,7146000,7600000,1,1,unique_populated,1,,myfxbook,calendar-chart-years-back.json,20,2026-08-26T15:48:54.341Z,EconomicCalendar/raw/myfxbook/myfxbook_consensus_history.json,1538055386838d8ec50ab9cce40153f69aa8bf841c2ae50f67751b2c465432cb,9,139
JOLTS,JOLTS,906938645,2026-02-05,6542000,7200000,1,1,unique_populated,1,,myfxbook,calendar-chart-years-back.json,20,2026-08-26T15:48:54.341Z,EconomicCalendar/raw/myfxbook/myfxbook_consensus_history.json,1538055386838d8ec50ab9cce40153f69aa8bf841c2ae50f67751b2c465432cb,9,140
JOLTS,JOLTS,906938645,2026-03-13,6946000,6700000,1,1,unique_populated,1,,myfxbook,calendar-chart-years-back.json,20,2026-08-26T15:48:54.341Z,EconomicCalendar/raw/myfxbook/myfxbook_consensus_history.json,1538055386838d8ec50ab9cce40153f69aa8bf841c2ae50f67751b2c465432cb,9,141
JOLTS,JOLTS,906938645,2026-03-31,6882000,6920000,1,1,unique_populated,1,,myfxbook,calendar-chart-years-back.json,20,2026-08-26T15:48:54.341Z,EconomicCalendar/raw/myfxbook/myfxbook_consensus_history.json,1538055386838d8ec50ab9cce40153f69aa8bf841c2ae50f67751b2c465432cb,9,142
JOLTS,JOLTS,906938645,2026-05-05,6866000,6840000,1,1,unique_populated,1,,myfxbook,calendar-chart-years-back.json,20,2026-08-26T15:48:54.341Z,EconomicCalendar/raw/myfxbook/myfxbook_consensus_history.json,1538055386838d8ec50ab9cce40153f69aa8bf841c2ae50f67751b2c465432cb,9,143
JOLTS,JOLTS,906938645,2026-06-02,7618000,6880000,1,1,unique_populated,1,,myfxbook,calendar-chart-years-back.json,20,2026-08-26T15:48:54.341Z,EconomicCalendar/raw/myfxbook/myfxbook_consensus_history.json,1538055386838d8ec50ab9cce40153f69aa8bf841c2ae50f67751b2c465432cb,9,144
JOLTS,JOLTS,906938645,2026-06-30,7594000,7300000,1,1,unique_populated,1,,myfxbook,calendar-chart-years-back.json,20,2026-08-26T15:48:54.341Z,EconomicCalendar/raw/myfxbook/myfxbook_consensus_history.json,1538055386838d8ec50ab9cce40153f69aa8bf841c2ae50f67751b2c465432cb,9,145
JOLTS,JOLTS,906938645,2026-08-04,7359000,7400000,1,1,unique_populated,1,,myfxbook,calendar-chart-years-back.json,20,2026-08-26T15:48:54.341Z,EconomicCalendar/raw/myfxbook/myfxbook_consensus_history.json,1538055386838d8ec50ab9cce40153f69aa8bf841c2ae50f67751b2c465432cb,9,146
PCE,PCE,486275182,2013-09-27,0.1,,0,1,unique_null,0,consensus_missing,myfxbook,calendar-chart-years-back.json,20,2026-08-26T15:48:54.341Z,EconomicCalendar/raw/myfxbook/myfxbook_consensus_history.json,1538055386838d8ec50ab9cce40153f69aa8bf841c2ae50f67751b2c465432cb,5,1
PCE,PCE,486275182,2013-11-08,0.1,0.1,1,1,unique_populated,1,,myfxbook,calendar-chart-years-back.json,20,2026-08-26T15:48:54.341Z,EconomicCalendar/raw/myfxbook/myfxbook_consensus_history.json,1538055386838d8ec50ab9cce40153f69aa8bf841c2ae50f67751b2c465432cb,5,2
PCE,PCE,486275182,2013-12-06,0.0,0.0,1,1,unique_populated,1,,myfxbook,calendar-chart-years-back.json,20,2026-08-26T15:48:54.341Z,EconomicCalendar/raw/myfxbook/myfxbook_consensus_history.json,1538055386838d8ec50ab9cce40153f69aa8bf841c2ae50f67751b2c465432cb,5,3
PCE,PCE,486275182,2013-12-23,0.0,,0,1,unique_null,0,consensus_missing,myfxbook,calendar-chart-years-back.json,20,2026-08-26T15:48:54.341Z,EconomicCalendar/raw/myfxbook/myfxbook_consensus_history.json,1538055386838d8ec50ab9cce40153f69aa8bf841c2ae50f67751b2c465432cb,5,4
PCE,PCE,486275182,2014-01-31,0.2,,0,1,unique_null,0,consensus_missing,myfxbook,calendar-chart-years-back.json,20,2026-08-26T15:48:54.341Z,EconomicCalendar/raw/myfxbook/myfxbook_consensus_history.json,1538055386838d8ec50ab9cce40153f69aa8bf841c2ae50f67751b2c465432cb,5,5
PCE,PCE,486275182,2014-03-03,0.1,,0,1,unique_null,0,consensus_missing,myfxbook,calendar-chart-years-back.json,20,2026-08-26T15:48:54.341Z,EconomicCalendar/raw/myfxbook/myfxbook_consensus_history.json,1538055386838d8ec50ab9cce40153f69aa8bf841c2ae50f67751b2c465432cb,5,6
PCE,PCE,486275182,2014-03-28,0.1,0.1,1,1,unique_populated,1,,myfxbook,calendar-chart-years-back.json,20,2026-08-26T15:48:54.341Z,EconomicCalendar/raw/myfxbook/myfxbook_consensus_history.json,1538055386838d8ec50ab9cce40153f69aa8bf841c2ae50f67751b2c465432cb,5,7
PCE,PCE,486275182,2014-05-01,0.2,,0,1,unique_null,0,consensus_missing,myfxbook,calendar-chart-years-back.json,20,2026-08-26T15:48:54.341Z,EconomicCalendar/raw/myfxbook/myfxbook_consensus_history.json,1538055386838d8ec50ab9cce40153f69aa8bf841c2ae50f67751b2c465432cb,5,8
PCE,PCE,486275182,2014-05-30,0.2,,0,1,unique_null,0,consensus_missing,myfxbook,calendar-chart-years-back.json,20,2026-08-26T15:48:54.341Z,EconomicCalendar/raw/myfxbook/myfxbook_consensus_history.json,1538055386838d8ec50ab9cce40153f69aa8bf841c2ae50f67751b2c465432cb,5,9
PCE,PCE,486275182,2014-06-26,0.2,,0,1,unique_null,0,consensus_missing,myfxbook,calendar-chart-years-back.json,20,2026-08-26T15:48:54.341Z,EconomicCalendar/raw/myfxbook/myfxbook_consensus_history.json,1538055386838d8ec50ab9cce40153f69aa8bf841c2ae50f67751b2c465432cb,5,10
PCE,PCE,486275182,2014-08-29,0.1,,0,1,unique_null,0,consensus_missing,myfxbook,calendar-chart-years-back.json,20,2026-08-26T15:48:54.341Z,EconomicCalendar/raw/myfxbook/myfxbook_consensus_history.json,1538055386838d8ec50ab9cce40153f69aa8bf841c2ae50f67751b2c465432cb,5,11
PCE,PCE,486275182,2014-10-31,0.1,,0,1,unique_null,0,consensus_missing,myfxbook,calendar-chart-years-back.json,20,2026-08-26T15:48:54.341Z,EconomicCalendar/raw/myfxbook/myfxbook_consensus_history.json,1538055386838d8ec50ab9cce40153f69aa8bf841c2ae50f67751b2c465432cb,5,12
PCE,PCE,486275182,2014-11-26,0.1,0.1,1,1,unique_populated,1,,myfxbook,calendar-chart-years-back.json,20,2026-08-26T15:48:54.341Z,EconomicCalendar/raw/myfxbook/myfxbook_consensus_history.json,1538055386838d8ec50ab9cce40153f69aa8bf841c2ae50f67751b2c465432cb,5,13
PCE,PCE,486275182,2014-12-23,-0.2,,0,1,unique_null,0,consensus_missing,myfxbook,calendar-chart-years-back.json,20,2026-08-26T15:48:54.341Z,EconomicCalendar/raw/myfxbook/myfxbook_consensus_history.json,1538055386838d8ec50ab9cce40153f69aa8bf841c2ae50f67751b2c465432cb,5,14
PCE,PCE,486275182,2015-02-02,-0.2,,0,1,unique_null,0,consensus_missing,myfxbook,calendar-chart-years-back.json,20,2026-08-26T15:48:54.341Z,EconomicCalendar/raw/myfxbook/myfxbook_consensus_history.json,1538055386838d8ec50ab9cce40153f69aa8bf841c2ae50f67751b2c465432cb,5,15
PCE,PCE,486275182,2015-03-02,-0.5,,0,1,unique_null,0,consensus_missing,myfxbook,calendar-chart-years-back.json,20,2026-08-26T15:48:54.341Z,EconomicCalendar/raw/myfxbook/myfxbook_consensus_history.json,1538055386838d8ec50ab9cce40153f69aa8bf841c2ae50f67751b2c465432cb,5,16
PCE,PCE,486275182,2015-03-30,0.2,,0,1,unique_null,0,consensus_missing,myfxbook,calendar-chart-years-back.json,20,2026-08-26T15:48:54.341Z,EconomicCalendar/raw/myfxbook/myfxbook_consensus_history.json,1538055386838d8ec50ab9cce40153f69aa8bf841c2ae50f67751b2c465432cb,5,17
PCE,PCE,486275182,2015-04-30,0.2,,0,1,unique_null,0,consensus_missing,myfxbook,calendar-chart-years-back.json,20,2026-08-26T15:48:54.341Z,EconomicCalendar/raw/myfxbook/myfxbook_consensus_history.json,1538055386838d8ec50ab9cce40153f69aa8bf841c2ae50f67751b2c465432cb,5,18
PCE,PCE,486275182,2015-06-01,0.0,,0,1,unique_null,0,consensus_missing,myfxbook,calendar-chart-years-back.json,20,2026-08-26T15:48:54.341Z,EconomicCalendar/raw/myfxbook/myfxbook_consensus_history.json,1538055386838d8ec50ab9cce40153f69aa8bf841c2ae50f67751b2c465432cb,5,19
PCE,PCE,486275182,2015-06-25,0.3,,0,1,unique_null,0,consensus_missing,myfxbook,calendar-chart-years-back.json,20,2026-08-26T15:48:54.341Z,EconomicCalendar/raw/myfxbook/myfxbook_consensus_history.json,1538055386838d8ec50ab9cce40153f69aa8bf841c2ae50f67751b2c465432cb,5,20
PCE,PCE,486275182,2015-08-03,0.2,,0,1,unique_null,0,consensus_missing,myfxbook,calendar-chart-years-back.json,20,2026-08-26T15:48:54.341Z,EconomicCalendar/raw/myfxbook/myfxbook_consensus_history.json,1538055386838d8ec50ab9cce40153f69aa8bf841c2ae50f67751b2c465432cb,5,21
PCE,PCE,486275182,2015-08-28,0.1,,0,1,unique_null,0,consensus_missing,myfxbook,calendar-chart-years-back.json,20,2026-08-26T15:48:54.341Z,EconomicCalendar/raw/myfxbook/myfxbook_consensus_history.json,1538055386838d8ec50ab9cce40153f69aa8bf841c2ae50f67751b2c465432cb,5,22
PCE,PCE,486275182,2015-09-28,0.0,,0,1,unique_null,0,consensus_missing,myfxbook,calendar-chart-years-back.json,20,2026-08-26T15:48:54.341Z,EconomicCalendar/raw/myfxbook/myfxbook_consensus_history.json,1538055386838d8ec50ab9cce40153f69aa8bf841c2ae50f67751b2c465432cb,5,23
PCE,PCE,486275182,2015-10-30,-0.1,,0,1,unique_null,0,consensus_missing,myfxbook,calendar-chart-years-back.json,20,2026-08-26T15:48:54.341Z,EconomicCalendar/raw/myfxbook/myfxbook_consensus_history.json,1538055386838d8ec50ab9cce40153f69aa8bf841c2ae50f67751b2c465432cb,5,24
PCE,PCE,486275182,2015-11-25,0.1,,0,1,unique_null,0,consensus_missing,myfxbook,calendar-chart-years-back.json,20,2026-08-26T15:48:54.341Z,EconomicCalendar/raw/myfxbook/myfxbook_consensus_history.json,1538055386838d8ec50ab9cce40153f69aa8bf841c2ae50f67751b2c465432cb,5,25
PCE,PCE,486275182,2015-12-23,0.0,,0,1,unique_null,0,consensus_missing,myfxbook,calendar-chart-years-back.json,20,2026-08-26T15:48:54.341Z,EconomicCalendar/raw/myfxbook/myfxbook_consensus_history.json,1538055386838d8ec50ab9cce40153f69aa8bf841c2ae50f67751b2c465432cb,5,26
PCE,PCE,486275182,2016-02-01,-0.1,,0,1,unique_null,0,consensus_missing,myfxbook,calendar-chart-years-back.json,20,2026-08-26T15:48:54.341Z,EconomicCalendar/raw/myfxbook/myfxbook_consensus_history.json,1538055386838d8ec50ab9cce40153f69aa8bf841c2ae50f67751b2c465432cb,5,27
PCE,PCE,486275182,2016-02-26,0.1,,0,1,unique_null,0,consensus_missing,myfxbook,calendar-chart-years-back.json,20,2026-08-26T15:48:54.341Z,EconomicCalendar/raw/myfxbook/myfxbook_consensus_history.json,1538055386838d8ec50ab9cce40153f69aa8bf841c2ae50f67751b2c465432cb,5,28
PCE,PCE,486275182,2016-03-28,-0.1,,0,1,unique_null,0,consensus_missing,myfxbook,calendar-chart-years-back.json,20,2026-08-26T15:48:54.341Z,EconomicCalendar/raw/myfxbook/myfxbook_consensus_history.json,1538055386838d8ec50ab9cce40153f69aa8bf841c2ae50f67751b2c465432cb,5,29
PCE,PCE,486275182,2016-04-29,0.1,,0,1,unique_null,0,consensus_missing,myfxbook,calendar-chart-years-back.json,20,2026-08-26T15:48:54.341Z,EconomicCalendar/raw/myfxbook/myfxbook_consensus_history.json,1538055386838d8ec50ab9cce40153f69aa8bf841c2ae50f67751b2c465432cb,5,30
PCE,PCE,486275182,2016-05-31,0.3,0.2,1,1,unique_populated,1,,myfxbook,calendar-chart-years-back.json,20,2026-08-26T15:48:54.341Z,EconomicCalendar/raw/myfxbook/myfxbook_consensus_history.json,1538055386838d8ec50ab9cce40153f69aa8bf841c2ae50f67751b2c465432cb,5,31
PCE,PCE,486275182,2016-06-29,0.2,,0,1,unique_null,0,consensus_missing,myfxbook,calendar-chart-years-back.json,20,2026-08-26T15:48:54.341Z,EconomicCalendar/raw/myfxbook/myfxbook_consensus_history.json,1538055386838d8ec50ab9cce40153f69aa8bf841c2ae50f67751b2c465432cb,5,32
PCE,PCE,486275182,2016-08-02,0.1,,0,1,unique_null,0,consensus_missing,myfxbook,calendar-chart-years-back.json,20,2026-08-26T15:48:54.341Z,EconomicCalendar/raw/myfxbook/myfxbook_consensus_history.json,1538055386838d8ec50ab9cce40153f69aa8bf841c2ae50f67751b2c465432cb,5,33
PCE,PCE,486275182,2016-08-29,0.0,,0,1,unique_null,0,consensus_missing,myfxbook,calendar-chart-years-back.json,20,2026-08-26T15:48:54.341Z,EconomicCalendar/raw/myfxbook/myfxbook_consensus_history.json,1538055386838d8ec50ab9cce40153f69aa8bf841c2ae50f67751b2c465432cb,5,34
PCE,PCE,486275182,2016-09-30,0.1,,0,1,unique_null,0,consensus_missing,myfxbook,calendar-chart-years-back.json,20,2026-08-26T15:48:54.341Z,EconomicCalendar/raw/myfxbook/myfxbook_consensus_history.json,1538055386838d8ec50ab9cce40153f69aa8bf841c2ae50f67751b2c465432cb,5,35
PCE,PCE,486275182,2016-10-31,0.2,,0,1,unique_null,0,consensus_missing,myfxbook,calendar-chart-years-back.json,20,2026-08-26T15:48:54.341Z,EconomicCalendar/raw/myfxbook/myfxbook_consensus_history.json,1538055386838d8ec50ab9cce40153f69aa8bf841c2ae50f67751b2c465432cb,5,36
PCE,PCE,486275182,2016-11-30,0.2,,0,1,unique_null,0,consensus_missing,myfxbook,calendar-chart-years-back.json,20,2026-08-26T15:48:54.341Z,EconomicCalendar/raw/myfxbook/myfxbook_consensus_history.json,1538055386838d8ec50ab9cce40153f69aa8bf841c2ae50f67751b2c465432cb,5,37
PCE,PCE,486275182,2016-12-22,0.0,,0,1,unique_null,0,consensus_missing,myfxbook,calendar-chart-years-back.json,20,2026-08-26T15:48:54.341Z,EconomicCalendar/raw/myfxbook/myfxbook_consensus_history.json,1538055386838d8ec50ab9cce40153f69aa8bf841c2ae50f67751b2c465432cb,5,38
PCE,PCE,486275182,2017-01-30,0.2,,0,1,unique_null,0,consensus_missing,myfxbook,calendar-chart-years-back.json,20,2026-08-26T15:48:54.341Z,EconomicCalendar/raw/myfxbook/myfxbook_consensus_history.json,1538055386838d8ec50ab9cce40153f69aa8bf841c2ae50f67751b2c465432cb,5,39
PCE,PCE,486275182,2017-03-01,0.4,,0,1,unique_null,0,consensus_missing,myfxbook,calendar-chart-years-back.json,20,2026-08-26T15:48:54.341Z,EconomicCalendar/raw/myfxbook/myfxbook_consensus_history.json,1538055386838d8ec50ab9cce40153f69aa8bf841c2ae50f67751b2c465432cb,5,40
PCE,PCE,486275182,2017-03-31,0.1,,0,1,unique_null,0,consensus_missing,myfxbook,calendar-chart-years-back.json,20,2026-08-26T15:48:54.341Z,EconomicCalendar/raw/myfxbook/myfxbook_consensus_history.json,1538055386838d8ec50ab9cce40153f69aa8bf841c2ae50f67751b2c465432cb,5,41
PCE,PCE,486275182,2017-05-01,-0.2,,0,1,unique_null,0,consensus_missing,myfxbook,calendar-chart-years-back.json,20,2026-08-26T15:48:54.341Z,EconomicCalendar/raw/myfxbook/myfxbook_consensus_history.json,1538055386838d8ec50ab9cce40153f69aa8bf841c2ae50f67751b2c465432cb,5,42
PCE,PCE,486275182,2017-05-30,0.2,0.2,1,1,unique_populated,1,,myfxbook,calendar-chart-years-back.json,20,2026-08-26T15:48:54.341Z,EconomicCalendar/raw/myfxbook/myfxbook_consensus_history.json,1538055386838d8ec50ab9cce40153f69aa8bf841c2ae50f67751b2c465432cb,5,43
PCE,PCE,486275182,2017-06-30,-0.1,0.1,1,1,unique_populated,1,,myfxbook,calendar-chart-years-back.json,20,2026-08-26T15:48:54.341Z,EconomicCalendar/raw/myfxbook/myfxbook_consensus_history.json,1538055386838d8ec50ab9cce40153f69aa8bf841c2ae50f67751b2c465432cb,5,44
PCE,PCE,486275182,2017-08-01,0.0,,0,1,unique_null,0,consensus_missing,myfxbook,calendar-chart-years-back.json,20,2026-08-26T15:48:54.341Z,EconomicCalendar/raw/myfxbook/myfxbook_consensus_history.json,1538055386838d8ec50ab9cce40153f69aa8bf841c2ae50f67751b2c465432cb,5,45
PCE,PCE,486275182,2017-08-31,0.1,,0,1,unique_null,0,consensus_missing,myfxbook,calendar-chart-years-back.json,20,2026-08-26T15:48:54.341Z,EconomicCalendar/raw/myfxbook/myfxbook_consensus_history.json,1538055386838d8ec50ab9cce40153f69aa8bf841c2ae50f67751b2c465432cb,5,46
PCE,PCE,486275182,2017-09-29,0.2,0.3,1,1,unique_populated,1,,myfxbook,calendar-chart-years-back.json,20,2026-08-26T15:48:54.341Z,EconomicCalendar/raw/myfxbook/myfxbook_consensus_history.json,1538055386838d8ec50ab9cce40153f69aa8bf841c2ae50f67751b2c465432cb,5,47
PCE,PCE,486275182,2017-10-30,0.4,,0,1,unique_null,0,consensus_missing,myfxbook,calendar-chart-years-back.json,20,2026-08-26T15:48:54.341Z,EconomicCalendar/raw/myfxbook/myfxbook_consensus_history.json,1538055386838d8ec50ab9cce40153f69aa8bf841c2ae50f67751b2c465432cb,5,48
PCE,PCE,486275182,2017-11-30,0.1,0.1,1,1,unique_populated,1,,myfxbook,calendar-chart-years-back.json,20,2026-08-26T15:48:54.341Z,EconomicCalendar/raw/myfxbook/myfxbook_consensus_history.json,1538055386838d8ec50ab9cce40153f69aa8bf841c2ae50f67751b2c465432cb,5,49
PCE,PCE,486275182,2017-12-22,0.2,,0,1,unique_null,0,consensus_missing,myfxbook,calendar-chart-years-back.json,20,2026-08-26T15:48:54.341Z,EconomicCalendar/raw/myfxbook/myfxbook_consensus_history.json,1538055386838d8ec50ab9cce40153f69aa8bf841c2ae50f67751b2c465432cb,5,50
PCE,PCE,486275182,2018-01-29,0.1,,0,1,unique_null,0,consensus_missing,myfxbook,calendar-chart-years-back.json,20,2026-08-26T15:48:54.341Z,EconomicCalendar/raw/myfxbook/myfxbook_consensus_history.json,1538055386838d8ec50ab9cce40153f69aa8bf841c2ae50f67751b2c465432cb,5,51
PCE,PCE,486275182,2018-03-01,0.4,,0,1,unique_null,0,consensus_missing,myfxbook,calendar-chart-years-back.json,20,2026-08-26T15:48:54.341Z,EconomicCalendar/raw/myfxbook/myfxbook_consensus_history.json,1538055386838d8ec50ab9cce40153f69aa8bf841c2ae50f67751b2c465432cb,5,52
PCE,PCE,486275182,2018-03-29,0.2,,0,1,unique_null,0,consensus_missing,myfxbook,calendar-chart-years-back.json,20,2026-08-26T15:48:54.341Z,EconomicCalendar/raw/myfxbook/myfxbook_consensus_history.json,1538055386838d8ec50ab9cce40153f69aa8bf841c2ae50f67751b2c465432cb,5,53
PCE,PCE,486275182,2018-04-30,0.0,0.1,1,1,unique_populated,1,,myfxbook,calendar-chart-years-back.json,20,2026-08-26T15:48:54.341Z,EconomicCalendar/raw/myfxbook/myfxbook_consensus_history.json,1538055386838d8ec50ab9cce40153f69aa8bf841c2ae50f67751b2c465432cb,5,54
PCE,PCE,486275182,2018-05-31,0.2,0.0,1,1,unique_populated,1,,myfxbook,calendar-chart-years-back.json,20,2026-08-26T15:48:54.341Z,EconomicCalendar/raw/myfxbook/myfxbook_consensus_history.json,1538055386838d8ec50ab9cce40153f69aa8bf841c2ae50f67751b2c465432cb,5,55
PCE,PCE,486275182,2018-06-29,0.2,0.2,1,1,unique_populated,1,,myfxbook,calendar-chart-years-back.json,20,2026-08-26T15:48:54.341Z,EconomicCalendar/raw/myfxbook/myfxbook_consensus_history.json,1538055386838d8ec50ab9cce40153f69aa8bf841c2ae50f67751b2c465432cb,5,56
PCE,PCE,486275182,2018-07-31,0.1,0.1,1,1,unique_populated,1,,myfxbook,calendar-chart-years-back.json,20,2026-08-26T15:48:54.341Z,EconomicCalendar/raw/myfxbook/myfxbook_consensus_history.json,1538055386838d8ec50ab9cce40153f69aa8bf841c2ae50f67751b2c465432cb,5,57
PCE,PCE,486275182,2018-08-30,0.1,0.1,1,1,unique_populated,1,,myfxbook,calendar-chart-years-back.json,20,2026-08-26T15:48:54.341Z,EconomicCalendar/raw/myfxbook/myfxbook_consensus_history.json,1538055386838d8ec50ab9cce40153f69aa8bf841c2ae50f67751b2c465432cb,5,58
PCE,PCE,486275182,2018-09-28,0.1,0.2,1,1,unique_populated,1,,myfxbook,calendar-chart-years-back.json,20,2026-08-26T15:48:54.341Z,EconomicCalendar/raw/myfxbook/myfxbook_consensus_history.json,1538055386838d8ec50ab9cce40153f69aa8bf841c2ae50f67751b2c465432cb,5,59
PCE,PCE,486275182,2018-10-29,0.1,0.1,1,1,unique_populated,1,,myfxbook,calendar-chart-years-back.json,20,2026-08-26T15:48:54.341Z,EconomicCalendar/raw/myfxbook/myfxbook_consensus_history.json,1538055386838d8ec50ab9cce40153f69aa8bf841c2ae50f67751b2c465432cb,5,60
PCE,PCE,486275182,2018-11-29,0.2,0.2,1,1,unique_populated,1,,myfxbook,calendar-chart-years-back.json,20,2026-08-26T15:48:54.341Z,EconomicCalendar/raw/myfxbook/myfxbook_consensus_history.json,1538055386838d8ec50ab9cce40153f69aa8bf841c2ae50f67751b2c465432cb,5,61
PCE,PCE,486275182,2018-12-21,0.1,0.0,1,1,unique_populated,1,,myfxbook,calendar-chart-years-back.json,20,2026-08-26T15:48:54.341Z,EconomicCalendar/raw/myfxbook/myfxbook_consensus_history.json,1538055386838d8ec50ab9cce40153f69aa8bf841c2ae50f67751b2c465432cb,5,62
PCE,PCE,486275182,2019-03-01,0.1,0.0,1,1,unique_populated,1,,myfxbook,calendar-chart-years-back.json,20,2026-08-26T15:48:54.341Z,EconomicCalendar/raw/myfxbook/myfxbook_consensus_history.json,1538055386838d8ec50ab9cce40153f69aa8bf841c2ae50f67751b2c465432cb,5,63
PCE,PCE,486275182,2019-03-29,-0.1,0.0,1,1,unique_populated,1,,myfxbook,calendar-chart-years-back.json,20,2026-08-26T15:48:54.341Z,EconomicCalendar/raw/myfxbook/myfxbook_consensus_history.json,1538055386838d8ec50ab9cce40153f69aa8bf841c2ae50f67751b2c465432cb,5,64
PCE,PCE,486275182,2019-04-29,0.1,0.2,1,2,ambiguous_duplicate,0,duplicate_family_date,myfxbook,calendar-chart-years-back.json,20,2026-08-26T15:48:54.341Z,EconomicCalendar/raw/myfxbook/myfxbook_consensus_history.json,1538055386838d8ec50ab9cce40153f69aa8bf841c2ae50f67751b2c465432cb,5,65
PCE,PCE,486275182,2019-04-29,0.2,0.2,1,2,ambiguous_duplicate,0,duplicate_family_date,myfxbook,calendar-chart-years-back.json,20,2026-08-26T15:48:54.341Z,EconomicCalendar/raw/myfxbook/myfxbook_consensus_history.json,1538055386838d8ec50ab9cce40153f69aa8bf841c2ae50f67751b2c465432cb,5,66
PCE,PCE,486275182,2019-05-31,0.3,0.1,1,1,unique_populated,1,,myfxbook,calendar-chart-years-back.json,20,2026-08-26T15:48:54.341Z,EconomicCalendar/raw/myfxbook/myfxbook_consensus_history.json,1538055386838d8ec50ab9cce40153f69aa8bf841c2ae50f67751b2c465432cb,5,67
PCE,PCE,486275182,2019-06-28,0.2,0.2,1,1,unique_populated,1,,myfxbook,calendar-chart-years-back.json,20,2026-08-26T15:48:54.341Z,EconomicCalendar/raw/myfxbook/myfxbook_consensus_history.json,1538055386838d8ec50ab9cce40153f69aa8bf841c2ae50f67751b2c465432cb,5,68
PCE,PCE,486275182,2019-07-30,0.1,0.3,1,1,unique_populated,1,,myfxbook,calendar-chart-years-back.json,20,2026-08-26T15:48:54.341Z,EconomicCalendar/raw/myfxbook/myfxbook_consensus_history.json,1538055386838d8ec50ab9cce40153f69aa8bf841c2ae50f67751b2c465432cb,5,69
PCE,PCE,486275182,2019-08-30,0.2,0.3,1,1,unique_populated,1,,myfxbook,calendar-chart-years-back.json,20,2026-08-26T15:48:54.341Z,EconomicCalendar/raw/myfxbook/myfxbook_consensus_history.json,1538055386838d8ec50ab9cce40153f69aa8bf841c2ae50f67751b2c465432cb,5,70
PCE,PCE,486275182,2019-09-27,0.0,0.3,1,1,unique_populated,1,,myfxbook,calendar-chart-years-back.json,20,2026-08-26T15:48:54.341Z,EconomicCalendar/raw/myfxbook/myfxbook_consensus_history.json,1538055386838d8ec50ab9cce40153f69aa8bf841c2ae50f67751b2c465432cb,5,71
PCE,PCE,486275182,2019-10-31,0.0,0.3,1,1,unique_populated,1,,myfxbook,calendar-chart-years-back.json,20,2026-08-26T15:48:54.341Z,EconomicCalendar/raw/myfxbook/myfxbook_consensus_history.json,1538055386838d8ec50ab9cce40153f69aa8bf841c2ae50f67751b2c465432cb,5,72
PCE,PCE,486275182,2019-11-27,0.2,0.1,1,1,unique_populated,1,,myfxbook,calendar-chart-years-back.json,20,2026-08-26T15:48:54.341Z,EconomicCalendar/raw/myfxbook/myfxbook_consensus_history.json,1538055386838d8ec50ab9cce40153f69aa8bf841c2ae50f67751b2c465432cb,5,73
PCE,PCE,486275182,2019-12-20,0.2,0.1,1,1,unique_populated,1,,myfxbook,calendar-chart-years-back.json,20,2026-08-26T15:48:54.341Z,EconomicCalendar/raw/myfxbook/myfxbook_consensus_history.json,1538055386838d8ec50ab9cce40153f69aa8bf841c2ae50f67751b2c465432cb,5,74
PCE,PCE,486275182,2020-01-31,0.3,0.3,1,1,unique_populated,1,,myfxbook,calendar-chart-years-back.json,20,2026-08-26T15:48:54.341Z,EconomicCalendar/raw/myfxbook/myfxbook_consensus_history.json,1538055386838d8ec50ab9cce40153f69aa8bf841c2ae50f67751b2c465432cb,5,75
PCE,PCE,486275182,2020-02-28,0.1,0.2,1,1,unique_populated,1,,myfxbook,calendar-chart-years-back.json,20,2026-08-26T15:48:54.341Z,EconomicCalendar/raw/myfxbook/myfxbook_consensus_history.json,1538055386838d8ec50ab9cce40153f69aa8bf841c2ae50f67751b2c465432cb,5,76
PCE,PCE,486275182,2020-03-27,0.1,0.2,1,1,unique_populated,1,,myfxbook,calendar-chart-years-back.json,20,2026-08-26T15:48:54.341Z,EconomicCalendar/raw/myfxbook/myfxbook_consensus_history.json,1538055386838d8ec50ab9cce40153f69aa8bf841c2ae50f67751b2c465432cb,5,77
PCE,PCE,486275182,2020-04-30,-0.3,-0.7,1,1,unique_populated,1,,myfxbook,calendar-chart-years-back.json,20,2026-08-26T15:48:54.341Z,EconomicCalendar/raw/myfxbook/myfxbook_consensus_history.json,1538055386838d8ec50ab9cce40153f69aa8bf841c2ae50f67751b2c465432cb,5,78
PCE,PCE,486275182,2020-05-29,-0.5,-0.7,1,1,unique_populated,1,,myfxbook,calendar-chart-years-back.json,20,2026-08-26T15:48:54.341Z,EconomicCalendar/raw/myfxbook/myfxbook_consensus_history.json,1538055386838d8ec50ab9cce40153f69aa8bf841c2ae50f67751b2c465432cb,5,79
PCE,PCE,486275182,2020-06-26,0.1,-0.1,1,1,unique_populated,1,,myfxbook,calendar-chart-years-back.json,20,2026-08-26T15:48:54.341Z,EconomicCalendar/raw/myfxbook/myfxbook_consensus_history.json,1538055386838d8ec50ab9cce40153f69aa8bf841c2ae50f67751b2c465432cb,5,80
PCE,PCE,486275182,2020-07-31,0.4,0.4,1,1,unique_populated,1,,myfxbook,calendar-chart-years-back.json,20,2026-08-26T15:48:54.341Z,EconomicCalendar/raw/myfxbook/myfxbook_consensus_history.json,1538055386838d8ec50ab9cce40153f69aa8bf841c2ae50f67751b2c465432cb,5,81
PCE,PCE,486275182,2020-08-28,0.3,0.4,1,1,unique_populated,1,,myfxbook,calendar-chart-years-back.json,20,2026-08-26T15:48:54.341Z,EconomicCalendar/raw/myfxbook/myfxbook_consensus_history.json,1538055386838d8ec50ab9cce40153f69aa8bf841c2ae50f67751b2c465432cb,5,82
PCE,PCE,486275182,2020-10-01,0.3,0.2,1,1,unique_populated,1,,myfxbook,calendar-chart-years-back.json,20,2026-08-26T15:48:54.341Z,EconomicCalendar/raw/myfxbook/myfxbook_consensus_history.json,1538055386838d8ec50ab9cce40153f69aa8bf841c2ae50f67751b2c465432cb,5,83
PCE,PCE,486275182,2020-10-30,0.2,0.3,1,1,unique_populated,1,,myfxbook,calendar-chart-years-back.json,20,2026-08-26T15:48:54.341Z,EconomicCalendar/raw/myfxbook/myfxbook_consensus_history.json,1538055386838d8ec50ab9cce40153f69aa8bf841c2ae50f67751b2c465432cb,5,84
PCE,PCE,486275182,2020-11-25,0.0,0.2,1,1,unique_populated,1,,myfxbook,calendar-chart-years-back.json,20,2026-08-26T15:48:54.341Z,EconomicCalendar/raw/myfxbook/myfxbook_consensus_history.json,1538055386838d8ec50ab9cce40153f69aa8bf841c2ae50f67751b2c465432cb,5,85
PCE,PCE,486275182,2020-12-23,0.0,0.2,1,1,unique_populated,1,,myfxbook,calendar-chart-years-back.json,20,2026-08-26T15:48:54.341Z,EconomicCalendar/raw/myfxbook/myfxbook_consensus_history.json,1538055386838d8ec50ab9cce40153f69aa8bf841c2ae50f67751b2c465432cb,5,86
PCE,PCE,486275182,2021-01-29,0.4,0.3,1,1,unique_populated,1,,myfxbook,calendar-chart-years-back.json,20,2026-08-26T15:48:54.341Z,EconomicCalendar/raw/myfxbook/myfxbook_consensus_history.json,1538055386838d8ec50ab9cce40153f69aa8bf841c2ae50f67751b2c465432cb,5,87
PCE,PCE,486275182,2021-02-26,0.3,0.5,1,1,unique_populated,1,,myfxbook,calendar-chart-years-back.json,20,2026-08-26T15:48:54.341Z,EconomicCalendar/raw/myfxbook/myfxbook_consensus_history.json,1538055386838d8ec50ab9cce40153f69aa8bf841c2ae50f67751b2c465432cb,5,88
PCE,PCE,486275182,2021-03-26,0.2,0.4,1,1,unique_populated,1,,myfxbook,calendar-chart-years-back.json,20,2026-08-26T15:48:54.341Z,EconomicCalendar/raw/myfxbook/myfxbook_consensus_history.json,1538055386838d8ec50ab9cce40153f69aa8bf841c2ae50f67751b2c465432cb,5,89
PCE,PCE,486275182,2021-04-30,0.5,0.3,1,1,unique_populated,1,,myfxbook,calendar-chart-years-back.json,20,2026-08-26T15:48:54.341Z,EconomicCalendar/raw/myfxbook/myfxbook_consensus_history.json,1538055386838d8ec50ab9cce40153f69aa8bf841c2ae50f67751b2c465432cb,5,90
PCE,PCE,486275182,2021-05-28,0.6,0.7,1,1,unique_populated,1,,myfxbook,calendar-chart-years-back.json,20,2026-08-26T15:48:54.341Z,EconomicCalendar/raw/myfxbook/myfxbook_consensus_history.json,1538055386838d8ec50ab9cce40153f69aa8bf841c2ae50f67751b2c465432cb,5,91
PCE,PCE,486275182,2021-06-25,0.4,0.8,1,1,unique_populated,1,,myfxbook,calendar-chart-years-back.json,20,2026-08-26T15:48:54.341Z,EconomicCalendar/raw/myfxbook/myfxbook_consensus_history.json,1538055386838d8ec50ab9cce40153f69aa8bf841c2ae50f67751b2c465432cb,5,92
PCE,PCE,486275182,2021-07-30,0.5,0.8,1,1,unique_populated,1,,myfxbook,calendar-chart-years-back.json,20,2026-08-26T15:48:54.341Z,EconomicCalendar/raw/myfxbook/myfxbook_consensus_history.json,1538055386838d8ec50ab9cce40153f69aa8bf841c2ae50f67751b2c465432cb,5,93
PCE,PCE,486275182,2021-08-27,0.4,0.4,1,1,unique_populated,1,,myfxbook,calendar-chart-years-back.json,20,2026-08-26T15:48:54.341Z,EconomicCalendar/raw/myfxbook/myfxbook_consensus_history.json,1538055386838d8ec50ab9cce40153f69aa8bf841c2ae50f67751b2c465432cb,5,94
PCE,PCE,486275182,2021-10-01,0.4,0.3,1,1,unique_populated,1,,myfxbook,calendar-chart-years-back.json,20,2026-08-26T15:48:54.341Z,EconomicCalendar/raw/myfxbook/myfxbook_consensus_history.json,1538055386838d8ec50ab9cce40153f69aa8bf841c2ae50f67751b2c465432cb,5,95
PCE,PCE,486275182,2021-10-29,0.3,0.5,1,1,unique_populated,1,,myfxbook,calendar-chart-years-back.json,20,2026-08-26T15:48:54.341Z,EconomicCalendar/raw/myfxbook/myfxbook_consensus_history.json,1538055386838d8ec50ab9cce40153f69aa8bf841c2ae50f67751b2c465432cb,5,96
PCE,PCE,486275182,2021-11-24,0.6,0.6,1,1,unique_populated,1,,myfxbook,calendar-chart-years-back.json,20,2026-08-26T15:48:54.341Z,EconomicCalendar/raw/myfxbook/myfxbook_consensus_history.json,1538055386838d8ec50ab9cce40153f69aa8bf841c2ae50f67751b2c465432cb,5,97
PCE,PCE,486275182,2021-12-23,0.6,0.4,1,1,unique_populated,1,,myfxbook,calendar-chart-years-back.json,20,2026-08-26T15:48:54.341Z,EconomicCalendar/raw/myfxbook/myfxbook_consensus_history.json,1538055386838d8ec50ab9cce40153f69aa8bf841c2ae50f67751b2c465432cb,5,98
PCE,PCE,486275182,2022-01-28,0.4,0.4,1,1,unique_populated,1,,myfxbook,calendar-chart-years-back.json,20,2026-08-26T15:48:54.341Z,EconomicCalendar/raw/myfxbook/myfxbook_consensus_history.json,1538055386838d8ec50ab9cce40153f69aa8bf841c2ae50f67751b2c465432cb,5,99
PCE,PCE,486275182,2022-02-25,0.6,0.2,1,1,unique_populated,1,,myfxbook,calendar-chart-years-back.json,20,2026-08-26T15:48:54.341Z,EconomicCalendar/raw/myfxbook/myfxbook_consensus_history.json,1538055386838d8ec50ab9cce40153f69aa8bf841c2ae50f67751b2c465432cb,5,100
PCE,PCE,486275182,2022-03-31,0.6,0.8,1,1,unique_populated,1,,myfxbook,calendar-chart-years-back.json,20,2026-08-26T15:48:54.341Z,EconomicCalendar/raw/myfxbook/myfxbook_consensus_history.json,1538055386838d8ec50ab9cce40153f69aa8bf841c2ae50f67751b2c465432cb,5,101
PCE,PCE,486275182,2022-04-29,0.9,0.5,1,1,unique_populated,1,,myfxbook,calendar-chart-years-back.json,20,2026-08-26T15:48:54.341Z,EconomicCalendar/raw/myfxbook/myfxbook_consensus_history.json,1538055386838d8ec50ab9cce40153f69aa8bf841c2ae50f67751b2c465432cb,5,102
PCE,PCE,486275182,2022-05-27,0.2,0.3,1,1,unique_populated,1,,myfxbook,calendar-chart-years-back.json,20,2026-08-26T15:48:54.341Z,EconomicCalendar/raw/myfxbook/myfxbook_consensus_history.json,1538055386838d8ec50ab9cce40153f69aa8bf841c2ae50f67751b2c465432cb,5,103
PCE,PCE,486275182,2022-06-30,0.6,0.9,1,1,unique_populated,1,,myfxbook,calendar-chart-years-back.json,20,2026-08-26T15:48:54.341Z,EconomicCalendar/raw/myfxbook/myfxbook_consensus_history.json,1538055386838d8ec50ab9cce40153f69aa8bf841c2ae50f67751b2c465432cb,5,104
PCE,PCE,486275182,2022-07-29,1.0,0.9,1,1,unique_populated,1,,myfxbook,calendar-chart-years-back.json,20,2026-08-26T15:48:54.341Z,EconomicCalendar/raw/myfxbook/myfxbook_consensus_history.json,1538055386838d8ec50ab9cce40153f69aa8bf841c2ae50f67751b2c465432cb,5,105
PCE,PCE,486275182,2022-08-26,-0.1,-0.1,1,1,unique_populated,1,,myfxbook,calendar-chart-years-back.json,20,2026-08-26T15:48:54.341Z,EconomicCalendar/raw/myfxbook/myfxbook_consensus_history.json,1538055386838d8ec50ab9cce40153f69aa8bf841c2ae50f67751b2c465432cb,5,106
PCE,PCE,486275182,2022-09-30,0.3,0.1,1,1,unique_populated,1,,myfxbook,calendar-chart-years-back.json,20,2026-08-26T15:48:54.341Z,EconomicCalendar/raw/myfxbook/myfxbook_consensus_history.json,1538055386838d8ec50ab9cce40153f69aa8bf841c2ae50f67751b2c465432cb,5,107
PCE,PCE,486275182,2022-10-28,0.3,0.2,1,1,unique_populated,1,,myfxbook,calendar-chart-years-back.json,20,2026-08-26T15:48:54.341Z,EconomicCalendar/raw/myfxbook/myfxbook_consensus_history.json,1538055386838d8ec50ab9cce40153f69aa8bf841c2ae50f67751b2c465432cb,5,108
PCE,PCE,486275182,2022-12-01,0.3,0.3,1,1,unique_populated,1,,myfxbook,calendar-chart-years-back.json,20,2026-08-26T15:48:54.341Z,EconomicCalendar/raw/myfxbook/myfxbook_consensus_history.json,1538055386838d8ec50ab9cce40153f69aa8bf841c2ae50f67751b2c465432cb,5,109
PCE,PCE,486275182,2022-12-23,0.1,0.2,1,1,unique_populated,1,,myfxbook,calendar-chart-years-back.json,20,2026-08-26T15:48:54.341Z,EconomicCalendar/raw/myfxbook/myfxbook_consensus_history.json,1538055386838d8ec50ab9cce40153f69aa8bf841c2ae50f67751b2c465432cb,5,110
PCE,PCE,486275182,2023-01-27,0.1,0.1,1,1,unique_populated,1,,myfxbook,calendar-chart-years-back.json,20,2026-08-26T15:48:54.341Z,EconomicCalendar/raw/myfxbook/myfxbook_consensus_history.json,1538055386838d8ec50ab9cce40153f69aa8bf841c2ae50f67751b2c465432cb,5,111
PCE,PCE,486275182,2023-02-24,0.6,0.3,1,1,unique_populated,1,,myfxbook,calendar-chart-years-back.json,20,2026-08-26T15:48:54.341Z,EconomicCalendar/raw/myfxbook/myfxbook_consensus_history.json,1538055386838d8ec50ab9cce40153f69aa8bf841c2ae50f67751b2c465432cb,5,112
PCE,PCE,486275182,2023-03-31,0.3,0.5,1,1,unique_populated,1,,myfxbook,calendar-chart-years-back.json,20,2026-08-26T15:48:54.341Z,EconomicCalendar/raw/myfxbook/myfxbook_consensus_history.json,1538055386838d8ec50ab9cce40153f69aa8bf841c2ae50f67751b2c465432cb,5,113
PCE,PCE,486275182,2023-04-28,0.1,0.3,1,1,unique_populated,1,,myfxbook,calendar-chart-years-back.json,20,2026-08-26T15:48:54.341Z,EconomicCalendar/raw/myfxbook/myfxbook_consensus_history.json,1538055386838d8ec50ab9cce40153f69aa8bf841c2ae50f67751b2c465432cb,5,114
PCE,PCE,486275182,2023-05-26,0.4,0.2,1,1,unique_populated,1,,myfxbook,calendar-chart-years-back.json,20,2026-08-26T15:48:54.341Z,EconomicCalendar/raw/myfxbook/myfxbook_consensus_history.json,1538055386838d8ec50ab9cce40153f69aa8bf841c2ae50f67751b2c465432cb,5,115
PCE,PCE,486275182,2023-06-30,0.1,0.2,1,1,unique_populated,1,,myfxbook,calendar-chart-years-back.json,20,2026-08-26T15:48:54.341Z,EconomicCalendar/raw/myfxbook/myfxbook_consensus_history.json,1538055386838d8ec50ab9cce40153f69aa8bf841c2ae50f67751b2c465432cb,5,116
PCE,PCE,486275182,2023-07-28,0.2,0.2,1,1,unique_populated,1,,myfxbook,calendar-chart-years-back.json,20,2026-08-26T15:48:54.341Z,EconomicCalendar/raw/myfxbook/myfxbook_consensus_history.json,1538055386838d8ec50ab9cce40153f69aa8bf841c2ae50f67751b2c465432cb,5,117
PCE,PCE,486275182,2023-08-31,0.2,0.2,1,1,unique_populated,1,,myfxbook,calendar-chart-years-back.json,20,2026-08-26T15:48:54.341Z,EconomicCalendar/raw/myfxbook/myfxbook_consensus_history.json,1538055386838d8ec50ab9cce40153f69aa8bf841c2ae50f67751b2c465432cb,5,118
PCE,PCE,486275182,2023-09-29,0.4,0.5,1,1,unique_populated,1,,myfxbook,calendar-chart-years-back.json,20,2026-08-26T15:48:54.341Z,EconomicCalendar/raw/myfxbook/myfxbook_consensus_history.json,1538055386838d8ec50ab9cce40153f69aa8bf841c2ae50f67751b2c465432cb,5,119
PCE,PCE,486275182,2023-10-27,0.4,0.3,1,1,unique_populated,1,,myfxbook,calendar-chart-years-back.json,20,2026-08-26T15:48:54.341Z,EconomicCalendar/raw/myfxbook/myfxbook_consensus_history.json,1538055386838d8ec50ab9cce40153f69aa8bf841c2ae50f67751b2c465432cb,5,120
PCE,PCE,486275182,2023-11-30,0.0,0.1,1,1,unique_populated,1,,myfxbook,calendar-chart-years-back.json,20,2026-08-26T15:48:54.341Z,EconomicCalendar/raw/myfxbook/myfxbook_consensus_history.json,1538055386838d8ec50ab9cce40153f69aa8bf841c2ae50f67751b2c465432cb,5,121
PCE,PCE,486275182,2023-12-22,-0.1,0.0,1,1,unique_populated,1,,myfxbook,calendar-chart-years-back.json,20,2026-08-26T15:48:54.341Z,EconomicCalendar/raw/myfxbook/myfxbook_consensus_history.json,1538055386838d8ec50ab9cce40153f69aa8bf841c2ae50f67751b2c465432cb,5,122
PCE,PCE,486275182,2024-01-26,0.2,0.2,1,1,unique_populated,1,,myfxbook,calendar-chart-years-back.json,20,2026-08-26T15:48:54.341Z,EconomicCalendar/raw/myfxbook/myfxbook_consensus_history.json,1538055386838d8ec50ab9cce40153f69aa8bf841c2ae50f67751b2c465432cb,5,123
PCE,PCE,486275182,2024-02-29,0.3,0.3,1,1,unique_populated,1,,myfxbook,calendar-chart-years-back.json,20,2026-08-26T15:48:54.341Z,EconomicCalendar/raw/myfxbook/myfxbook_consensus_history.json,1538055386838d8ec50ab9cce40153f69aa8bf841c2ae50f67751b2c465432cb,5,124
PCE,PCE,486275182,2024-03-29,0.3,0.4,1,1,unique_populated,1,,myfxbook,calendar-chart-years-back.json,20,2026-08-26T15:48:54.341Z,EconomicCalendar/raw/myfxbook/myfxbook_consensus_history.json,1538055386838d8ec50ab9cce40153f69aa8bf841c2ae50f67751b2c465432cb,5,125
PCE,PCE,486275182,2024-04-26,0.3,0.3,1,1,unique_populated,1,,myfxbook,calendar-chart-years-back.json,20,2026-08-26T15:48:54.341Z,EconomicCalendar/raw/myfxbook/myfxbook_consensus_history.json,1538055386838d8ec50ab9cce40153f69aa8bf841c2ae50f67751b2c465432cb,5,126
PCE,PCE,486275182,2024-05-31,0.3,0.3,1,1,unique_populated,1,,myfxbook,calendar-chart-years-back.json,20,2026-08-26T15:48:54.341Z,EconomicCalendar/raw/myfxbook/myfxbook_consensus_history.json,1538055386838d8ec50ab9cce40153f69aa8bf841c2ae50f67751b2c465432cb,5,127
PCE,PCE,486275182,2024-06-28,0.0,0.0,1,1,unique_populated,1,,myfxbook,calendar-chart-years-back.json,20,2026-08-26T15:48:54.341Z,EconomicCalendar/raw/myfxbook/myfxbook_consensus_history.json,1538055386838d8ec50ab9cce40153f69aa8bf841c2ae50f67751b2c465432cb,5,128
PCE,PCE,486275182,2024-07-26,0.1,0.1,1,1,unique_populated,1,,myfxbook,calendar-chart-years-back.json,20,2026-08-26T15:48:54.341Z,EconomicCalendar/raw/myfxbook/myfxbook_consensus_history.json,1538055386838d8ec50ab9cce40153f69aa8bf841c2ae50f67751b2c465432cb,5,129
PCE,PCE,486275182,2024-08-30,0.2,0.2,1,1,unique_populated,1,,myfxbook,calendar-chart-years-back.json,20,2026-08-26T15:48:54.341Z,EconomicCalendar/raw/myfxbook/myfxbook_consensus_history.json,1538055386838d8ec50ab9cce40153f69aa8bf841c2ae50f67751b2c465432cb,5,130
PCE,PCE,486275182,2024-09-27,0.1,0.1,1,1,unique_populated,1,,myfxbook,calendar-chart-years-back.json,20,2026-08-26T15:48:54.341Z,EconomicCalendar/raw/myfxbook/myfxbook_consensus_history.json,1538055386838d8ec50ab9cce40153f69aa8bf841c2ae50f67751b2c465432cb,5,131
PCE,PCE,486275182,2024-10-31,0.2,0.2,1,1,unique_populated,1,,myfxbook,calendar-chart-years-back.json,20,2026-08-26T15:48:54.341Z,EconomicCalendar/raw/myfxbook/myfxbook_consensus_history.json,1538055386838d8ec50ab9cce40153f69aa8bf841c2ae50f67751b2c465432cb,5,132
PCE,PCE,486275182,2024-11-27,0.2,0.2,1,1,unique_populated,1,,myfxbook,calendar-chart-years-back.json,20,2026-08-26T15:48:54.341Z,EconomicCalendar/raw/myfxbook/myfxbook_consensus_history.json,1538055386838d8ec50ab9cce40153f69aa8bf841c2ae50f67751b2c465432cb,5,133
PCE,PCE,486275182,2024-12-20,0.1,0.2,1,1,unique_populated,1,,myfxbook,calendar-chart-years-back.json,20,2026-08-26T15:48:54.341Z,EconomicCalendar/raw/myfxbook/myfxbook_consensus_history.json,1538055386838d8ec50ab9cce40153f69aa8bf841c2ae50f67751b2c465432cb,5,134
PCE,PCE,486275182,2025-01-31,0.3,0.3,1,1,unique_populated,1,,myfxbook,calendar-chart-years-back.json,20,2026-08-26T15:48:54.341Z,EconomicCalendar/raw/myfxbook/myfxbook_consensus_history.json,1538055386838d8ec50ab9cce40153f69aa8bf841c2ae50f67751b2c465432cb,5,135
PCE,PCE,486275182,2025-02-28,0.3,0.3,1,1,unique_populated,1,,myfxbook,calendar-chart-years-back.json,20,2026-08-26T15:48:54.341Z,EconomicCalendar/raw/myfxbook/myfxbook_consensus_history.json,1538055386838d8ec50ab9cce40153f69aa8bf841c2ae50f67751b2c465432cb,5,136
PCE,PCE,486275182,2025-03-28,0.3,0.3,1,1,unique_populated,1,,myfxbook,calendar-chart-years-back.json,20,2026-08-26T15:48:54.341Z,EconomicCalendar/raw/myfxbook/myfxbook_consensus_history.json,1538055386838d8ec50ab9cce40153f69aa8bf841c2ae50f67751b2c465432cb,5,137
PCE,PCE,486275182,2025-04-30,0.0,0.0,1,1,unique_populated,1,,myfxbook,calendar-chart-years-back.json,20,2026-08-26T15:48:54.341Z,EconomicCalendar/raw/myfxbook/myfxbook_consensus_history.json,1538055386838d8ec50ab9cce40153f69aa8bf841c2ae50f67751b2c465432cb,5,138
PCE,PCE,486275182,2025-05-30,0.1,0.1,1,1,unique_populated,1,,myfxbook,calendar-chart-years-back.json,20,2026-08-26T15:48:54.341Z,EconomicCalendar/raw/myfxbook/myfxbook_consensus_history.json,1538055386838d8ec50ab9cce40153f69aa8bf841c2ae50f67751b2c465432cb,5,139
PCE,PCE,486275182,2025-06-27,0.1,0.1,1,1,unique_populated,1,,myfxbook,calendar-chart-years-back.json,20,2026-08-26T15:48:54.341Z,EconomicCalendar/raw/myfxbook/myfxbook_consensus_history.json,1538055386838d8ec50ab9cce40153f69aa8bf841c2ae50f67751b2c465432cb,5,140
PCE,PCE,486275182,2025-07-31,0.3,0.3,1,1,unique_populated,1,,myfxbook,calendar-chart-years-back.json,20,2026-08-26T15:48:54.341Z,EconomicCalendar/raw/myfxbook/myfxbook_consensus_history.json,1538055386838d8ec50ab9cce40153f69aa8bf841c2ae50f67751b2c465432cb,5,141
PCE,PCE,486275182,2025-08-29,0.2,0.2,1,1,unique_populated,1,,myfxbook,calendar-chart-years-back.json,20,2026-08-26T15:48:54.341Z,EconomicCalendar/raw/myfxbook/myfxbook_consensus_history.json,1538055386838d8ec50ab9cce40153f69aa8bf841c2ae50f67751b2c465432cb,5,142
PCE,PCE,486275182,2025-09-26,0.3,0.3,1,1,unique_populated,1,,myfxbook,calendar-chart-years-back.json,20,2026-08-26T15:48:54.341Z,EconomicCalendar/raw/myfxbook/myfxbook_consensus_history.json,1538055386838d8ec50ab9cce40153f69aa8bf841c2ae50f67751b2c465432cb,5,143
PCE,PCE,486275182,2025-12-05,0.3,0.3,1,1,unique_populated,1,,myfxbook,calendar-chart-years-back.json,20,2026-08-26T15:48:54.341Z,EconomicCalendar/raw/myfxbook/myfxbook_consensus_history.json,1538055386838d8ec50ab9cce40153f69aa8bf841c2ae50f67751b2c465432cb,5,144
PCE,PCE,486275182,2026-01-22,0.2,0.2,1,2,ambiguous_duplicate,0,duplicate_family_date,myfxbook,calendar-chart-years-back.json,20,2026-08-26T15:48:54.341Z,EconomicCalendar/raw/myfxbook/myfxbook_consensus_history.json,1538055386838d8ec50ab9cce40153f69aa8bf841c2ae50f67751b2c465432cb,5,145
PCE,PCE,486275182,2026-01-22,0.2,0.2,1,2,ambiguous_duplicate,0,duplicate_family_date,myfxbook,calendar-chart-years-back.json,20,2026-08-26T15:48:54.341Z,EconomicCalendar/raw/myfxbook/myfxbook_consensus_history.json,1538055386838d8ec50ab9cce40153f69aa8bf841c2ae50f67751b2c465432cb,5,146
PCE,PCE,486275182,2026-02-20,0.4,0.3,1,1,unique_populated,1,,myfxbook,calendar-chart-years-back.json,20,2026-08-26T15:48:54.341Z,EconomicCalendar/raw/myfxbook/myfxbook_consensus_history.json,1538055386838d8ec50ab9cce40153f69aa8bf841c2ae50f67751b2c465432cb,5,147
PCE,PCE,486275182,2026-03-13,0.3,0.3,1,1,unique_populated,1,,myfxbook,calendar-chart-years-back.json,20,2026-08-26T15:48:54.341Z,EconomicCalendar/raw/myfxbook/myfxbook_consensus_history.json,1538055386838d8ec50ab9cce40153f69aa8bf841c2ae50f67751b2c465432cb,5,148
PCE,PCE,486275182,2026-04-09,0.4,0.4,1,1,unique_populated,1,,myfxbook,calendar-chart-years-back.json,20,2026-08-26T15:48:54.341Z,EconomicCalendar/raw/myfxbook/myfxbook_consensus_history.json,1538055386838d8ec50ab9cce40153f69aa8bf841c2ae50f67751b2c465432cb,5,149
PCE,PCE,486275182,2026-04-30,0.7,0.7,1,1,unique_populated,1,,myfxbook,calendar-chart-years-back.json,20,2026-08-26T15:48:54.341Z,EconomicCalendar/raw/myfxbook/myfxbook_consensus_history.json,1538055386838d8ec50ab9cce40153f69aa8bf841c2ae50f67751b2c465432cb,5,150
PCE,PCE,486275182,2026-05-28,0.4,0.5,1,1,unique_populated,1,,myfxbook,calendar-chart-years-back.json,20,2026-08-26T15:48:54.341Z,EconomicCalendar/raw/myfxbook/myfxbook_consensus_history.json,1538055386838d8ec50ab9cce40153f69aa8bf841c2ae50f67751b2c465432cb,5,151
PCE,PCE,486275182,2026-06-25,0.4,0.5,1,1,unique_populated,1,,myfxbook,calendar-chart-years-back.json,20,2026-08-26T15:48:54.341Z,EconomicCalendar/raw/myfxbook/myfxbook_consensus_history.json,1538055386838d8ec50ab9cce40153f69aa8bf841c2ae50f67751b2c465432cb,5,152
PCE,PCE,486275182,2026-07-30,-0.1,-0.1,1,1,unique_populated,1,,myfxbook,calendar-chart-years-back.json,20,2026-08-26T15:48:54.341Z,EconomicCalendar/raw/myfxbook/myfxbook_consensus_history.json,1538055386838d8ec50ab9cce40153f69aa8bf841c2ae50f67751b2c465432cb,5,153
PCE,PCE,486275182,2026-08-26,0.2,0.1,1,1,unique_populated,1,,myfxbook,calendar-chart-years-back.json,20,2026-08-26T15:48:54.341Z,EconomicCalendar/raw/myfxbook/myfxbook_consensus_history.json,1538055386838d8ec50ab9cce40153f69aa8bf841c2ae50f67751b2c465432cb,5,154
PPI,PPI_MOM,1438001284,2013-03-14,0.7,0.7,1,1,unique_populated,1,,myfxbook,calendar-chart-years-back.json,20,2026-08-26T15:48:54.341Z,EconomicCalendar/raw/myfxbook/myfxbook_consensus_history.json,1538055386838d8ec50ab9cce40153f69aa8bf841c2ae50f67751b2c465432cb,2,1
PPI,PPI_MOM,1438001284,2013-04-12,-0.6,0.0,1,1,unique_populated,1,,myfxbook,calendar-chart-years-back.json,20,2026-08-26T15:48:54.341Z,EconomicCalendar/raw/myfxbook/myfxbook_consensus_history.json,1538055386838d8ec50ab9cce40153f69aa8bf841c2ae50f67751b2c465432cb,2,2
PPI,PPI_MOM,1438001284,2013-07-12,0.8,0.4,1,1,unique_populated,1,,myfxbook,calendar-chart-years-back.json,20,2026-08-26T15:48:54.341Z,EconomicCalendar/raw/myfxbook/myfxbook_consensus_history.json,1538055386838d8ec50ab9cce40153f69aa8bf841c2ae50f67751b2c465432cb,2,3
PPI,PPI_MOM,1438001284,2013-08-14,0.0,0.4,1,1,unique_populated,1,,myfxbook,calendar-chart-years-back.json,20,2026-08-26T15:48:54.341Z,EconomicCalendar/raw/myfxbook/myfxbook_consensus_history.json,1538055386838d8ec50ab9cce40153f69aa8bf841c2ae50f67751b2c465432cb,2,4
PPI,PPI_MOM,1438001284,2013-09-13,0.3,0.2,1,1,unique_populated,1,,myfxbook,calendar-chart-years-back.json,20,2026-08-26T15:48:54.341Z,EconomicCalendar/raw/myfxbook/myfxbook_consensus_history.json,1538055386838d8ec50ab9cce40153f69aa8bf841c2ae50f67751b2c465432cb,2,5
PPI,PPI_MOM,1438001284,2013-10-29,-0.1,0.2,1,1,unique_populated,1,,myfxbook,calendar-chart-years-back.json,20,2026-08-26T15:48:54.341Z,EconomicCalendar/raw/myfxbook/myfxbook_consensus_history.json,1538055386838d8ec50ab9cce40153f69aa8bf841c2ae50f67751b2c465432cb,2,6
PPI,PPI_MOM,1438001284,2013-11-21,-0.2,-0.2,1,1,unique_populated,1,,myfxbook,calendar-chart-years-back.json,20,2026-08-26T15:48:54.341Z,EconomicCalendar/raw/myfxbook/myfxbook_consensus_history.json,1538055386838d8ec50ab9cce40153f69aa8bf841c2ae50f67751b2c465432cb,2,7
PPI,PPI_MOM,1438001284,2013-12-13,-0.1,-0.1,1,1,unique_populated,1,,myfxbook,calendar-chart-years-back.json,20,2026-08-26T15:48:54.341Z,EconomicCalendar/raw/myfxbook/myfxbook_consensus_history.json,1538055386838d8ec50ab9cce40153f69aa8bf841c2ae50f67751b2c465432cb,2,8
PPI,PPI_MOM,1438001284,2014-01-15,0.4,0.4,1,1,unique_populated,1,,myfxbook,calendar-chart-years-back.json,20,2026-08-26T15:48:54.341Z,EconomicCalendar/raw/myfxbook/myfxbook_consensus_history.json,1538055386838d8ec50ab9cce40153f69aa8bf841c2ae50f67751b2c465432cb,2,9
PPI,PPI_MOM,1438001284,2014-02-19,0.2,0.1,1,1,unique_populated,1,,myfxbook,calendar-chart-years-back.json,20,2026-08-26T15:48:54.341Z,EconomicCalendar/raw/myfxbook/myfxbook_consensus_history.json,1538055386838d8ec50ab9cce40153f69aa8bf841c2ae50f67751b2c465432cb,2,10
PPI,PPI_MOM,1438001284,2014-03-14,-0.1,0.2,1,1,unique_populated,1,,myfxbook,calendar-chart-years-back.json,20,2026-08-26T15:48:54.341Z,EconomicCalendar/raw/myfxbook/myfxbook_consensus_history.json,1538055386838d8ec50ab9cce40153f69aa8bf841c2ae50f67751b2c465432cb,2,11
PPI,PPI_MOM,1438001284,2014-04-11,0.5,0.2,1,1,unique_populated,1,,myfxbook,calendar-chart-years-back.json,20,2026-08-26T15:48:54.341Z,EconomicCalendar/raw/myfxbook/myfxbook_consensus_history.json,1538055386838d8ec50ab9cce40153f69aa8bf841c2ae50f67751b2c465432cb,2,12
PPI,PPI_MOM,1438001284,2014-05-14,0.6,0.2,1,1,unique_populated,1,,myfxbook,calendar-chart-years-back.json,20,2026-08-26T15:48:54.341Z,EconomicCalendar/raw/myfxbook/myfxbook_consensus_history.json,1538055386838d8ec50ab9cce40153f69aa8bf841c2ae50f67751b2c465432cb,2,13
PPI,PPI_MOM,1438001284,2014-06-13,-0.2,0.1,1,1,unique_populated,1,,myfxbook,calendar-chart-years-back.json,20,2026-08-26T15:48:54.341Z,EconomicCalendar/raw/myfxbook/myfxbook_consensus_history.json,1538055386838d8ec50ab9cce40153f69aa8bf841c2ae50f67751b2c465432cb,2,14
PPI,PPI_MOM,1438001284,2014-07-16,0.4,0.2,1,1,unique_populated,1,,myfxbook,calendar-chart-years-back.json,20,2026-08-26T15:48:54.341Z,EconomicCalendar/raw/myfxbook/myfxbook_consensus_history.json,1538055386838d8ec50ab9cce40153f69aa8bf841c2ae50f67751b2c465432cb,2,15
PPI,PPI_MOM,1438001284,2014-08-15,0.1,0.1,1,1,unique_populated,1,,myfxbook,calendar-chart-years-back.json,20,2026-08-26T15:48:54.341Z,EconomicCalendar/raw/myfxbook/myfxbook_consensus_history.json,1538055386838d8ec50ab9cce40153f69aa8bf841c2ae50f67751b2c465432cb,2,16
PPI,PPI_MOM,1438001284,2014-09-16,0.0,0.1,1,1,unique_populated,1,,myfxbook,calendar-chart-years-back.json,20,2026-08-26T15:48:54.341Z,EconomicCalendar/raw/myfxbook/myfxbook_consensus_history.json,1538055386838d8ec50ab9cce40153f69aa8bf841c2ae50f67751b2c465432cb,2,17
PPI,PPI_MOM,1438001284,2014-10-15,-0.1,0.1,1,1,unique_populated,1,,myfxbook,calendar-chart-years-back.json,20,2026-08-26T15:48:54.341Z,EconomicCalendar/raw/myfxbook/myfxbook_consensus_history.json,1538055386838d8ec50ab9cce40153f69aa8bf841c2ae50f67751b2c465432cb,2,18
PPI,PPI_MOM,1438001284,2014-11-18,0.2,-0.1,1,1,unique_populated,1,,myfxbook,calendar-chart-years-back.json,20,2026-08-26T15:48:54.341Z,EconomicCalendar/raw/myfxbook/myfxbook_consensus_history.json,1538055386838d8ec50ab9cce40153f69aa8bf841c2ae50f67751b2c465432cb,2,19
PPI,PPI_MOM,1438001284,2014-12-12,-0.2,-0.1,1,1,unique_populated,1,,myfxbook,calendar-chart-years-back.json,20,2026-08-26T15:48:54.341Z,EconomicCalendar/raw/myfxbook/myfxbook_consensus_history.json,1538055386838d8ec50ab9cce40153f69aa8bf841c2ae50f67751b2c465432cb,2,20
PPI,PPI_MOM,1438001284,2015-01-15,-0.3,-0.4,1,1,unique_populated,1,,myfxbook,calendar-chart-years-back.json,20,2026-08-26T15:48:54.341Z,EconomicCalendar/raw/myfxbook/myfxbook_consensus_history.json,1538055386838d8ec50ab9cce40153f69aa8bf841c2ae50f67751b2c465432cb,2,21
PPI,PPI_MOM,1438001284,2015-02-18,-0.8,-0.4,1,1,unique_populated,1,,myfxbook,calendar-chart-years-back.json,20,2026-08-26T15:48:54.341Z,EconomicCalendar/raw/myfxbook/myfxbook_consensus_history.json,1538055386838d8ec50ab9cce40153f69aa8bf841c2ae50f67751b2c465432cb,2,22
PPI,PPI_MOM,1438001284,2015-03-13,-0.5,0.3,1,1,unique_populated,1,,myfxbook,calendar-chart-years-back.json,20,2026-08-26T15:48:54.341Z,EconomicCalendar/raw/myfxbook/myfxbook_consensus_history.json,1538055386838d8ec50ab9cce40153f69aa8bf841c2ae50f67751b2c465432cb,2,23
PPI,PPI_MOM,1438001284,2015-04-14,0.2,0.2,1,1,unique_populated,1,,myfxbook,calendar-chart-years-back.json,20,2026-08-26T15:48:54.341Z,EconomicCalendar/raw/myfxbook/myfxbook_consensus_history.json,1538055386838d8ec50ab9cce40153f69aa8bf841c2ae50f67751b2c465432cb,2,24
PPI,PPI_MOM,1438001284,2015-05-14,-0.4,0.2,1,1,unique_populated,1,,myfxbook,calendar-chart-years-back.json,20,2026-08-26T15:48:54.341Z,EconomicCalendar/raw/myfxbook/myfxbook_consensus_history.json,1538055386838d8ec50ab9cce40153f69aa8bf841c2ae50f67751b2c465432cb,2,25
PPI,PPI_MOM,1438001284,2015-06-12,0.5,0.4,1,1,unique_populated,1,,myfxbook,calendar-chart-years-back.json,20,2026-08-26T15:48:54.341Z,EconomicCalendar/raw/myfxbook/myfxbook_consensus_history.json,1538055386838d8ec50ab9cce40153f69aa8bf841c2ae50f67751b2c465432cb,2,26
PPI,PPI_MOM,1438001284,2015-07-15,0.4,0.2,1,1,unique_populated,1,,myfxbook,calendar-chart-years-back.json,20,2026-08-26T15:48:54.341Z,EconomicCalendar/raw/myfxbook/myfxbook_consensus_history.json,1538055386838d8ec50ab9cce40153f69aa8bf841c2ae50f67751b2c465432cb,2,27
PPI,PPI_MOM,1438001284,2015-08-14,0.2,0.1,1,1,unique_populated,1,,myfxbook,calendar-chart-years-back.json,20,2026-08-26T15:48:54.341Z,EconomicCalendar/raw/myfxbook/myfxbook_consensus_history.json,1538055386838d8ec50ab9cce40153f69aa8bf841c2ae50f67751b2c465432cb,2,28
PPI,PPI_MOM,1438001284,2015-09-11,0.0,-0.1,1,1,unique_populated,1,,myfxbook,calendar-chart-years-back.json,20,2026-08-26T15:48:54.341Z,EconomicCalendar/raw/myfxbook/myfxbook_consensus_history.json,1538055386838d8ec50ab9cce40153f69aa8bf841c2ae50f67751b2c465432cb,2,29
PPI,PPI_MOM,1438001284,2015-10-14,-0.5,-0.2,1,1,unique_populated,1,,myfxbook,calendar-chart-years-back.json,20,2026-08-26T15:48:54.341Z,EconomicCalendar/raw/myfxbook/myfxbook_consensus_history.json,1538055386838d8ec50ab9cce40153f69aa8bf841c2ae50f67751b2c465432cb,2,30
PPI,PPI_MOM,1438001284,2015-11-13,-0.4,0.2,1,1,unique_populated,1,,myfxbook,calendar-chart-years-back.json,20,2026-08-26T15:48:54.341Z,EconomicCalendar/raw/myfxbook/myfxbook_consensus_history.json,1538055386838d8ec50ab9cce40153f69aa8bf841c2ae50f67751b2c465432cb,2,31
PPI,PPI_MOM,1438001284,2015-12-11,0.3,0.0,1,1,unique_populated,1,,myfxbook,calendar-chart-years-back.json,20,2026-08-26T15:48:54.341Z,EconomicCalendar/raw/myfxbook/myfxbook_consensus_history.json,1538055386838d8ec50ab9cce40153f69aa8bf841c2ae50f67751b2c465432cb,2,32
PPI,PPI_MOM,1438001284,2016-01-15,-0.2,-0.2,1,1,unique_populated,1,,myfxbook,calendar-chart-years-back.json,20,2026-08-26T15:48:54.341Z,EconomicCalendar/raw/myfxbook/myfxbook_consensus_history.json,1538055386838d8ec50ab9cce40153f69aa8bf841c2ae50f67751b2c465432cb,2,33
PPI,PPI_MOM,1438001284,2016-02-17,0.1,-0.2,1,1,unique_populated,1,,myfxbook,calendar-chart-years-back.json,20,2026-08-26T15:48:54.341Z,EconomicCalendar/raw/myfxbook/myfxbook_consensus_history.json,1538055386838d8ec50ab9cce40153f69aa8bf841c2ae50f67751b2c465432cb,2,34
PPI,PPI_MOM,1438001284,2016-03-15,-0.2,-0.2,1,1,unique_populated,1,,myfxbook,calendar-chart-years-back.json,20,2026-08-26T15:48:54.341Z,EconomicCalendar/raw/myfxbook/myfxbook_consensus_history.json,1538055386838d8ec50ab9cce40153f69aa8bf841c2ae50f67751b2c465432cb,2,35
PPI,PPI_MOM,1438001284,2016-04-13,-0.1,0.2,1,1,unique_populated,1,,myfxbook,calendar-chart-years-back.json,20,2026-08-26T15:48:54.341Z,EconomicCalendar/raw/myfxbook/myfxbook_consensus_history.json,1538055386838d8ec50ab9cce40153f69aa8bf841c2ae50f67751b2c465432cb,2,36
PPI,PPI_MOM,1438001284,2016-05-13,0.2,0.3,1,1,unique_populated,1,,myfxbook,calendar-chart-years-back.json,20,2026-08-26T15:48:54.341Z,EconomicCalendar/raw/myfxbook/myfxbook_consensus_history.json,1538055386838d8ec50ab9cce40153f69aa8bf841c2ae50f67751b2c465432cb,2,37
PPI,PPI_MOM,1438001284,2016-06-15,0.4,0.3,1,1,unique_populated,1,,myfxbook,calendar-chart-years-back.json,20,2026-08-26T15:48:54.341Z,EconomicCalendar/raw/myfxbook/myfxbook_consensus_history.json,1538055386838d8ec50ab9cce40153f69aa8bf841c2ae50f67751b2c465432cb,2,38
PPI,PPI_MOM,1438001284,2016-07-14,0.5,0.3,1,1,unique_populated,1,,myfxbook,calendar-chart-years-back.json,20,2026-08-26T15:48:54.341Z,EconomicCalendar/raw/myfxbook/myfxbook_consensus_history.json,1538055386838d8ec50ab9cce40153f69aa8bf841c2ae50f67751b2c465432cb,2,39
PPI,PPI_MOM,1438001284,2016-08-12,-0.4,0.1,1,1,unique_populated,1,,myfxbook,calendar-chart-years-back.json,20,2026-08-26T15:48:54.341Z,EconomicCalendar/raw/myfxbook/myfxbook_consensus_history.json,1538055386838d8ec50ab9cce40153f69aa8bf841c2ae50f67751b2c465432cb,2,40
PPI,PPI_MOM,1438001284,2016-09-15,0.0,0.1,1,1,unique_populated,1,,myfxbook,calendar-chart-years-back.json,20,2026-08-26T15:48:54.341Z,EconomicCalendar/raw/myfxbook/myfxbook_consensus_history.json,1538055386838d8ec50ab9cce40153f69aa8bf841c2ae50f67751b2c465432cb,2,41
PPI,PPI_MOM,1438001284,2016-10-14,0.3,0.2,1,1,unique_populated,1,,myfxbook,calendar-chart-years-back.json,20,2026-08-26T15:48:54.341Z,EconomicCalendar/raw/myfxbook/myfxbook_consensus_history.json,1538055386838d8ec50ab9cce40153f69aa8bf841c2ae50f67751b2c465432cb,2,42
PPI,PPI_MOM,1438001284,2016-11-16,0.0,0.3,1,1,unique_populated,1,,myfxbook,calendar-chart-years-back.json,20,2026-08-26T15:48:54.341Z,EconomicCalendar/raw/myfxbook/myfxbook_consensus_history.json,1538055386838d8ec50ab9cce40153f69aa8bf841c2ae50f67751b2c465432cb,2,43
PPI,PPI_MOM,1438001284,2016-12-14,0.4,0.1,1,1,unique_populated,1,,myfxbook,calendar-chart-years-back.json,20,2026-08-26T15:48:54.341Z,EconomicCalendar/raw/myfxbook/myfxbook_consensus_history.json,1538055386838d8ec50ab9cce40153f69aa8bf841c2ae50f67751b2c465432cb,2,44
PPI,PPI_MOM,1438001284,2017-01-13,0.3,0.2,1,1,unique_populated,1,,myfxbook,calendar-chart-years-back.json,20,2026-08-26T15:48:54.341Z,EconomicCalendar/raw/myfxbook/myfxbook_consensus_history.json,1538055386838d8ec50ab9cce40153f69aa8bf841c2ae50f67751b2c465432cb,2,45
PPI,PPI_MOM,1438001284,2017-02-14,0.6,0.3,1,1,unique_populated,1,,myfxbook,calendar-chart-years-back.json,20,2026-08-26T15:48:54.341Z,EconomicCalendar/raw/myfxbook/myfxbook_consensus_history.json,1538055386838d8ec50ab9cce40153f69aa8bf841c2ae50f67751b2c465432cb,2,46
PPI,PPI_MOM,1438001284,2017-03-14,0.3,0.1,1,1,unique_populated,1,,myfxbook,calendar-chart-years-back.json,20,2026-08-26T15:48:54.341Z,EconomicCalendar/raw/myfxbook/myfxbook_consensus_history.json,1538055386838d8ec50ab9cce40153f69aa8bf841c2ae50f67751b2c465432cb,2,47
PPI,PPI_MOM,1438001284,2017-04-13,-0.1,0.0,1,1,unique_populated,1,,myfxbook,calendar-chart-years-back.json,20,2026-08-26T15:48:54.341Z,EconomicCalendar/raw/myfxbook/myfxbook_consensus_history.json,1538055386838d8ec50ab9cce40153f69aa8bf841c2ae50f67751b2c465432cb,2,48
PPI,PPI_MOM,1438001284,2017-05-11,0.5,0.2,1,1,unique_populated,1,,myfxbook,calendar-chart-years-back.json,20,2026-08-26T15:48:54.341Z,EconomicCalendar/raw/myfxbook/myfxbook_consensus_history.json,1538055386838d8ec50ab9cce40153f69aa8bf841c2ae50f67751b2c465432cb,2,49
PPI,PPI_MOM,1438001284,2017-06-13,0.0,0.0,1,1,unique_populated,1,,myfxbook,calendar-chart-years-back.json,20,2026-08-26T15:48:54.341Z,EconomicCalendar/raw/myfxbook/myfxbook_consensus_history.json,1538055386838d8ec50ab9cce40153f69aa8bf841c2ae50f67751b2c465432cb,2,50
PPI,PPI_MOM,1438001284,2017-07-13,0.1,-0.1,1,1,unique_populated,1,,myfxbook,calendar-chart-years-back.json,20,2026-08-26T15:48:54.341Z,EconomicCalendar/raw/myfxbook/myfxbook_consensus_history.json,1538055386838d8ec50ab9cce40153f69aa8bf841c2ae50f67751b2c465432cb,2,51
PPI,PPI_MOM,1438001284,2017-08-10,-0.1,0.1,1,1,unique_populated,1,,myfxbook,calendar-chart-years-back.json,20,2026-08-26T15:48:54.341Z,EconomicCalendar/raw/myfxbook/myfxbook_consensus_history.json,1538055386838d8ec50ab9cce40153f69aa8bf841c2ae50f67751b2c465432cb,2,52
PPI,PPI_MOM,1438001284,2017-09-13,0.2,0.3,1,1,unique_populated,1,,myfxbook,calendar-chart-years-back.json,20,2026-08-26T15:48:54.341Z,EconomicCalendar/raw/myfxbook/myfxbook_consensus_history.json,1538055386838d8ec50ab9cce40153f69aa8bf841c2ae50f67751b2c465432cb,2,53
PPI,PPI_MOM,1438001284,2017-10-12,0.4,0.4,1,1,unique_populated,1,,myfxbook,calendar-chart-years-back.json,20,2026-08-26T15:48:54.341Z,EconomicCalendar/raw/myfxbook/myfxbook_consensus_history.json,1538055386838d8ec50ab9cce40153f69aa8bf841c2ae50f67751b2c465432cb,2,54
PPI,PPI_MOM,1438001284,2017-11-14,0.4,0.1,1,1,unique_populated,1,,myfxbook,calendar-chart-years-back.json,20,2026-08-26T15:48:54.341Z,EconomicCalendar/raw/myfxbook/myfxbook_consensus_history.json,1538055386838d8ec50ab9cce40153f69aa8bf841c2ae50f67751b2c465432cb,2,55
PPI,PPI_MOM,1438001284,2017-12-12,0.4,0.3,1,1,unique_populated,1,,myfxbook,calendar-chart-years-back.json,20,2026-08-26T15:48:54.341Z,EconomicCalendar/raw/myfxbook/myfxbook_consensus_history.json,1538055386838d8ec50ab9cce40153f69aa8bf841c2ae50f67751b2c465432cb,2,56
PPI,PPI_MOM,1438001284,2018-01-11,-0.1,0.2,1,1,unique_populated,1,,myfxbook,calendar-chart-years-back.json,20,2026-08-26T15:48:54.341Z,EconomicCalendar/raw/myfxbook/myfxbook_consensus_history.json,1538055386838d8ec50ab9cce40153f69aa8bf841c2ae50f67751b2c465432cb,2,57
PPI,PPI_MOM,1438001284,2018-02-15,0.4,-0.1,1,1,unique_populated,1,,myfxbook,calendar-chart-years-back.json,20,2026-08-26T15:48:54.341Z,EconomicCalendar/raw/myfxbook/myfxbook_consensus_history.json,1538055386838d8ec50ab9cce40153f69aa8bf841c2ae50f67751b2c465432cb,2,58
PPI,PPI_MOM,1438001284,2018-03-14,0.2,0.1,1,1,unique_populated,1,,myfxbook,calendar-chart-years-back.json,20,2026-08-26T15:48:54.341Z,EconomicCalendar/raw/myfxbook/myfxbook_consensus_history.json,1538055386838d8ec50ab9cce40153f69aa8bf841c2ae50f67751b2c465432cb,2,59
PPI,PPI_MOM,1438001284,2018-04-10,0.3,0.1,1,1,unique_populated,1,,myfxbook,calendar-chart-years-back.json,20,2026-08-26T15:48:54.341Z,EconomicCalendar/raw/myfxbook/myfxbook_consensus_history.json,1538055386838d8ec50ab9cce40153f69aa8bf841c2ae50f67751b2c465432cb,2,60
PPI,PPI_MOM,1438001284,2018-05-09,0.1,0.2,1,1,unique_populated,1,,myfxbook,calendar-chart-years-back.json,20,2026-08-26T15:48:54.341Z,EconomicCalendar/raw/myfxbook/myfxbook_consensus_history.json,1538055386838d8ec50ab9cce40153f69aa8bf841c2ae50f67751b2c465432cb,2,61
PPI,PPI_MOM,1438001284,2018-06-13,0.5,0.3,1,1,unique_populated,1,,myfxbook,calendar-chart-years-back.json,20,2026-08-26T15:48:54.341Z,EconomicCalendar/raw/myfxbook/myfxbook_consensus_history.json,1538055386838d8ec50ab9cce40153f69aa8bf841c2ae50f67751b2c465432cb,2,62
PPI,PPI_MOM,1438001284,2018-07-11,0.3,0.2,1,1,unique_populated,1,,myfxbook,calendar-chart-years-back.json,20,2026-08-26T15:48:54.341Z,EconomicCalendar/raw/myfxbook/myfxbook_consensus_history.json,1538055386838d8ec50ab9cce40153f69aa8bf841c2ae50f67751b2c465432cb,2,63
PPI,PPI_MOM,1438001284,2018-08-09,0.0,0.2,1,1,unique_populated,1,,myfxbook,calendar-chart-years-back.json,20,2026-08-26T15:48:54.341Z,EconomicCalendar/raw/myfxbook/myfxbook_consensus_history.json,1538055386838d8ec50ab9cce40153f69aa8bf841c2ae50f67751b2c465432cb,2,64
PPI,PPI_MOM,1438001284,2018-09-12,-0.1,0.2,1,1,unique_populated,1,,myfxbook,calendar-chart-years-back.json,20,2026-08-26T15:48:54.341Z,EconomicCalendar/raw/myfxbook/myfxbook_consensus_history.json,1538055386838d8ec50ab9cce40153f69aa8bf841c2ae50f67751b2c465432cb,2,65
PPI,PPI_MOM,1438001284,2018-10-10,0.2,0.2,1,1,unique_populated,1,,myfxbook,calendar-chart-years-back.json,20,2026-08-26T15:48:54.341Z,EconomicCalendar/raw/myfxbook/myfxbook_consensus_history.json,1538055386838d8ec50ab9cce40153f69aa8bf841c2ae50f67751b2c465432cb,2,66
PPI,PPI_MOM,1438001284,2018-11-09,0.6,0.2,1,1,unique_populated,1,,myfxbook,calendar-chart-years-back.json,20,2026-08-26T15:48:54.341Z,EconomicCalendar/raw/myfxbook/myfxbook_consensus_history.json,1538055386838d8ec50ab9cce40153f69aa8bf841c2ae50f67751b2c465432cb,2,67
PPI,PPI_MOM,1438001284,2018-12-11,0.1,0.0,1,1,unique_populated,1,,myfxbook,calendar-chart-years-back.json,20,2026-08-26T15:48:54.341Z,EconomicCalendar/raw/myfxbook/myfxbook_consensus_history.json,1538055386838d8ec50ab9cce40153f69aa8bf841c2ae50f67751b2c465432cb,2,68
PPI,PPI_MOM,1438001284,2019-01-15,-0.2,-0.1,1,1,unique_populated,1,,myfxbook,calendar-chart-years-back.json,20,2026-08-26T15:48:54.341Z,EconomicCalendar/raw/myfxbook/myfxbook_consensus_history.json,1538055386838d8ec50ab9cce40153f69aa8bf841c2ae50f67751b2c465432cb,2,69
PPI,PPI_MOM,1438001284,2019-02-14,-0.1,0.1,1,1,unique_populated,1,,myfxbook,calendar-chart-years-back.json,20,2026-08-26T15:48:54.341Z,EconomicCalendar/raw/myfxbook/myfxbook_consensus_history.json,1538055386838d8ec50ab9cce40153f69aa8bf841c2ae50f67751b2c465432cb,2,70
PPI,PPI_MOM,1438001284,2019-03-13,0.1,0.2,1,1,unique_populated,1,,myfxbook,calendar-chart-years-back.json,20,2026-08-26T15:48:54.341Z,EconomicCalendar/raw/myfxbook/myfxbook_consensus_history.json,1538055386838d8ec50ab9cce40153f69aa8bf841c2ae50f67751b2c465432cb,2,71
PPI,PPI_MOM,1438001284,2019-04-11,0.6,0.3,1,1,unique_populated,1,,myfxbook,calendar-chart-years-back.json,20,2026-08-26T15:48:54.341Z,EconomicCalendar/raw/myfxbook/myfxbook_consensus_history.json,1538055386838d8ec50ab9cce40153f69aa8bf841c2ae50f67751b2c465432cb,2,72
PPI,PPI_MOM,1438001284,2019-05-09,0.2,0.2,1,1,unique_populated,1,,myfxbook,calendar-chart-years-back.json,20,2026-08-26T15:48:54.341Z,EconomicCalendar/raw/myfxbook/myfxbook_consensus_history.json,1538055386838d8ec50ab9cce40153f69aa8bf841c2ae50f67751b2c465432cb,2,73
PPI,PPI_MOM,1438001284,2019-06-11,0.1,0.1,1,1,unique_populated,1,,myfxbook,calendar-chart-years-back.json,20,2026-08-26T15:48:54.341Z,EconomicCalendar/raw/myfxbook/myfxbook_consensus_history.json,1538055386838d8ec50ab9cce40153f69aa8bf841c2ae50f67751b2c465432cb,2,74
PPI,PPI_MOM,1438001284,2019-07-12,0.1,0.0,1,1,unique_populated,1,,myfxbook,calendar-chart-years-back.json,20,2026-08-26T15:48:54.341Z,EconomicCalendar/raw/myfxbook/myfxbook_consensus_history.json,1538055386838d8ec50ab9cce40153f69aa8bf841c2ae50f67751b2c465432cb,2,75
PPI,PPI_MOM,1438001284,2019-08-09,0.2,0.2,1,1,unique_populated,1,,myfxbook,calendar-chart-years-back.json,20,2026-08-26T15:48:54.341Z,EconomicCalendar/raw/myfxbook/myfxbook_consensus_history.json,1538055386838d8ec50ab9cce40153f69aa8bf841c2ae50f67751b2c465432cb,2,76
PPI,PPI_MOM,1438001284,2019-09-11,0.1,0.0,1,1,unique_populated,1,,myfxbook,calendar-chart-years-back.json,20,2026-08-26T15:48:54.341Z,EconomicCalendar/raw/myfxbook/myfxbook_consensus_history.json,1538055386838d8ec50ab9cce40153f69aa8bf841c2ae50f67751b2c465432cb,2,77
PPI,PPI_MOM,1438001284,2019-10-08,-0.3,0.1,1,1,unique_populated,1,,myfxbook,calendar-chart-years-back.json,20,2026-08-26T15:48:54.341Z,EconomicCalendar/raw/myfxbook/myfxbook_consensus_history.json,1538055386838d8ec50ab9cce40153f69aa8bf841c2ae50f67751b2c465432cb,2,78
PPI,PPI_MOM,1438001284,2019-11-14,0.4,0.3,1,1,unique_populated,1,,myfxbook,calendar-chart-years-back.json,20,2026-08-26T15:48:54.341Z,EconomicCalendar/raw/myfxbook/myfxbook_consensus_history.json,1538055386838d8ec50ab9cce40153f69aa8bf841c2ae50f67751b2c465432cb,2,79
PPI,PPI_MOM,1438001284,2019-12-12,0.0,0.2,1,1,unique_populated,1,,myfxbook,calendar-chart-years-back.json,20,2026-08-26T15:48:54.341Z,EconomicCalendar/raw/myfxbook/myfxbook_consensus_history.json,1538055386838d8ec50ab9cce40153f69aa8bf841c2ae50f67751b2c465432cb,2,80
PPI,PPI_MOM,1438001284,2020-01-15,0.1,0.2,1,1,unique_populated,1,,myfxbook,calendar-chart-years-back.json,20,2026-08-26T15:48:54.341Z,EconomicCalendar/raw/myfxbook/myfxbook_consensus_history.json,1538055386838d8ec50ab9cce40153f69aa8bf841c2ae50f67751b2c465432cb,2,81
PPI,PPI_MOM,1438001284,2020-02-19,0.5,0.1,1,1,unique_populated,1,,myfxbook,calendar-chart-years-back.json,20,2026-08-26T15:48:54.341Z,EconomicCalendar/raw/myfxbook/myfxbook_consensus_history.json,1538055386838d8ec50ab9cce40153f69aa8bf841c2ae50f67751b2c465432cb,2,82
PPI,PPI_MOM,1438001284,2020-03-12,-0.6,-0.1,1,1,unique_populated,1,,myfxbook,calendar-chart-years-back.json,20,2026-08-26T15:48:54.341Z,EconomicCalendar/raw/myfxbook/myfxbook_consensus_history.json,1538055386838d8ec50ab9cce40153f69aa8bf841c2ae50f67751b2c465432cb,2,83
PPI,PPI_MOM,1438001284,2020-04-09,-0.2,-0.4,1,1,unique_populated,1,,myfxbook,calendar-chart-years-back.json,20,2026-08-26T15:48:54.341Z,EconomicCalendar/raw/myfxbook/myfxbook_consensus_history.json,1538055386838d8ec50ab9cce40153f69aa8bf841c2ae50f67751b2c465432cb,2,84
PPI,PPI_MOM,1438001284,2020-05-13,-1.3,-0.5,1,1,unique_populated,1,,myfxbook,calendar-chart-years-back.json,20,2026-08-26T15:48:54.341Z,EconomicCalendar/raw/myfxbook/myfxbook_consensus_history.json,1538055386838d8ec50ab9cce40153f69aa8bf841c2ae50f67751b2c465432cb,2,85
PPI,PPI_MOM,1438001284,2020-06-11,0.4,0.1,1,1,unique_populated,1,,myfxbook,calendar-chart-years-back.json,20,2026-08-26T15:48:54.341Z,EconomicCalendar/raw/myfxbook/myfxbook_consensus_history.json,1538055386838d8ec50ab9cce40153f69aa8bf841c2ae50f67751b2c465432cb,2,86
PPI,PPI_MOM,1438001284,2020-07-10,-0.2,0.4,1,1,unique_populated,1,,myfxbook,calendar-chart-years-back.json,20,2026-08-26T15:48:54.341Z,EconomicCalendar/raw/myfxbook/myfxbook_consensus_history.json,1538055386838d8ec50ab9cce40153f69aa8bf841c2ae50f67751b2c465432cb,2,87
PPI,PPI_MOM,1438001284,2020-08-11,0.6,0.3,1,1,unique_populated,1,,myfxbook,calendar-chart-years-back.json,20,2026-08-26T15:48:54.341Z,EconomicCalendar/raw/myfxbook/myfxbook_consensus_history.json,1538055386838d8ec50ab9cce40153f69aa8bf841c2ae50f67751b2c465432cb,2,88
PPI,PPI_MOM,1438001284,2020-09-10,0.3,0.2,1,1,unique_populated,1,,myfxbook,calendar-chart-years-back.json,20,2026-08-26T15:48:54.341Z,EconomicCalendar/raw/myfxbook/myfxbook_consensus_history.json,1538055386838d8ec50ab9cce40153f69aa8bf841c2ae50f67751b2c465432cb,2,89
PPI,PPI_MOM,1438001284,2020-10-14,0.4,0.2,1,1,unique_populated,1,,myfxbook,calendar-chart-years-back.json,20,2026-08-26T15:48:54.341Z,EconomicCalendar/raw/myfxbook/myfxbook_consensus_history.json,1538055386838d8ec50ab9cce40153f69aa8bf841c2ae50f67751b2c465432cb,2,90
PPI,PPI_MOM,1438001284,2020-11-13,0.3,0.2,1,1,unique_populated,1,,myfxbook,calendar-chart-years-back.json,20,2026-08-26T15:48:54.341Z,EconomicCalendar/raw/myfxbook/myfxbook_consensus_history.json,1538055386838d8ec50ab9cce40153f69aa8bf841c2ae50f67751b2c465432cb,2,91
PPI,PPI_MOM,1438001284,2020-12-11,0.1,0.2,1,1,unique_populated,1,,myfxbook,calendar-chart-years-back.json,20,2026-08-26T15:48:54.341Z,EconomicCalendar/raw/myfxbook/myfxbook_consensus_history.json,1538055386838d8ec50ab9cce40153f69aa8bf841c2ae50f67751b2c465432cb,2,92
PPI,PPI_MOM,1438001284,2021-01-15,0.3,0.4,1,1,unique_populated,1,,myfxbook,calendar-chart-years-back.json,20,2026-08-26T15:48:54.341Z,EconomicCalendar/raw/myfxbook/myfxbook_consensus_history.json,1538055386838d8ec50ab9cce40153f69aa8bf841c2ae50f67751b2c465432cb,2,93
PPI,PPI_MOM,1438001284,2021-02-17,1.3,0.4,1,1,unique_populated,1,,myfxbook,calendar-chart-years-back.json,20,2026-08-26T15:48:54.341Z,EconomicCalendar/raw/myfxbook/myfxbook_consensus_history.json,1538055386838d8ec50ab9cce40153f69aa8bf841c2ae50f67751b2c465432cb,2,94
PPI,PPI_MOM,1438001284,2021-03-12,0.5,0.5,1,1,unique_populated,1,,myfxbook,calendar-chart-years-back.json,20,2026-08-26T15:48:54.341Z,EconomicCalendar/raw/myfxbook/myfxbook_consensus_history.json,1538055386838d8ec50ab9cce40153f69aa8bf841c2ae50f67751b2c465432cb,2,95
PPI,PPI_MOM,1438001284,2021-04-09,1.0,0.5,1,1,unique_populated,1,,myfxbook,calendar-chart-years-back.json,20,2026-08-26T15:48:54.341Z,EconomicCalendar/raw/myfxbook/myfxbook_consensus_history.json,1538055386838d8ec50ab9cce40153f69aa8bf841c2ae50f67751b2c465432cb,2,96
PPI,PPI_MOM,1438001284,2021-05-13,0.6,0.3,1,1,unique_populated,1,,myfxbook,calendar-chart-years-back.json,20,2026-08-26T15:48:54.341Z,EconomicCalendar/raw/myfxbook/myfxbook_consensus_history.json,1538055386838d8ec50ab9cce40153f69aa8bf841c2ae50f67751b2c465432cb,2,97
PPI,PPI_MOM,1438001284,2021-06-15,0.8,0.6,1,1,unique_populated,1,,myfxbook,calendar-chart-years-back.json,20,2026-08-26T15:48:54.341Z,EconomicCalendar/raw/myfxbook/myfxbook_consensus_history.json,1538055386838d8ec50ab9cce40153f69aa8bf841c2ae50f67751b2c465432cb,2,98
PPI,PPI_MOM,1438001284,2021-07-14,1.0,0.6,1,1,unique_populated,1,,myfxbook,calendar-chart-years-back.json,20,2026-08-26T15:48:54.341Z,EconomicCalendar/raw/myfxbook/myfxbook_consensus_history.json,1538055386838d8ec50ab9cce40153f69aa8bf841c2ae50f67751b2c465432cb,2,99
PPI,PPI_MOM,1438001284,2021-08-12,1.0,0.6,1,1,unique_populated,1,,myfxbook,calendar-chart-years-back.json,20,2026-08-26T15:48:54.341Z,EconomicCalendar/raw/myfxbook/myfxbook_consensus_history.json,1538055386838d8ec50ab9cce40153f69aa8bf841c2ae50f67751b2c465432cb,2,100
PPI,PPI_MOM,1438001284,2021-09-10,0.7,0.6,1,1,unique_populated,1,,myfxbook,calendar-chart-years-back.json,20,2026-08-26T15:48:54.341Z,EconomicCalendar/raw/myfxbook/myfxbook_consensus_history.json,1538055386838d8ec50ab9cce40153f69aa8bf841c2ae50f67751b2c465432cb,2,101
PPI,PPI_MOM,1438001284,2021-10-14,0.5,0.6,1,1,unique_populated,1,,myfxbook,calendar-chart-years-back.json,20,2026-08-26T15:48:54.341Z,EconomicCalendar/raw/myfxbook/myfxbook_consensus_history.json,1538055386838d8ec50ab9cce40153f69aa8bf841c2ae50f67751b2c465432cb,2,102
PPI,PPI_MOM,1438001284,2021-11-09,0.6,0.6,1,1,unique_populated,1,,myfxbook,calendar-chart-years-back.json,20,2026-08-26T15:48:54.341Z,EconomicCalendar/raw/myfxbook/myfxbook_consensus_history.json,1538055386838d8ec50ab9cce40153f69aa8bf841c2ae50f67751b2c465432cb,2,103
PPI,PPI_MOM,1438001284,2021-12-14,0.8,0.5,1,1,unique_populated,1,,myfxbook,calendar-chart-years-back.json,20,2026-08-26T15:48:54.341Z,EconomicCalendar/raw/myfxbook/myfxbook_consensus_history.json,1538055386838d8ec50ab9cce40153f69aa8bf841c2ae50f67751b2c465432cb,2,104
PPI,PPI_MOM,1438001284,2022-01-13,0.2,0.4,1,1,unique_populated,1,,myfxbook,calendar-chart-years-back.json,20,2026-08-26T15:48:54.341Z,EconomicCalendar/raw/myfxbook/myfxbook_consensus_history.json,1538055386838d8ec50ab9cce40153f69aa8bf841c2ae50f67751b2c465432cb,2,105
PPI,PPI_MOM,1438001284,2022-02-15,1.0,0.5,1,1,unique_populated,1,,myfxbook,calendar-chart-years-back.json,20,2026-08-26T15:48:54.341Z,EconomicCalendar/raw/myfxbook/myfxbook_consensus_history.json,1538055386838d8ec50ab9cce40153f69aa8bf841c2ae50f67751b2c465432cb,2,106
PPI,PPI_MOM,1438001284,2022-03-15,0.8,0.9,1,1,unique_populated,1,,myfxbook,calendar-chart-years-back.json,20,2026-08-26T15:48:54.341Z,EconomicCalendar/raw/myfxbook/myfxbook_consensus_history.json,1538055386838d8ec50ab9cce40153f69aa8bf841c2ae50f67751b2c465432cb,2,107
PPI,PPI_MOM,1438001284,2022-04-13,1.4,1.1,1,1,unique_populated,1,,myfxbook,calendar-chart-years-back.json,20,2026-08-26T15:48:54.341Z,EconomicCalendar/raw/myfxbook/myfxbook_consensus_history.json,1538055386838d8ec50ab9cce40153f69aa8bf841c2ae50f67751b2c465432cb,2,108
PPI,PPI_MOM,1438001284,2022-05-12,0.5,0.5,1,1,unique_populated,1,,myfxbook,calendar-chart-years-back.json,20,2026-08-26T15:48:54.341Z,EconomicCalendar/raw/myfxbook/myfxbook_consensus_history.json,1538055386838d8ec50ab9cce40153f69aa8bf841c2ae50f67751b2c465432cb,2,109
PPI,PPI_MOM,1438001284,2022-06-14,0.8,0.8,1,1,unique_populated,1,,myfxbook,calendar-chart-years-back.json,20,2026-08-26T15:48:54.341Z,EconomicCalendar/raw/myfxbook/myfxbook_consensus_history.json,1538055386838d8ec50ab9cce40153f69aa8bf841c2ae50f67751b2c465432cb,2,110
PPI,PPI_MOM,1438001284,2022-07-14,1.1,0.8,1,1,unique_populated,1,,myfxbook,calendar-chart-years-back.json,20,2026-08-26T15:48:54.341Z,EconomicCalendar/raw/myfxbook/myfxbook_consensus_history.json,1538055386838d8ec50ab9cce40153f69aa8bf841c2ae50f67751b2c465432cb,2,111
PPI,PPI_MOM,1438001284,2022-08-11,-0.5,0.2,1,1,unique_populated,1,,myfxbook,calendar-chart-years-back.json,20,2026-08-26T15:48:54.341Z,EconomicCalendar/raw/myfxbook/myfxbook_consensus_history.json,1538055386838d8ec50ab9cce40153f69aa8bf841c2ae50f67751b2c465432cb,2,112
PPI,PPI_MOM,1438001284,2022-09-14,-0.1,-0.1,1,1,unique_populated,1,,myfxbook,calendar-chart-years-back.json,20,2026-08-26T15:48:54.341Z,EconomicCalendar/raw/myfxbook/myfxbook_consensus_history.json,1538055386838d8ec50ab9cce40153f69aa8bf841c2ae50f67751b2c465432cb,2,113
PPI,PPI_MOM,1438001284,2022-10-12,0.4,0.2,1,1,unique_populated,1,,myfxbook,calendar-chart-years-back.json,20,2026-08-26T15:48:54.341Z,EconomicCalendar/raw/myfxbook/myfxbook_consensus_history.json,1538055386838d8ec50ab9cce40153f69aa8bf841c2ae50f67751b2c465432cb,2,114
PPI,PPI_MOM,1438001284,2022-11-15,0.2,0.4,1,1,unique_populated,1,,myfxbook,calendar-chart-years-back.json,20,2026-08-26T15:48:54.341Z,EconomicCalendar/raw/myfxbook/myfxbook_consensus_history.json,1538055386838d8ec50ab9cce40153f69aa8bf841c2ae50f67751b2c465432cb,2,115
PPI,PPI_MOM,1438001284,2022-12-09,0.3,0.2,1,1,unique_populated,1,,myfxbook,calendar-chart-years-back.json,20,2026-08-26T15:48:54.341Z,EconomicCalendar/raw/myfxbook/myfxbook_consensus_history.json,1538055386838d8ec50ab9cce40153f69aa8bf841c2ae50f67751b2c465432cb,2,116
PPI,PPI_MOM,1438001284,2023-01-18,-0.5,-0.1,1,1,unique_populated,1,,myfxbook,calendar-chart-years-back.json,20,2026-08-26T15:48:54.341Z,EconomicCalendar/raw/myfxbook/myfxbook_consensus_history.json,1538055386838d8ec50ab9cce40153f69aa8bf841c2ae50f67751b2c465432cb,2,117
PPI,PPI_MOM,1438001284,2023-02-16,0.7,0.4,1,1,unique_populated,1,,myfxbook,calendar-chart-years-back.json,20,2026-08-26T15:48:54.341Z,EconomicCalendar/raw/myfxbook/myfxbook_consensus_history.json,1538055386838d8ec50ab9cce40153f69aa8bf841c2ae50f67751b2c465432cb,2,118
PPI,PPI_MOM,1438001284,2023-03-15,-0.1,0.3,1,1,unique_populated,1,,myfxbook,calendar-chart-years-back.json,20,2026-08-26T15:48:54.341Z,EconomicCalendar/raw/myfxbook/myfxbook_consensus_history.json,1538055386838d8ec50ab9cce40153f69aa8bf841c2ae50f67751b2c465432cb,2,119
PPI,PPI_MOM,1438001284,2023-04-13,-0.5,0.0,1,1,unique_populated,1,,myfxbook,calendar-chart-years-back.json,20,2026-08-26T15:48:54.341Z,EconomicCalendar/raw/myfxbook/myfxbook_consensus_history.json,1538055386838d8ec50ab9cce40153f69aa8bf841c2ae50f67751b2c465432cb,2,120
PPI,PPI_MOM,1438001284,2023-05-11,0.2,0.3,1,1,unique_populated,1,,myfxbook,calendar-chart-years-back.json,20,2026-08-26T15:48:54.341Z,EconomicCalendar/raw/myfxbook/myfxbook_consensus_history.json,1538055386838d8ec50ab9cce40153f69aa8bf841c2ae50f67751b2c465432cb,2,121
PPI,PPI_MOM,1438001284,2023-06-14,-0.3,-0.1,1,1,unique_populated,1,,myfxbook,calendar-chart-years-back.json,20,2026-08-26T15:48:54.341Z,EconomicCalendar/raw/myfxbook/myfxbook_consensus_history.json,1538055386838d8ec50ab9cce40153f69aa8bf841c2ae50f67751b2c465432cb,2,122
PPI,PPI_MOM,1438001284,2023-07-13,0.1,0.2,1,1,unique_populated,1,,myfxbook,calendar-chart-years-back.json,20,2026-08-26T15:48:54.341Z,EconomicCalendar/raw/myfxbook/myfxbook_consensus_history.json,1538055386838d8ec50ab9cce40153f69aa8bf841c2ae50f67751b2c465432cb,2,123
PPI,PPI_MOM,1438001284,2023-08-11,0.3,0.2,1,1,unique_populated,1,,myfxbook,calendar-chart-years-back.json,20,2026-08-26T15:48:54.341Z,EconomicCalendar/raw/myfxbook/myfxbook_consensus_history.json,1538055386838d8ec50ab9cce40153f69aa8bf841c2ae50f67751b2c465432cb,2,124
PPI,PPI_MOM,1438001284,2023-09-14,0.7,0.4,1,1,unique_populated,1,,myfxbook,calendar-chart-years-back.json,20,2026-08-26T15:48:54.341Z,EconomicCalendar/raw/myfxbook/myfxbook_consensus_history.json,1538055386838d8ec50ab9cce40153f69aa8bf841c2ae50f67751b2c465432cb,2,125
PPI,PPI_MOM,1438001284,2023-10-11,0.5,0.3,1,1,unique_populated,1,,myfxbook,calendar-chart-years-back.json,20,2026-08-26T15:48:54.341Z,EconomicCalendar/raw/myfxbook/myfxbook_consensus_history.json,1538055386838d8ec50ab9cce40153f69aa8bf841c2ae50f67751b2c465432cb,2,126
PPI,PPI_MOM,1438001284,2023-11-15,-0.5,0.1,1,1,unique_populated,1,,myfxbook,calendar-chart-years-back.json,20,2026-08-26T15:48:54.341Z,EconomicCalendar/raw/myfxbook/myfxbook_consensus_history.json,1538055386838d8ec50ab9cce40153f69aa8bf841c2ae50f67751b2c465432cb,2,127
PPI,PPI_MOM,1438001284,2023-12-13,0.0,0.1,1,1,unique_populated,1,,myfxbook,calendar-chart-years-back.json,20,2026-08-26T15:48:54.341Z,EconomicCalendar/raw/myfxbook/myfxbook_consensus_history.json,1538055386838d8ec50ab9cce40153f69aa8bf841c2ae50f67751b2c465432cb,2,128
PPI,PPI_MOM,1438001284,2024-01-12,-0.1,0.1,1,1,unique_populated,1,,myfxbook,calendar-chart-years-back.json,20,2026-08-26T15:48:54.341Z,EconomicCalendar/raw/myfxbook/myfxbook_consensus_history.json,1538055386838d8ec50ab9cce40153f69aa8bf841c2ae50f67751b2c465432cb,2,129
PPI,PPI_MOM,1438001284,2024-02-14,-0.2,-0.1,1,1,unique_populated,1,,myfxbook,calendar-chart-years-back.json,20,2026-08-26T15:48:54.341Z,EconomicCalendar/raw/myfxbook/myfxbook_consensus_history.json,1538055386838d8ec50ab9cce40153f69aa8bf841c2ae50f67751b2c465432cb,2,130
PPI,PPI_MOM,1438001284,2024-02-16,0.3,0.1,1,1,unique_populated,1,,myfxbook,calendar-chart-years-back.json,20,2026-08-26T15:48:54.341Z,EconomicCalendar/raw/myfxbook/myfxbook_consensus_history.json,1538055386838d8ec50ab9cce40153f69aa8bf841c2ae50f67751b2c465432cb,2,131
PPI,PPI_MOM,1438001284,2024-03-14,0.6,0.3,1,1,unique_populated,1,,myfxbook,calendar-chart-years-back.json,20,2026-08-26T15:48:54.341Z,EconomicCalendar/raw/myfxbook/myfxbook_consensus_history.json,1538055386838d8ec50ab9cce40153f69aa8bf841c2ae50f67751b2c465432cb,2,132
PPI,PPI_MOM,1438001284,2024-04-11,0.2,0.3,1,1,unique_populated,1,,myfxbook,calendar-chart-years-back.json,20,2026-08-26T15:48:54.341Z,EconomicCalendar/raw/myfxbook/myfxbook_consensus_history.json,1538055386838d8ec50ab9cce40153f69aa8bf841c2ae50f67751b2c465432cb,2,133
PPI,PPI_MOM,1438001284,2024-05-14,0.5,0.3,1,1,unique_populated,1,,myfxbook,calendar-chart-years-back.json,20,2026-08-26T15:48:54.341Z,EconomicCalendar/raw/myfxbook/myfxbook_consensus_history.json,1538055386838d8ec50ab9cce40153f69aa8bf841c2ae50f67751b2c465432cb,2,134
PPI,PPI_MOM,1438001284,2024-06-13,-0.2,0.1,1,1,unique_populated,1,,myfxbook,calendar-chart-years-back.json,20,2026-08-26T15:48:54.341Z,EconomicCalendar/raw/myfxbook/myfxbook_consensus_history.json,1538055386838d8ec50ab9cce40153f69aa8bf841c2ae50f67751b2c465432cb,2,135
PPI,PPI_MOM,1438001284,2024-07-12,0.2,0.1,1,1,unique_populated,1,,myfxbook,calendar-chart-years-back.json,20,2026-08-26T15:48:54.341Z,EconomicCalendar/raw/myfxbook/myfxbook_consensus_history.json,1538055386838d8ec50ab9cce40153f69aa8bf841c2ae50f67751b2c465432cb,2,136
PPI,PPI_MOM,1438001284,2024-08-13,0.1,0.2,1,1,unique_populated,1,,myfxbook,calendar-chart-years-back.json,20,2026-08-26T15:48:54.341Z,EconomicCalendar/raw/myfxbook/myfxbook_consensus_history.json,1538055386838d8ec50ab9cce40153f69aa8bf841c2ae50f67751b2c465432cb,2,137
PPI,PPI_MOM,1438001284,2024-09-12,0.2,0.1,1,1,unique_populated,1,,myfxbook,calendar-chart-years-back.json,20,2026-08-26T15:48:54.341Z,EconomicCalendar/raw/myfxbook/myfxbook_consensus_history.json,1538055386838d8ec50ab9cce40153f69aa8bf841c2ae50f67751b2c465432cb,2,138
PPI,PPI_MOM,1438001284,2024-10-11,0.0,0.1,1,1,unique_populated,1,,myfxbook,calendar-chart-years-back.json,20,2026-08-26T15:48:54.341Z,EconomicCalendar/raw/myfxbook/myfxbook_consensus_history.json,1538055386838d8ec50ab9cce40153f69aa8bf841c2ae50f67751b2c465432cb,2,139
PPI,PPI_MOM,1438001284,2024-11-14,0.2,0.2,1,1,unique_populated,1,,myfxbook,calendar-chart-years-back.json,20,2026-08-26T15:48:54.341Z,EconomicCalendar/raw/myfxbook/myfxbook_consensus_history.json,1538055386838d8ec50ab9cce40153f69aa8bf841c2ae50f67751b2c465432cb,2,140
PPI,PPI_MOM,1438001284,2024-12-12,0.4,0.2,1,1,unique_populated,1,,myfxbook,calendar-chart-years-back.json,20,2026-08-26T15:48:54.341Z,EconomicCalendar/raw/myfxbook/myfxbook_consensus_history.json,1538055386838d8ec50ab9cce40153f69aa8bf841c2ae50f67751b2c465432cb,2,141
PPI,PPI_MOM,1438001284,2025-01-14,0.2,0.3,1,1,unique_populated,1,,myfxbook,calendar-chart-years-back.json,20,2026-08-26T15:48:54.341Z,EconomicCalendar/raw/myfxbook/myfxbook_consensus_history.json,1538055386838d8ec50ab9cce40153f69aa8bf841c2ae50f67751b2c465432cb,2,142
PPI,PPI_MOM,1438001284,2025-02-13,0.4,0.3,1,1,unique_populated,1,,myfxbook,calendar-chart-years-back.json,20,2026-08-26T15:48:54.341Z,EconomicCalendar/raw/myfxbook/myfxbook_consensus_history.json,1538055386838d8ec50ab9cce40153f69aa8bf841c2ae50f67751b2c465432cb,2,143
PPI,PPI_MOM,1438001284,2025-03-13,0.0,0.3,1,1,unique_populated,1,,myfxbook,calendar-chart-years-back.json,20,2026-08-26T15:48:54.341Z,EconomicCalendar/raw/myfxbook/myfxbook_consensus_history.json,1538055386838d8ec50ab9cce40153f69aa8bf841c2ae50f67751b2c465432cb,2,144
PPI,PPI_MOM,1438001284,2025-04-11,-0.4,0.2,1,1,unique_populated,1,,myfxbook,calendar-chart-years-back.json,20,2026-08-26T15:48:54.341Z,EconomicCalendar/raw/myfxbook/myfxbook_consensus_history.json,1538055386838d8ec50ab9cce40153f69aa8bf841c2ae50f67751b2c465432cb,2,145
PPI,PPI_MOM,1438001284,2025-05-15,-0.5,0.2,1,1,unique_populated,1,,myfxbook,calendar-chart-years-back.json,20,2026-08-26T15:48:54.341Z,EconomicCalendar/raw/myfxbook/myfxbook_consensus_history.json,1538055386838d8ec50ab9cce40153f69aa8bf841c2ae50f67751b2c465432cb,2,146
PPI,PPI_MOM,1438001284,2025-06-12,0.1,0.2,1,1,unique_populated,1,,myfxbook,calendar-chart-years-back.json,20,2026-08-26T15:48:54.341Z,EconomicCalendar/raw/myfxbook/myfxbook_consensus_history.json,1538055386838d8ec50ab9cce40153f69aa8bf841c2ae50f67751b2c465432cb,2,147
PPI,PPI_MOM,1438001284,2025-07-16,0.0,0.2,1,1,unique_populated,1,,myfxbook,calendar-chart-years-back.json,20,2026-08-26T15:48:54.341Z,EconomicCalendar/raw/myfxbook/myfxbook_consensus_history.json,1538055386838d8ec50ab9cce40153f69aa8bf841c2ae50f67751b2c465432cb,2,148
PPI,PPI_MOM,1438001284,2025-08-14,0.9,0.2,1,1,unique_populated,1,,myfxbook,calendar-chart-years-back.json,20,2026-08-26T15:48:54.341Z,EconomicCalendar/raw/myfxbook/myfxbook_consensus_history.json,1538055386838d8ec50ab9cce40153f69aa8bf841c2ae50f67751b2c465432cb,2,149
PPI,PPI_MOM,1438001284,2025-09-10,-0.1,0.3,1,1,unique_populated,1,,myfxbook,calendar-chart-years-back.json,20,2026-08-26T15:48:54.341Z,EconomicCalendar/raw/myfxbook/myfxbook_consensus_history.json,1538055386838d8ec50ab9cce40153f69aa8bf841c2ae50f67751b2c465432cb,2,150
PPI,PPI_MOM,1438001284,2025-11-25,0.3,0.3,1,1,unique_populated,1,,myfxbook,calendar-chart-years-back.json,20,2026-08-26T15:48:54.341Z,EconomicCalendar/raw/myfxbook/myfxbook_consensus_history.json,1538055386838d8ec50ab9cce40153f69aa8bf841c2ae50f67751b2c465432cb,2,151
PPI,PPI_MOM,1438001284,2026-01-14,0.1,0.3,1,2,ambiguous_duplicate,0,duplicate_family_date,myfxbook,calendar-chart-years-back.json,20,2026-08-26T15:48:54.341Z,EconomicCalendar/raw/myfxbook/myfxbook_consensus_history.json,1538055386838d8ec50ab9cce40153f69aa8bf841c2ae50f67751b2c465432cb,2,152
PPI,PPI_MOM,1438001284,2026-01-14,0.2,0.2,1,2,ambiguous_duplicate,0,duplicate_family_date,myfxbook,calendar-chart-years-back.json,20,2026-08-26T15:48:54.341Z,EconomicCalendar/raw/myfxbook/myfxbook_consensus_history.json,1538055386838d8ec50ab9cce40153f69aa8bf841c2ae50f67751b2c465432cb,2,153
PPI,PPI_MOM,1438001284,2026-01-30,0.5,0.2,1,1,unique_populated,1,,myfxbook,calendar-chart-years-back.json,20,2026-08-26T15:48:54.341Z,EconomicCalendar/raw/myfxbook/myfxbook_consensus_history.json,1538055386838d8ec50ab9cce40153f69aa8bf841c2ae50f67751b2c465432cb,2,154
PPI,PPI_MOM,1438001284,2026-02-27,0.5,0.3,1,1,unique_populated,1,,myfxbook,calendar-chart-years-back.json,20,2026-08-26T15:48:54.341Z,EconomicCalendar/raw/myfxbook/myfxbook_consensus_history.json,1538055386838d8ec50ab9cce40153f69aa8bf841c2ae50f67751b2c465432cb,2,155
PPI,PPI_MOM,1438001284,2026-03-18,0.7,0.3,1,1,unique_populated,1,,myfxbook,calendar-chart-years-back.json,20,2026-08-26T15:48:54.341Z,EconomicCalendar/raw/myfxbook/myfxbook_consensus_history.json,1538055386838d8ec50ab9cce40153f69aa8bf841c2ae50f67751b2c465432cb,2,156
PPI,PPI_MOM,1438001284,2026-04-14,0.5,1.1,1,1,unique_populated,1,,myfxbook,calendar-chart-years-back.json,20,2026-08-26T15:48:54.341Z,EconomicCalendar/raw/myfxbook/myfxbook_consensus_history.json,1538055386838d8ec50ab9cce40153f69aa8bf841c2ae50f67751b2c465432cb,2,157
PPI,PPI_MOM,1438001284,2026-05-13,1.4,0.5,1,1,unique_populated,1,,myfxbook,calendar-chart-years-back.json,20,2026-08-26T15:48:54.341Z,EconomicCalendar/raw/myfxbook/myfxbook_consensus_history.json,1538055386838d8ec50ab9cce40153f69aa8bf841c2ae50f67751b2c465432cb,2,158
PPI,PPI_MOM,1438001284,2026-06-11,1.1,0.7,1,1,unique_populated,1,,myfxbook,calendar-chart-years-back.json,20,2026-08-26T15:48:54.341Z,EconomicCalendar/raw/myfxbook/myfxbook_consensus_history.json,1538055386838d8ec50ab9cce40153f69aa8bf841c2ae50f67751b2c465432cb,2,159
PPI,PPI_MOM,1438001284,2026-07-15,-0.3,0.0,1,1,unique_populated,1,,myfxbook,calendar-chart-years-back.json,20,2026-08-26T15:48:54.341Z,EconomicCalendar/raw/myfxbook/myfxbook_consensus_history.json,1538055386838d8ec50ab9cce40153f69aa8bf841c2ae50f67751b2c465432cb,2,160
PPI,PPI_MOM,1438001284,2026-08-13,0.0,0.2,1,1,unique_populated,1,,myfxbook,calendar-chart-years-back.json,20,2026-08-26T15:48:54.341Z,EconomicCalendar/raw/myfxbook/myfxbook_consensus_history.json,1538055386838d8ec50ab9cce40153f69aa8bf841c2ae50f67751b2c465432cb,2,161
RETAIL_SALES,RETAIL_SALES,1066687555,2013-03-13,1.1,0.5,1,1,unique_populated,1,,myfxbook,calendar-chart-years-back.json,20,2026-08-26T15:48:54.341Z,EconomicCalendar/raw/myfxbook/myfxbook_consensus_history.json,1538055386838d8ec50ab9cce40153f69aa8bf841c2ae50f67751b2c465432cb,8,1
RETAIL_SALES,RETAIL_SALES,1066687555,2013-04-12,0.4,0.2,1,1,unique_populated,1,,myfxbook,calendar-chart-years-back.json,20,2026-08-26T15:48:54.341Z,EconomicCalendar/raw/myfxbook/myfxbook_consensus_history.json,1538055386838d8ec50ab9cce40153f69aa8bf841c2ae50f67751b2c465432cb,8,2
RETAIL_SALES,RETAIL_SALES,1066687555,2013-05-13,0.1,-0.1,1,1,unique_populated,1,,myfxbook,calendar-chart-years-back.json,20,2026-08-26T15:48:54.341Z,EconomicCalendar/raw/myfxbook/myfxbook_consensus_history.json,1538055386838d8ec50ab9cce40153f69aa8bf841c2ae50f67751b2c465432cb,8,3
RETAIL_SALES,RETAIL_SALES,1066687555,2013-06-13,0.6,0.3,1,1,unique_populated,1,,myfxbook,calendar-chart-years-back.json,20,2026-08-26T15:48:54.341Z,EconomicCalendar/raw/myfxbook/myfxbook_consensus_history.json,1538055386838d8ec50ab9cce40153f69aa8bf841c2ae50f67751b2c465432cb,8,4
RETAIL_SALES,RETAIL_SALES,1066687555,2013-07-15,0.4,0.7,1,1,unique_populated,1,,myfxbook,calendar-chart-years-back.json,20,2026-08-26T15:48:54.341Z,EconomicCalendar/raw/myfxbook/myfxbook_consensus_history.json,1538055386838d8ec50ab9cce40153f69aa8bf841c2ae50f67751b2c465432cb,8,5
RETAIL_SALES,RETAIL_SALES,1066687555,2013-08-13,0.2,0.4,1,1,unique_populated,1,,myfxbook,calendar-chart-years-back.json,20,2026-08-26T15:48:54.341Z,EconomicCalendar/raw/myfxbook/myfxbook_consensus_history.json,1538055386838d8ec50ab9cce40153f69aa8bf841c2ae50f67751b2c465432cb,8,6
RETAIL_SALES,RETAIL_SALES,1066687555,2013-09-13,0.2,0.4,1,1,unique_populated,1,,myfxbook,calendar-chart-years-back.json,20,2026-08-26T15:48:54.341Z,EconomicCalendar/raw/myfxbook/myfxbook_consensus_history.json,1538055386838d8ec50ab9cce40153f69aa8bf841c2ae50f67751b2c465432cb,8,7
RETAIL_SALES,RETAIL_SALES,1066687555,2013-10-29,-0.1,0.1,1,1,unique_populated,1,,myfxbook,calendar-chart-years-back.json,20,2026-08-26T15:48:54.341Z,EconomicCalendar/raw/myfxbook/myfxbook_consensus_history.json,1538055386838d8ec50ab9cce40153f69aa8bf841c2ae50f67751b2c465432cb,8,8
RETAIL_SALES,RETAIL_SALES,1066687555,2013-11-20,0.4,0.1,1,1,unique_populated,1,,myfxbook,calendar-chart-years-back.json,20,2026-08-26T15:48:54.341Z,EconomicCalendar/raw/myfxbook/myfxbook_consensus_history.json,1538055386838d8ec50ab9cce40153f69aa8bf841c2ae50f67751b2c465432cb,8,9
RETAIL_SALES,RETAIL_SALES,1066687555,2013-12-12,0.7,0.6,1,1,unique_populated,1,,myfxbook,calendar-chart-years-back.json,20,2026-08-26T15:48:54.341Z,EconomicCalendar/raw/myfxbook/myfxbook_consensus_history.json,1538055386838d8ec50ab9cce40153f69aa8bf841c2ae50f67751b2c465432cb,8,10
RETAIL_SALES,RETAIL_SALES,1066687555,2014-01-14,0.2,0.1,1,1,unique_populated,1,,myfxbook,calendar-chart-years-back.json,20,2026-08-26T15:48:54.341Z,EconomicCalendar/raw/myfxbook/myfxbook_consensus_history.json,1538055386838d8ec50ab9cce40153f69aa8bf841c2ae50f67751b2c465432cb,8,11
RETAIL_SALES,RETAIL_SALES,1066687555,2014-02-13,-0.4,0.3,1,1,unique_populated,1,,myfxbook,calendar-chart-years-back.json,20,2026-08-26T15:48:54.341Z,EconomicCalendar/raw/myfxbook/myfxbook_consensus_history.json,1538055386838d8ec50ab9cce40153f69aa8bf841c2ae50f67751b2c465432cb,8,12
RETAIL_SALES,RETAIL_SALES,1066687555,2014-03-13,0.3,0.2,1,1,unique_populated,1,,myfxbook,calendar-chart-years-back.json,20,2026-08-26T15:48:54.341Z,EconomicCalendar/raw/myfxbook/myfxbook_consensus_history.json,1538055386838d8ec50ab9cce40153f69aa8bf841c2ae50f67751b2c465432cb,8,13
RETAIL_SALES,RETAIL_SALES,1066687555,2014-04-14,1.1,0.8,1,1,unique_populated,1,,myfxbook,calendar-chart-years-back.json,20,2026-08-26T15:48:54.341Z,EconomicCalendar/raw/myfxbook/myfxbook_consensus_history.json,1538055386838d8ec50ab9cce40153f69aa8bf841c2ae50f67751b2c465432cb,8,14
RETAIL_SALES,RETAIL_SALES,1066687555,2014-05-13,0.1,0.4,1,1,unique_populated,1,,myfxbook,calendar-chart-years-back.json,20,2026-08-26T15:48:54.341Z,EconomicCalendar/raw/myfxbook/myfxbook_consensus_history.json,1538055386838d8ec50ab9cce40153f69aa8bf841c2ae50f67751b2c465432cb,8,15
RETAIL_SALES,RETAIL_SALES,1066687555,2014-06-12,0.3,0.6,1,1,unique_populated,1,,myfxbook,calendar-chart-years-back.json,20,2026-08-26T15:48:54.341Z,EconomicCalendar/raw/myfxbook/myfxbook_consensus_history.json,1538055386838d8ec50ab9cce40153f69aa8bf841c2ae50f67751b2c465432cb,8,16
RETAIL_SALES,RETAIL_SALES,1066687555,2014-07-15,0.2,0.6,1,1,unique_populated,1,,myfxbook,calendar-chart-years-back.json,20,2026-08-26T15:48:54.341Z,EconomicCalendar/raw/myfxbook/myfxbook_consensus_history.json,1538055386838d8ec50ab9cce40153f69aa8bf841c2ae50f67751b2c465432cb,8,17
RETAIL_SALES,RETAIL_SALES,1066687555,2014-08-13,0.0,0.2,1,1,unique_populated,1,,myfxbook,calendar-chart-years-back.json,20,2026-08-26T15:48:54.341Z,EconomicCalendar/raw/myfxbook/myfxbook_consensus_history.json,1538055386838d8ec50ab9cce40153f69aa8bf841c2ae50f67751b2c465432cb,8,18
RETAIL_SALES,RETAIL_SALES,1066687555,2014-09-12,0.6,0.6,1,1,unique_populated,1,,myfxbook,calendar-chart-years-back.json,20,2026-08-26T15:48:54.341Z,EconomicCalendar/raw/myfxbook/myfxbook_consensus_history.json,1538055386838d8ec50ab9cce40153f69aa8bf841c2ae50f67751b2c465432cb,8,19
RETAIL_SALES,RETAIL_SALES,1066687555,2014-10-15,-0.3,-0.1,1,1,unique_populated,1,,myfxbook,calendar-chart-years-back.json,20,2026-08-26T15:48:54.341Z,EconomicCalendar/raw/myfxbook/myfxbook_consensus_history.json,1538055386838d8ec50ab9cce40153f69aa8bf841c2ae50f67751b2c465432cb,8,20
RETAIL_SALES,RETAIL_SALES,1066687555,2014-11-14,0.3,0.2,1,1,unique_populated,1,,myfxbook,calendar-chart-years-back.json,20,2026-08-26T15:48:54.341Z,EconomicCalendar/raw/myfxbook/myfxbook_consensus_history.json,1538055386838d8ec50ab9cce40153f69aa8bf841c2ae50f67751b2c465432cb,8,21
RETAIL_SALES,RETAIL_SALES,1066687555,2014-12-11,0.7,0.4,1,1,unique_populated,1,,myfxbook,calendar-chart-years-back.json,20,2026-08-26T15:48:54.341Z,EconomicCalendar/raw/myfxbook/myfxbook_consensus_history.json,1538055386838d8ec50ab9cce40153f69aa8bf841c2ae50f67751b2c465432cb,8,22
RETAIL_SALES,RETAIL_SALES,1066687555,2015-01-14,-0.9,-0.1,1,1,unique_populated,1,,myfxbook,calendar-chart-years-back.json,20,2026-08-26T15:48:54.341Z,EconomicCalendar/raw/myfxbook/myfxbook_consensus_history.json,1538055386838d8ec50ab9cce40153f69aa8bf841c2ae50f67751b2c465432cb,8,23
RETAIL_SALES,RETAIL_SALES,1066687555,2015-02-12,-0.8,-0.5,1,1,unique_populated,1,,myfxbook,calendar-chart-years-back.json,20,2026-08-26T15:48:54.341Z,EconomicCalendar/raw/myfxbook/myfxbook_consensus_history.json,1538055386838d8ec50ab9cce40153f69aa8bf841c2ae50f67751b2c465432cb,8,24
RETAIL_SALES,RETAIL_SALES,1066687555,2015-03-12,-0.6,0.3,1,1,unique_populated,1,,myfxbook,calendar-chart-years-back.json,20,2026-08-26T15:48:54.341Z,EconomicCalendar/raw/myfxbook/myfxbook_consensus_history.json,1538055386838d8ec50ab9cce40153f69aa8bf841c2ae50f67751b2c465432cb,8,25
RETAIL_SALES,RETAIL_SALES,1066687555,2015-04-14,0.9,1.0,1,1,unique_populated,1,,myfxbook,calendar-chart-years-back.json,20,2026-08-26T15:48:54.341Z,EconomicCalendar/raw/myfxbook/myfxbook_consensus_history.json,1538055386838d8ec50ab9cce40153f69aa8bf841c2ae50f67751b2c465432cb,8,26
RETAIL_SALES,RETAIL_SALES,1066687555,2015-05-13,0.0,0.2,1,1,unique_populated,1,,myfxbook,calendar-chart-years-back.json,20,2026-08-26T15:48:54.341Z,EconomicCalendar/raw/myfxbook/myfxbook_consensus_history.json,1538055386838d8ec50ab9cce40153f69aa8bf841c2ae50f67751b2c465432cb,8,27
RETAIL_SALES,RETAIL_SALES,1066687555,2015-06-11,1.2,1.1,1,1,unique_populated,1,,myfxbook,calendar-chart-years-back.json,20,2026-08-26T15:48:54.341Z,EconomicCalendar/raw/myfxbook/myfxbook_consensus_history.json,1538055386838d8ec50ab9cce40153f69aa8bf841c2ae50f67751b2c465432cb,8,28
RETAIL_SALES,RETAIL_SALES,1066687555,2015-07-14,-0.3,0.3,1,1,unique_populated,1,,myfxbook,calendar-chart-years-back.json,20,2026-08-26T15:48:54.341Z,EconomicCalendar/raw/myfxbook/myfxbook_consensus_history.json,1538055386838d8ec50ab9cce40153f69aa8bf841c2ae50f67751b2c465432cb,8,29
RETAIL_SALES,RETAIL_SALES,1066687555,2015-08-13,0.6,0.5,1,1,unique_populated,1,,myfxbook,calendar-chart-years-back.json,20,2026-08-26T15:48:54.341Z,EconomicCalendar/raw/myfxbook/myfxbook_consensus_history.json,1538055386838d8ec50ab9cce40153f69aa8bf841c2ae50f67751b2c465432cb,8,30
RETAIL_SALES,RETAIL_SALES,1066687555,2015-09-15,0.2,0.3,1,1,unique_populated,1,,myfxbook,calendar-chart-years-back.json,20,2026-08-26T15:48:54.341Z,EconomicCalendar/raw/myfxbook/myfxbook_consensus_history.json,1538055386838d8ec50ab9cce40153f69aa8bf841c2ae50f67751b2c465432cb,8,31
RETAIL_SALES,RETAIL_SALES,1066687555,2015-10-14,0.1,0.2,1,1,unique_populated,1,,myfxbook,calendar-chart-years-back.json,20,2026-08-26T15:48:54.341Z,EconomicCalendar/raw/myfxbook/myfxbook_consensus_history.json,1538055386838d8ec50ab9cce40153f69aa8bf841c2ae50f67751b2c465432cb,8,32
RETAIL_SALES,RETAIL_SALES,1066687555,2015-11-13,0.1,0.3,1,1,unique_populated,1,,myfxbook,calendar-chart-years-back.json,20,2026-08-26T15:48:54.341Z,EconomicCalendar/raw/myfxbook/myfxbook_consensus_history.json,1538055386838d8ec50ab9cce40153f69aa8bf841c2ae50f67751b2c465432cb,8,33
RETAIL_SALES,RETAIL_SALES,1066687555,2015-12-11,0.2,0.3,1,1,unique_populated,1,,myfxbook,calendar-chart-years-back.json,20,2026-08-26T15:48:54.341Z,EconomicCalendar/raw/myfxbook/myfxbook_consensus_history.json,1538055386838d8ec50ab9cce40153f69aa8bf841c2ae50f67751b2c465432cb,8,34
RETAIL_SALES,RETAIL_SALES,1066687555,2016-01-15,-0.1,0.0,1,1,unique_populated,1,,myfxbook,calendar-chart-years-back.json,20,2026-08-26T15:48:54.341Z,EconomicCalendar/raw/myfxbook/myfxbook_consensus_history.json,1538055386838d8ec50ab9cce40153f69aa8bf841c2ae50f67751b2c465432cb,8,35
RETAIL_SALES,RETAIL_SALES,1066687555,2016-02-12,0.2,0.1,1,1,unique_populated,1,,myfxbook,calendar-chart-years-back.json,20,2026-08-26T15:48:54.341Z,EconomicCalendar/raw/myfxbook/myfxbook_consensus_history.json,1538055386838d8ec50ab9cce40153f69aa8bf841c2ae50f67751b2c465432cb,8,36
RETAIL_SALES,RETAIL_SALES,1066687555,2016-03-15,-0.1,-0.1,1,1,unique_populated,1,,myfxbook,calendar-chart-years-back.json,20,2026-08-26T15:48:54.341Z,EconomicCalendar/raw/myfxbook/myfxbook_consensus_history.json,1538055386838d8ec50ab9cce40153f69aa8bf841c2ae50f67751b2c465432cb,8,37
RETAIL_SALES,RETAIL_SALES,1066687555,2016-04-13,-0.3,0.1,1,1,unique_populated,1,,myfxbook,calendar-chart-years-back.json,20,2026-08-26T15:48:54.341Z,EconomicCalendar/raw/myfxbook/myfxbook_consensus_history.json,1538055386838d8ec50ab9cce40153f69aa8bf841c2ae50f67751b2c465432cb,8,38
RETAIL_SALES,RETAIL_SALES,1066687555,2016-05-13,1.3,0.7,1,1,unique_populated,1,,myfxbook,calendar-chart-years-back.json,20,2026-08-26T15:48:54.341Z,EconomicCalendar/raw/myfxbook/myfxbook_consensus_history.json,1538055386838d8ec50ab9cce40153f69aa8bf841c2ae50f67751b2c465432cb,8,39
RETAIL_SALES,RETAIL_SALES,1066687555,2016-06-14,0.5,0.3,1,1,unique_populated,1,,myfxbook,calendar-chart-years-back.json,20,2026-08-26T15:48:54.341Z,EconomicCalendar/raw/myfxbook/myfxbook_consensus_history.json,1538055386838d8ec50ab9cce40153f69aa8bf841c2ae50f67751b2c465432cb,8,40
RETAIL_SALES,RETAIL_SALES,1066687555,2016-07-15,0.6,0.1,1,1,unique_populated,1,,myfxbook,calendar-chart-years-back.json,20,2026-08-26T15:48:54.341Z,EconomicCalendar/raw/myfxbook/myfxbook_consensus_history.json,1538055386838d8ec50ab9cce40153f69aa8bf841c2ae50f67751b2c465432cb,8,41
RETAIL_SALES,RETAIL_SALES,1066687555,2016-08-12,0.0,0.4,1,1,unique_populated,1,,myfxbook,calendar-chart-years-back.json,20,2026-08-26T15:48:54.341Z,EconomicCalendar/raw/myfxbook/myfxbook_consensus_history.json,1538055386838d8ec50ab9cce40153f69aa8bf841c2ae50f67751b2c465432cb,8,42
RETAIL_SALES,RETAIL_SALES,1066687555,2016-09-15,-0.3,-0.1,1,1,unique_populated,1,,myfxbook,calendar-chart-years-back.json,20,2026-08-26T15:48:54.341Z,EconomicCalendar/raw/myfxbook/myfxbook_consensus_history.json,1538055386838d8ec50ab9cce40153f69aa8bf841c2ae50f67751b2c465432cb,8,43
RETAIL_SALES,RETAIL_SALES,1066687555,2016-10-14,0.6,0.6,1,1,unique_populated,1,,myfxbook,calendar-chart-years-back.json,20,2026-08-26T15:48:54.341Z,EconomicCalendar/raw/myfxbook/myfxbook_consensus_history.json,1538055386838d8ec50ab9cce40153f69aa8bf841c2ae50f67751b2c465432cb,8,44
RETAIL_SALES,RETAIL_SALES,1066687555,2016-11-15,0.8,0.6,1,1,unique_populated,1,,myfxbook,calendar-chart-years-back.json,20,2026-08-26T15:48:54.341Z,EconomicCalendar/raw/myfxbook/myfxbook_consensus_history.json,1538055386838d8ec50ab9cce40153f69aa8bf841c2ae50f67751b2c465432cb,8,45
RETAIL_SALES,RETAIL_SALES,1066687555,2016-12-14,0.1,0.3,1,1,unique_populated,1,,myfxbook,calendar-chart-years-back.json,20,2026-08-26T15:48:54.341Z,EconomicCalendar/raw/myfxbook/myfxbook_consensus_history.json,1538055386838d8ec50ab9cce40153f69aa8bf841c2ae50f67751b2c465432cb,8,46
RETAIL_SALES,RETAIL_SALES,1066687555,2017-01-13,0.6,0.4,1,1,unique_populated,1,,myfxbook,calendar-chart-years-back.json,20,2026-08-26T15:48:54.341Z,EconomicCalendar/raw/myfxbook/myfxbook_consensus_history.json,1538055386838d8ec50ab9cce40153f69aa8bf841c2ae50f67751b2c465432cb,8,47
RETAIL_SALES,RETAIL_SALES,1066687555,2017-02-15,0.4,0.1,1,1,unique_populated,1,,myfxbook,calendar-chart-years-back.json,20,2026-08-26T15:48:54.341Z,EconomicCalendar/raw/myfxbook/myfxbook_consensus_history.json,1538055386838d8ec50ab9cce40153f69aa8bf841c2ae50f67751b2c465432cb,8,48
RETAIL_SALES,RETAIL_SALES,1066687555,2017-03-15,0.1,0.1,1,1,unique_populated,1,,myfxbook,calendar-chart-years-back.json,20,2026-08-26T15:48:54.341Z,EconomicCalendar/raw/myfxbook/myfxbook_consensus_history.json,1538055386838d8ec50ab9cce40153f69aa8bf841c2ae50f67751b2c465432cb,8,49
RETAIL_SALES,RETAIL_SALES,1066687555,2017-04-14,-0.2,-0.1,1,1,unique_populated,1,,myfxbook,calendar-chart-years-back.json,20,2026-08-26T15:48:54.341Z,EconomicCalendar/raw/myfxbook/myfxbook_consensus_history.json,1538055386838d8ec50ab9cce40153f69aa8bf841c2ae50f67751b2c465432cb,8,50
RETAIL_SALES,RETAIL_SALES,1066687555,2017-05-12,0.4,0.6,1,1,unique_populated,1,,myfxbook,calendar-chart-years-back.json,20,2026-08-26T15:48:54.341Z,EconomicCalendar/raw/myfxbook/myfxbook_consensus_history.json,1538055386838d8ec50ab9cce40153f69aa8bf841c2ae50f67751b2c465432cb,8,51
RETAIL_SALES,RETAIL_SALES,1066687555,2017-06-14,-0.3,0.1,1,1,unique_populated,1,,myfxbook,calendar-chart-years-back.json,20,2026-08-26T15:48:54.341Z,EconomicCalendar/raw/myfxbook/myfxbook_consensus_history.json,1538055386838d8ec50ab9cce40153f69aa8bf841c2ae50f67751b2c465432cb,8,52
RETAIL_SALES,RETAIL_SALES,1066687555,2017-07-14,-0.2,0.1,1,1,unique_populated,1,,myfxbook,calendar-chart-years-back.json,20,2026-08-26T15:48:54.341Z,EconomicCalendar/raw/myfxbook/myfxbook_consensus_history.json,1538055386838d8ec50ab9cce40153f69aa8bf841c2ae50f67751b2c465432cb,8,53
RETAIL_SALES,RETAIL_SALES,1066687555,2017-08-15,0.6,0.4,1,1,unique_populated,1,,myfxbook,calendar-chart-years-back.json,20,2026-08-26T15:48:54.341Z,EconomicCalendar/raw/myfxbook/myfxbook_consensus_history.json,1538055386838d8ec50ab9cce40153f69aa8bf841c2ae50f67751b2c465432cb,8,54
RETAIL_SALES,RETAIL_SALES,1066687555,2017-09-15,-0.2,0.1,1,1,unique_populated,1,,myfxbook,calendar-chart-years-back.json,20,2026-08-26T15:48:54.341Z,EconomicCalendar/raw/myfxbook/myfxbook_consensus_history.json,1538055386838d8ec50ab9cce40153f69aa8bf841c2ae50f67751b2c465432cb,8,55
RETAIL_SALES,RETAIL_SALES,1066687555,2017-10-13,1.6,1.7,1,1,unique_populated,1,,myfxbook,calendar-chart-years-back.json,20,2026-08-26T15:48:54.341Z,EconomicCalendar/raw/myfxbook/myfxbook_consensus_history.json,1538055386838d8ec50ab9cce40153f69aa8bf841c2ae50f67751b2c465432cb,8,56
RETAIL_SALES,RETAIL_SALES,1066687555,2017-11-15,0.2,0.0,1,1,unique_populated,1,,myfxbook,calendar-chart-years-back.json,20,2026-08-26T15:48:54.341Z,EconomicCalendar/raw/myfxbook/myfxbook_consensus_history.json,1538055386838d8ec50ab9cce40153f69aa8bf841c2ae50f67751b2c465432cb,8,57
RETAIL_SALES,RETAIL_SALES,1066687555,2017-12-14,0.8,0.3,1,1,unique_populated,1,,myfxbook,calendar-chart-years-back.json,20,2026-08-26T15:48:54.341Z,EconomicCalendar/raw/myfxbook/myfxbook_consensus_history.json,1538055386838d8ec50ab9cce40153f69aa8bf841c2ae50f67751b2c465432cb,8,58
RETAIL_SALES,RETAIL_SALES,1066687555,2018-01-12,0.4,0.4,1,1,unique_populated,1,,myfxbook,calendar-chart-years-back.json,20,2026-08-26T15:48:54.341Z,EconomicCalendar/raw/myfxbook/myfxbook_consensus_history.json,1538055386838d8ec50ab9cce40153f69aa8bf841c2ae50f67751b2c465432cb,8,59
RETAIL_SALES,RETAIL_SALES,1066687555,2018-02-14,-0.3,0.2,1,1,unique_populated,1,,myfxbook,calendar-chart-years-back.json,20,2026-08-26T15:48:54.341Z,EconomicCalendar/raw/myfxbook/myfxbook_consensus_history.json,1538055386838d8ec50ab9cce40153f69aa8bf841c2ae50f67751b2c465432cb,8,60
RETAIL_SALES,RETAIL_SALES,1066687555,2018-03-14,-0.1,0.3,1,1,unique_populated,1,,myfxbook,calendar-chart-years-back.json,20,2026-08-26T15:48:54.341Z,EconomicCalendar/raw/myfxbook/myfxbook_consensus_history.json,1538055386838d8ec50ab9cce40153f69aa8bf841c2ae50f67751b2c465432cb,8,61
RETAIL_SALES,RETAIL_SALES,1066687555,2018-04-16,0.6,0.4,1,1,unique_populated,1,,myfxbook,calendar-chart-years-back.json,20,2026-08-26T15:48:54.341Z,EconomicCalendar/raw/myfxbook/myfxbook_consensus_history.json,1538055386838d8ec50ab9cce40153f69aa8bf841c2ae50f67751b2c465432cb,8,62
RETAIL_SALES,RETAIL_SALES,1066687555,2018-05-15,0.3,0.3,1,1,unique_populated,1,,myfxbook,calendar-chart-years-back.json,20,2026-08-26T15:48:54.341Z,EconomicCalendar/raw/myfxbook/myfxbook_consensus_history.json,1538055386838d8ec50ab9cce40153f69aa8bf841c2ae50f67751b2c465432cb,8,63
RETAIL_SALES,RETAIL_SALES,1066687555,2018-06-14,0.8,0.4,1,1,unique_populated,1,,myfxbook,calendar-chart-years-back.json,20,2026-08-26T15:48:54.341Z,EconomicCalendar/raw/myfxbook/myfxbook_consensus_history.json,1538055386838d8ec50ab9cce40153f69aa8bf841c2ae50f67751b2c465432cb,8,64
RETAIL_SALES,RETAIL_SALES,1066687555,2018-07-16,0.5,0.5,1,1,unique_populated,1,,myfxbook,calendar-chart-years-back.json,20,2026-08-26T15:48:54.341Z,EconomicCalendar/raw/myfxbook/myfxbook_consensus_history.json,1538055386838d8ec50ab9cce40153f69aa8bf841c2ae50f67751b2c465432cb,8,65
RETAIL_SALES,RETAIL_SALES,1066687555,2018-08-15,0.5,0.1,1,1,unique_populated,1,,myfxbook,calendar-chart-years-back.json,20,2026-08-26T15:48:54.341Z,EconomicCalendar/raw/myfxbook/myfxbook_consensus_history.json,1538055386838d8ec50ab9cce40153f69aa8bf841c2ae50f67751b2c465432cb,8,66
RETAIL_SALES,RETAIL_SALES,1066687555,2018-09-14,0.1,0.4,1,1,unique_populated,1,,myfxbook,calendar-chart-years-back.json,20,2026-08-26T15:48:54.341Z,EconomicCalendar/raw/myfxbook/myfxbook_consensus_history.json,1538055386838d8ec50ab9cce40153f69aa8bf841c2ae50f67751b2c465432cb,8,67
RETAIL_SALES,RETAIL_SALES,1066687555,2018-10-15,0.1,0.6,1,1,unique_populated,1,,myfxbook,calendar-chart-years-back.json,20,2026-08-26T15:48:54.341Z,EconomicCalendar/raw/myfxbook/myfxbook_consensus_history.json,1538055386838d8ec50ab9cce40153f69aa8bf841c2ae50f67751b2c465432cb,8,68
RETAIL_SALES,RETAIL_SALES,1066687555,2018-11-15,0.8,0.5,1,1,unique_populated,1,,myfxbook,calendar-chart-years-back.json,20,2026-08-26T15:48:54.341Z,EconomicCalendar/raw/myfxbook/myfxbook_consensus_history.json,1538055386838d8ec50ab9cce40153f69aa8bf841c2ae50f67751b2c465432cb,8,69
RETAIL_SALES,RETAIL_SALES,1066687555,2018-12-14,0.2,0.2,1,1,unique_populated,1,,myfxbook,calendar-chart-years-back.json,20,2026-08-26T15:48:54.341Z,EconomicCalendar/raw/myfxbook/myfxbook_consensus_history.json,1538055386838d8ec50ab9cce40153f69aa8bf841c2ae50f67751b2c465432cb,8,70
RETAIL_SALES,RETAIL_SALES,1066687555,2019-02-14,-1.2,0.2,1,1,unique_populated,1,,myfxbook,calendar-chart-years-back.json,20,2026-08-26T15:48:54.341Z,EconomicCalendar/raw/myfxbook/myfxbook_consensus_history.json,1538055386838d8ec50ab9cce40153f69aa8bf841c2ae50f67751b2c465432cb,8,71
RETAIL_SALES,RETAIL_SALES,1066687555,2019-03-11,0.2,0.0,1,1,unique_populated,1,,myfxbook,calendar-chart-years-back.json,20,2026-08-26T15:48:54.341Z,EconomicCalendar/raw/myfxbook/myfxbook_consensus_history.json,1538055386838d8ec50ab9cce40153f69aa8bf841c2ae50f67751b2c465432cb,8,72
RETAIL_SALES,RETAIL_SALES,1066687555,2019-04-01,-0.2,0.3,1,1,unique_populated,1,,myfxbook,calendar-chart-years-back.json,20,2026-08-26T15:48:54.341Z,EconomicCalendar/raw/myfxbook/myfxbook_consensus_history.json,1538055386838d8ec50ab9cce40153f69aa8bf841c2ae50f67751b2c465432cb,8,73
RETAIL_SALES,RETAIL_SALES,1066687555,2019-04-18,1.6,0.9,1,1,unique_populated,1,,myfxbook,calendar-chart-years-back.json,20,2026-08-26T15:48:54.341Z,EconomicCalendar/raw/myfxbook/myfxbook_consensus_history.json,1538055386838d8ec50ab9cce40153f69aa8bf841c2ae50f67751b2c465432cb,8,74
RETAIL_SALES,RETAIL_SALES,1066687555,2019-05-15,-0.2,0.2,1,1,unique_populated,1,,myfxbook,calendar-chart-years-back.json,20,2026-08-26T15:48:54.341Z,EconomicCalendar/raw/myfxbook/myfxbook_consensus_history.json,1538055386838d8ec50ab9cce40153f69aa8bf841c2ae50f67751b2c465432cb,8,75
RETAIL_SALES,RETAIL_SALES,1066687555,2019-06-14,0.5,0.6,1,1,unique_populated,1,,myfxbook,calendar-chart-years-back.json,20,2026-08-26T15:48:54.341Z,EconomicCalendar/raw/myfxbook/myfxbook_consensus_history.json,1538055386838d8ec50ab9cce40153f69aa8bf841c2ae50f67751b2c465432cb,8,76
RETAIL_SALES,RETAIL_SALES,1066687555,2019-07-16,0.4,0.1,1,1,unique_populated,1,,myfxbook,calendar-chart-years-back.json,20,2026-08-26T15:48:54.341Z,EconomicCalendar/raw/myfxbook/myfxbook_consensus_history.json,1538055386838d8ec50ab9cce40153f69aa8bf841c2ae50f67751b2c465432cb,8,77
RETAIL_SALES,RETAIL_SALES,1066687555,2019-08-15,0.7,0.3,1,1,unique_populated,1,,myfxbook,calendar-chart-years-back.json,20,2026-08-26T15:48:54.341Z,EconomicCalendar/raw/myfxbook/myfxbook_consensus_history.json,1538055386838d8ec50ab9cce40153f69aa8bf841c2ae50f67751b2c465432cb,8,78
RETAIL_SALES,RETAIL_SALES,1066687555,2019-09-13,0.4,0.2,1,1,unique_populated,1,,myfxbook,calendar-chart-years-back.json,20,2026-08-26T15:48:54.341Z,EconomicCalendar/raw/myfxbook/myfxbook_consensus_history.json,1538055386838d8ec50ab9cce40153f69aa8bf841c2ae50f67751b2c465432cb,8,79
RETAIL_SALES,RETAIL_SALES,1066687555,2019-10-16,-0.3,0.3,1,1,unique_populated,1,,myfxbook,calendar-chart-years-back.json,20,2026-08-26T15:48:54.341Z,EconomicCalendar/raw/myfxbook/myfxbook_consensus_history.json,1538055386838d8ec50ab9cce40153f69aa8bf841c2ae50f67751b2c465432cb,8,80
RETAIL_SALES,RETAIL_SALES,1066687555,2019-11-15,0.3,0.2,1,1,unique_populated,1,,myfxbook,calendar-chart-years-back.json,20,2026-08-26T15:48:54.341Z,EconomicCalendar/raw/myfxbook/myfxbook_consensus_history.json,1538055386838d8ec50ab9cce40153f69aa8bf841c2ae50f67751b2c465432cb,8,81
RETAIL_SALES,RETAIL_SALES,1066687555,2019-12-13,0.2,0.5,1,1,unique_populated,1,,myfxbook,calendar-chart-years-back.json,20,2026-08-26T15:48:54.341Z,EconomicCalendar/raw/myfxbook/myfxbook_consensus_history.json,1538055386838d8ec50ab9cce40153f69aa8bf841c2ae50f67751b2c465432cb,8,82
RETAIL_SALES,RETAIL_SALES,1066687555,2020-01-16,0.3,0.3,1,1,unique_populated,1,,myfxbook,calendar-chart-years-back.json,20,2026-08-26T15:48:54.341Z,EconomicCalendar/raw/myfxbook/myfxbook_consensus_history.json,1538055386838d8ec50ab9cce40153f69aa8bf841c2ae50f67751b2c465432cb,8,83
RETAIL_SALES,RETAIL_SALES,1066687555,2020-02-14,0.3,0.3,1,1,unique_populated,1,,myfxbook,calendar-chart-years-back.json,20,2026-08-26T15:48:54.341Z,EconomicCalendar/raw/myfxbook/myfxbook_consensus_history.json,1538055386838d8ec50ab9cce40153f69aa8bf841c2ae50f67751b2c465432cb,8,84
RETAIL_SALES,RETAIL_SALES,1066687555,2020-03-17,-0.5,0.2,1,1,unique_populated,1,,myfxbook,calendar-chart-years-back.json,20,2026-08-26T15:48:54.341Z,EconomicCalendar/raw/myfxbook/myfxbook_consensus_history.json,1538055386838d8ec50ab9cce40153f69aa8bf841c2ae50f67751b2c465432cb,8,85
RETAIL_SALES,RETAIL_SALES,1066687555,2020-04-15,-8.7,-8.0,1,1,unique_populated,1,,myfxbook,calendar-chart-years-back.json,20,2026-08-26T15:48:54.341Z,EconomicCalendar/raw/myfxbook/myfxbook_consensus_history.json,1538055386838d8ec50ab9cce40153f69aa8bf841c2ae50f67751b2c465432cb,8,86
RETAIL_SALES,RETAIL_SALES,1066687555,2020-05-15,-16.4,-12.0,1,1,unique_populated,1,,myfxbook,calendar-chart-years-back.json,20,2026-08-26T15:48:54.341Z,EconomicCalendar/raw/myfxbook/myfxbook_consensus_history.json,1538055386838d8ec50ab9cce40153f69aa8bf841c2ae50f67751b2c465432cb,8,87
RETAIL_SALES,RETAIL_SALES,1066687555,2020-06-16,17.7,8.0,1,1,unique_populated,1,,myfxbook,calendar-chart-years-back.json,20,2026-08-26T15:48:54.341Z,EconomicCalendar/raw/myfxbook/myfxbook_consensus_history.json,1538055386838d8ec50ab9cce40153f69aa8bf841c2ae50f67751b2c465432cb,8,88
RETAIL_SALES,RETAIL_SALES,1066687555,2020-07-16,7.5,5.0,1,1,unique_populated,1,,myfxbook,calendar-chart-years-back.json,20,2026-08-26T15:48:54.341Z,EconomicCalendar/raw/myfxbook/myfxbook_consensus_history.json,1538055386838d8ec50ab9cce40153f69aa8bf841c2ae50f67751b2c465432cb,8,89
RETAIL_SALES,RETAIL_SALES,1066687555,2020-08-14,1.2,1.9,1,1,unique_populated,1,,myfxbook,calendar-chart-years-back.json,20,2026-08-26T15:48:54.341Z,EconomicCalendar/raw/myfxbook/myfxbook_consensus_history.json,1538055386838d8ec50ab9cce40153f69aa8bf841c2ae50f67751b2c465432cb,8,90
RETAIL_SALES,RETAIL_SALES,1066687555,2020-09-16,0.6,1.0,1,1,unique_populated,1,,myfxbook,calendar-chart-years-back.json,20,2026-08-26T15:48:54.341Z,EconomicCalendar/raw/myfxbook/myfxbook_consensus_history.json,1538055386838d8ec50ab9cce40153f69aa8bf841c2ae50f67751b2c465432cb,8,91
RETAIL_SALES,RETAIL_SALES,1066687555,2020-10-16,1.9,0.7,1,1,unique_populated,1,,myfxbook,calendar-chart-years-back.json,20,2026-08-26T15:48:54.341Z,EconomicCalendar/raw/myfxbook/myfxbook_consensus_history.json,1538055386838d8ec50ab9cce40153f69aa8bf841c2ae50f67751b2c465432cb,8,92
RETAIL_SALES,RETAIL_SALES,1066687555,2020-11-17,0.3,0.5,1,1,unique_populated,1,,myfxbook,calendar-chart-years-back.json,20,2026-08-26T15:48:54.341Z,EconomicCalendar/raw/myfxbook/myfxbook_consensus_history.json,1538055386838d8ec50ab9cce40153f69aa8bf841c2ae50f67751b2c465432cb,8,93
RETAIL_SALES,RETAIL_SALES,1066687555,2020-12-16,-1.1,-0.3,1,1,unique_populated,1,,myfxbook,calendar-chart-years-back.json,20,2026-08-26T15:48:54.341Z,EconomicCalendar/raw/myfxbook/myfxbook_consensus_history.json,1538055386838d8ec50ab9cce40153f69aa8bf841c2ae50f67751b2c465432cb,8,94
RETAIL_SALES,RETAIL_SALES,1066687555,2021-01-15,-0.7,0.0,1,1,unique_populated,1,,myfxbook,calendar-chart-years-back.json,20,2026-08-26T15:48:54.341Z,EconomicCalendar/raw/myfxbook/myfxbook_consensus_history.json,1538055386838d8ec50ab9cce40153f69aa8bf841c2ae50f67751b2c465432cb,8,95
RETAIL_SALES,RETAIL_SALES,1066687555,2021-02-17,5.3,1.1,1,1,unique_populated,1,,myfxbook,calendar-chart-years-back.json,20,2026-08-26T15:48:54.341Z,EconomicCalendar/raw/myfxbook/myfxbook_consensus_history.json,1538055386838d8ec50ab9cce40153f69aa8bf841c2ae50f67751b2c465432cb,8,96
RETAIL_SALES,RETAIL_SALES,1066687555,2021-03-16,-3.0,-0.5,1,1,unique_populated,1,,myfxbook,calendar-chart-years-back.json,20,2026-08-26T15:48:54.341Z,EconomicCalendar/raw/myfxbook/myfxbook_consensus_history.json,1538055386838d8ec50ab9cce40153f69aa8bf841c2ae50f67751b2c465432cb,8,97
RETAIL_SALES,RETAIL_SALES,1066687555,2021-04-15,9.8,5.9,1,1,unique_populated,1,,myfxbook,calendar-chart-years-back.json,20,2026-08-26T15:48:54.341Z,EconomicCalendar/raw/myfxbook/myfxbook_consensus_history.json,1538055386838d8ec50ab9cce40153f69aa8bf841c2ae50f67751b2c465432cb,8,98
RETAIL_SALES,RETAIL_SALES,1066687555,2021-05-14,0.0,1.0,1,1,unique_populated,1,,myfxbook,calendar-chart-years-back.json,20,2026-08-26T15:48:54.341Z,EconomicCalendar/raw/myfxbook/myfxbook_consensus_history.json,1538055386838d8ec50ab9cce40153f69aa8bf841c2ae50f67751b2c465432cb,8,99
RETAIL_SALES,RETAIL_SALES,1066687555,2021-06-15,-1.3,-0.8,1,1,unique_populated,1,,myfxbook,calendar-chart-years-back.json,20,2026-08-26T15:48:54.341Z,EconomicCalendar/raw/myfxbook/myfxbook_consensus_history.json,1538055386838d8ec50ab9cce40153f69aa8bf841c2ae50f67751b2c465432cb,8,100
RETAIL_SALES,RETAIL_SALES,1066687555,2021-07-16,0.6,-0.4,1,1,unique_populated,1,,myfxbook,calendar-chart-years-back.json,20,2026-08-26T15:48:54.341Z,EconomicCalendar/raw/myfxbook/myfxbook_consensus_history.json,1538055386838d8ec50ab9cce40153f69aa8bf841c2ae50f67751b2c465432cb,8,101
RETAIL_SALES,RETAIL_SALES,1066687555,2021-08-17,-1.1,-0.3,1,1,unique_populated,1,,myfxbook,calendar-chart-years-back.json,20,2026-08-26T15:48:54.341Z,EconomicCalendar/raw/myfxbook/myfxbook_consensus_history.json,1538055386838d8ec50ab9cce40153f69aa8bf841c2ae50f67751b2c465432cb,8,102
RETAIL_SALES,RETAIL_SALES,1066687555,2021-09-16,0.7,-0.8,1,1,unique_populated,1,,myfxbook,calendar-chart-years-back.json,20,2026-08-26T15:48:54.341Z,EconomicCalendar/raw/myfxbook/myfxbook_consensus_history.json,1538055386838d8ec50ab9cce40153f69aa8bf841c2ae50f67751b2c465432cb,8,103
RETAIL_SALES,RETAIL_SALES,1066687555,2021-10-15,0.7,-0.2,1,1,unique_populated,1,,myfxbook,calendar-chart-years-back.json,20,2026-08-26T15:48:54.341Z,EconomicCalendar/raw/myfxbook/myfxbook_consensus_history.json,1538055386838d8ec50ab9cce40153f69aa8bf841c2ae50f67751b2c465432cb,8,104
RETAIL_SALES,RETAIL_SALES,1066687555,2021-11-16,1.7,1.4,1,1,unique_populated,1,,myfxbook,calendar-chart-years-back.json,20,2026-08-26T15:48:54.341Z,EconomicCalendar/raw/myfxbook/myfxbook_consensus_history.json,1538055386838d8ec50ab9cce40153f69aa8bf841c2ae50f67751b2c465432cb,8,105
RETAIL_SALES,RETAIL_SALES,1066687555,2021-12-15,0.3,0.8,1,1,unique_populated,1,,myfxbook,calendar-chart-years-back.json,20,2026-08-26T15:48:54.341Z,EconomicCalendar/raw/myfxbook/myfxbook_consensus_history.json,1538055386838d8ec50ab9cce40153f69aa8bf841c2ae50f67751b2c465432cb,8,106
RETAIL_SALES,RETAIL_SALES,1066687555,2022-01-14,-1.9,0.0,1,1,unique_populated,1,,myfxbook,calendar-chart-years-back.json,20,2026-08-26T15:48:54.341Z,EconomicCalendar/raw/myfxbook/myfxbook_consensus_history.json,1538055386838d8ec50ab9cce40153f69aa8bf841c2ae50f67751b2c465432cb,8,107
RETAIL_SALES,RETAIL_SALES,1066687555,2022-02-16,3.8,2.0,1,1,unique_populated,1,,myfxbook,calendar-chart-years-back.json,20,2026-08-26T15:48:54.341Z,EconomicCalendar/raw/myfxbook/myfxbook_consensus_history.json,1538055386838d8ec50ab9cce40153f69aa8bf841c2ae50f67751b2c465432cb,8,108
RETAIL_SALES,RETAIL_SALES,1066687555,2022-03-16,0.3,0.4,1,1,unique_populated,1,,myfxbook,calendar-chart-years-back.json,20,2026-08-26T15:48:54.341Z,EconomicCalendar/raw/myfxbook/myfxbook_consensus_history.json,1538055386838d8ec50ab9cce40153f69aa8bf841c2ae50f67751b2c465432cb,8,109
RETAIL_SALES,RETAIL_SALES,1066687555,2022-04-14,0.5,0.6,1,1,unique_populated,1,,myfxbook,calendar-chart-years-back.json,20,2026-08-26T15:48:54.341Z,EconomicCalendar/raw/myfxbook/myfxbook_consensus_history.json,1538055386838d8ec50ab9cce40153f69aa8bf841c2ae50f67751b2c465432cb,8,110
RETAIL_SALES,RETAIL_SALES,1066687555,2022-05-17,0.9,0.9,1,1,unique_populated,1,,myfxbook,calendar-chart-years-back.json,20,2026-08-26T15:48:54.341Z,EconomicCalendar/raw/myfxbook/myfxbook_consensus_history.json,1538055386838d8ec50ab9cce40153f69aa8bf841c2ae50f67751b2c465432cb,8,111
RETAIL_SALES,RETAIL_SALES,1066687555,2022-06-15,-0.3,0.2,1,1,unique_populated,1,,myfxbook,calendar-chart-years-back.json,20,2026-08-26T15:48:54.341Z,EconomicCalendar/raw/myfxbook/myfxbook_consensus_history.json,1538055386838d8ec50ab9cce40153f69aa8bf841c2ae50f67751b2c465432cb,8,112
RETAIL_SALES,RETAIL_SALES,1066687555,2022-07-15,1.0,0.8,1,1,unique_populated,1,,myfxbook,calendar-chart-years-back.json,20,2026-08-26T15:48:54.341Z,EconomicCalendar/raw/myfxbook/myfxbook_consensus_history.json,1538055386838d8ec50ab9cce40153f69aa8bf841c2ae50f67751b2c465432cb,8,113
RETAIL_SALES,RETAIL_SALES,1066687555,2022-08-17,0.0,0.1,1,1,unique_populated,1,,myfxbook,calendar-chart-years-back.json,20,2026-08-26T15:48:54.341Z,EconomicCalendar/raw/myfxbook/myfxbook_consensus_history.json,1538055386838d8ec50ab9cce40153f69aa8bf841c2ae50f67751b2c465432cb,8,114
RETAIL_SALES,RETAIL_SALES,1066687555,2022-09-15,0.3,0.0,1,1,unique_populated,1,,myfxbook,calendar-chart-years-back.json,20,2026-08-26T15:48:54.341Z,EconomicCalendar/raw/myfxbook/myfxbook_consensus_history.json,1538055386838d8ec50ab9cce40153f69aa8bf841c2ae50f67751b2c465432cb,8,115
RETAIL_SALES,RETAIL_SALES,1066687555,2022-10-14,0.0,0.2,1,1,unique_populated,1,,myfxbook,calendar-chart-years-back.json,20,2026-08-26T15:48:54.341Z,EconomicCalendar/raw/myfxbook/myfxbook_consensus_history.json,1538055386838d8ec50ab9cce40153f69aa8bf841c2ae50f67751b2c465432cb,8,116
RETAIL_SALES,RETAIL_SALES,1066687555,2022-11-16,1.3,1.0,1,1,unique_populated,1,,myfxbook,calendar-chart-years-back.json,20,2026-08-26T15:48:54.341Z,EconomicCalendar/raw/myfxbook/myfxbook_consensus_history.json,1538055386838d8ec50ab9cce40153f69aa8bf841c2ae50f67751b2c465432cb,8,117
RETAIL_SALES,RETAIL_SALES,1066687555,2022-12-15,-0.6,-0.1,1,1,unique_populated,1,,myfxbook,calendar-chart-years-back.json,20,2026-08-26T15:48:54.341Z,EconomicCalendar/raw/myfxbook/myfxbook_consensus_history.json,1538055386838d8ec50ab9cce40153f69aa8bf841c2ae50f67751b2c465432cb,8,118
RETAIL_SALES,RETAIL_SALES,1066687555,2023-01-18,-1.1,-0.8,1,1,unique_populated,1,,myfxbook,calendar-chart-years-back.json,20,2026-08-26T15:48:54.341Z,EconomicCalendar/raw/myfxbook/myfxbook_consensus_history.json,1538055386838d8ec50ab9cce40153f69aa8bf841c2ae50f67751b2c465432cb,8,119
RETAIL_SALES,RETAIL_SALES,1066687555,2023-02-15,3.0,1.8,1,1,unique_populated,1,,myfxbook,calendar-chart-years-back.json,20,2026-08-26T15:48:54.341Z,EconomicCalendar/raw/myfxbook/myfxbook_consensus_history.json,1538055386838d8ec50ab9cce40153f69aa8bf841c2ae50f67751b2c465432cb,8,120
RETAIL_SALES,RETAIL_SALES,1066687555,2023-03-15,-0.4,-0.3,1,1,unique_populated,1,,myfxbook,calendar-chart-years-back.json,20,2026-08-26T15:48:54.341Z,EconomicCalendar/raw/myfxbook/myfxbook_consensus_history.json,1538055386838d8ec50ab9cce40153f69aa8bf841c2ae50f67751b2c465432cb,8,121
RETAIL_SALES,RETAIL_SALES,1066687555,2023-04-14,-1.0,-0.4,1,1,unique_populated,1,,myfxbook,calendar-chart-years-back.json,20,2026-08-26T15:48:54.341Z,EconomicCalendar/raw/myfxbook/myfxbook_consensus_history.json,1538055386838d8ec50ab9cce40153f69aa8bf841c2ae50f67751b2c465432cb,8,122
RETAIL_SALES,RETAIL_SALES,1066687555,2023-05-16,0.4,0.8,1,1,unique_populated,1,,myfxbook,calendar-chart-years-back.json,20,2026-08-26T15:48:54.341Z,EconomicCalendar/raw/myfxbook/myfxbook_consensus_history.json,1538055386838d8ec50ab9cce40153f69aa8bf841c2ae50f67751b2c465432cb,8,123
RETAIL_SALES,RETAIL_SALES,1066687555,2023-06-15,0.3,-0.1,1,1,unique_populated,1,,myfxbook,calendar-chart-years-back.json,20,2026-08-26T15:48:54.341Z,EconomicCalendar/raw/myfxbook/myfxbook_consensus_history.json,1538055386838d8ec50ab9cce40153f69aa8bf841c2ae50f67751b2c465432cb,8,124
RETAIL_SALES,RETAIL_SALES,1066687555,2023-07-18,0.2,0.5,1,1,unique_populated,1,,myfxbook,calendar-chart-years-back.json,20,2026-08-26T15:48:54.341Z,EconomicCalendar/raw/myfxbook/myfxbook_consensus_history.json,1538055386838d8ec50ab9cce40153f69aa8bf841c2ae50f67751b2c465432cb,8,125
RETAIL_SALES,RETAIL_SALES,1066687555,2023-08-15,0.7,0.4,1,1,unique_populated,1,,myfxbook,calendar-chart-years-back.json,20,2026-08-26T15:48:54.341Z,EconomicCalendar/raw/myfxbook/myfxbook_consensus_history.json,1538055386838d8ec50ab9cce40153f69aa8bf841c2ae50f67751b2c465432cb,8,126
RETAIL_SALES,RETAIL_SALES,1066687555,2023-09-14,0.6,0.2,1,1,unique_populated,1,,myfxbook,calendar-chart-years-back.json,20,2026-08-26T15:48:54.341Z,EconomicCalendar/raw/myfxbook/myfxbook_consensus_history.json,1538055386838d8ec50ab9cce40153f69aa8bf841c2ae50f67751b2c465432cb,8,127
RETAIL_SALES,RETAIL_SALES,1066687555,2023-10-17,0.7,0.3,1,1,unique_populated,1,,myfxbook,calendar-chart-years-back.json,20,2026-08-26T15:48:54.341Z,EconomicCalendar/raw/myfxbook/myfxbook_consensus_history.json,1538055386838d8ec50ab9cce40153f69aa8bf841c2ae50f67751b2c465432cb,8,128
RETAIL_SALES,RETAIL_SALES,1066687555,2023-11-15,-0.1,-0.3,1,1,unique_populated,1,,myfxbook,calendar-chart-years-back.json,20,2026-08-26T15:48:54.341Z,EconomicCalendar/raw/myfxbook/myfxbook_consensus_history.json,1538055386838d8ec50ab9cce40153f69aa8bf841c2ae50f67751b2c465432cb,8,129
RETAIL_SALES,RETAIL_SALES,1066687555,2023-12-14,0.3,-0.1,1,1,unique_populated,1,,myfxbook,calendar-chart-years-back.json,20,2026-08-26T15:48:54.341Z,EconomicCalendar/raw/myfxbook/myfxbook_consensus_history.json,1538055386838d8ec50ab9cce40153f69aa8bf841c2ae50f67751b2c465432cb,8,130
RETAIL_SALES,RETAIL_SALES,1066687555,2024-01-17,0.6,0.4,1,1,unique_populated,1,,myfxbook,calendar-chart-years-back.json,20,2026-08-26T15:48:54.341Z,EconomicCalendar/raw/myfxbook/myfxbook_consensus_history.json,1538055386838d8ec50ab9cce40153f69aa8bf841c2ae50f67751b2c465432cb,8,131
RETAIL_SALES,RETAIL_SALES,1066687555,2024-02-15,-0.8,-0.1,1,1,unique_populated,1,,myfxbook,calendar-chart-years-back.json,20,2026-08-26T15:48:54.341Z,EconomicCalendar/raw/myfxbook/myfxbook_consensus_history.json,1538055386838d8ec50ab9cce40153f69aa8bf841c2ae50f67751b2c465432cb,8,132
RETAIL_SALES,RETAIL_SALES,1066687555,2024-03-14,0.6,0.8,1,1,unique_populated,1,,myfxbook,calendar-chart-years-back.json,20,2026-08-26T15:48:54.341Z,EconomicCalendar/raw/myfxbook/myfxbook_consensus_history.json,1538055386838d8ec50ab9cce40153f69aa8bf841c2ae50f67751b2c465432cb,8,133
RETAIL_SALES,RETAIL_SALES,1066687555,2024-04-15,0.7,0.3,1,1,unique_populated,1,,myfxbook,calendar-chart-years-back.json,20,2026-08-26T15:48:54.341Z,EconomicCalendar/raw/myfxbook/myfxbook_consensus_history.json,1538055386838d8ec50ab9cce40153f69aa8bf841c2ae50f67751b2c465432cb,8,134
RETAIL_SALES,RETAIL_SALES,1066687555,2024-05-15,0.0,0.4,1,1,unique_populated,1,,myfxbook,calendar-chart-years-back.json,20,2026-08-26T15:48:54.341Z,EconomicCalendar/raw/myfxbook/myfxbook_consensus_history.json,1538055386838d8ec50ab9cce40153f69aa8bf841c2ae50f67751b2c465432cb,8,135
RETAIL_SALES,RETAIL_SALES,1066687555,2024-06-18,0.1,0.2,1,1,unique_populated,1,,myfxbook,calendar-chart-years-back.json,20,2026-08-26T15:48:54.341Z,EconomicCalendar/raw/myfxbook/myfxbook_consensus_history.json,1538055386838d8ec50ab9cce40153f69aa8bf841c2ae50f67751b2c465432cb,8,136
RETAIL_SALES,RETAIL_SALES,1066687555,2024-07-16,0.0,0.0,1,1,unique_populated,1,,myfxbook,calendar-chart-years-back.json,20,2026-08-26T15:48:54.341Z,EconomicCalendar/raw/myfxbook/myfxbook_consensus_history.json,1538055386838d8ec50ab9cce40153f69aa8bf841c2ae50f67751b2c465432cb,8,137
RETAIL_SALES,RETAIL_SALES,1066687555,2024-08-15,1.0,0.3,1,1,unique_populated,1,,myfxbook,calendar-chart-years-back.json,20,2026-08-26T15:48:54.341Z,EconomicCalendar/raw/myfxbook/myfxbook_consensus_history.json,1538055386838d8ec50ab9cce40153f69aa8bf841c2ae50f67751b2c465432cb,8,138
RETAIL_SALES,RETAIL_SALES,1066687555,2024-09-17,0.1,-0.2,1,1,unique_populated,1,,myfxbook,calendar-chart-years-back.json,20,2026-08-26T15:48:54.341Z,EconomicCalendar/raw/myfxbook/myfxbook_consensus_history.json,1538055386838d8ec50ab9cce40153f69aa8bf841c2ae50f67751b2c465432cb,8,139
RETAIL_SALES,RETAIL_SALES,1066687555,2024-10-17,0.4,0.3,1,1,unique_populated,1,,myfxbook,calendar-chart-years-back.json,20,2026-08-26T15:48:54.341Z,EconomicCalendar/raw/myfxbook/myfxbook_consensus_history.json,1538055386838d8ec50ab9cce40153f69aa8bf841c2ae50f67751b2c465432cb,8,140
RETAIL_SALES,RETAIL_SALES,1066687555,2024-11-15,0.4,0.3,1,1,unique_populated,1,,myfxbook,calendar-chart-years-back.json,20,2026-08-26T15:48:54.341Z,EconomicCalendar/raw/myfxbook/myfxbook_consensus_history.json,1538055386838d8ec50ab9cce40153f69aa8bf841c2ae50f67751b2c465432cb,8,141
RETAIL_SALES,RETAIL_SALES,1066687555,2024-12-17,0.7,0.5,1,1,unique_populated,1,,myfxbook,calendar-chart-years-back.json,20,2026-08-26T15:48:54.341Z,EconomicCalendar/raw/myfxbook/myfxbook_consensus_history.json,1538055386838d8ec50ab9cce40153f69aa8bf841c2ae50f67751b2c465432cb,8,142
RETAIL_SALES,RETAIL_SALES,1066687555,2025-01-16,0.4,0.6,1,1,unique_populated,1,,myfxbook,calendar-chart-years-back.json,20,2026-08-26T15:48:54.341Z,EconomicCalendar/raw/myfxbook/myfxbook_consensus_history.json,1538055386838d8ec50ab9cce40153f69aa8bf841c2ae50f67751b2c465432cb,8,143
RETAIL_SALES,RETAIL_SALES,1066687555,2025-02-14,-0.9,-0.1,1,1,unique_populated,1,,myfxbook,calendar-chart-years-back.json,20,2026-08-26T15:48:54.341Z,EconomicCalendar/raw/myfxbook/myfxbook_consensus_history.json,1538055386838d8ec50ab9cce40153f69aa8bf841c2ae50f67751b2c465432cb,8,144
RETAIL_SALES,RETAIL_SALES,1066687555,2025-03-17,0.2,0.6,1,1,unique_populated,1,,myfxbook,calendar-chart-years-back.json,20,2026-08-26T15:48:54.341Z,EconomicCalendar/raw/myfxbook/myfxbook_consensus_history.json,1538055386838d8ec50ab9cce40153f69aa8bf841c2ae50f67751b2c465432cb,8,145
RETAIL_SALES,RETAIL_SALES,1066687555,2025-04-16,1.4,1.3,1,1,unique_populated,1,,myfxbook,calendar-chart-years-back.json,20,2026-08-26T15:48:54.341Z,EconomicCalendar/raw/myfxbook/myfxbook_consensus_history.json,1538055386838d8ec50ab9cce40153f69aa8bf841c2ae50f67751b2c465432cb,8,146
RETAIL_SALES,RETAIL_SALES,1066687555,2025-05-15,0.1,0.0,1,1,unique_populated,1,,myfxbook,calendar-chart-years-back.json,20,2026-08-26T15:48:54.341Z,EconomicCalendar/raw/myfxbook/myfxbook_consensus_history.json,1538055386838d8ec50ab9cce40153f69aa8bf841c2ae50f67751b2c465432cb,8,147
RETAIL_SALES,RETAIL_SALES,1066687555,2025-06-17,-0.9,-0.7,1,1,unique_populated,1,,myfxbook,calendar-chart-years-back.json,20,2026-08-26T15:48:54.341Z,EconomicCalendar/raw/myfxbook/myfxbook_consensus_history.json,1538055386838d8ec50ab9cce40153f69aa8bf841c2ae50f67751b2c465432cb,8,148
RETAIL_SALES,RETAIL_SALES,1066687555,2025-07-17,0.6,0.1,1,1,unique_populated,1,,myfxbook,calendar-chart-years-back.json,20,2026-08-26T15:48:54.341Z,EconomicCalendar/raw/myfxbook/myfxbook_consensus_history.json,1538055386838d8ec50ab9cce40153f69aa8bf841c2ae50f67751b2c465432cb,8,149
RETAIL_SALES,RETAIL_SALES,1066687555,2025-08-15,0.5,0.5,1,1,unique_populated,1,,myfxbook,calendar-chart-years-back.json,20,2026-08-26T15:48:54.341Z,EconomicCalendar/raw/myfxbook/myfxbook_consensus_history.json,1538055386838d8ec50ab9cce40153f69aa8bf841c2ae50f67751b2c465432cb,8,150
RETAIL_SALES,RETAIL_SALES,1066687555,2025-09-16,0.6,0.2,1,1,unique_populated,1,,myfxbook,calendar-chart-years-back.json,20,2026-08-26T15:48:54.341Z,EconomicCalendar/raw/myfxbook/myfxbook_consensus_history.json,1538055386838d8ec50ab9cce40153f69aa8bf841c2ae50f67751b2c465432cb,8,151
RETAIL_SALES,RETAIL_SALES,1066687555,2025-11-25,0.2,0.4,1,1,unique_populated,1,,myfxbook,calendar-chart-years-back.json,20,2026-08-26T15:48:54.341Z,EconomicCalendar/raw/myfxbook/myfxbook_consensus_history.json,1538055386838d8ec50ab9cce40153f69aa8bf841c2ae50f67751b2c465432cb,8,152
RETAIL_SALES,RETAIL_SALES,1066687555,2025-12-16,0.0,0.1,1,1,unique_populated,1,,myfxbook,calendar-chart-years-back.json,20,2026-08-26T15:48:54.341Z,EconomicCalendar/raw/myfxbook/myfxbook_consensus_history.json,1538055386838d8ec50ab9cce40153f69aa8bf841c2ae50f67751b2c465432cb,8,153
RETAIL_SALES,RETAIL_SALES,1066687555,2026-01-14,0.6,0.4,1,1,unique_populated,1,,myfxbook,calendar-chart-years-back.json,20,2026-08-26T15:48:54.341Z,EconomicCalendar/raw/myfxbook/myfxbook_consensus_history.json,1538055386838d8ec50ab9cce40153f69aa8bf841c2ae50f67751b2c465432cb,8,154
RETAIL_SALES,RETAIL_SALES,1066687555,2026-02-10,0.0,0.4,1,1,unique_populated,1,,myfxbook,calendar-chart-years-back.json,20,2026-08-26T15:48:54.341Z,EconomicCalendar/raw/myfxbook/myfxbook_consensus_history.json,1538055386838d8ec50ab9cce40153f69aa8bf841c2ae50f67751b2c465432cb,8,155
RETAIL_SALES,RETAIL_SALES,1066687555,2026-03-06,-0.2,-0.3,1,1,unique_populated,1,,myfxbook,calendar-chart-years-back.json,20,2026-08-26T15:48:54.341Z,EconomicCalendar/raw/myfxbook/myfxbook_consensus_history.json,1538055386838d8ec50ab9cce40153f69aa8bf841c2ae50f67751b2c465432cb,8,156
RETAIL_SALES,RETAIL_SALES,1066687555,2026-04-01,0.6,0.5,1,1,unique_populated,1,,myfxbook,calendar-chart-years-back.json,20,2026-08-26T15:48:54.341Z,EconomicCalendar/raw/myfxbook/myfxbook_consensus_history.json,1538055386838d8ec50ab9cce40153f69aa8bf841c2ae50f67751b2c465432cb,8,157
RETAIL_SALES,RETAIL_SALES,1066687555,2026-04-21,1.7,1.4,1,1,unique_populated,1,,myfxbook,calendar-chart-years-back.json,20,2026-08-26T15:48:54.341Z,EconomicCalendar/raw/myfxbook/myfxbook_consensus_history.json,1538055386838d8ec50ab9cce40153f69aa8bf841c2ae50f67751b2c465432cb,8,158
RETAIL_SALES,RETAIL_SALES,1066687555,2026-05-14,0.5,0.5,1,1,unique_populated,1,,myfxbook,calendar-chart-years-back.json,20,2026-08-26T15:48:54.341Z,EconomicCalendar/raw/myfxbook/myfxbook_consensus_history.json,1538055386838d8ec50ab9cce40153f69aa8bf841c2ae50f67751b2c465432cb,8,159
RETAIL_SALES,RETAIL_SALES,1066687555,2026-06-17,0.9,0.5,1,1,unique_populated,1,,myfxbook,calendar-chart-years-back.json,20,2026-08-26T15:48:54.341Z,EconomicCalendar/raw/myfxbook/myfxbook_consensus_history.json,1538055386838d8ec50ab9cce40153f69aa8bf841c2ae50f67751b2c465432cb,8,160
RETAIL_SALES,RETAIL_SALES,1066687555,2026-07-16,0.2,0.2,1,1,unique_populated,1,,myfxbook,calendar-chart-years-back.json,20,2026-08-26T15:48:54.341Z,EconomicCalendar/raw/myfxbook/myfxbook_consensus_history.json,1538055386838d8ec50ab9cce40153f69aa8bf841c2ae50f67751b2c465432cb,8,161
RETAIL_SALES,RETAIL_SALES,1066687555,2026-08-14,-0.6,0.1,1,1,unique_populated,1,,myfxbook,calendar-chart-years-back.json,20,2026-08-26T15:48:54.341Z,EconomicCalendar/raw/myfxbook/myfxbook_consensus_history.json,1538055386838d8ec50ab9cce40153f69aa8bf841c2ae50f67751b2c465432cb,8,162
