aggregation,symbol,lookback,partition,direction,horizon,statistic,estimate,lower95,upper95,bootstrap_replicates
event_weighted,ALL,10,confirmation,bearish,4,touch_rate,0.68353154605926225,0.66918213338772181,0.69875586375688359,2000
equal_symbol,ALL,10,confirmation,bearish,4,touch_rate,0.68261572666855441,0.6611145826730932,0.70460878820468464,2000
event_weighted,ALL,10,confirmation,bearish,4,close_rate,0.35799234025398108,0.34470920840064623,0.37164830596549575,2000
equal_symbol,ALL,10,confirmation,bearish,4,close_rate,0.35813931726572545,0.34118757426317387,0.37502879059547167,2000
event_weighted,ALL,10,confirmation,bearish,4,touch_p25_bars,1,1,1,2000
equal_symbol,ALL,10,confirmation,bearish,4,touch_p25_bars,1,1,1,2000
event_weighted,ALL,10,confirmation,bearish,4,touch_median_bars,1,1,1,2000
equal_symbol,ALL,10,confirmation,bearish,4,touch_median_bars,1,1,1,2000
event_weighted,ALL,10,confirmation,bearish,4,touch_p75_bars,2,2,2,2000
equal_symbol,ALL,10,confirmation,bearish,4,touch_p75_bars,2,2,2,2000
event_weighted,ALL,10,confirmation,bearish,4,fill_p25_bars,1,1,1,2000
equal_symbol,ALL,10,confirmation,bearish,4,fill_p25_bars,1,1,1,2000
event_weighted,ALL,10,confirmation,bearish,4,fill_median_bars,2,2,2,2000
equal_symbol,ALL,10,confirmation,bearish,4,fill_median_bars,2,2,2,2000
event_weighted,ALL,10,confirmation,bearish,4,fill_p75_bars,3,3,3,2000
equal_symbol,ALL,10,confirmation,bearish,4,fill_p75_bars,3,3,3,2000
event_weighted,ALL,10,confirmation,bearish,4,mfe_p25_price,0.00028000000000005798,0.00026000000000003798,0.00029999999999996696,2000
equal_symbol,ALL,10,confirmation,bearish,4,mfe_p25_price,0.0085233333333304961,0.00020333333333333314,0.025275000000001768,2000
event_weighted,ALL,10,confirmation,bearish,4,mfe_median_price,0.00071999999999994291,0.00067000000000017046,0.0007699999999999374,2000
equal_symbol,ALL,10,confirmation,bearish,4,mfe_median_price,0.019779999999997539,0.00048166666666665803,0.059236666666668915,2000
event_weighted,ALL,10,confirmation,bearish,4,mfe_p75_price,0.0020499999999998852,0.0018400000000000638,0.0022999999999999687,2000
equal_symbol,ALL,10,confirmation,bearish,4,mfe_p75_price,0.037726666666667262,0.00094999999999996942,0.11260166666666695,2000
event_weighted,ALL,10,confirmation,bearish,4,mae_p25_price,0.00032999999999994145,0.00030999999999981043,0.00034999999999985043,2000
equal_symbol,ALL,10,confirmation,bearish,4,mae_p25_price,0.0090633333333375501,0.00025333333333330915,0.027629999999998673,2000
event_weighted,ALL,10,confirmation,bearish,4,mae_median_price,0.00075999999999998291,0.00071999999999983189,0.00079999999999991189,2000
equal_symbol,ALL,10,confirmation,bearish,4,mae_median_price,0.018645000000001504,0.00053166666666665252,0.055961666666667208,2000
event_weighted,ALL,10,confirmation,bearish,4,mae_p75_price,0.0019499999999998963,0.0017399999999998528,0.0021400000000000308,2000
equal_symbol,ALL,10,confirmation,bearish,4,mae_p75_price,0.032896666666667872,0.00098666666666665415,0.098471666666670385,2000
event_weighted,ALL,10,confirmation,bearish,4,directional_close_return_p25_price,-0.00079000000000006843,-0.0008399999999999519,-0.00073999999999996291,2000
equal_symbol,ALL,10,confirmation,bearish,4,directional_close_return_p25_price,-0.019998333333336431,-0.059836666666666538,-0.00054833333333331735,2000
event_weighted,ALL,10,confirmation,bearish,4,directional_close_return_median_price,-0.0001100000000000545,-0.00014000000000002899,-7.0000000000014495e-05,2000
equal_symbol,ALL,10,confirmation,bearish,4,directional_close_return_median_price,-0.0014216666666683198,-0.005733333333331962,0.00038999999999766999,2000
event_weighted,ALL,10,confirmation,bearish,4,directional_close_return_p75_price,0.00063999999999997392,0.00057000000000018147,0.00073999999999996291,2000
equal_symbol,ALL,10,confirmation,bearish,4,directional_close_return_p75_price,0.018889999999998353,0.00041499999999996168,0.055941666666667202,2000
event_weighted,ALL,10,confirmation,bearish,4,mfe_p25_pips,2.4999999999997247,2.3000000000006349,2.6999999999986812,2000
equal_symbol,ALL,10,confirmation,bearish,4,mfe_p25_pips,2.7333333333330985,2.0333333333333314,3.633333333333622,2000
event_weighted,ALL,10,confirmation,bearish,4,mfe_median_pips,6.0999999999999943,5.6999999999995943,6.3999999999997392,2000
equal_symbol,ALL,10,confirmation,bearish,4,mfe_median_pips,6.3999999999994133,4.8333333333335418,8.5333333333340509,2000
event_weighted,ALL,10,confirmation,bearish,4,mfe_p75_pips,12.500000000000844,11.700000000001864,13.400000000001455,2000
equal_symbol,ALL,10,confirmation,bearish,4,mfe_p75_pips,12.616666666666594,9.5166666666662838,16.599999999999536,2000
event_weighted,ALL,10,confirmation,bearish,4,mae_p25_pips,2.9999999999996696,2.8000000000005798,3.1000000000003247,2000
equal_symbol,ALL,10,confirmation,bearish,4,mae_p25_pips,3.1833333333331013,2.5333333333327213,4.1833333333335903,2000
event_weighted,ALL,10,confirmation,bearish,4,mae_median_pips,6.4000000000008495,6.199999999998429,6.6999999999994841,2000
equal_symbol,ALL,10,confirmation,bearish,4,mae_median_pips,6.6000000000003984,5.2666666666667528,8.4499999999993864,2000
event_weighted,ALL,10,confirmation,bearish,4,mae_p75_pips,12.000000000000899,11.600000000000499,12.699999999998823,2000
equal_symbol,ALL,10,confirmation,bearish,4,mae_p75_pips,12.166666666666687,9.8666666666669123,15.3833333333338,2000
event_weighted,ALL,10,confirmation,bearish,4,directional_close_return_p25_pips,-6.6999999999994841,-7.0999999999998842,-6.2000000000006494,2000
equal_symbol,ALL,10,confirmation,bearish,4,directional_close_return_p25_pips,-6.9333333333335396,-9.016666666666703,-5.466666666666768,2000
event_weighted,ALL,10,confirmation,bearish,4,directional_close_return_median_pips,-0.99999999999988987,-1.2999999999996348,-0.60000000000060005,2000
equal_symbol,ALL,10,confirmation,bearish,4,directional_close_return_median_pips,-1.0166666666670654,-1.4166666666664514,-0.59999999999972664,2000
event_weighted,ALL,10,confirmation,bearish,4,directional_close_return_p75_pips,5.3999999999998494,4.8000000000003595,5.9999999999993392,2000
equal_symbol,ALL,10,confirmation,bearish,4,directional_close_return_p75_pips,5.7500000000000329,4.1166666666666201,8.0833333333333766,2000
event_weighted,ALL,10,confirmation,bearish,4,mfe_p25_widths,1,0.93939393939420446,1.0588235294120598,2000
equal_symbol,ALL,10,confirmation,bearish,4,mfe_p25_widths,0.99559877660919749,0.91036127926363208,1.1014905509335233,2000
event_weighted,ALL,10,confirmation,bearish,4,mfe_median_widths,2.7000000000002222,2.5483870967741473,2.8571428571419508,2000
equal_symbol,ALL,10,confirmation,bearish,4,mfe_median_widths,2.6805616675466406,2.5245288920165079,2.8461624499573972,2000
event_weighted,ALL,10,confirmation,bearish,4,mfe_p75_widths,7.1428571428580492,6.7499999999930616,7.6153846153741043,2000
equal_symbol,ALL,10,confirmation,bearish,4,mfe_p75_widths,7.1748217161269778,6.6400144300162536,7.691425120770333,2000
event_weighted,ALL,10,confirmation,bearish,4,mae_p25_widths,1.1170212765955461,1.0384615384618012,1.1914893617019318,2000
equal_symbol,ALL,10,confirmation,bearish,4,mae_p25_widths,1.1057345490304475,1.0174657024752201,1.2401567760940391,2000
event_weighted,ALL,10,confirmation,bearish,4,mae_median_widths,2.9374999999982654,2.7826086956526357,3.0799999999992269,2000
equal_symbol,ALL,10,confirmation,bearish,4,mae_median_widths,2.9385714916402406,2.7014862366843815,3.2048666420486236,2000
event_weighted,ALL,10,confirmation,bearish,4,mae_p75_widths,7.866666666665318,7.3999999999840131,8.2727272727098917,2000
equal_symbol,ALL,10,confirmation,bearish,4,mae_p75_widths,7.7445436507965617,7.2370506535949533,8.3891053391051802,2000
event_weighted,ALL,10,confirmation,bearish,4,directional_close_return_p25_widths,-3.4047619047622004,-3.7142857142825241,-3.1666666666674561,2000
equal_symbol,ALL,10,confirmation,bearish,4,directional_close_return_p25_widths,-3.4355485784065567,-3.7883306383325022,-3.1115873015860931,2000
event_weighted,ALL,10,confirmation,bearish,4,directional_close_return_median_widths,-0.35714285714274385,-0.46428571428628074,-0.23255813953483567,2000
equal_symbol,ALL,10,confirmation,bearish,4,directional_close_return_median_widths,-0.3637356887356416,-0.55383670214508107,-0.19391806943142398,2000
event_weighted,ALL,10,confirmation,bearish,4,directional_close_return_p75_widths,2.1931818181821083,1.9764705882351841,2.4545454545466474,2000
equal_symbol,ALL,10,confirmation,bearish,4,directional_close_return_p75_widths,2.1649155181628346,1.8931046576880863,2.4770366479931636,2000
event_weighted,ALL,10,confirmation,bearish,16,touch_rate,0.83251231527093594,0.81715110286538861,0.84731717422829911,2000
equal_symbol,ALL,10,confirmation,bearish,16,touch_rate,0.83227271345368825,0.81300512737602404,0.85129931820335025,2000
event_weighted,ALL,10,confirmation,bearish,16,close_rate,0.61576354679802958,0.59905567578201846,0.63375862790211257,2000
equal_symbol,ALL,10,confirmation,bearish,16,close_rate,0.61628978292714454,0.59718598410909696,0.63692928394734538,2000
event_weighted,ALL,10,confirmation,bearish,16,touch_p25_bars,1,1,1,2000
equal_symbol,ALL,10,confirmation,bearish,16,touch_p25_bars,1,1,1,2000
event_weighted,ALL,10,confirmation,bearish,16,touch_median_bars,1,1,1,2000
equal_symbol,ALL,10,confirmation,bearish,16,touch_median_bars,1,1,1.1666666666666667,2000
event_weighted,ALL,10,confirmation,bearish,16,touch_p75_bars,3,3,3,2000
equal_symbol,ALL,10,confirmation,bearish,16,touch_p75_bars,3.1666666666666665,3,3.5,2000
event_weighted,ALL,10,confirmation,bearish,16,fill_p25_bars,2,2,2,2000
equal_symbol,ALL,10,confirmation,bearish,16,fill_p25_bars,2,1.8333333333333333,2,2000
event_weighted,ALL,10,confirmation,bearish,16,fill_median_bars,4,3,4,2000
equal_symbol,ALL,10,confirmation,bearish,16,fill_median_bars,3.6666666666666665,3.1666666666666665,4,2000
event_weighted,ALL,10,confirmation,bearish,16,fill_p75_bars,7,7,7,2000
equal_symbol,ALL,10,confirmation,bearish,16,fill_p75_bars,7.166666666666667,6.833333333333333,7.666666666666667,2000
event_weighted,ALL,10,confirmation,bearish,16,mfe_p25_price,0.00055999999999989392,0.00052000000000007596,0.00059999999999993392,2000
equal_symbol,ALL,10,confirmation,bearish,16,mfe_p25_price,0.017046666666665728,0.00040166666666667056,0.051356666666669402,2000
event_weighted,ALL,10,confirmation,bearish,16,mfe_median_price,0.0014100000000000223,0.0013100000000000334,0.0014899999999999913,2000
equal_symbol,ALL,10,confirmation,bearish,16,mfe_median_price,0.038209999999998266,0.00093999999999999639,0.11344499999999952,2000
event_weighted,ALL,10,confirmation,bearish,16,mfe_p75_price,0.0037899999999999601,0.0033500000000001862,0.004429999999999934,2000
equal_symbol,ALL,10,confirmation,bearish,16,mfe_p75_price,0.071661666666664611,0.0017799999999999854,0.21162666666666829,2000
event_weighted,ALL,10,confirmation,bearish,16,mae_p25_price,0.00068999999999996842,0.00063999999999997392,0.00073999999999996291,2000
equal_symbol,ALL,10,confirmation,bearish,16,mae_p25_price,0.01813833333333718,0.00052499999999996072,0.05426999999999732,2000
event_weighted,ALL,10,confirmation,bearish,16,mae_median_price,0.0015199999999999658,0.0014400000000001079,0.0016000000000000458,2000
equal_symbol,ALL,10,confirmation,bearish,16,mae_median_price,0.038326666666664934,0.0010933333333333721,0.11486333333332982,2000
event_weighted,ALL,10,confirmation,bearish,16,mae_p75_price,0.003769999999999829,0.0033400000000000096,0.0042200000000001125,2000
equal_symbol,ALL,10,confirmation,bearish,16,mae_p75_price,0.064098333333332536,0.0019266666666666505,0.19007166666666434,2000
event_weighted,ALL,10,confirmation,bearish,16,directional_close_return_p25_price,-0.0015399999999999858,-0.0016700000000000603,-0.0014099999999999113,2000
equal_symbol,ALL,10,confirmation,bearish,16,directional_close_return_p25_price,-0.034445000000003632,-0.1055983333333373,-0.00098999999999999089,2000
event_weighted,ALL,10,confirmation,bearish,16,directional_close_return_median_price,-0.00014000000000002899,-0.00022999999999995246,-8.9999999999923475e-05,2000
equal_symbol,ALL,10,confirmation,bearish,16,directional_close_return_median_price,-0.0036099999999977075,-0.013419999999997323,0.00068833333333260616,2000
event_weighted,ALL,10,confirmation,bearish,16,directional_close_return_p75_price,0.0012999999999999678,0.0011400000000000299,0.0014899999999999913,2000
equal_symbol,ALL,10,confirmation,bearish,16,directional_close_return_p75_price,0.035146666666669581,0.00084500000000002162,0.1044299999999992,2000
event_weighted,ALL,10,confirmation,bearish,16,mfe_p25_pips,5.0999999999989942,4.6999999999997044,5.3999999999998494,2000
equal_symbol,ALL,10,confirmation,bearish,16,mfe_p25_pips,5.4666666666666712,4.0500000000000718,7.4333333333332545,2000
event_weighted,ALL,10,confirmation,bearish,16,mfe_median_pips,11.799999999999589,11.100000000000554,12.599999999998168,2000
equal_symbol,ALL,10,confirmation,bearish,16,mfe_median_pips,12.499999999999895,9.4833333333329168,16.583333333333453,2000
event_weighted,ALL,10,confirmation,bearish,16,mfe_p75_pips,23.500000000000743,21.999999999999886,25.200000000000777,2000
equal_symbol,ALL,10,confirmation,bearish,16,mfe_p75_pips,23.616666666666703,17.716666666666715,31.183333333332836,2000
event_weighted,ALL,10,confirmation,bearish,16,mae_p25_pips,6.199999999998429,5.8000000000002494,6.5000000000003944,2000
equal_symbol,ALL,10,confirmation,bearish,16,mae_p25_pips,6.4833333333339001,5.2166666666669803,8.4000000000006434,2000
event_weighted,ALL,10,confirmation,bearish,16,mae_median_pips,12.900000000000134,12.300000000000644,13.600000000000279,2000
equal_symbol,ALL,10,confirmation,bearish,16,mae_median_pips,13.66666666666662,10.8999999999998,17.249999999999428,2000
event_weighted,ALL,10,confirmation,bearish,16,mae_p75_pips,24.200000000001864,23.09999999999923,25.200000000000777,2000
equal_symbol,ALL,10,confirmation,bearish,16,mae_p75_pips,23.88333333333323,19.266666666666506,29.883333333333173,2000
event_weighted,ALL,10,confirmation,bearish,16,directional_close_return_p25_pips,-12.400000000001299,-13.600000000000279,-11.499999999998067,2000
equal_symbol,ALL,10,confirmation,bearish,16,directional_close_return_p25_pips,-12.800000000000287,-16.666666666666924,-9.9500000000000508,2000
event_weighted,ALL,10,confirmation,bearish,16,directional_close_return_median_pips,-1.2999999999996348,-2.1000000000004349,-0.79999999999968985,2000
equal_symbol,ALL,10,confirmation,bearish,16,directional_close_return_median_pips,-1.4499999999992113,-2.4333333333335316,-0.65000000000018743,2000
event_weighted,ALL,10,confirmation,bearish,16,directional_close_return_p75_pips,10.899999999998133,9.700000000000264,12.300000000000644,2000
equal_symbol,ALL,10,confirmation,bearish,16,directional_close_return_p75_pips,11.566666666667317,8.4833333333330287,15.833333333332893,2000
event_weighted,ALL,10,confirmation,bearish,16,mfe_p25_widths,1.9347826086952429,1.7901234567901132,2.0303030303031737,2000
equal_symbol,ALL,10,confirmation,bearish,16,mfe_p25_widths,1.9070105820104166,1.7568471551262383,2.0716736694656457,2000
event_weighted,ALL,10,confirmation,bearish,16,mfe_median_widths,5.3888888888891522,5.105263157897812,5.6363636363707927,2000
equal_symbol,ALL,10,confirmation,bearish,16,mfe_median_widths,5.3727203682252638,5.0055916305909314,5.6868845859204944,2000
event_weighted,ALL,10,confirmation,bearish,16,mfe_p75_widths,14.468750000000661,13.526315789471807,15.140350877196175,2000
equal_symbol,ALL,10,confirmation,bearish,16,mfe_p75_widths,14.359856880833462,13.378599987973685,15.39059664972944,2000
event_weighted,ALL,10,confirmation,bearish,16,mae_p25_widths,2.2439024390226319,2.0821917808218471,2.3953488372086538,2000
equal_symbol,ALL,10,confirmation,bearish,16,mae_p25_widths,2.2556616089224768,2.0654493034805861,2.4976207255275709,2000
event_weighted,ALL,10,confirmation,bearish,16,mae_median_widths,6.0624999999983089,5.6666666666611158,6.4000000000004444,2000
equal_symbol,ALL,10,confirmation,bearish,16,mae_median_widths,6.0085294335300725,5.5828780676902872,6.4629463129472375,2000
event_weighted,ALL,10,confirmation,bearish,16,mae_p75_widths,15.619047619044673,14.800000000013643,16.555555555581169,2000
equal_symbol,ALL,10,confirmation,bearish,16,mae_p75_widths,15.660714285700422,14.482564426315669,16.967678812389412,2000
event_weighted,ALL,10,confirmation,bearish,16,directional_close_return_p25_widths,-5.8691588785048445,-6.4444444444502009,-5.3333333333322761,2000
equal_symbol,ALL,10,confirmation,bearish,16,directional_close_return_p25_widths,-5.8928673178680535,-6.587495677289847,-5.3375780878399643,2000
event_weighted,ALL,10,confirmation,bearish,16,directional_close_return_median_widths,-0.5,-0.69999999999977791,-0.24999999999993061,2000
equal_symbol,ALL,10,confirmation,bearish,16,directional_close_return_median_widths,-0.50582419439819848,-0.77876703747627396,-0.20577336874166927,2000
event_weighted,ALL,10,confirmation,bearish,16,directional_close_return_p75_widths,4.8823529411775528,4.3947368421048791,5.5436241610738133,2000
equal_symbol,ALL,10,confirmation,bearish,16,directional_close_return_p75_widths,4.8540301277944566,4.2111925111917765,5.5888232682716747,2000
event_weighted,ALL,10,confirmation,bearish,64,touch_rate,0.91308368007397134,0.90047074646940151,0.92530712530712533,2000
equal_symbol,ALL,10,confirmation,bearish,64,touch_rate,0.91245164882697338,0.89548970100992564,0.92867293479072888,2000
event_weighted,ALL,10,confirmation,bearish,64,close_rate,0.79264909847434117,0.77466342970646651,0.81032906764168189,2000
equal_symbol,ALL,10,confirmation,bearish,64,close_rate,0.79314370960777236,0.77259611590101029,0.81421728326427856,2000
event_weighted,ALL,10,confirmation,bearish,64,touch_p25_bars,1,1,1,2000
equal_symbol,ALL,10,confirmation,bearish,64,touch_p25_bars,1,1,1,2000
event_weighted,ALL,10,confirmation,bearish,64,touch_median_bars,2,1,2,2000
equal_symbol,ALL,10,confirmation,bearish,64,touch_median_bars,1.8333333333333333,1.1666666666666667,2,2000
event_weighted,ALL,10,confirmation,bearish,64,touch_p75_bars,5,4,5,2000
equal_symbol,ALL,10,confirmation,bearish,64,touch_p75_bars,4.666666666666667,4.166666666666667,5.166666666666667,2000
event_weighted,ALL,10,confirmation,bearish,64,fill_p25_bars,2,2,2,2000
equal_symbol,ALL,10,confirmation,bearish,64,fill_p25_bars,2,2,2.3333333333333335,2000
event_weighted,ALL,10,confirmation,bearish,64,fill_median_bars,6,5,6,2000
equal_symbol,ALL,10,confirmation,bearish,64,fill_median_bars,5.5,5.166666666666667,6,2000
event_weighted,ALL,10,confirmation,bearish,64,fill_p75_bars,15,14,16,2000
equal_symbol,ALL,10,confirmation,bearish,64,fill_p75_bars,15,13.833333333333334,16.666666666666668,2000
event_weighted,ALL,10,confirmation,bearish,64,mfe_p25_price,0.0013100000000000334,0.0012000000000000899,0.0014199999999999768,2000
equal_symbol,ALL,10,confirmation,bearish,64,mfe_p25_price,0.036710000000000541,0.00093833333333330027,0.11038833333333194,2000
event_weighted,ALL,10,confirmation,bearish,64,mfe_median_price,0.0029299999999998771,0.0027800000000000047,0.0030999999999999917,2000
equal_symbol,ALL,10,confirmation,bearish,64,mfe_median_price,0.077936666666669582,0.002055000000000029,0.23680166666666846,2000
event_weighted,ALL,10,confirmation,bearish,64,mfe_p75_price,0.0071200000000000152,0.0062699999999999978,0.0084300000000001596,2000
equal_symbol,ALL,10,confirmation,bearish,64,mfe_p75_price,0.13847833333333451,0.0034933333333333114,0.42016833333333259,2000
event_weighted,ALL,10,confirmation,bearish,64,mae_p25_price,0.0014300000000000423,0.0013299999999999423,0.0015399999999998748,2000
equal_symbol,ALL,10,confirmation,bearish,64,mae_p25_price,0.032500000000003547,0.0011016666666666675,0.098926666666662486,2000
event_weighted,ALL,10,confirmation,bearish,64,mae_median_price,0.0030299999999999772,0.0028700000000000392,0.0032099999999999351,2000
equal_symbol,ALL,10,confirmation,bearish,64,mae_median_price,0.07317333333333205,0.0021466666666666669,0.22260999999999184,2000
event_weighted,ALL,10,confirmation,bearish,64,mae_p75_price,0.0069099999999999717,0.0061999999999999833,0.0079100000000000836,2000
equal_symbol,ALL,10,confirmation,bearish,64,mae_p75_price,0.12732166666666658,0.0035983333333332776,0.38007166666666675,2000
event_weighted,ALL,10,confirmation,bearish,64,directional_close_return_p25_price,-0.0029900000000000482,-0.0032799999999999496,-0.0027099999999999902,2000
equal_symbol,ALL,10,confirmation,bearish,64,directional_close_return_p25_price,-0.081998333333332382,-0.2545550000000017,-0.0019333333333333054,2000
event_weighted,ALL,10,confirmation,bearish,64,directional_close_return_median_price,-0.00013999999999980695,-0.00038000000000004697,9.9999999999988987e-05,2000
equal_symbol,ALL,10,confirmation,bearish,64,directional_close_return_median_price,-0.0082316666666677283,-0.035910000000000587,0.0070133333333288377,2000
event_weighted,ALL,10,confirmation,bearish,64,directional_close_return_p75_price,0.0025599999999998957,0.0022299999999999542,0.0028999999999999027,2000
equal_symbol,ALL,10,confirmation,bearish,64,directional_close_return_p75_price,0.070173333333333546,0.0016883333333333102,0.21355333333333429,2000
event_weighted,ALL,10,confirmation,bearish,64,mfe_p25_pips,11.499999999999844,10.600000000000609,12.399999999999523,2000
equal_symbol,ALL,10,confirmation,bearish,64,mfe_p25_pips,12.349999999999758,9.3833333333335585,16.333333333333091,2000
event_weighted,ALL,10,confirmation,bearish,64,mfe_median_pips,25.399999999999867,23.900000000000031,26.800000000000157,2000
equal_symbol,ALL,10,confirmation,bearish,64,mfe_median_pips,26.966666666667265,20.649999999999835,35.250000000000178,2000
event_weighted,ALL,10,confirmation,bearish,64,mfe_p75_pips,45.699999999999626,42.999999999999702,49.399999999999977,2000
equal_symbol,ALL,10,confirmation,bearish,64,mfe_p75_pips,46.633333333333546,34.89999999999975,62.066666666666386,2000
event_weighted,ALL,10,confirmation,bearish,64,mae_p25_pips,12.499999999999734,11.700000000001154,13.499999999999623,2000
equal_symbol,ALL,10,confirmation,bearish,64,mae_p25_pips,13.150000000000182,10.800000000000439,16.149999999999775,2000
event_weighted,ALL,10,confirmation,bearish,64,mae_median_pips,25.600000000001177,24.299999999999322,27.399999999999647,2000
equal_symbol,ALL,10,confirmation,bearish,64,mae_median_pips,27.183333333332921,21.43333333333257,34.016666666667135,2000
event_weighted,ALL,10,confirmation,bearish,64,mae_p75_pips,46.299999999999116,43.699999999999847,49.200000000000351,2000
equal_symbol,ALL,10,confirmation,bearish,64,mae_p75_pips,45.616666666666106,35.933333333333188,58.666666666666579,2000
event_weighted,ALL,10,confirmation,bearish,64,directional_close_return_p25_pips,-25.30000000000032,-27.699999999999392,-23.100000000000342,2000
equal_symbol,ALL,10,confirmation,bearish,64,directional_close_return_p25_pips,-26.333333333332778,-36.533333333333061,-19.366666666666791,2000
event_weighted,ALL,10,confirmation,bearish,64,directional_close_return_median_pips,-1.2999999999996348,-3.4999999999996145,0.99999999999988987,2000
equal_symbol,ALL,10,confirmation,bearish,64,directional_close_return_median_pips,-1.466666666666409,-4.566666666666948,1.4000000000004824,2000
event_weighted,ALL,10,confirmation,bearish,64,directional_close_return_p75_pips,21.899999999999142,19.599999999999618,24.399999999999977,2000
equal_symbol,ALL,10,confirmation,bearish,64,directional_close_return_p75_pips,23.583333333333254,16.583333333333357,32.000000000000519,2000
event_weighted,ALL,10,confirmation,bearish,64,mfe_p25_widths,4.0000000000013882,3.7500000000037006,4.3333333333334707,2000
equal_symbol,ALL,10,confirmation,bearish,64,mfe_p25_widths,4.0133493050161384,3.6935068664906403,4.395565258497018,2000
event_weighted,ALL,10,confirmation,bearish,64,mfe_median_widths,11.666666666676042,10.891891891892978,12.45161290322442,2000
equal_symbol,ALL,10,confirmation,bearish,64,mfe_median_widths,11.679338497755374,10.701550243833077,12.6089349718359,2000
event_weighted,ALL,10,confirmation,bearish,64,mfe_p75_widths,32.965517241365319,29.909090909106414,35.666666666565511,2000
equal_symbol,ALL,10,confirmation,bearish,64,mfe_p75_widths,32.326666666692276,29.317941317925165,36.040463578906675,2000
event_weighted,ALL,10,confirmation,bearish,64,mae_p25_widths,4.4042553191492475,4.0357142857153194,4.8965517241395151,2000
equal_symbol,ALL,10,confirmation,bearish,64,mae_p25_widths,4.4072005563582115,3.9348612019466578,4.9847006482574736,2000
event_weighted,ALL,10,confirmation,bearish,64,mae_median_widths,12.294117647058785,11.628571428569073,13.05263157894537,2000
equal_symbol,ALL,10,confirmation,bearish,64,mae_median_widths,12.428527336861029,11.365836409007018,13.500129485209788,2000
event_weighted,ALL,10,confirmation,bearish,64,mae_p75_widths,31.800000000003109,29.625000000011276,33.800000000032966,2000
equal_symbol,ALL,10,confirmation,bearish,64,mae_p75_widths,31.576019813526258,28.919558682050468,34.54166666667394,2000
event_weighted,ALL,10,confirmation,bearish,64,directional_close_return_p25_widths,-11.454545454551694,-12.600000000014779,-10.225000000001499,2000
equal_symbol,ALL,10,confirmation,bearish,64,directional_close_return_p25_widths,-11.342434507672772,-13.149563990634251,-9.8246151996188384,2000
event_weighted,ALL,10,confirmation,bearish,64,directional_close_return_median_widths,-0.43902439024394646,-1.1388888888895468,0.30555555555568403,2000
equal_symbol,ALL,10,confirmation,bearish,64,directional_close_return_median_widths,-0.46295952079507613,-1.2243647146614047,0.35962759443156012,2000
event_weighted,ALL,10,confirmation,bearish,64,directional_close_return_p75_widths,10.478260869567581,8.8571428571414224,12.230769230772516,2000
equal_symbol,ALL,10,confirmation,bearish,64,directional_close_return_p75_widths,10.515226751746996,8.4307130537407922,12.795338960560734,2000
event_weighted,ALL,10,confirmation,bullish,4,touch_rate,0.68125116365667471,0.66753731343283584,0.69520802377414559,2000
equal_symbol,ALL,10,confirmation,bullish,4,touch_rate,0.68206074557826757,0.66188751031274229,0.70352458572127607,2000
event_weighted,ALL,10,confirmation,bullish,4,close_rate,0.33941537888661327,0.32493798893340964,0.35477872815172928,2000
equal_symbol,ALL,10,confirmation,bullish,4,close_rate,0.34079114409151462,0.31637081823515512,0.36777963513265161,2000
event_weighted,ALL,10,confirmation,bullish,4,touch_p25_bars,1,1,1,2000
equal_symbol,ALL,10,confirmation,bullish,4,touch_p25_bars,1,1,1,2000
event_weighted,ALL,10,confirmation,bullish,4,touch_median_bars,1,1,1,2000
equal_symbol,ALL,10,confirmation,bullish,4,touch_median_bars,1,1,1,2000
event_weighted,ALL,10,confirmation,bullish,4,touch_p75_bars,2,2,2,2000
equal_symbol,ALL,10,confirmation,bullish,4,touch_p75_bars,2,2,2,2000
event_weighted,ALL,10,confirmation,bullish,4,fill_p25_bars,1,1,1,2000
equal_symbol,ALL,10,confirmation,bullish,4,fill_p25_bars,1,1,1.1666666666666667,2000
event_weighted,ALL,10,confirmation,bullish,4,fill_median_bars,2,2,2,2000
equal_symbol,ALL,10,confirmation,bullish,4,fill_median_bars,2,2,2,2000
event_weighted,ALL,10,confirmation,bullish,4,fill_p75_bars,3,3,3,2000
equal_symbol,ALL,10,confirmation,bullish,4,fill_p75_bars,3,3,3,2000
event_weighted,ALL,10,confirmation,bullish,4,mfe_p25_price,0.00026999999999999247,0.00025000000000008349,0.00029000000000001247,2000
equal_symbol,ALL,10,confirmation,bullish,4,mfe_p25_price,0.00719000000000027,0.00019666666666664132,0.021943333333328614,2000
event_weighted,ALL,10,confirmation,bullish,4,mfe_median_price,0.00066000000000010495,0.00062000000000006494,0.00070999999999998842,2000
equal_symbol,ALL,10,confirmation,bullish,4,mfe_median_price,0.015753333333330694,0.00044499999999999168,0.047058333333339031,2000
event_weighted,ALL,10,confirmation,bullish,4,mfe_p75_price,0.0018700000000000383,0.0017200000000001658,0.0020399999999998197,2000
equal_symbol,ALL,10,confirmation,bullish,4,mfe_p75_price,0.02932500000000347,0.00086333333333336404,0.086728333333332672,2000
event_weighted,ALL,10,confirmation,bullish,4,mae_p25_price,0.00032999999999994145,0.00030999999999981043,0.00034999999999985043,2000
equal_symbol,ALL,10,confirmation,bullish,4,mae_p25_price,0.0073966666666677354,0.00025333333333334612,0.022643333333341269,2000
event_weighted,ALL,10,confirmation,bullish,4,mae_median_price,0.0007299999999998974,0.00068999999999996842,0.00075999999999998291,2000
equal_symbol,ALL,10,confirmation,bullish,4,mae_median_price,0.015470000000000575,0.00051666666666666528,0.045599999999998551,2000
event_weighted,ALL,10,confirmation,bullish,4,mae_p75_price,0.0018000000000000238,0.0016499999999999293,0.0020200000000001328,2000
equal_symbol,ALL,10,confirmation,bullish,4,mae_p75_price,0.028353333333332027,0.00093999999999997785,0.082703333333332532,2000
event_weighted,ALL,10,confirmation,bullish,4,directional_close_return_p25_price,-0.00070000000000003393,-0.00075999999999998291,-0.00065000000000003944,2000
equal_symbol,ALL,10,confirmation,bullish,4,directional_close_return_p25_price,-0.015118333333332346,-0.044450000000002432,-0.00049666666666666381,2000
event_weighted,ALL,10,confirmation,bullish,4,directional_close_return_median_price,-4.0000000000040004e-05,-7.9999999999857963e-05,0,2000
equal_symbol,ALL,10,confirmation,bullish,4,directional_close_return_median_price,-3.6666666666721838e-05,-0.0015483333333405163,0.0014683333333310178,2000
event_weighted,ALL,10,confirmation,bullish,4,directional_close_return_p75_price,0.00066999999999994841,0.00060999999999999943,0.00073999999999996291,2000
equal_symbol,ALL,10,confirmation,bullish,4,directional_close_return_p75_price,0.016576666666668072,0.00040499999999997022,0.049494999999993995,2000
event_weighted,ALL,10,confirmation,bullish,4,mfe_p25_pips,2.4000000000001798,2.2999999999995246,2.5999999999982037,2000
equal_symbol,ALL,10,confirmation,bullish,4,mfe_p25_pips,2.6000000000000765,1.9499999999998223,3.3666666666667475,2000
event_weighted,ALL,10,confirmation,bullish,4,mfe_median_pips,5.6000000000000494,5.3000000000014147,5.8999999999986841,2000
equal_symbol,ALL,10,confirmation,bullish,4,mfe_median_pips,5.7333333333324648,4.3833333333333684,7.3166666666670368,2000
event_weighted,ALL,10,confirmation,bullish,4,mfe_p75_pips,11.199999999999477,10.600000000000609,11.700000000001154,2000
equal_symbol,ALL,10,confirmation,bullish,4,mfe_p75_pips,11.100000000000547,8.5499999999995762,13.966666666666237,2000
event_weighted,ALL,10,confirmation,bullish,4,mae_p25_pips,2.8999999999990145,2.6999999999999247,3.0000000000001137,2000
equal_symbol,ALL,10,confirmation,bullish,4,mae_p25_pips,3.0166666666668527,2.5333333333330912,3.6500000000002046,2000
event_weighted,ALL,10,confirmation,bullish,4,mae_median_pips,6.0000000000004494,5.6999999999995943,6.3000000000001943,2000
equal_symbol,ALL,10,confirmation,bullish,4,mae_median_pips,6.2000000000001307,5.1333333333332867,7.5500000000001393,2000
event_weighted,ALL,10,confirmation,bullish,4,mae_p75_pips,11.400000000000432,10.900000000000354,11.800000000002342,2000
equal_symbol,ALL,10,confirmation,bullish,4,mae_p75_pips,11.283333333333408,9.2333333333335013,13.58333333333365,2000
event_weighted,ALL,10,confirmation,bullish,4,directional_close_return_p25_pips,-5.8000000000002494,-6.2000000000006494,-5.3999999999998494,2000
equal_symbol,ALL,10,confirmation,bullish,4,directional_close_return_p25_pips,-5.9833333333335856,-7.3166666666665785,-4.9833333333337837,2000
event_weighted,ALL,10,confirmation,bullish,4,directional_close_return_median_pips,-0.39999999999906777,-0.60000000000171028,0,2000
equal_symbol,ALL,10,confirmation,bullish,4,directional_close_return_median_pips,-0.36666666666721842,-0.90000000000053004,0.16666666666683336,2000
event_weighted,ALL,10,confirmation,bullish,4,directional_close_return_p75_pips,5.5000000000005045,4.9999999999994493,6.0000000000015596,2000
equal_symbol,ALL,10,confirmation,bullish,4,directional_close_return_p75_pips,5.7166666666668364,4.100000000000029,7.5500000000003089,2000
event_weighted,ALL,10,confirmation,bullish,4,mfe_p25_widths,1,0.96153846153905276,1.0526315789477068,2000
equal_symbol,ALL,10,confirmation,bullish,4,mfe_p25_widths,1.0098655928384386,0.90789473684051092,1.1231191435837635,2000
event_weighted,ALL,10,confirmation,bullish,4,mfe_median_widths,2.6086956521728384,2.4999999999972244,2.7586206896536938,2000
equal_symbol,ALL,10,confirmation,bullish,4,mfe_median_widths,2.5728044332223865,2.3553248651929923,2.7962004804107585,2000
event_weighted,ALL,10,confirmation,bullish,4,mfe_p75_widths,7.1999999999976909,6.8518518518525218,7.6060606060619929,2000
equal_symbol,ALL,10,confirmation,bullish,4,mfe_p75_widths,7.187991530544739,6.6888888888893661,7.6970647117732556,2000
event_weighted,ALL,10,confirmation,bullish,4,mae_p25_widths,1.1475409836067789,1.0500000000000556,1.2195121951218104,2000
equal_symbol,ALL,10,confirmation,bullish,4,mae_p25_widths,1.1480972730972148,1.0278286362604769,1.2596216782595866,2000
event_weighted,ALL,10,confirmation,bullish,4,mae_median_widths,2.9259259259245614,2.7735849056603734,3.0615384615383485,2000
equal_symbol,ALL,10,confirmation,bullish,4,mae_median_widths,2.9244099038216671,2.736156400965708,3.1622772410946172,2000
event_weighted,ALL,10,confirmation,bullish,4,mae_p75_widths,7.6666666666698244,7.3000000000019982,8.1428571428548775,2000
equal_symbol,ALL,10,confirmation,bullish,4,mae_p75_widths,7.7008928571441357,7.1878787878733519,8.2571895424751123,2000
event_weighted,ALL,10,confirmation,bullish,4,directional_close_return_p25_widths,-2.9999999999777955,-3.1666666666679002,-2.6666666666672358,2000
equal_symbol,ALL,10,confirmation,bullish,4,directional_close_return_p25_widths,-2.9155751753121746,-3.312121212122523,-2.5015983199187493,2000
event_weighted,ALL,10,confirmation,bullish,4,directional_close_return_median_widths,-0.13953488372083417,-0.25000000000026024,0,2000
equal_symbol,ALL,10,confirmation,bullish,4,directional_close_return_median_widths,-0.17860619772357478,-0.40998176353884114,0.052685208108917393,2000
event_weighted,ALL,10,confirmation,bullish,4,directional_close_return_p75_widths,2.4062500000002496,2.2000000000002222,2.6666666666658441,2000
equal_symbol,ALL,10,confirmation,bullish,4,directional_close_return_p75_widths,2.4332620832036365,2.080366016382373,2.7740788163309174,2000
event_weighted,ALL,10,confirmation,bullish,16,touch_rate,0.8226479514415781,0.8098909364422715,0.83491821985545833,2000
equal_symbol,ALL,10,confirmation,bullish,16,touch_rate,0.82295586433289669,0.80396303200678843,0.8415829279640864,2000
event_weighted,ALL,10,confirmation,bullish,16,close_rate,0.58782245827010626,0.57199174019147736,0.60426898375519456,2000
equal_symbol,ALL,10,confirmation,bullish,16,close_rate,0.58959823058012195,0.55910366965183667,0.62456258506061657,2000
event_weighted,ALL,10,confirmation,bullish,16,touch_p25_bars,1,1,1,2000
equal_symbol,ALL,10,confirmation,bullish,16,touch_p25_bars,1,1,1,2000
event_weighted,ALL,10,confirmation,bullish,16,touch_median_bars,1,1,1,2000
equal_symbol,ALL,10,confirmation,bullish,16,touch_median_bars,1,1,1.1666666666666667,2000
event_weighted,ALL,10,confirmation,bullish,16,touch_p75_bars,3,3,3,2000
equal_symbol,ALL,10,confirmation,bullish,16,touch_p75_bars,3.1666666666666665,2.8333333333333335,3.5,2000
event_weighted,ALL,10,confirmation,bullish,16,fill_p25_bars,2,2,2,2000
equal_symbol,ALL,10,confirmation,bullish,16,fill_p25_bars,1.8333333333333333,1.6666666666666667,2,2000
event_weighted,ALL,10,confirmation,bullish,16,fill_median_bars,4,4,4,2000
equal_symbol,ALL,10,confirmation,bullish,16,fill_median_bars,3.8333333333333335,3.5,4,2000
event_weighted,ALL,10,confirmation,bullish,16,fill_p75_bars,7,7,8,2000
equal_symbol,ALL,10,confirmation,bullish,16,fill_p75_bars,7.166666666666667,6.833333333333333,7.833333333333333,2000
event_weighted,ALL,10,confirmation,bullish,16,mfe_p25_price,0.00056999999999995943,0.00052000000000007596,0.00060999999999999943,2000
equal_symbol,ALL,10,confirmation,bullish,16,mfe_p25_price,0.015720000000002104,0.0003950000000000527,0.047585000000003354,2000
event_weighted,ALL,10,confirmation,bullish,16,mfe_median_price,0.0013400000000000079,0.0012699999999999934,0.0014299999999998203,2000
equal_symbol,ALL,10,confirmation,bullish,16,mfe_median_price,0.035025000000002117,0.00090833333333332578,0.10529166666666512,2000
event_weighted,ALL,10,confirmation,bullish,16,mfe_p75_price,0.0035199999999999676,0.0031799999999999606,0.0039000000000000146,2000
equal_symbol,ALL,10,confirmation,bullish,16,mfe_p75_price,0.059461666666663339,0.00166333333333335,0.17598166666666462,2000
event_weighted,ALL,10,confirmation,bullish,16,mae_p25_price,0.00062000000000006494,0.00058999999999986841,0.00067000000000017046,2000
equal_symbol,ALL,10,confirmation,bullish,16,mae_p25_price,0.014933333333331503,0.00047833333333333988,0.044918333333333414,2000
event_weighted,ALL,10,confirmation,bullish,16,mae_median_price,0.0014400000000001079,0.0013699999999998713,0.0015300000000000313,2000
equal_symbol,ALL,10,confirmation,bullish,16,mae_median_price,0.031086666666663838,0.0010066666666666741,0.091241666666663779,2000
event_weighted,ALL,10,confirmation,bullish,16,mae_p75_price,0.0035099999999999021,0.0031999999999999806,0.0038800000000001056,2000
equal_symbol,ALL,10,confirmation,bullish,16,mae_p75_price,0.054863333333331432,0.0018650000000000055,0.1627633333333284,2000
event_weighted,ALL,10,confirmation,bullish,16,directional_close_return_p25_price,-0.0013799999999999368,-0.0014999999999998348,-0.0012699999999998823,2000
equal_symbol,ALL,10,confirmation,bullish,16,directional_close_return_p25_price,-0.025231666666664394,-0.076191666666662439,-0.00098499999999997656,2000
event_weighted,ALL,10,confirmation,bullish,16,directional_close_return_median_price,-1.0000000000065512e-05,-9.9999999999988987e-05,5.9999999999948983e-05,2000
equal_symbol,ALL,10,confirmation,bullish,16,directional_close_return_median_price,0.0019900000000000841,-0.002043333333333397,0.0083366666666685098,2000
event_weighted,ALL,10,confirmation,bullish,16,directional_close_return_p75_price,0.0013300000000000534,0.0011999999999998678,0.0014300000000000423,2000
equal_symbol,ALL,10,confirmation,bullish,16,directional_close_return_p75_price,0.034848333333329873,0.00084166666666668499,0.10505333333333571,2000
event_weighted,ALL,10,confirmation,bullish,16,mfe_p25_pips,5.1000000000001044,4.7999999999992493,5.3999999999998494,2000
equal_symbol,ALL,10,confirmation,bullish,16,mfe_p25_pips,5.3999999999996424,3.9000000000000141,7.1500000000007526,2000
event_weighted,ALL,10,confirmation,bullish,16,mfe_median_pips,11.499999999999844,10.899999999998133,12.099999999999334,2000
equal_symbol,ALL,10,confirmation,bullish,16,mfe_median_pips,12.00000000000056,8.8333333333336554,15.916666666666949,2000
event_weighted,ALL,10,confirmation,bullish,16,mfe_p75_pips,22.300000000000651,21.199999999998997,23.400000000000087,2000
equal_symbol,ALL,10,confirmation,bullish,16,mfe_p75_pips,22.066666666666425,16.683333333332904,27.983333333332656,2000
event_weighted,ALL,10,confirmation,bullish,16,mae_p25_pips,5.5000000000005045,5.2000000000007596,5.8999999999997499,2000
equal_symbol,ALL,10,confirmation,bullish,16,mae_p25_pips,5.7833333333330446,4.7833333333335837,7.1833333333329046,2000
event_weighted,ALL,10,confirmation,bullish,16,mae_median_pips,12.100000000000444,11.400000000001409,12.5,2000
equal_symbol,ALL,10,confirmation,bullish,16,mae_median_pips,12.21666666666615,10.016666666666046,14.816666666666729,2000
event_weighted,ALL,10,confirmation,bullish,16,mae_p75_pips,22.200000000001108,21.400000000000308,23.199999999999932,2000
equal_symbol,ALL,10,confirmation,bullish,16,mae_p75_pips,22.283333333333456,18.466666666666075,26.900000000000443,2000
event_weighted,ALL,10,confirmation,bullish,16,directional_close_return_p25_pips,-11.200000000000099,-12.000000000000455,-10.400000000000409,2000
equal_symbol,ALL,10,confirmation,bullish,16,directional_close_return_p25_pips,-11.416666666666083,-13.449999999999489,-9.7666666666660706,2000
event_weighted,ALL,10,confirmation,bullish,16,directional_close_return_median_pips,-0.10000000000065512,-0.79999999999857963,0.49999999999994493,2000
equal_symbol,ALL,10,confirmation,bullish,16,directional_close_return_median_pips,0.10000000000009261,-1.0000000000000748,1.0666666666668008,2000
event_weighted,ALL,10,confirmation,bullish,16,directional_close_return_p75_pips,11.099999999999444,10.200000000000209,12.000000000000899,2000
equal_symbol,ALL,10,confirmation,bullish,16,directional_close_return_p75_pips,11.883333333332869,8.5833333333338686,16.116666666666809,2000
event_weighted,ALL,10,confirmation,bullish,16,mfe_p25_widths,2.040816326530654,1.9363057324840818,2.1724137931038707,2000
equal_symbol,ALL,10,confirmation,bullish,16,mfe_p25_widths,2.053056115340679,1.7784341530848293,2.3227168746291174,2000
event_weighted,ALL,10,confirmation,bullish,16,mfe_median_widths,5.5999999999995556,5.2962962962989089,5.9000000000051163,2000
equal_symbol,ALL,10,confirmation,bullish,16,mfe_median_widths,5.5773959354923237,4.9842532005691425,6.095127901011316,2000
event_weighted,ALL,10,confirmation,bullish,16,mfe_p75_widths,14.833333333332543,14.066666666677522,15.600000000001776,2000
equal_symbol,ALL,10,confirmation,bullish,16,mfe_p75_widths,14.856902356903047,13.277645502645131,16.288041125543241,2000
event_weighted,ALL,10,confirmation,bullish,16,mae_p25_widths,2.1666666666664609,2.0000000000010094,2.2962962962966991,2000
equal_symbol,ALL,10,confirmation,bullish,16,mae_p25_widths,2.1830243888174388,1.999329703291244,2.3880617994811306,2000
event_weighted,ALL,10,confirmation,bullish,16,mae_median_widths,5.6250000000005924,5.363636363636731,5.9999999999975326,2000
equal_symbol,ALL,10,confirmation,bullish,16,mae_median_widths,5.6303030303014765,5.348512484908686,6.0266339869303343,2000
event_weighted,ALL,10,confirmation,bullish,16,mae_p75_widths,15.18181818180919,14.333333333345669,16.266666666680482,2000
equal_symbol,ALL,10,confirmation,bullish,16,mae_p75_widths,15.02725661871483,14.235317460316667,16.331076029447818,2000
event_weighted,ALL,10,confirmation,bullish,16,directional_close_return_p25_widths,-5.0000000000094742,-5.6774193548381477,-4.5609756097560465,2000
equal_symbol,ALL,10,confirmation,bullish,16,directional_close_return_p25_widths,-5.1161054994371584,-5.8981148403311083,-4.4688425609471309,2000
event_weighted,ALL,10,confirmation,bullish,16,directional_close_return_median_widths,-0.051282051282372454,-0.29411764705878513,0.20384615384612789,2000
equal_symbol,ALL,10,confirmation,bullish,16,directional_close_return_median_widths,-0.043929636666624382,-0.47941585470113091,0.33272919039315646,2000
event_weighted,ALL,10,confirmation,bullish,16,directional_close_return_p75_widths,5.3333333333395014,4.8620689655156308,5.9215686274509034,2000
equal_symbol,ALL,10,confirmation,bullish,16,directional_close_return_p75_widths,5.3522173489290674,4.3377594627590126,6.2700861239637975,2000
event_weighted,ALL,10,confirmation,bullish,64,touch_rate,0.90687830687830684,0.89487814952498967,0.91801189464740862,2000
equal_symbol,ALL,10,confirmation,bullish,64,touch_rate,0.90756604261008411,0.8896468170501054,0.92625053334179208,2000
event_weighted,ALL,10,confirmation,bullish,64,close_rate,0.76910052910052906,0.75206971677559908,0.78732734049550535,2000
equal_symbol,ALL,10,confirmation,bullish,64,close_rate,0.77091337430282136,0.74358534034064661,0.80117211451349923,2000
event_weighted,ALL,10,confirmation,bullish,64,touch_p25_bars,1,1,1,2000
equal_symbol,ALL,10,confirmation,bullish,64,touch_p25_bars,1,1,1,2000
event_weighted,ALL,10,confirmation,bullish,64,touch_median_bars,2,1,2,2000
equal_symbol,ALL,10,confirmation,bullish,64,touch_median_bars,1.5,1.1666666666666667,1.8333333333333333,2000
event_weighted,ALL,10,confirmation,bullish,64,touch_p75_bars,4,4,5,2000
equal_symbol,ALL,10,confirmation,bullish,64,touch_p75_bars,4.333333333333333,4,5,2000
event_weighted,ALL,10,confirmation,bullish,64,fill_p25_bars,2,2,2,2000
equal_symbol,ALL,10,confirmation,bullish,64,fill_p25_bars,2,2,2.5,2000
event_weighted,ALL,10,confirmation,bullish,64,fill_median_bars,6,5,6,2000
equal_symbol,ALL,10,confirmation,bullish,64,fill_median_bars,5.833333333333333,5.166666666666667,6.333333333333333,2000
event_weighted,ALL,10,confirmation,bullish,64,fill_p75_bars,16,14,17,2000
equal_symbol,ALL,10,confirmation,bullish,64,fill_p75_bars,15.833333333333334,14,17.666666666666668,2000
event_weighted,ALL,10,confirmation,bullish,64,mfe_p25_price,0.0012900000000000134,0.0011700000000000044,0.0013799999999999368,2000
equal_symbol,ALL,10,confirmation,bullish,64,mfe_p25_price,0.037049999999997398,0.00094166666666667398,0.11074166666666692,2000
event_weighted,ALL,10,confirmation,bullish,64,mfe_median_price,0.0029600000000000737,0.0027700000000001612,0.0031400000000001427,2000
equal_symbol,ALL,10,confirmation,bullish,64,mfe_median_price,0.071921666666669326,0.0020233333333333401,0.21659499999999632,2000
event_weighted,ALL,10,confirmation,bullish,64,mfe_p75_price,0.0074499999999999567,0.0064799999999999303,0.008499999999999952,2000
equal_symbol,ALL,10,confirmation,bullish,64,mfe_p75_price,0.12543499999999988,0.0035283333333333555,0.37481999999999283,2000
event_weighted,ALL,10,confirmation,bullish,64,mae_p25_price,0.0012799999999999478,0.0011600000000000499,0.0013900000000000023,2000
equal_symbol,ALL,10,confirmation,bullish,64,mae_p25_price,0.028044999999997083,0.00094833333333329184,0.083921666666671432,2000
event_weighted,ALL,10,confirmation,bullish,64,mae_median_price,0.0028900000000000592,0.0027000000000000357,0.0031100000000001682,2000
equal_symbol,ALL,10,confirmation,bullish,64,mae_median_price,0.063671666666668181,0.0019533333333333256,0.18767166666666268,2000
event_weighted,ALL,10,confirmation,bullish,64,mae_p75_price,0.0072499999999999787,0.0064200000000000923,0.0082299999999999596,2000
equal_symbol,ALL,10,confirmation,bullish,64,mae_p75_price,0.12444333333333318,0.0037050000000000325,0.36749833333332904,2000
event_weighted,ALL,10,confirmation,bullish,64,directional_close_return_p25_price,-0.0027800000000000047,-0.0030900000000000372,-0.0024299999999999322,2000
equal_symbol,ALL,10,confirmation,bullish,64,directional_close_return_p25_price,-0.060984999999998256,-0.18564166666666182,-0.0018583333333333136,2000
event_weighted,ALL,10,confirmation,bullish,64,directional_close_return_median_price,0.00016000000000016001,-9.9999999999988987e-05,0.00045999999999990493,2000
equal_symbol,ALL,10,confirmation,bullish,64,directional_close_return_median_price,0.01171166666666551,-0.00014499999999996924,0.037598333333333157,2000
event_weighted,ALL,10,confirmation,bullish,64,directional_close_return_p75_price,0.0031599999999998296,0.0027500000000000302,0.0035399999999999876,2000
equal_symbol,ALL,10,confirmation,bullish,64,directional_close_return_p75_price,0.076503333333333798,0.0019433333333332969,0.23390000000000333,2000
event_weighted,ALL,10,confirmation,bullish,64,mfe_p25_pips,11.499999999999844,10.600000000000609,12.499999999999734,2000
equal_symbol,ALL,10,confirmation,bullish,64,mfe_p25_pips,12.449999999999511,9.2499999999999059,16.400000000000091,2000
event_weighted,ALL,10,confirmation,bullish,64,mfe_median_pips,25.199999999998557,23.699999999999832,26.600000000001955,2000
equal_symbol,ALL,10,confirmation,bullish,64,mfe_median_pips,26.216666666666999,19.866666666667292,33.833333333333464,2000
event_weighted,ALL,10,confirmation,bullish,64,mfe_p75_pips,46.500000000000426,43.6000000000003,49.500000000000099,2000
equal_symbol,ALL,10,confirmation,bullish,64,mfe_p75_pips,46.550000000000011,35.38333333333329,59.550000000000402,2000
event_weighted,ALL,10,confirmation,bullish,64,mae_p25_pips,10.999999999999899,10.099999999999554,11.900000000000244,2000
equal_symbol,ALL,10,confirmation,bullish,64,mae_p25_pips,11.499999999999702,9.3999999999997801,14.049999999999763,2000
event_weighted,ALL,10,confirmation,bullish,64,mae_median_pips,23.699999999999832,22.300000000001763,25.399999999999867,2000
equal_symbol,ALL,10,confirmation,bullish,64,mae_median_pips,24.566666666666425,19.449999999999932,30.36666666666682,2000
event_weighted,ALL,10,confirmation,bullish,64,mae_p75_pips,46.69999999999952,43.69999999999834,49.400000000001661,2000
equal_symbol,ALL,10,confirmation,bullish,64,mae_p75_pips,46.533333333333339,36.44999999999991,58.049999999999791,2000
event_weighted,ALL,10,confirmation,bullish,64,directional_close_return_p25_pips,-23.500000000000743,-26.300000000001322,-21.200000000001218,2000
equal_symbol,ALL,10,confirmation,bullish,64,directional_close_return_p25_pips,-24.099999999999415,-30.95000000000049,-18.41666666666649,2000
event_weighted,ALL,10,confirmation,bullish,64,directional_close_return_median_pips,1.4000000000002899,-0.99999999999988987,3.9000000000000146,2000
equal_symbol,ALL,10,confirmation,bullish,64,directional_close_return_median_pips,1.6166666666663554,-1.4333333333335603,4.8666666666664122,2000
event_weighted,ALL,10,confirmation,bullish,64,directional_close_return_p75_pips,25.500000000000522,22.999999999999687,28.49999999999908,2000
equal_symbol,ALL,10,confirmation,bullish,64,directional_close_return_p75_pips,27.48333333333343,19.533333333333438,36.866666666666084,2000
event_weighted,ALL,10,confirmation,bullish,64,mfe_p25_widths,4.6000000000004873,4.2222222222159171,4.8791208791203129,2000
equal_symbol,ALL,10,confirmation,bullish,64,mfe_p25_widths,4.5288079621531008,4.069555454560807,5.0530179243415061,2000
event_weighted,ALL,10,confirmation,bullish,64,mfe_median_widths,12.428571428563018,11.7142857142907,13.142857142875721,2000
equal_symbol,ALL,10,confirmation,bullish,64,mfe_median_widths,12.370028133380508,11.098245945494504,13.552250335865198,2000
event_weighted,ALL,10,confirmation,bullish,64,mfe_p75_widths,34.124999999967386,32.10000000000511,36.499999999963919,2000
equal_symbol,ALL,10,confirmation,bullish,64,mfe_p75_widths,33.911832611846812,29.958333333335915,37.51647426644373,2000
event_weighted,ALL,10,confirmation,bullish,64,mae_p25_widths,4.2083333333330639,3.9090909090908728,4.6034482758617852,2000
equal_symbol,ALL,10,confirmation,bullish,64,mae_p25_widths,4.2589008579132326,3.8141000126189764,4.7714701907243331,2000
event_weighted,ALL,10,confirmation,bullish,64,mae_median_widths,11.900000000001555,10.941176470587852,12.611111111106245,2000
equal_symbol,ALL,10,confirmation,bullish,64,mae_median_widths,11.82192982455917,10.819672596349484,12.787006496251484,2000
event_weighted,ALL,10,confirmation,bullish,64,mae_p75_widths,32.200000000003556,29.909090909063426,34.714285714260193,2000
equal_symbol,ALL,10,confirmation,bullish,64,mae_p75_widths,32.427248677273226,30.008012136789972,35.874885129493684,2000
event_weighted,ALL,10,confirmation,bullish,64,directional_close_return_p25_widths,-11.211267605633939,-12.732142857145414,-9.7000000000002213,2000
equal_symbol,ALL,10,confirmation,bullish,64,directional_close_return_p25_widths,-11.217302568874475,-13.13226638226832,-9.4814272442494172,2000
event_weighted,ALL,10,confirmation,bullish,64,directional_close_return_median_widths,0.56923076923070615,-0.25870646766172067,1.2749999999995352,2000
equal_symbol,ALL,10,confirmation,bullish,64,directional_close_return_median_widths,0.44532273041883047,-0.44269901402711836,1.5678358316265897,2000
event_weighted,ALL,10,confirmation,bullish,64,directional_close_return_p75_widths,13.428571428590688,11.666666666662143,15.142857142862354,2000
equal_symbol,ALL,10,confirmation,bullish,64,directional_close_return_p75_widths,13.373076423026165,10.995204326271036,15.729211918686195,2000
event_weighted,ALL,15,confirmation,bearish,4,touch_rate,0.68371975806451613,0.66811779769526247,0.69979716024340766,2000
equal_symbol,ALL,15,confirmation,bearish,4,touch_rate,0.68319293535656744,0.66112398180563747,0.70495910098426151,2000
event_weighted,ALL,15,confirmation,bearish,4,close_rate,0.35710685483870969,0.34205889755852004,0.37268395976707253,2000
equal_symbol,ALL,15,confirmation,bearish,4,close_rate,0.35818809168176885,0.33701615859813083,0.38067104504312144,2000
event_weighted,ALL,15,confirmation,bearish,4,touch_p25_bars,1,1,1,2000
equal_symbol,ALL,15,confirmation,bearish,4,touch_p25_bars,1,1,1,2000
event_weighted,ALL,15,confirmation,bearish,4,touch_median_bars,1,1,1,2000
equal_symbol,ALL,15,confirmation,bearish,4,touch_median_bars,1,1,1,2000
event_weighted,ALL,15,confirmation,bearish,4,touch_p75_bars,2,2,2,2000
equal_symbol,ALL,15,confirmation,bearish,4,touch_p75_bars,2,2,2,2000
event_weighted,ALL,15,confirmation,bearish,4,fill_p25_bars,1,1,1,2000
equal_symbol,ALL,15,confirmation,bearish,4,fill_p25_bars,1,1,1,2000
event_weighted,ALL,15,confirmation,bearish,4,fill_median_bars,2,2,2,2000
equal_symbol,ALL,15,confirmation,bearish,4,fill_median_bars,2,2,2,2000
event_weighted,ALL,15,confirmation,bearish,4,fill_p75_bars,3,3,3,2000
equal_symbol,ALL,15,confirmation,bearish,4,fill_p75_bars,3,3,3,2000
event_weighted,ALL,15,confirmation,bearish,4,mfe_p25_price,0.00028000000000005798,0.00025999999999992696,0.00030999999999992145,2000
equal_symbol,ALL,15,confirmation,bearish,4,mfe_p25_price,0.0085216666666685925,0.00020333333333325912,0.025926666666662119,2000
event_weighted,ALL,15,confirmation,bearish,4,mfe_median_price,0.00073999999999996291,0.00069000000000007944,0.00079000000000006843,2000
equal_symbol,ALL,15,confirmation,bearish,4,mfe_median_price,0.020283333333333337,0.00048999999999999044,0.061449999999998374,2000
event_weighted,ALL,15,confirmation,bearish,4,mfe_p75_price,0.0021300000000001873,0.0019199999999999218,0.0025000000000000577,2000
equal_symbol,ALL,15,confirmation,bearish,4,mfe_p75_price,0.037908333333334765,0.00097000000000004494,0.11365833333333282,2000
event_weighted,ALL,15,confirmation,bearish,4,mae_p25_price,0.00034000000000000696,0.00031000000000003247,0.00035999999999991594,2000
equal_symbol,ALL,15,confirmation,bearish,4,mae_p25_price,0.0095633333333352555,0.00025666666666660881,0.028624999999993978,2000
event_weighted,ALL,15,confirmation,bearish,4,mae_median_price,0.00078999999999984638,0.00074000000000007393,0.0008399999999999519,2000
equal_symbol,ALL,15,confirmation,bearish,4,mae_median_price,0.019329999999999903,0.00054833333333331735,0.057803333333337904,2000
event_weighted,ALL,15,confirmation,bearish,4,mae_p75_price,0.0020599999999999508,0.0018299999999999983,0.0023599999999999177,2000
equal_symbol,ALL,15,confirmation,bearish,4,mae_p75_price,0.03374833333333379,0.00100166666666666,0.10129333333333553,2000
event_weighted,ALL,15,confirmation,bearish,4,directional_close_return_p25_price,-0.00082999999999999741,-0.0008799999999999919,-0.0007699999999999374,2000
equal_symbol,ALL,15,confirmation,bearish,4,directional_close_return_p25_price,-0.021018333333331734,-0.062485000000003177,-0.00056833333333335589,2000
event_weighted,ALL,15,confirmation,bearish,4,directional_close_return_median_price,-0.00012000000000000899,-0.00016000000000004899,-8.0000000000080007e-05,2000
equal_symbol,ALL,15,confirmation,bearish,4,directional_close_return_median_price,-0.0017633333333318772,-0.0068616666666708737,0.00038666666666427779,2000
event_weighted,ALL,15,confirmation,bearish,4,directional_close_return_p75_price,0.00065999999999999392,0.00058000000000002494,0.0007699999999999374,2000
equal_symbol,ALL,15,confirmation,bearish,4,directional_close_return_p75_price,0.018889999999998297,0.00040499999999995168,0.056068333333334663,2000
event_weighted,ALL,15,confirmation,bearish,4,mfe_p25_pips,2.4999999999997247,2.2999999999996135,2.6999999999999247,2000
equal_symbol,ALL,15,confirmation,bearish,4,mfe_p25_pips,2.7166666666671673,2.0166666666665556,3.6833333333336236,2000
event_weighted,ALL,15,confirmation,bearish,4,mfe_median_pips,6.2000000000006494,5.8000000000002494,6.5999999999999392,2000
equal_symbol,ALL,15,confirmation,bearish,4,mfe_median_pips,6.4833333333337579,4.9166666666668659,8.7833333333333226,2000
event_weighted,ALL,15,confirmation,bearish,4,mfe_p75_pips,13.000000000000789,12.000000000000455,13.999999999999568,2000
equal_symbol,ALL,15,confirmation,bearish,4,mfe_p75_pips,12.78333333333377,9.750000000000222,16.783333333334141,2000
event_weighted,ALL,15,confirmation,bearish,4,mae_p25_pips,2.9999999999996696,2.8999999999990145,3.2000000000009798,2000
equal_symbol,ALL,15,confirmation,bearish,4,mae_p25_pips,3.2333333333334213,2.5499999999996823,4.299999999999808,2000
event_weighted,ALL,15,confirmation,bearish,4,mae_median_pips,6.6000000000010495,6.3000000000013046,6.9999999999992291,2000
equal_symbol,ALL,15,confirmation,bearish,4,mae_median_pips,6.8499999999997785,5.4333333333334011,8.783333333332477,2000
event_weighted,ALL,15,confirmation,bearish,4,mae_p75_pips,12.400000000000189,11.799999999999589,13.199999999999878,2000
equal_symbol,ALL,15,confirmation,bearish,4,mae_p75_pips,12.433333333333371,10.049999999999967,15.783333333333438,2000
event_weighted,ALL,15,confirmation,bearish,4,directional_close_return_p25_pips,-6.9999999999992291,-7.4999999999980638,-6.5000000000003944,2000
equal_symbol,ALL,15,confirmation,bearish,4,directional_close_return_p25_pips,-7.2333333333330847,-9.4166666666673109,-5.6833333333331879,2000
event_weighted,ALL,15,confirmation,bearish,4,directional_close_return_median_pips,-1.100000000000545,-1.4000000000002899,-0.70000000000014495,2000
equal_symbol,ALL,15,confirmation,bearish,4,directional_close_return_median_pips,-1.1333333333337785,-1.6000000000005492,-0.60000000000044462,2000
event_weighted,ALL,15,confirmation,bearish,4,directional_close_return_p75_pips,5.5000000000005045,4.8999999999999044,6.0999999999999943,2000
equal_symbol,ALL,15,confirmation,bearish,4,directional_close_return_p75_pips,5.7499999999994778,4.0833333333336244,8.1499999999997623,2000
event_weighted,ALL,15,confirmation,bearish,4,mfe_p25_widths,0.95238095238065024,0.8947368421051709,1.0250000000001664,2000
equal_symbol,ALL,15,confirmation,bearish,4,mfe_p25_widths,0.95816292625508981,0.85698143442711372,1.079054168390722,2000
event_weighted,ALL,15,confirmation,bearish,4,mfe_median_widths,2.6153846153851199,2.4545454545466474,2.821428571428954,2000
equal_symbol,ALL,15,confirmation,bearish,4,mfe_median_widths,2.6239073249146214,2.4297735760970638,2.82881321529422,2000
event_weighted,ALL,15,confirmation,bearish,4,mfe_p75_widths,6.8823529411792244,6.4999999999916733,7.3432835820901703,2000
equal_symbol,ALL,15,confirmation,bearish,4,mfe_p75_widths,6.9354527031598936,6.3989282322611816,7.5118735275214421,2000
event_weighted,ALL,15,confirmation,bearish,4,mae_p25_widths,1.1076923076923235,1,1.2105263157897812,2000
equal_symbol,ALL,15,confirmation,bearish,4,mae_p25_widths,1.1134110843721479,1.0123613475726785,1.2648148148147913,2000
event_weighted,ALL,15,confirmation,bearish,4,mae_median_widths,2.8888888888882036,2.7142857142925116,3.0714285714284442,2000
equal_symbol,ALL,15,confirmation,bearish,4,mae_median_widths,2.8912698412717419,2.6224516114067744,3.2156425070011774,2000
event_weighted,ALL,15,confirmation,bearish,4,mae_p75_widths,7.7142857142839016,7.1111111111193352,8.2307692307708074,2000
equal_symbol,ALL,15,confirmation,bearish,4,mae_p75_widths,7.5950226244356962,6.9175717070461262,8.3649267399294374,2000
event_weighted,ALL,15,confirmation,bearish,4,directional_close_return_p25_widths,-3.3750000000012141,-3.6666666666665453,-3.1111111111118648,2000
equal_symbol,ALL,15,confirmation,bearish,4,directional_close_return_p25_widths,-3.3893467643474349,-3.8610164141423255,-3.0074839877485728,2000
event_weighted,ALL,15,confirmation,bearish,4,directional_close_return_median_widths,-0.36363636363553786,-0.48672566371662984,-0.24460431654676718,2000
equal_symbol,ALL,15,confirmation,bearish,4,directional_close_return_median_widths,-0.39480101328353917,-0.62625124367123541,-0.19850173843489896,2000
event_weighted,ALL,15,confirmation,bearish,4,directional_close_return_p75_widths,2.1538461538463509,1.9333333333343201,2.4137931034469822,2000
equal_symbol,ALL,15,confirmation,bearish,4,directional_close_return_p75_widths,2.1151687654355427,1.8179754426518802,2.4231252087469488,2000
event_weighted,ALL,15,confirmation,bearish,16,touch_rate,0.82924335378323111,0.81251515886490422,0.84548793284365165,2000
equal_symbol,ALL,15,confirmation,bearish,16,touch_rate,0.82928593454407096,0.80843688552501203,0.85024307565695467,2000
event_weighted,ALL,15,confirmation,bearish,16,close_rate,0.61605316973415136,0.59768669851646972,0.63576826196473557,2000
equal_symbol,ALL,15,confirmation,bearish,16,close_rate,0.61676922733652828,0.59624157695246904,0.63903286173347162,2000
event_weighted,ALL,15,confirmation,bearish,16,touch_p25_bars,1,1,1,2000
equal_symbol,ALL,15,confirmation,bearish,16,touch_p25_bars,1,1,1,2000
event_weighted,ALL,15,confirmation,bearish,16,touch_median_bars,1,1,1,2000
equal_symbol,ALL,15,confirmation,bearish,16,touch_median_bars,1,1,1.1666666666666667,2000
event_weighted,ALL,15,confirmation,bearish,16,touch_p75_bars,3,3,3,2000
equal_symbol,ALL,15,confirmation,bearish,16,touch_p75_bars,3.1666666666666665,3,3.5,2000
event_weighted,ALL,15,confirmation,bearish,16,fill_p25_bars,2,2,2,2000
equal_symbol,ALL,15,confirmation,bearish,16,fill_p25_bars,2,1.6666666666666667,2,2000
event_weighted,ALL,15,confirmation,bearish,16,fill_median_bars,4,3,4,2000
equal_symbol,ALL,15,confirmation,bearish,16,fill_median_bars,3.6666666666666665,3.1666666666666665,4,2000
event_weighted,ALL,15,confirmation,bearish,16,fill_p75_bars,7,7,8,2000
equal_symbol,ALL,15,confirmation,bearish,16,fill_p75_bars,7.166666666666667,6.666666666666667,7.666666666666667,2000
event_weighted,ALL,15,confirmation,bearish,16,mfe_p25_price,0.00056999999999995943,0.00053000000000014147,0.00062000000000006494,2000
equal_symbol,ALL,15,confirmation,bearish,16,mfe_p25_price,0.017388333333333988,0.00040333333333334814,0.052543333333332165,2000
event_weighted,ALL,15,confirmation,bearish,16,mfe_median_price,0.0014100000000001334,0.0013100000000000334,0.0015199999999999658,2000
equal_symbol,ALL,15,confirmation,bearish,16,mfe_median_price,0.03854499999999985,0.00094666666666665122,0.11491666666666787,2000
event_weighted,ALL,15,confirmation,bearish,16,mfe_p75_price,0.0040000000000000036,0.0035100000000000131,0.0048599999999998644,2000
equal_symbol,ALL,15,confirmation,bearish,16,mfe_p75_price,0.06916000000000018,0.0017633333333333574,0.20607999999999835,2000
event_weighted,ALL,15,confirmation,bearish,16,mae_p25_price,0.00070999999999998842,0.0006599999999998829,0.00078000000000000291,2000
equal_symbol,ALL,15,confirmation,bearish,16,mae_p25_price,0.018979999999998332,0.00052999999999999348,0.056246666666668776,2000
event_weighted,ALL,15,confirmation,bearish,16,mae_median_price,0.0015799999999999148,0.0014800000000001479,0.0016700000000000603,2000
equal_symbol,ALL,15,confirmation,bearish,16,mae_median_price,0.039010000000001488,0.0011266666666666463,0.1195999999999998,2000
event_weighted,ALL,15,confirmation,bearish,16,mae_p75_price,0.0040000000000000036,0.0034799999999999276,0.0045399999999999885,2000
equal_symbol,ALL,15,confirmation,bearish,16,mae_p75_price,0.064626666666663571,0.0019716666666666862,0.19158333333332953,2000
event_weighted,ALL,15,confirmation,bearish,16,directional_close_return_p25_price,-0.0016199999999999548,-0.0018200000000000438,-0.0014600000000000168,2000
equal_symbol,ALL,15,confirmation,bearish,16,directional_close_return_p25_price,-0.035820000000000574,-0.10890499999999542,-0.0010183333333333617,2000
event_weighted,ALL,15,confirmation,bearish,16,directional_close_return_median_price,-0.00017000000000000348,-0.00025999999999992696,-9.9999999999988987e-05,2000
equal_symbol,ALL,15,confirmation,bearish,16,directional_close_return_median_price,-0.0044533333333350855,-0.016261666666668024,3.9999999996043201e-05,2000
event_weighted,ALL,15,confirmation,bearish,16,directional_close_return_p75_price,0.0013300000000000534,0.0011299999999999644,0.0015699999999999603,2000
equal_symbol,ALL,15,confirmation,bearish,16,directional_close_return_p75_price,0.035136666666664852,0.00082166666666668353,0.10331833333332698,2000
event_weighted,ALL,15,confirmation,bearish,16,mfe_p25_pips,5.1000000000001044,4.8000000000003595,5.5999999999983174,2000
equal_symbol,ALL,15,confirmation,bearish,16,mfe_p25_pips,5.5833333333334885,4.0833333333332531,7.6166666666669824,2000
event_weighted,ALL,15,confirmation,bearish,16,mfe_median_pips,11.899999999999133,11.199999999998989,12.600000000000389,2000
equal_symbol,ALL,15,confirmation,bearish,16,mfe_median_pips,12.549999999999978,9.5833333333332025,16.766666666666382,2000
event_weighted,ALL,15,confirmation,bearish,16,mfe_p75_pips,23.699999999999832,22.200000000001108,25.699999999997658,2000
equal_symbol,ALL,15,confirmation,bearish,16,mfe_p75_pips,23.349999999999966,17.533333333333292,30.766666666666595,2000
event_weighted,ALL,15,confirmation,bearish,16,mae_p25_pips,6.2000000000006494,5.8999999999997943,6.7000000000017046,2000
equal_symbol,ALL,15,confirmation,bearish,16,mae_p25_pips,6.6499999999998236,5.2666666666667536,8.6666666666666732,2000
event_weighted,ALL,15,confirmation,bearish,16,mae_median_pips,13.400000000001455,12.699999999998823,14.199999999999591,2000
equal_symbol,ALL,15,confirmation,bearish,16,mae_median_pips,13.900000000000622,11.249999999999687,17.833333333332583,2000
event_weighted,ALL,15,confirmation,bearish,16,mae_p75_pips,24.70000000000141,23.500000000000743,25.900000000000922,2000
equal_symbol,ALL,15,confirmation,bearish,16,mae_p75_pips,24.216666666666896,19.649999999999761,30.250000000000398,2000
event_weighted,ALL,15,confirmation,bearish,16,directional_close_return_p25_pips,-12.800000000000589,-14.099999999999113,-11.699999999999022,2000
equal_symbol,ALL,15,confirmation,bearish,16,directional_close_return_p25_pips,-13.350000000000483,-17.21666666666707,-10.249999999999796,2000
event_weighted,ALL,15,confirmation,bearish,16,directional_close_return_median_pips,-1.500000000000945,-2.4000000000001798,-0.90000000000034497,2000
equal_symbol,ALL,15,confirmation,bearish,16,directional_close_return_median_pips,-1.6333333333335975,-2.7666666666661697,-0.66666666666640817,2000
event_weighted,ALL,15,confirmation,bearish,16,directional_close_return_p75_pips,10.900000000000354,9.5999999999996088,12.5,2000
equal_symbol,ALL,15,confirmation,bearish,16,directional_close_return_p75_pips,11.46666666666693,8.2166666666670185,15.666666666666757,2000
event_weighted,ALL,15,confirmation,bearish,16,mfe_p25_widths,1.9090909090903585,1.7368421052616201,2.0263157894732688,2000
equal_symbol,ALL,15,confirmation,bearish,16,mfe_p25_widths,1.8741208002732492,1.6852577548942509,2.0672572495222696,2000
event_weighted,ALL,15,confirmation,bearish,16,mfe_median_widths,5.2000000000013324,4.8611111111108283,5.4666666666668151,2000
equal_symbol,ALL,15,confirmation,bearish,16,mfe_median_widths,5.1139430014478178,4.7219954860145412,5.541952614378606,2000
event_weighted,ALL,15,confirmation,bearish,16,mfe_p75_widths,13.999999999911182,13.000000000004164,14.76923076923517,2000
equal_symbol,ALL,15,confirmation,bearish,16,mfe_p75_widths,13.994047619027866,12.827339327338317,14.954761904757811,2000
event_weighted,ALL,15,confirmation,bearish,16,mae_p25_widths,2.1818181818180595,2.0217391304349297,2.352941176470281,2000
equal_symbol,ALL,15,confirmation,bearish,16,mae_p25_widths,2.2354708041031208,1.9953512862222225,2.5135830648048745,2000
event_weighted,ALL,15,confirmation,bearish,16,mae_median_widths,5.9500000000007773,5.4999999999995373,6.3333333333304553,2000
equal_symbol,ALL,15,confirmation,bearish,16,mae_median_widths,5.8393466982738067,5.3506614897907161,6.3981183409583622,2000
event_weighted,ALL,15,confirmation,bearish,16,mae_p75_widths,15.499999999928946,14.428571428567803,16.652173913045466,2000
equal_symbol,ALL,15,confirmation,bearish,16,mae_p75_widths,15.346777296790201,13.864041514037966,16.816334577002426,2000
event_weighted,ALL,15,confirmation,bearish,16,directional_close_return_p25_widths,-5.9583333333326012,-6.5624999999979616,-5.3823529411763555,2000
equal_symbol,ALL,15,confirmation,bearish,16,directional_close_return_p25_widths,-6.0119708994681247,-6.6399509803913235,-5.3838886059481394,2000
event_weighted,ALL,15,confirmation,bearish,16,directional_close_return_median_widths,-0.53846153846180123,-0.76315789473678064,-0.25301204819279044,2000
equal_symbol,ALL,15,confirmation,bearish,16,directional_close_return_median_widths,-0.55333707789208997,-0.85233051116674774,-0.19461261777438899,2000
event_weighted,ALL,15,confirmation,bearish,16,directional_close_return_p75_widths,4.6397058823527111,4.0555555555552987,5.3958333333331217,2000
equal_symbol,ALL,15,confirmation,bearish,16,directional_close_return_p75_widths,4.5621646989945495,3.8940988835730117,5.437347587113007,2000
event_weighted,ALL,15,confirmation,bearish,64,touch_rate,0.91306850892343117,0.89915730337078648,0.92705882352941171,2000
equal_symbol,ALL,15,confirmation,bearish,64,touch_rate,0.91290084257339554,0.89525766660085415,0.92958059089119782,2000
event_weighted,ALL,15,confirmation,bearish,64,close_rate,0.79073114565342539,0.77140435151172648,0.81002331002331007,2000
equal_symbol,ALL,15,confirmation,bearish,64,close_rate,0.7914044417229037,0.76976214836439161,0.81377569025392227,2000
event_weighted,ALL,15,confirmation,bearish,64,touch_p25_bars,1,1,1,2000
equal_symbol,ALL,15,confirmation,bearish,64,touch_p25_bars,1,1,1,2000
event_weighted,ALL,15,confirmation,bearish,64,touch_median_bars,2,1,2,2000
equal_symbol,ALL,15,confirmation,bearish,64,touch_median_bars,1.8333333333333333,1.1666666666666667,2,2000
event_weighted,ALL,15,confirmation,bearish,64,touch_p75_bars,5,4,5,2000
equal_symbol,ALL,15,confirmation,bearish,64,touch_p75_bars,4.5,4.166666666666667,5.166666666666667,2000
event_weighted,ALL,15,confirmation,bearish,64,fill_p25_bars,2,2,2,2000
equal_symbol,ALL,15,confirmation,bearish,64,fill_p25_bars,2,2,2.3333333333333335,2000
event_weighted,ALL,15,confirmation,bearish,64,fill_median_bars,5,5,6,2000
equal_symbol,ALL,15,confirmation,bearish,64,fill_median_bars,5.5,5,6.166666666666667,2000
event_weighted,ALL,15,confirmation,bearish,64,fill_p75_bars,15,14,16,2000
equal_symbol,ALL,15,confirmation,bearish,64,fill_p75_bars,15,13.5,16.666666666666668,2000
event_weighted,ALL,15,confirmation,bearish,64,mfe_p25_price,0.0013199999999999878,0.0011999999999999789,0.0014300000000000423,2000
equal_symbol,ALL,15,confirmation,bearish,64,mfe_p25_price,0.036048333333335493,0.00091833333333333578,0.10893499999999619,2000
event_weighted,ALL,15,confirmation,bearish,64,mfe_median_price,0.0029300000000000992,0.0027899999999999592,0.0031300000000000772,2000
equal_symbol,ALL,15,confirmation,bearish,64,mfe_median_price,0.074919999999998058,0.0020216666666666807,0.22874333333333485,2000
event_weighted,ALL,15,confirmation,bearish,64,mfe_p75_price,0.0076699999999998436,0.0066100000000000048,0.0095399999999999929,2000
equal_symbol,ALL,15,confirmation,bearish,64,mfe_p75_price,0.13646666666666779,0.0034466666666666721,0.41538000000000297,2000
event_weighted,ALL,15,confirmation,bearish,64,mae_p25_price,0.0014600000000000168,0.0013600000000000279,0.0015800000000000258,2000
equal_symbol,ALL,15,confirmation,bearish,64,mae_p25_price,0.03367666666666632,0.0011266666666666276,0.10099166666667207,2000
event_weighted,ALL,15,confirmation,bearish,64,mae_median_price,0.0030799999999999716,0.0028800000000001047,0.0032599999999998186,2000
equal_symbol,ALL,15,confirmation,bearish,64,mae_median_price,0.075176666666665462,0.0021599999999999766,0.22648166666666655,2000
event_weighted,ALL,15,confirmation,bearish,64,mae_p75_price,0.0071499999999999897,0.0063300000000001688,0.008759999999999879,2000
equal_symbol,ALL,15,confirmation,bearish,64,mae_p75_price,0.12731666666666661,0.0035899999999999452,0.38130166666666687,2000
event_weighted,ALL,15,confirmation,bearish,64,directional_close_return_p25_price,-0.0029999999999998916,-0.0033099999999999241,-0.0026399999999999757,2000
equal_symbol,ALL,15,confirmation,bearish,64,directional_close_return_p25_price,-0.085944999999999258,-0.26230666666666869,-0.0019083333333333268,2000
event_weighted,ALL,15,confirmation,bearish,64,directional_close_return_median_price,-0.000220000000000109,-0.00044999999999983942,7.0000000000014495e-05,2000
equal_symbol,ALL,15,confirmation,bearish,64,directional_close_return_median_price,-0.010761666666665467,-0.043876666666668306,0.005453333333336678,2000
event_weighted,ALL,15,confirmation,bearish,64,directional_close_return_p75_price,0.0025600000000000067,0.0021999999999999797,0.0029300000000000992,2000
equal_symbol,ALL,15,confirmation,bearish,64,directional_close_return_p75_price,0.069486666666668417,0.0016200000000000288,0.20997833333333651,2000
event_weighted,ALL,15,confirmation,bearish,64,mfe_p25_pips,11.400000000000299,10.499999999999954,12.399999999999523,2000
equal_symbol,ALL,15,confirmation,bearish,64,mfe_p25_pips,12.333333333333945,9.1833333333333567,16.216666666666978,2000
event_weighted,ALL,15,confirmation,bearish,64,mfe_median_pips,25.399999999999867,23.799999999998267,26.800000000000157,2000
equal_symbol,ALL,15,confirmation,bearish,64,mfe_median_pips,26.500000000000131,20.349999999999351,34.366666666667165,2000
event_weighted,ALL,15,confirmation,bearish,64,mfe_p75_pips,45.600000000001195,42.69999999999996,50.200000000000244,2000
equal_symbol,ALL,15,confirmation,bearish,64,mfe_p75_pips,46.316666666667025,34.249999999999744,61.84999999999966,2000
event_weighted,ALL,15,confirmation,bearish,64,mae_p25_pips,12.799999999999478,11.999999999997613,13.900000000000023,2000
equal_symbol,ALL,15,confirmation,bearish,64,mae_p25_pips,13.366666666666555,11.083333333333593,16.416666666667044,2000
event_weighted,ALL,15,confirmation,bearish,64,mae_median_pips,25.899999999998702,24.399999999999977,27.599999999999845,2000
equal_symbol,ALL,15,confirmation,bearish,64,mae_median_pips,27.416666666666298,21.533333333333402,34.416666666666273,2000
event_weighted,ALL,15,confirmation,bearish,64,mae_p75_pips,46.299999999999386,43.600000000001415,49.300000000001006,2000
equal_symbol,ALL,15,confirmation,bearish,64,mae_p75_pips,45.566666666666343,35.966666666667102,58.800000000000409,2000
event_weighted,ALL,15,confirmation,bearish,64,directional_close_return_p25_pips,-25.100000000000122,-27.600000000000957,-22.299999999999542,2000
equal_symbol,ALL,15,confirmation,bearish,64,directional_close_return_p25_pips,-26.200000000000035,-36.966666666666221,-18.966666666666942,2000
event_weighted,ALL,15,confirmation,bearish,64,directional_close_return_median_pips,-2.1000000000004349,-3.9000000000011248,0.59999999999948983,2000
equal_symbol,ALL,15,confirmation,bearish,64,directional_close_return_median_pips,-2.0166666666662967,-5.6333333333337343,1.3666666666670713,2000
event_weighted,ALL,15,confirmation,bearish,64,directional_close_return_p75_pips,21.700000000000053,18.900000000001693,24.399999999999977,2000
equal_symbol,ALL,15,confirmation,bearish,64,directional_close_return_p75_pips,23.316666666666539,15.950000000000131,31.633333333333365,2000
event_weighted,ALL,15,confirmation,bearish,64,mfe_p25_widths,3.8888888888899853,3.5522388059701333,4.2307692307618732,2000
equal_symbol,ALL,15,confirmation,bearish,64,mfe_p25_widths,3.8863401473447698,3.4480778480777565,4.2905578972757441,2000
event_weighted,ALL,15,confirmation,bearish,64,mfe_median_widths,10.933333333325537,10.272727272725652,12.025641025644617,2000
equal_symbol,ALL,15,confirmation,bearish,64,mfe_median_widths,10.993894123938176,9.8452344962975804,12.392127178466621,2000
event_weighted,ALL,15,confirmation,bearish,64,mfe_p75_widths,30.580645161286903,28.000000000022204,33.750000000003887,2000
equal_symbol,ALL,15,confirmation,bearish,64,mfe_p75_widths,30.443915343906735,27.113723313732677,33.993683119972971,2000
event_weighted,ALL,15,confirmation,bearish,64,mae_p25_widths,4.2999999999998417,3.9374999999998264,4.7812500000019513,2000
equal_symbol,ALL,15,confirmation,bearish,64,mae_p25_widths,4.275214370741379,3.7973271302397631,4.929957729793796,2000
event_weighted,ALL,15,confirmation,bearish,64,mae_median_widths,11.674698795180875,10.861111111110453,12.521739130437343,2000
equal_symbol,ALL,15,confirmation,bearish,64,mae_median_widths,11.716876750701928,10.530338345863784,12.895736001587187,2000
event_weighted,ALL,15,confirmation,bearish,64,mae_p75_widths,30.50000000013878,28.272727272712775,32.833333333361708,2000
equal_symbol,ALL,15,confirmation,bearish,64,mae_p75_widths,30.145366479914347,27.223917748915024,33.486882429735196,2000
event_weighted,ALL,15,confirmation,bearish,64,directional_close_return_p25_widths,-10.999999999997886,-12.38983050847501,-9.8846153846152021,2000
equal_symbol,ALL,15,confirmation,bearish,64,directional_close_return_p25_widths,-11.021693717357996,-13.018853368857721,-9.0511912835249202,2000
event_weighted,ALL,15,confirmation,bearish,64,directional_close_return_median_widths,-0.62264150943436536,-1.2932862190813803,0.21428571428498924,2000
equal_symbol,ALL,15,confirmation,bearish,64,directional_close_return_median_widths,-0.6026619830577673,-1.5483958629763652,0.30974989094947664,2000
event_weighted,ALL,15,confirmation,bearish,64,directional_close_return_p75_widths,9.692307692310715,8.2792792792797218,11.347517730497128,2000
equal_symbol,ALL,15,confirmation,bearish,64,directional_close_return_p75_widths,9.5154168947290447,7.6559167929456038,11.869649429989115,2000
event_weighted,ALL,15,confirmation,bullish,4,touch_rate,0.67883720930232561,0.66306306306306306,0.69551058385671083,2000
equal_symbol,ALL,15,confirmation,bullish,4,touch_rate,0.68021342737265511,0.65679796433647608,0.70475370243672941,2000
event_weighted,ALL,15,confirmation,bullish,4,close_rate,0.33906976744186046,0.32340132936053173,0.3554832713754647,2000
equal_symbol,ALL,15,confirmation,bullish,4,close_rate,0.3412702040777979,0.3142554031621887,0.37118474931227624,2000
event_weighted,ALL,15,confirmation,bullish,4,touch_p25_bars,1,1,1,2000
equal_symbol,ALL,15,confirmation,bullish,4,touch_p25_bars,1,1,1,2000
event_weighted,ALL,15,confirmation,bullish,4,touch_median_bars,1,1,1,2000
equal_symbol,ALL,15,confirmation,bullish,4,touch_median_bars,1,1,1,2000
event_weighted,ALL,15,confirmation,bullish,4,touch_p75_bars,2,2,2,2000
equal_symbol,ALL,15,confirmation,bullish,4,touch_p75_bars,2,2,2,2000
event_weighted,ALL,15,confirmation,bullish,4,fill_p25_bars,1,1,1,2000
equal_symbol,ALL,15,confirmation,bullish,4,fill_p25_bars,1,1,1.1666666666666667,2000
event_weighted,ALL,15,confirmation,bullish,4,fill_median_bars,2,2,2,2000
equal_symbol,ALL,15,confirmation,bullish,4,fill_median_bars,2,1.8333333333333333,2,2000
event_weighted,ALL,15,confirmation,bullish,4,fill_p75_bars,3,3,3,2000
equal_symbol,ALL,15,confirmation,bullish,4,fill_p75_bars,3,3,3,2000
event_weighted,ALL,15,confirmation,bullish,4,mfe_p25_price,0.00026999999999999247,0.00025000000000008349,0.00029000000000012349,2000
equal_symbol,ALL,15,confirmation,bullish,4,mfe_p25_price,0.007694999999997898,0.00019999999999994097,0.022989999999995292,2000
event_weighted,ALL,15,confirmation,bullish,4,mfe_median_price,0.00068000000000001393,0.00063000000000001943,0.0007299999999998974,2000
equal_symbol,ALL,15,confirmation,bullish,4,mfe_median_price,0.015926666666669587,0.00044666666666666927,0.048423333333331188,2000
event_weighted,ALL,15,confirmation,bullish,4,mfe_p75_price,0.0019100000000000783,0.0017500000000001403,0.0021299999999999653,2000
equal_symbol,ALL,15,confirmation,bullish,4,mfe_p75_price,0.030513333333332893,0.00087000000000000044,0.090380000000003402,2000
event_weighted,ALL,15,confirmation,bullish,4,mae_p25_price,0.00032999999999994145,0.00030999999999992145,0.00035000000000007248,2000
equal_symbol,ALL,15,confirmation,bullish,4,mae_p25_price,0.0075666666666684796,0.00025333333333338315,0.02297500000000478,2000
event_weighted,ALL,15,confirmation,bullish,4,mae_median_price,0.00074000000000018495,0.00070999999999998842,0.00079000000000006843,2000
equal_symbol,ALL,15,confirmation,bullish,4,mae_median_price,0.015818333333330731,0.00052333333333332011,0.046293333333335109,2000
event_weighted,ALL,15,confirmation,bullish,4,mae_p75_price,0.0018200000000000438,0.0016699999999999493,0.0020499999999998852,2000
equal_symbol,ALL,15,confirmation,bullish,4,mae_p75_price,0.02853166666666614,0.00094666666666666976,0.083731666666665872,2000
event_weighted,ALL,15,confirmation,bullish,4,directional_close_return_p25_price,-0.00072000000000005393,-0.0007899999999999574,-0.00065999999999999392,2000
equal_symbol,ALL,15,confirmation,bullish,4,directional_close_return_p25_price,-0.015141666666665629,-0.044478333333335805,-0.00051333333333336562,2000
event_weighted,ALL,15,confirmation,bullish,4,directional_close_return_median_price,-4.9999999999883471e-05,-8.9999999999923475e-05,0,2000
equal_symbol,ALL,15,confirmation,bullish,4,directional_close_return_median_price,-3.8333333333343912e-05,-0.0015100000000024723,0.00198500000000007,2000
event_weighted,ALL,15,confirmation,bullish,4,directional_close_return_p75_price,0.00068999999999996842,0.00062000000000006494,0.00077000000000015945,2000
equal_symbol,ALL,15,confirmation,bullish,4,directional_close_return_p75_price,0.017249999999999894,0.00041166666666662505,0.050951666666662267,2000
event_weighted,ALL,15,confirmation,bullish,4,mfe_p25_pips,2.4999999999986144,2.3000000000006349,2.5999999999992696,2000
equal_symbol,ALL,15,confirmation,bullish,4,mfe_p25_pips,2.6999999999996138,1.9500000000001922,3.5166666666668345,2000
event_weighted,ALL,15,confirmation,bullish,4,mfe_median_pips,5.6999999999995943,5.4999999999993943,5.9000000000009045,2000
equal_symbol,ALL,15,confirmation,bullish,4,mfe_median_pips,5.8166666666666034,4.4000000000001442,7.5333333333330659,2000
event_weighted,ALL,15,confirmation,bullish,4,mfe_p75_pips,11.499999999999844,10.800000000000409,12.099999999999334,2000
equal_symbol,ALL,15,confirmation,bullish,4,mfe_p75_pips,11.433333333333428,8.6166666666663101,14.466666666666894,2000
event_weighted,ALL,15,confirmation,bullish,4,mae_p25_pips,2.9000000000001247,2.6999999999999247,3.1000000000003247,2000
equal_symbol,ALL,15,confirmation,bullish,4,mae_p25_pips,3.0666666666664106,2.5333333333334616,3.7166666666669683,2000
event_weighted,ALL,15,confirmation,bullish,4,mae_median_pips,6.1999999999995392,5.8000000000002494,6.5000000000003944,2000
equal_symbol,ALL,15,confirmation,bullish,4,mae_median_pips,6.3833333333328381,5.2166666666667956,7.7000000000002098,2000
event_weighted,ALL,15,confirmation,bullish,4,mae_p75_pips,11.600000000000499,11.000000000001364,12.100000000000932,2000
equal_symbol,ALL,15,confirmation,bullish,4,mae_p75_pips,11.416666666666659,9.3333333333336004,13.866666666666974,2000
event_weighted,ALL,15,confirmation,bullish,4,directional_close_return_p25_pips,-6.0000000000004494,-6.4999999999997726,-5.5000000000005045,2000
equal_symbol,ALL,15,confirmation,bullish,4,directional_close_return_p25_pips,-6.2166666666664119,-7.4833333333332943,-5.1833333333330591,2000
event_weighted,ALL,15,confirmation,bullish,4,directional_close_return_median_pips,-0.40000000000040004,-0.70000000000014495,0,2000
equal_symbol,ALL,15,confirmation,bullish,4,directional_close_return_median_pips,-0.38333333333343916,-0.91666666666756491,0.20000000000001497,2000
event_weighted,ALL,15,confirmation,bullish,4,directional_close_return_p75_pips,5.6999999999995943,5.1000000000001044,6.2000000000006494,2000
equal_symbol,ALL,15,confirmation,bullish,4,directional_close_return_p75_pips,5.8500000000004517,4.1999999999995747,7.8333333333332691,2000
event_weighted,ALL,15,confirmation,bullish,4,mfe_p25_widths,1.0200000000001332,0.9775280898877442,1.0833333333313595,2000
equal_symbol,ALL,15,confirmation,bullish,4,mfe_p25_widths,1.0329491799598032,0.92774675659772676,1.1309862568512035,2000
event_weighted,ALL,15,confirmation,bullish,4,mfe_median_widths,2.599999999999556,2.466666666664989,2.7499999999972244,2000
equal_symbol,ALL,15,confirmation,bullish,4,mfe_median_widths,2.5741254773161573,2.3724206349196826,2.7792550548480661,2000
event_weighted,ALL,15,confirmation,bullish,4,mfe_p75_widths,7.0243902439020562,6.7199999999982589,7.5714285714274387,2000
equal_symbol,ALL,15,confirmation,bullish,4,mfe_p75_widths,7.0702224310667665,6.5341244525457194,7.5897971513828075,2000
event_weighted,ALL,15,confirmation,bullish,4,mae_p25_widths,1.0999999999999075,1.0000000000010092,1.2075471698113682,2000
equal_symbol,ALL,15,confirmation,bullish,4,mae_p25_widths,1.1168864037711754,1.0027387966422578,1.248439682927349,2000
event_weighted,ALL,15,confirmation,bullish,4,mae_median_widths,2.8499999999993606,2.6756756756759352,3.0333333333339256,2000
equal_symbol,ALL,15,confirmation,bullish,4,mae_median_widths,2.8960858585849309,2.6385700719033984,3.2014054064371504,2000
event_weighted,ALL,15,confirmation,bullish,4,mae_p75_widths,7.6666666666656091,7.2857142857129267,8.1428571428548775,2000
equal_symbol,ALL,15,confirmation,bullish,4,mae_p75_widths,7.7221857249016912,7.1058876183869586,8.3578007518899025,2000
event_weighted,ALL,15,confirmation,bullish,4,directional_close_return_p25_widths,-3.0555555555558187,-3.3095238095231299,-2.7368421052619771,2000
equal_symbol,ALL,15,confirmation,bullish,4,directional_close_return_p25_widths,-2.9354086229091165,-3.4502116402112661,-2.5311014372579534,2000
event_weighted,ALL,15,confirmation,bullish,4,directional_close_return_median_widths,-0.14285714285704215,-0.27272727272718095,-0.0016556291390336605,2000
equal_symbol,ALL,15,confirmation,bullish,4,directional_close_return_median_widths,-0.18574367654741844,-0.43997701544156714,0.059949233416175973,2000
event_weighted,ALL,15,confirmation,bullish,4,directional_close_return_p75_widths,2.3809523809526829,2.1395348837202457,2.6470588235290662,2000
equal_symbol,ALL,15,confirmation,bullish,4,directional_close_return_p75_widths,2.3680580312925277,1.9715866216888951,2.7071104708300981,2000
event_weighted,ALL,15,confirmation,bullish,16,touch_rate,0.81882686849574271,0.80476081483176931,0.83316757831924415,2000
equal_symbol,ALL,15,confirmation,bullish,16,touch_rate,0.81962959829733795,0.80026738766113203,0.83840605765174503,2000
event_weighted,ALL,15,confirmation,bullish,16,close_rate,0.58396404919583722,0.56647791619479049,0.6016823354774864,2000
equal_symbol,ALL,15,confirmation,bullish,16,close_rate,0.58715969155930459,0.55226455120844886,0.62905268805346315,2000
event_weighted,ALL,15,confirmation,bullish,16,touch_p25_bars,1,1,1,2000
equal_symbol,ALL,15,confirmation,bullish,16,touch_p25_bars,1,1,1,2000
event_weighted,ALL,15,confirmation,bullish,16,touch_median_bars,1,1,1,2000
equal_symbol,ALL,15,confirmation,bullish,16,touch_median_bars,1,1,1.1666666666666667,2000
event_weighted,ALL,15,confirmation,bullish,16,touch_p75_bars,3,3,3,2000
equal_symbol,ALL,15,confirmation,bullish,16,touch_p75_bars,3,2.6666666666666665,3.5,2000
event_weighted,ALL,15,confirmation,bullish,16,fill_p25_bars,2,2,2,2000
equal_symbol,ALL,15,confirmation,bullish,16,fill_p25_bars,1.8333333333333333,1.5,2,2000
event_weighted,ALL,15,confirmation,bullish,16,fill_median_bars,4,3,4,2000
equal_symbol,ALL,15,confirmation,bullish,16,fill_median_bars,3.8333333333333335,3.3333333333333335,4,2000
event_weighted,ALL,15,confirmation,bullish,16,fill_p75_bars,7,7,8,2000
equal_symbol,ALL,15,confirmation,bullish,16,fill_p75_bars,7.166666666666667,6.833333333333333,7.833333333333333,2000
event_weighted,ALL,15,confirmation,bullish,16,mfe_p25_price,0.00058000000000002494,0.00052999999999991942,0.00062000000000006494,2000
equal_symbol,ALL,15,confirmation,bullish,16,mfe_p25_price,0.016559999999996671,0.00039500000000001573,0.049540000000003449,2000
event_weighted,ALL,15,confirmation,bullish,16,mfe_median_price,0.0013799999999999368,0.0012899999999997913,0.0014699999999999713,2000
equal_symbol,ALL,15,confirmation,bullish,16,mfe_median_price,0.035884999999996579,0.00091166666666666252,0.10834666666666519,2000
event_weighted,ALL,15,confirmation,bullish,16,mfe_p75_price,0.0036100000000001131,0.0032099999999999351,0.0040400000000000436,2000
equal_symbol,ALL,15,confirmation,bullish,16,mfe_p75_price,0.059984999999999032,0.0016699999999999309,0.17758833333332816,2000
event_weighted,ALL,15,confirmation,bullish,16,mae_p25_price,0.00063999999999997392,0.00058999999999997943,0.00069999999999992291,2000
equal_symbol,ALL,15,confirmation,bullish,16,mae_p25_price,0.014606666666667953,0.00048499999999999471,0.043595000000003215,2000
event_weighted,ALL,15,confirmation,bullish,16,mae_median_price,0.0014500000000001734,0.0013799999999999368,0.0015699999999998493,2000
equal_symbol,ALL,15,confirmation,bullish,16,mae_median_price,0.030763333333333698,0.001013333333333329,0.090205000000006572,2000
event_weighted,ALL,15,confirmation,bullish,16,mae_p75_price,0.0035100000000001241,0.0031799999999999606,0.0039799999999999836,2000
equal_symbol,ALL,15,confirmation,bullish,16,mae_p75_price,0.054198333333332994,0.0018599999999999912,0.15930833333333069,2000
event_weighted,ALL,15,confirmation,bullish,16,directional_close_return_p25_price,-0.0013999999999999568,-0.0015200000000000768,-0.0012499999999999734,2000
equal_symbol,ALL,15,confirmation,bullish,16,directional_close_return_p25_price,-0.023906666666667537,-0.073540000000002756,-0.00099000000000002797,2000
event_weighted,ALL,15,confirmation,bullish,16,directional_close_return_median_price,-1.0000000000065512e-05,-0.00010999999999983245,7.0000000000014495e-05,2000
equal_symbol,ALL,15,confirmation,bullish,16,directional_close_return_median_price,0.0016583333333365553,-0.0033600000000017318,0.008235000000001139,2000
event_weighted,ALL,15,confirmation,bullish,16,directional_close_return_p75_price,0.0013600000000000279,0.0012000000000000899,0.0014700000000000824,2000
equal_symbol,ALL,15,confirmation,bullish,16,directional_close_return_p75_price,0.035686666666667255,0.00083166666666665645,0.10916000000000255,2000
event_weighted,ALL,15,confirmation,bullish,16,mfe_p25_pips,5.1999999999985391,4.8999999999987942,5.5999999999983174,2000
equal_symbol,ALL,15,confirmation,bullish,16,mfe_p25_pips,5.5499999999997138,3.9166666666666052,7.4666666666668204,2000
event_weighted,ALL,15,confirmation,bullish,16,mfe_median_pips,11.700000000001154,11.000000000001009,12.300000000000644,2000
equal_symbol,ALL,15,confirmation,bullish,16,mfe_median_pips,12.349999999999534,8.9166666666669805,16.599999999999813,2000
event_weighted,ALL,15,confirmation,bullish,16,mfe_p75_pips,22.900000000000141,21.999999999999797,23.999999999999577,2000
equal_symbol,ALL,15,confirmation,bullish,16,mfe_p75_pips,22.349999999999678,16.84999999999992,28.550000000000448,2000
event_weighted,ALL,15,confirmation,bullish,16,mae_p25_pips,5.5000000000005045,5.2000000000007596,5.9000000000009045,2000
equal_symbol,ALL,15,confirmation,bullish,16,mae_p25_pips,5.8166666666663884,4.850000000000132,7.1333333333333764,2000
event_weighted,ALL,15,confirmation,bullish,16,mae_median_pips,12.199999999999989,11.599999999998545,12.700000000001044,2000
equal_symbol,ALL,15,confirmation,bullish,16,mae_median_pips,12.283333333333601,10.100000000000293,14.866666666665756,2000
event_weighted,ALL,15,confirmation,bullish,16,mae_p75_pips,22.300000000001319,21.300000000002228,23.400000000000087,2000
equal_symbol,ALL,15,confirmation,bullish,16,mae_p75_pips,22.233333333333718,18.366666666666717,26.533333333333871,2000
event_weighted,ALL,15,confirmation,bullish,16,directional_close_return_p25_pips,-11.299999999999955,-12.099999999999334,-10.399999999999299,2000
equal_symbol,ALL,15,confirmation,bullish,16,directional_close_return_p25_pips,-11.366666666666754,-13.233333333332675,-9.8666666666667258,2000
event_weighted,ALL,15,confirmation,bullish,16,directional_close_return_median_pips,-0.10000000000065512,-0.99999999999988987,0.70000000000014495,2000
equal_symbol,ALL,15,confirmation,bullish,16,directional_close_return_median_pips,0.083333333333664619,-1.1499999999999473,1.2833333333332291,2000
event_weighted,ALL,15,confirmation,bullish,16,directional_close_return_p75_pips,11.299999999999644,10.200000000000209,12.599999999998168,2000
equal_symbol,ALL,15,confirmation,bullish,16,directional_close_return_p75_pips,12.016666666667298,8.4999999999999876,16.649999999999551,2000
event_weighted,ALL,15,confirmation,bullish,16,mfe_p25_widths,2.0243902439025976,1.903225806452387,2.166666666663891,2000
equal_symbol,ALL,15,confirmation,bullish,16,mfe_p25_widths,2.0277676392694794,1.7821960823935672,2.293517814713637,2000
event_weighted,ALL,15,confirmation,bullish,16,mfe_median_widths,5.5161290322574521,5.2307692307699538,5.8192090395482756,2000
equal_symbol,ALL,15,confirmation,bullish,16,mfe_median_widths,5.510239866696991,4.9206935205716524,6.0865825532483582,2000
event_weighted,ALL,15,confirmation,bullish,16,mfe_p75_widths,15.000000000066613,13.999999999993944,15.749999999984734,2000
equal_symbol,ALL,15,confirmation,bullish,16,mfe_p75_widths,14.82190652914533,13.229249048547723,16.276420416120089,2000
event_weighted,ALL,15,confirmation,bullish,16,mae_p25_widths,2.0701754385965665,1.926829268292749,2.2500000000018505,2000
equal_symbol,ALL,15,confirmation,bullish,16,mae_p25_widths,2.1291628461396859,1.898732109236585,2.3789535469068372,2000
event_weighted,ALL,15,confirmation,bullish,16,mae_median_widths,5.5,5.2222222222237296,5.9411764705885046,2000
equal_symbol,ALL,15,confirmation,bullish,16,mae_median_widths,5.6037665493538675,5.1873538248520825,6.0735663416226346,2000
event_weighted,ALL,15,confirmation,bullish,16,mae_p75_widths,14.857142857140365,13.826086956525391,16.100000000000666,2000
equal_symbol,ALL,15,confirmation,bullish,16,mae_p75_widths,14.90533942178685,13.676587301588446,16.312366522367636,2000
event_weighted,ALL,15,confirmation,bullish,16,directional_close_return_p25_widths,-5,-5.7199999999973707,-4.5185185185149246,2000
equal_symbol,ALL,15,confirmation,bullish,16,directional_close_return_p25_widths,-5.2241161616174852,-6.3918152626944176,-4.3411075114770687,2000
event_weighted,ALL,15,confirmation,bullish,16,directional_close_return_median_widths,-0.051282051282102378,-0.33333333333357623,0.23809523809501251,2000
equal_symbol,ALL,15,confirmation,bullish,16,directional_close_return_median_widths,-0.072609518483953653,-0.55492244381150124,0.40253354081395071,2000
event_weighted,ALL,15,confirmation,bullish,16,directional_close_return_p75_widths,5.2916666666656802,4.7826086956536011,5.9230769230760032,2000
equal_symbol,ALL,15,confirmation,bullish,16,directional_close_return_p75_widths,5.2858791208800495,4.1917955781588789,6.333158263304842,2000
event_weighted,ALL,15,confirmation,bullish,64,touch_rate,0.90163934426229508,0.88812083973374301,0.91458785249457697,2000
equal_symbol,ALL,15,confirmation,bullish,64,touch_rate,0.90277698245016147,0.88411361576800596,0.92195434790009478,2000
event_weighted,ALL,15,confirmation,bullish,64,close_rate,0.76017979904812272,0.74032176973353447,0.78088077336197637,2000
equal_symbol,ALL,15,confirmation,bullish,64,close_rate,0.76303706494738277,0.73187227927083087,0.79767561250972063,2000
event_weighted,ALL,15,confirmation,bullish,64,touch_p25_bars,1,1,1,2000
equal_symbol,ALL,15,confirmation,bullish,64,touch_p25_bars,1,1,1,2000
event_weighted,ALL,15,confirmation,bullish,64,touch_median_bars,1,1,2,2000
equal_symbol,ALL,15,confirmation,bullish,64,touch_median_bars,1.5,1,1.8333333333333333,2000
event_weighted,ALL,15,confirmation,bullish,64,touch_p75_bars,4,4,5,2000
equal_symbol,ALL,15,confirmation,bullish,64,touch_p75_bars,4.5,3.8333333333333335,5,2000
event_weighted,ALL,15,confirmation,bullish,64,fill_p25_bars,2,2,2,2000
equal_symbol,ALL,15,confirmation,bullish,64,fill_p25_bars,2,2,2.5,2000
event_weighted,ALL,15,confirmation,bullish,64,fill_median_bars,6,5,6,2000
equal_symbol,ALL,15,confirmation,bullish,64,fill_median_bars,5.833333333333333,5.166666666666667,6.333333333333333,2000
event_weighted,ALL,15,confirmation,bullish,64,fill_p75_bars,16,14,17,2000
equal_symbol,ALL,15,confirmation,bullish,64,fill_p75_bars,15.833333333333334,13.666666666666666,17.666666666666668,2000
event_weighted,ALL,15,confirmation,bullish,64,mfe_p25_price,0.0012600000000000389,0.0011499999999999844,0.0013600000000000279,2000
equal_symbol,ALL,15,confirmation,bullish,64,mfe_p25_price,0.038048333333335516,0.00092333333333331302,0.1155933333333282,2000
event_weighted,ALL,15,confirmation,bullish,64,mfe_median_price,0.0029699999999999172,0.0027500000000000302,0.0031900000000000261,2000
equal_symbol,ALL,15,confirmation,bullish,64,mfe_median_price,0.073771666666668664,0.0019900000000000104,0.22359666666667274,2000
event_weighted,ALL,15,confirmation,bullish,64,mfe_p75_price,0.0075799999999999201,0.0065899999999999848,0.0089099999999999735,2000
equal_symbol,ALL,15,confirmation,bullish,64,mfe_p75_price,0.12683333333333482,0.0034933333333333296,0.382141666666659,2000
event_weighted,ALL,15,confirmation,bullish,64,mae_p25_price,0.0012599999999999278,0.0011300000000000754,0.0013800000000000479,2000
equal_symbol,ALL,15,confirmation,bullish,64,mae_p25_price,0.025861666666667633,0.00093833333333331881,0.078784999999999827,2000
event_weighted,ALL,15,confirmation,bullish,64,mae_median_price,0.0028599999999999737,0.0026000000000001577,0.0030999999999999917,2000
equal_symbol,ALL,15,confirmation,bullish,64,mae_median_price,0.063303333333333267,0.0019333333333333609,0.1851383333333364,2000
event_weighted,ALL,15,confirmation,bullish,64,mae_p75_price,0.0071399999999999242,0.0063400000000000123,0.0081900000000001416,2000
equal_symbol,ALL,15,confirmation,bullish,64,mae_p75_price,0.12341499999999984,0.0036616666666666928,0.36222333333333273,2000
event_weighted,ALL,15,confirmation,bullish,64,directional_close_return_p25_price,-0.0027599999999999847,-0.0031200000000000117,-0.0023800000000000487,2000
equal_symbol,ALL,15,confirmation,bullish,64,directional_close_return_p25_price,-0.06028333333333321,-0.18172333333332913,-0.0018216666666666843,2000
event_weighted,ALL,15,confirmation,bullish,64,directional_close_return_median_price,0.00016000000000016001,-9.9999999999988987e-05,0.00048000000000003595,2000
equal_symbol,ALL,15,confirmation,bullish,64,directional_close_return_median_price,0.011903333333332988,-0.00016500000000000772,0.040280000000002293,2000
event_weighted,ALL,15,confirmation,bullish,64,directional_close_return_p75_price,0.0031699999999998951,0.0026999999999999247,0.0035899999999999821,2000
equal_symbol,ALL,15,confirmation,bullish,64,directional_close_return_p75_price,0.080161666666665646,0.0018599999999999912,0.24569000000000218,2000
event_weighted,ALL,15,confirmation,bullish,64,mfe_p25_pips,11.399999999999189,10.499999999999954,12.400000000000189,2000
equal_symbol,ALL,15,confirmation,bullish,64,mfe_p25_pips,12.533333333333395,9.0166666666663406,16.666666666666327,2000
event_weighted,ALL,15,confirmation,bullish,64,mfe_median_pips,25.299999999999212,23.499999999998522,26.900000000000812,2000
equal_symbol,ALL,15,confirmation,bullish,64,mfe_median_pips,26.566666666667462,19.549999999999844,34.699999999999818,2000
event_weighted,ALL,15,confirmation,bullish,64,mfe_p75_pips,47.099999999999916,43.699999999999847,50.499999999999986,2000
equal_symbol,ALL,15,confirmation,bullish,64,mfe_p75_pips,47.333333333333144,34.983333333333071,61.483333333333839,2000
event_weighted,ALL,15,confirmation,bullish,64,mae_p25_pips,10.799999999999699,9.7999999999998089,11.799999999999589,2000
equal_symbol,ALL,15,confirmation,bullish,64,mae_p25_pips,11.116666666666958,9.2833333333332728,13.483333333333361,2000
event_weighted,ALL,15,confirmation,bullish,64,mae_median_pips,23.199999999999886,21.600000000000506,25.000000000001688,2000
equal_symbol,ALL,15,confirmation,bullish,64,mae_median_pips,24.183333333333042,19.316666666666645,29.900000000000208,2000
event_weighted,ALL,15,confirmation,bullish,64,mae_p75_pips,46.899999999998606,43.10000000000116,49.899999999999523,2000
equal_symbol,ALL,15,confirmation,bullish,64,mae_p75_pips,46.150000000000368,36.46666666666632,57.583333333333258,2000
event_weighted,ALL,15,confirmation,bullish,64,directional_close_return_p25_pips,-23.599999999999177,-26.899999999997704,-20.699999999999363,2000
equal_symbol,ALL,15,confirmation,bullish,64,directional_close_return_p25_pips,-23.683333333333575,-30.9166666666674,-18.016666666666644,2000
event_weighted,ALL,15,confirmation,bullish,64,directional_close_return_median_pips,1.4000000000002899,-1.099999999999568,3.9999999999995595,2000
equal_symbol,ALL,15,confirmation,bullish,64,directional_close_return_median_pips,1.8833333333332591,-1.5666666666669309,5.3000000000003347,2000
event_weighted,ALL,15,confirmation,bullish,64,directional_close_return_p75_pips,25.600000000001177,22.600000000001508,29.200000000000337,2000
equal_symbol,ALL,15,confirmation,bullish,64,directional_close_return_p75_pips,27.766666666666257,18.766666666666563,38.183333333333465,2000
event_weighted,ALL,15,confirmation,bullish,64,mfe_p25_widths,4.5882352941175704,4.1923076923075104,4.8823529411763555,2000
equal_symbol,ALL,15,confirmation,bullish,64,mfe_p25_widths,4.4955754734831803,4.0266022429641959,5.0590477960051006,2000
event_weighted,ALL,15,confirmation,bullish,64,mfe_median_widths,12.038461538465217,11.333333333343202,12.928571428573722,2000
equal_symbol,ALL,15,confirmation,bullish,64,mfe_median_widths,12.073241068690427,10.746900953363543,13.309511468060977,2000
event_weighted,ALL,15,confirmation,bullish,64,mfe_p75_widths,33.911111111099352,31.399999999980164,36.699999999998582,2000
equal_symbol,ALL,15,confirmation,bullish,64,mfe_p75_widths,33.851121463072538,28.826388888884996,37.905900621105808,2000
event_weighted,ALL,15,confirmation,bullish,64,mae_p25_widths,4,3.6481481481483002,4.4166666666656642,2000
equal_symbol,ALL,15,confirmation,bullish,64,mae_p25_widths,4.1338016177104278,3.6477582846005077,4.7310248286299723,2000
event_weighted,ALL,15,confirmation,bullish,64,mae_median_widths,11.181034482758076,10.285714285712926,12.266666666659363,2000
equal_symbol,ALL,15,confirmation,bullish,64,mae_median_widths,11.221230158734832,10.214786967415833,12.546227297844213,2000
event_weighted,ALL,15,confirmation,bullish,64,mae_p75_widths,31.499999999843681,29.083333333331097,34.307692307678352,2000
equal_symbol,ALL,15,confirmation,bullish,64,mae_p75_widths,32.095805109937125,28.924797979798566,35.861375661408324,2000
event_weighted,ALL,15,confirmation,bullish,64,directional_close_return_p25_widths,-10.966666666675952,-12.666666666628426,-9.5624999999990177,2000
equal_symbol,ALL,15,confirmation,bullish,64,directional_close_return_p25_widths,-11.212105937383535,-13.174387488062033,-9.2147907647840572,2000
event_weighted,ALL,15,confirmation,bullish,64,directional_close_return_median_widths,0.61176470588242982,-0.31707317073187241,1.348314606741587,2000
equal_symbol,ALL,15,confirmation,bullish,64,directional_close_return_median_widths,0.53582212313664301,-0.54703929674384655,1.7026530150246668,2000
event_weighted,ALL,15,confirmation,bullish,64,directional_close_return_p75_widths,13.055555555550963,11.283333333332781,14.999999999995836,2000
equal_symbol,ALL,15,confirmation,bullish,64,directional_close_return_p75_widths,12.840787027062078,9.7779014033393246,15.922901002506281,2000
event_weighted,ALL,20,confirmation,bearish,4,touch_rate,0.67922874671340927,0.66168439206668583,0.69759857693447969,2000
equal_symbol,ALL,20,confirmation,bearish,4,touch_rate,0.6784190841446508,0.65352876274257798,0.70261711840955599,2000
event_weighted,ALL,20,confirmation,bearish,4,close_rate,0.35203038270522935,0.33596837944664032,0.36879643387815753,2000
equal_symbol,ALL,20,confirmation,bearish,4,close_rate,0.35222710913021821,0.33024598110063924,0.37403687354411863,2000
event_weighted,ALL,20,confirmation,bearish,4,touch_p25_bars,1,1,1,2000
equal_symbol,ALL,20,confirmation,bearish,4,touch_p25_bars,1,1,1,2000
event_weighted,ALL,20,confirmation,bearish,4,touch_median_bars,1,1,1,2000
equal_symbol,ALL,20,confirmation,bearish,4,touch_median_bars,1,1,1,2000
event_weighted,ALL,20,confirmation,bearish,4,touch_p75_bars,2,2,2,2000
equal_symbol,ALL,20,confirmation,bearish,4,touch_p75_bars,2,2,2,2000
event_weighted,ALL,20,confirmation,bearish,4,fill_p25_bars,1,1,1,2000
equal_symbol,ALL,20,confirmation,bearish,4,fill_p25_bars,1,1,1,2000
event_weighted,ALL,20,confirmation,bearish,4,fill_median_bars,2,2,2,2000
equal_symbol,ALL,20,confirmation,bearish,4,fill_median_bars,2,2,2.1666666666666665,2000
event_weighted,ALL,20,confirmation,bearish,4,fill_p75_bars,3,3,3,2000
equal_symbol,ALL,20,confirmation,bearish,4,fill_p75_bars,3,3,3.1666666666666665,2000
event_weighted,ALL,20,confirmation,bearish,4,mfe_p25_price,0.00029000000000012349,0.00026999999999999247,0.00031000000000003247,2000
equal_symbol,ALL,20,confirmation,bearish,4,mfe_p25_price,0.0088633333333320574,0.00021166666666662856,0.027104999999996288,2000
event_weighted,ALL,20,confirmation,bearish,4,mfe_median_price,0.00076000000000009393,0.00070999999999998842,0.00082000000000004292,2000
equal_symbol,ALL,20,confirmation,bearish,4,mfe_median_price,0.020800000000002299,0.00050499999999999623,0.06263333333334202,2000
event_weighted,ALL,20,confirmation,bearish,4,mfe_p75_price,0.0023299999999999432,0.0020400000000000418,0.0028599999999998627,2000
equal_symbol,ALL,20,confirmation,bearish,4,mfe_p75_price,0.038915000000001421,0.00097833333333335881,0.11632500000000361,2000
event_weighted,ALL,20,confirmation,bearish,4,mae_p25_price,0.00034000000000000696,0.00031999999999987594,0.00036000000000013799,2000
equal_symbol,ALL,20,confirmation,bearish,4,mae_p25_price,0.0097283333333313404,0.00025333333333334612,0.028963333333333691,2000
event_weighted,ALL,20,confirmation,bearish,4,mae_median_price,0.00080000000000002292,0.00075999999999987189,0.0008599999999999719,2000
equal_symbol,ALL,20,confirmation,bearish,4,mae_median_price,0.019501666666667378,0.00055499999999999072,0.058821666666666515,2000
event_weighted,ALL,20,confirmation,bearish,4,mae_p75_price,0.0022400000000000198,0.0019400000000000528,0.0026899999999999702,2000
equal_symbol,ALL,20,confirmation,bearish,4,mae_p75_price,0.034753333333333802,0.0010066666666666186,0.10406333333333488,2000
event_weighted,ALL,20,confirmation,bearish,4,directional_close_return_p25_price,-0.00085000000000001741,-0.0009200000000000319,-0.00079999999999991189,2000
equal_symbol,ALL,20,confirmation,bearish,4,directional_close_return_p25_price,-0.021199999999999237,-0.064275000000002469,-0.00057833333333331038,2000
event_weighted,ALL,20,confirmation,bearish,4,directional_close_return_median_price,-0.00012000000000000899,-0.00017000000000000348,-7.0000000000014495e-05,2000
equal_symbol,ALL,20,confirmation,bearish,4,directional_close_return_median_price,-0.0020866666666667553,-0.0077033333333321003,0.00038666666666903327,2000
event_weighted,ALL,20,confirmation,bearish,4,directional_close_return_p75_price,0.00069000000000007944,0.00059999999999993392,0.00080000000000002292,2000
equal_symbol,ALL,20,confirmation,bearish,4,directional_close_return_p75_price,0.018908333333331639,0.0004233333333333496,0.056220000000006855,2000
event_weighted,ALL,20,confirmation,bearish,4,mfe_p25_pips,2.5999999999992696,2.4000000000001798,2.8000000000005798,2000
equal_symbol,ALL,20,confirmation,bearish,4,mfe_p25_pips,2.8333333333329542,2.0999999999998797,3.8333333333338881,2000
event_weighted,ALL,20,confirmation,bearish,4,mfe_median_pips,6.3999999999992951,5.9999999999993392,6.7000000000005944,2000
equal_symbol,ALL,20,confirmation,bearish,4,mfe_median_pips,6.6999999999997213,5.0666666666667375,9.0000000000007407,2000
event_weighted,ALL,20,confirmation,bearish,4,mfe_p75_pips,13.400000000001455,12.400000000001299,14.300000000000423,2000
equal_symbol,ALL,20,confirmation,bearish,4,mfe_p75_pips,12.949999999999951,9.8499999999999517,17.183333333333358,2000
event_weighted,ALL,20,confirmation,bearish,4,mae_p25_pips,3.0999999999981043,2.8999999999990145,3.2999999999994145,2000
equal_symbol,ALL,20,confirmation,bearish,4,mae_p25_pips,3.2333333333332881,2.5333333333330912,4.3333333333329893,2000
event_weighted,ALL,20,confirmation,bearish,4,mae_median_pips,6.6999999999994841,6.3999999999997392,7.0999999999998842,2000
equal_symbol,ALL,20,confirmation,bearish,4,mae_median_pips,6.916666666666667,5.5000000000003197,8.8666666666663421,2000
event_weighted,ALL,20,confirmation,bearish,4,mae_p75_pips,12.600000000000389,11.900000000000244,13.400000000000079,2000
equal_symbol,ALL,20,confirmation,bearish,4,mae_p75_pips,12.583333333333146,10.066666666666373,16.116666666666024,2000
event_weighted,ALL,20,confirmation,bearish,4,directional_close_return_p25_pips,-7.1999999999983189,-7.8000000000000291,-6.6999999999994841,2000
equal_symbol,ALL,20,confirmation,bearish,4,directional_close_return_p25_pips,-7.4000000000002588,-9.7000000000005073,-5.8166666666664701,2000
event_weighted,ALL,20,confirmation,bearish,4,directional_close_return_median_pips,-1.100000000000545,-1.4999999999987246,-0.60000000000002274,2000
equal_symbol,ALL,20,confirmation,bearish,4,directional_close_return_median_pips,-1.0666666666668008,-1.5999999999996757,-0.5833333333336318,2000
event_weighted,ALL,20,confirmation,bearish,4,directional_close_return_p75_pips,5.7000000000016371,5.0999999999989942,6.2999999999990841,2000
equal_symbol,ALL,20,confirmation,bearish,4,directional_close_return_p75_pips,5.933333333332901,4.2666666666663078,8.3499999999997243,2000
event_weighted,ALL,20,confirmation,bearish,4,mfe_p25_widths,0.96875000000029143,0.89999999999933389,1.035087719298478,2000
equal_symbol,ALL,20,confirmation,bearish,4,mfe_p25_widths,0.97220365455183,0.85489252796828252,1.1125851934065831,2000
event_weighted,ALL,20,confirmation,bearish,4,mfe_median_widths,2.6145833333331501,2.4489795918369657,2.8333333333343025,2000
equal_symbol,ALL,20,confirmation,bearish,4,mfe_median_widths,2.6134630858554888,2.4023654746612921,2.8912736233302012,2000
event_weighted,ALL,20,confirmation,bearish,4,mfe_p75_widths,6.8888888889008193,6.4999999999555911,7.4999999999972244,2000
equal_symbol,ALL,20,confirmation,bearish,4,mfe_p75_widths,6.9473026972975793,6.3480394935725428,7.6364444379145953,2000
event_weighted,ALL,20,confirmation,bearish,4,mae_p25_widths,1.077464788732434,0.99107142857156838,1.1836734693875608,2000
equal_symbol,ALL,20,confirmation,bearish,4,mae_p25_widths,1.0907311437161757,0.97043927349389347,1.2113933316111618,2000
event_weighted,ALL,20,confirmation,bearish,4,mae_median_widths,2.8684210526313176,2.6904761904758128,3.066666666667111,2000
equal_symbol,ALL,20,confirmation,bearish,4,mae_median_widths,2.886485890652676,2.6087898212907938,3.2192851053463074,2000
event_weighted,ALL,20,confirmation,bearish,4,mae_p75_widths,7.6000000000006658,6.9999999999944489,8.2857142857129258,2000
equal_symbol,ALL,20,confirmation,bearish,4,mae_p75_widths,7.5051645658172781,6.6938690208415297,8.3474183224209124,2000
event_weighted,ALL,20,confirmation,bearish,4,directional_close_return_p25_widths,-3.3749999999996532,-3.7380952380966157,-3.0526315789471226,2000
equal_symbol,ALL,20,confirmation,bearish,4,directional_close_return_p25_widths,-3.3800064889693799,-3.8560308967274728,-2.951588855268557,2000
event_weighted,ALL,20,confirmation,bearish,4,directional_close_return_median_widths,-0.36571428571428105,-0.47967479674796892,-0.22500000000040857,2000
equal_symbol,ALL,20,confirmation,bearish,4,directional_close_return_median_widths,-0.38043663136655592,-0.55025667798507605,-0.18938517390887513,2000
event_weighted,ALL,20,confirmation,bearish,4,directional_close_return_p75_widths,2.1666666666657415,1.8999999999993338,2.4408602150537928,2000
equal_symbol,ALL,20,confirmation,bearish,4,directional_close_return_p75_widths,2.1508396218228252,1.8289286729187857,2.4782571436986296,2000
event_weighted,ALL,20,confirmation,bearish,16,touch_rate,0.82648536801655337,0.80838672102504372,0.84491017964071857,2000
equal_symbol,ALL,20,confirmation,bearish,16,touch_rate,0.8264753497845182,0.80406690654077562,0.84947063559513347,2000
event_weighted,ALL,20,confirmation,bearish,16,close_rate,0.61040496600650307,0.59081779053084649,0.63049327354260087,2000
equal_symbol,ALL,20,confirmation,bearish,16,close_rate,0.61076972751416836,0.5867863747821368,0.635001984171506,2000
event_weighted,ALL,20,confirmation,bearish,16,touch_p25_bars,1,1,1,2000
equal_symbol,ALL,20,confirmation,bearish,16,touch_p25_bars,1,1,1,2000
event_weighted,ALL,20,confirmation,bearish,16,touch_median_bars,1,1,1,2000
equal_symbol,ALL,20,confirmation,bearish,16,touch_median_bars,1,1,1.3333333333333333,2000
event_weighted,ALL,20,confirmation,bearish,16,touch_p75_bars,3,3,3,2000
equal_symbol,ALL,20,confirmation,bearish,16,touch_p75_bars,3.3333333333333335,2.8333333333333335,3.6666666666666665,2000
event_weighted,ALL,20,confirmation,bearish,16,fill_p25_bars,2,2,2,2000
equal_symbol,ALL,20,confirmation,bearish,16,fill_p25_bars,2,1.5,2,2000
event_weighted,ALL,20,confirmation,bearish,16,fill_median_bars,4,3,4,2000
equal_symbol,ALL,20,confirmation,bearish,16,fill_median_bars,3.5,3.1666666666666665,4.166666666666667,2000
event_weighted,ALL,20,confirmation,bearish,16,fill_p75_bars,7,7,8,2000
equal_symbol,ALL,20,confirmation,bearish,16,fill_p75_bars,7,6.666666666666667,7.666666666666667,2000
event_weighted,ALL,20,confirmation,bearish,16,mfe_p25_price,0.00059999999999993392,0.00055999999999989392,0.00065000000000003944,2000
equal_symbol,ALL,20,confirmation,bearish,16,mfe_p25_price,0.017734999999997503,0.00041499999999998022,0.052933333333328982,2000
event_weighted,ALL,20,confirmation,bearish,16,mfe_median_price,0.0014600000000000168,0.0013600000000000279,0.0015500000000001624,2000
equal_symbol,ALL,20,confirmation,bearish,16,mfe_median_price,0.039249999999998265,0.00095999999999999786,0.11770333333333854,2000
event_weighted,ALL,20,confirmation,bearish,16,mfe_p75_price,0.0043400000000000105,0.0036399999999998656,0.0053900000000000059,2000
equal_symbol,ALL,20,confirmation,bearish,16,mfe_p75_price,0.069208333333333497,0.0017900000000000138,0.20765499999999756,2000
event_weighted,ALL,20,confirmation,bearish,16,mae_p25_price,0.00071999999999994291,0.00065999999999999392,0.00078999999999984638,2000
equal_symbol,ALL,20,confirmation,bearish,16,mae_p25_price,0.019309999999999921,0.00052333333333335708,0.057140000000001336,2000
event_weighted,ALL,20,confirmation,bearish,16,mae_median_price,0.0016100000000000003,0.0015000000000000568,0.0017200000000001658,2000
equal_symbol,ALL,20,confirmation,bearish,16,mae_median_price,0.040840000000000744,0.0011199999999999914,0.12178333333333874,2000
event_weighted,ALL,20,confirmation,bearish,16,mae_p75_price,0.0041999999999999815,0.0036399999999998656,0.0049400000000001665,2000
equal_symbol,ALL,20,confirmation,bearish,16,mae_p75_price,0.064329999999999998,0.0020016666666666052,0.19111333333333028,2000
event_weighted,ALL,20,confirmation,bearish,16,directional_close_return_p25_price,-0.0016500000000000403,-0.0018800000000001038,-0.0014699999999999713,2000
equal_symbol,ALL,20,confirmation,bearish,16,directional_close_return_p25_price,-0.035816666666667184,-0.10870833333333345,-0.0010016666666666414,2000
event_weighted,ALL,20,confirmation,bearish,16,directional_close_return_median_price,-0.00015999999999993797,-0.00025000000000008349,-8.0000000000080007e-05,2000
equal_symbol,ALL,20,confirmation,bearish,16,directional_close_return_median_price,-0.0044350000000017058,-0.01660166666666572,7.333333333410981e-05,2000
event_weighted,ALL,20,confirmation,bearish,16,directional_close_return_p75_price,0.0013900000000000023,0.0011900000000000244,0.0016500000000000403,2000
equal_symbol,ALL,20,confirmation,bearish,16,directional_close_return_p75_price,0.035670000000000535,0.00085166666666663948,0.10844333333332797,2000
event_weighted,ALL,20,confirmation,bearish,16,mfe_p25_pips,5.2999999999997272,4.9000000000010147,5.8000000000002494,2000
equal_symbol,ALL,20,confirmation,bearish,16,mfe_p25_pips,5.7499999999997895,4.1666666666663934,7.7833333333330161,2000
event_weighted,ALL,20,confirmation,bearish,16,mfe_median_pips,12.199999999999989,11.599999999998545,13.000000000000789,2000
equal_symbol,ALL,20,confirmation,bearish,16,mfe_median_pips,12.999999999999559,9.7333333333332615,17.166666666667055,2000
event_weighted,ALL,20,confirmation,bearish,16,mfe_p75_pips,24.300000000001543,22.899999999998499,26.600000000001067,2000
equal_symbol,ALL,20,confirmation,bearish,16,mfe_p75_pips,23.833333333333133,17.86666666666677,30.98333333333392,2000
event_weighted,ALL,20,confirmation,bearish,16,mae_p25_pips,6.2999999999990841,5.8999999999997943,6.8999999999988404,2000
equal_symbol,ALL,20,confirmation,bearish,16,mae_p25_pips,6.6499999999999488,5.1833333333334286,8.7166666666671571,2000
event_weighted,ALL,20,confirmation,bearish,16,mae_median_pips,13.500000000001933,12.79999999999859,14.499999999999513,2000
equal_symbol,ALL,20,confirmation,bearish,16,mae_median_pips,14.050000000000333,11.083333333333593,18.116666666667491,2000
event_weighted,ALL,20,confirmation,bearish,16,mae_p75_pips,25.199999999999665,24.000000000001798,26.399999999999757,2000
equal_symbol,ALL,20,confirmation,bearish,16,mae_p75_pips,24.549999999999983,19.86666666666655,30.416666666666828,2000
event_weighted,ALL,20,confirmation,bearish,16,directional_close_return_p25_pips,-12.999999999999545,-14.300000000000068,-11.700000000000044,2000
equal_symbol,ALL,20,confirmation,bearish,16,directional_close_return_p25_pips,-13.316666666666562,-17.333333333332742,-9.9833333333330483,2000
event_weighted,ALL,20,confirmation,bearish,16,directional_close_return_median_pips,-1.3000000000018552,-2.4000000000001798,-0.70000000000014495,2000
equal_symbol,ALL,20,confirmation,bearish,16,directional_close_return_median_pips,-1.4499999999998032,-2.7833333333335077,-0.26666666666747368,2000
event_weighted,ALL,20,confirmation,bearish,16,directional_close_return_p75_pips,11.400000000000432,9.900000000000464,13.199999999999878,2000
equal_symbol,ALL,20,confirmation,bearish,16,directional_close_return_p75_pips,11.850000000000094,8.5333333333335393,16.349999999999849,2000
event_weighted,ALL,20,confirmation,bearish,16,mfe_p25_widths,1.921568627451322,1.7385620915033022,2.0625000000011275,2000
equal_symbol,ALL,20,confirmation,bearish,16,mfe_p25_widths,1.8883441055489041,1.6659519445872819,2.1056332866887297,2000
event_weighted,ALL,20,confirmation,bearish,16,mfe_median_widths,5.1666666666716008,4.818181818182139,5.4615384615375744,2000
equal_symbol,ALL,20,confirmation,bearish,16,mfe_median_widths,5.1137596332062163,4.6718245222748243,5.5779053287976872,2000
event_weighted,ALL,20,confirmation,bearish,16,mfe_p75_widths,14.090909090915789,13.333333333343202,14.964285714294975,2000
equal_symbol,ALL,20,confirmation,bearish,16,mfe_p75_widths,14.176413255352559,12.940037593987441,15.290016103061598,2000
event_weighted,ALL,20,confirmation,bearish,16,mae_p25_widths,2.1333333333342215,1.984126984126531,2.321428571428692,2000
equal_symbol,ALL,20,confirmation,bearish,16,mae_p25_widths,2.1504649542080383,1.9289355780822131,2.3856266506024983,2000
event_weighted,ALL,20,confirmation,bearish,16,mae_median_widths,5.8412698412708579,5.3333333333336421,6.2592592592593199,2000
equal_symbol,ALL,20,confirmation,bearish,16,mae_median_widths,5.7125380066569251,5.1631513485815885,6.2988400488394385,2000
event_weighted,ALL,20,confirmation,bearish,16,mae_p75_widths,15.388888888882652,14.333333333290158,16.666666666665432,2000
equal_symbol,ALL,20,confirmation,bearish,16,mae_p75_widths,15.293981481478712,13.829298941790675,16.723358585836781,2000
event_weighted,ALL,20,confirmation,bearish,16,directional_close_return_p25_widths,-5.9032258064509895,-6.6031746031731426,-5.1111111111110201,2000
equal_symbol,ALL,20,confirmation,bearish,16,directional_close_return_p25_widths,-6.0153464135549903,-6.8191211838260317,-5.0753645342926417,2000
event_weighted,ALL,20,confirmation,bearish,16,directional_close_return_median_widths,-0.5,-0.76315789473678064,-0.18032786885236651,2000
equal_symbol,ALL,20,confirmation,bearish,16,directional_close_return_median_widths,-0.48160091542438943,-0.8429960573968317,-0.076878244783331315,2000
event_weighted,ALL,20,confirmation,bearish,16,directional_close_return_p75_widths,4.5869565217402011,3.9523809523801217,5.3913043478225608,2000
equal_symbol,ALL,20,confirmation,bearish,16,directional_close_return_p75_widths,4.4930999066304258,3.7845289581579515,5.4976038417048594,2000
event_weighted,ALL,20,confirmation,bearish,64,touch_rate,0.91117764471057883,0.89560439560439564,0.92609949531362656,2000
equal_symbol,ALL,20,confirmation,bearish,64,touch_rate,0.91100717776785745,0.89194559048690747,0.92836015846194597,2000
event_weighted,ALL,20,confirmation,bearish,64,close_rate,0.78709248170326018,0.76666666666666672,0.80748663101604279,2000
equal_symbol,ALL,20,confirmation,bearish,64,close_rate,0.78799248141239842,0.76281476321159358,0.81383332988905754,2000
event_weighted,ALL,20,confirmation,bearish,64,touch_p25_bars,1,1,1,2000
equal_symbol,ALL,20,confirmation,bearish,64,touch_p25_bars,1,1,1,2000
event_weighted,ALL,20,confirmation,bearish,64,touch_median_bars,2,1,2,2000
equal_symbol,ALL,20,confirmation,bearish,64,touch_median_bars,1.6666666666666667,1.1666666666666667,2,2000
event_weighted,ALL,20,confirmation,bearish,64,touch_p75_bars,5,4,5,2000
equal_symbol,ALL,20,confirmation,bearish,64,touch_p75_bars,4.666666666666667,4,5.166666666666667,2000
event_weighted,ALL,20,confirmation,bearish,64,fill_p25_bars,2,2,2,2000
equal_symbol,ALL,20,confirmation,bearish,64,fill_p25_bars,2,2,2.5,2000
event_weighted,ALL,20,confirmation,bearish,64,fill_median_bars,6,5,6,2000
equal_symbol,ALL,20,confirmation,bearish,64,fill_median_bars,5.5,5.166666666666667,6.166666666666667,2000
event_weighted,ALL,20,confirmation,bearish,64,fill_p75_bars,15,14,16,2000
equal_symbol,ALL,20,confirmation,bearish,64,fill_p75_bars,15,13.5,16.666666666666668,2000
event_weighted,ALL,20,confirmation,bearish,64,mfe_p25_price,0.0013400000000000079,0.0012199999999999989,0.0014499999999999513,2000
equal_symbol,ALL,20,confirmation,bearish,64,mfe_p25_price,0.03654666666666645,0.0009000000000000119,0.10973499999999543,2000
event_weighted,ALL,20,confirmation,bearish,64,mfe_median_price,0.0029700000000000282,0.0028099999999999792,0.0032200000000000006,2000
equal_symbol,ALL,20,confirmation,bearish,64,mfe_median_price,0.074568333333334555,0.0019999999999999831,0.22785333333333169,2000
event_weighted,ALL,20,confirmation,bearish,64,mfe_p75_price,0.0081299999999999706,0.0066800000000000193,0.01085999999999987,2000
equal_symbol,ALL,20,confirmation,bearish,64,mfe_p75_price,0.13730333333333364,0.0034466666666666348,0.41396833333333166,2000
event_weighted,ALL,20,confirmation,bearish,64,mae_p25_price,0.0014899999999999913,0.0013600000000000279,0.0016100000000001113,2000
equal_symbol,ALL,20,confirmation,bearish,64,mae_p25_price,0.032989999999996522,0.0011050000000000042,0.099343333333336281,2000
event_weighted,ALL,20,confirmation,bearish,64,mae_median_price,0.0031399999999999206,0.0029500000000000082,0.0033199999999999896,2000
equal_symbol,ALL,20,confirmation,bearish,64,mae_median_price,0.076213333333336963,0.0021866666666666332,0.22979000000000158,2000
event_weighted,ALL,20,confirmation,bearish,64,mae_p75_price,0.0074899999999999967,0.0063900000000000068,0.0098900000000001764,2000
equal_symbol,ALL,20,confirmation,bearish,64,mae_p75_price,0.13033833333333339,0.0036216666666666897,0.39042500000000135,2000
event_weighted,ALL,20,confirmation,bearish,64,directional_close_return_p25_price,-0.0030200000000000227,-0.0033600000000000296,-0.0026800000000000157,2000
equal_symbol,ALL,20,confirmation,bearish,64,directional_close_return_p25_price,-0.089496666666663671,-0.27513333333332951,-0.0019316666666666464,2000
event_weighted,ALL,20,confirmation,bearish,64,directional_close_return_median_price,-0.00024999999999986144,-0.00047000000000008146,8.0000000000080007e-05,2000
equal_symbol,ALL,20,confirmation,bearish,64,directional_close_return_median_price,-0.010445000000001961,-0.040251666666669017,0.0068283333333328628,2000
event_weighted,ALL,20,confirmation,bearish,64,directional_close_return_p75_price,0.0025800000000000267,0.0022100000000000453,0.0029700000000001392,2000
equal_symbol,ALL,20,confirmation,bearish,64,directional_close_return_p75_price,0.069130000000000177,0.0016133333333333555,0.20625833333333318,2000
event_weighted,ALL,20,confirmation,bearish,64,mfe_p25_pips,11.599999999999389,10.600000000000609,12.500000000001954,2000
equal_symbol,ALL,20,confirmation,bearish,64,mfe_p25_pips,12.366666666666747,9.0833333333334423,16.499999999999606,2000
event_weighted,ALL,20,confirmation,bearish,64,mfe_median_pips,25.499999999998302,23.699999999999832,27.000000000001467,2000
equal_symbol,ALL,20,confirmation,bearish,64,mfe_median_pips,26.283333333333871,20.099999999999934,34.316666666666386,2000
event_weighted,ALL,20,confirmation,bearish,64,mfe_p75_pips,45.600000000001195,42.69999999999996,50.600000000000023,2000
equal_symbol,ALL,20,confirmation,bearish,64,mfe_p75_pips,46.433333333333088,34.383333333332835,61.983333333333782,2000
event_weighted,ALL,20,confirmation,bearish,64,mae_p25_pips,12.799999999999478,11.799999999999589,14.199999999999768,2000
equal_symbol,ALL,20,confirmation,bearish,64,mae_p25_pips,13.100000000000113,10.933333333333351,16.399999999999793,2000
event_weighted,ALL,20,confirmation,bearish,64,mae_median_pips,26.500000000000412,24.600000000000932,28.399999999999537,2000
equal_symbol,ALL,20,confirmation,bearish,64,mae_median_pips,27.883333333333994,21.900000000000436,34.916666666667034,2000
event_weighted,ALL,20,confirmation,bearish,64,mae_p75_pips,46.899999999999409,44.10000000000025,49.899999999999523,2000
equal_symbol,ALL,20,confirmation,bearish,64,mae_p75_pips,46.083333333333144,36.233333333333114,59.966666666666505,2000
event_weighted,ALL,20,confirmation,bearish,64,directional_close_return_p25_pips,-25.699999999999612,-28.199999999999335,-22.599999999999287,2000
equal_symbol,ALL,20,confirmation,bearish,64,directional_close_return_p25_pips,-27.06666666666635,-38.383333333333155,-19.216666666666363,2000
event_weighted,ALL,20,confirmation,bearish,64,directional_close_return_median_pips,-2.2999999999995246,-4.2000000000008697,0.70000000000014495,2000
equal_symbol,ALL,20,confirmation,bearish,64,directional_close_return_median_pips,-2.1500000000001109,-5.6166666666663145,1.4666666666670602,2000
event_weighted,ALL,20,confirmation,bearish,64,directional_close_return_p75_pips,21.600000000000819,18.700000000000383,24.900000000001032,2000
equal_symbol,ALL,20,confirmation,bearish,64,directional_close_return_p75_pips,23.049999999999851,15.899999999999986,31.100000000000303,2000
event_weighted,ALL,20,confirmation,bearish,64,mfe_p25_widths,3.8333333333331789,3.5000000000028422,4.199999999999112,2000
equal_symbol,ALL,20,confirmation,bearish,64,mfe_p25_widths,3.7871207491815615,3.2953849613170223,4.3478690548260426,2000
event_weighted,ALL,20,confirmation,bearish,64,mfe_median_widths,10.904761904760242,10.100000000000666,11.962962962962719,2000
equal_symbol,ALL,20,confirmation,bearish,64,mfe_median_widths,10.891582896270629,9.6704281227530693,12.394600908442504,2000
event_weighted,ALL,20,confirmation,bearish,64,mfe_p75_widths,29.615384615393943,27.272727272714793,33.359999999992539,2000
equal_symbol,ALL,20,confirmation,bearish,64,mfe_p75_widths,29.894248365994212,26.079656862734939,33.67283422459321,2000
event_weighted,ALL,20,confirmation,bearish,64,mae_p25_widths,4.1470588235290657,3.8000000000004439,4.6521739130422608,2000
equal_symbol,ALL,20,confirmation,bearish,64,mae_p25_widths,4.1681370801106947,3.6220478973539829,4.8184478915595017,2000
event_weighted,ALL,20,confirmation,bearish,64,mae_median_widths,11.457142857144273,10.571428571426141,12.230769230762069,2000
equal_symbol,ALL,20,confirmation,bearish,64,mae_median_widths,11.351597118562752,10.206762078380573,12.596627664273704,2000
event_weighted,ALL,20,confirmation,bearish,64,mae_p75_widths,30.636363636347305,28.076923076906457,32.833333333361708,2000
equal_symbol,ALL,20,confirmation,bearish,64,mae_p75_widths,30.280555555541738,27.546031746048083,33.816971916968065,2000
event_weighted,ALL,20,confirmation,bearish,64,directional_close_return_p25_widths,-11.000000000155431,-12.50000000000052,-9.6666666666753009,2000
equal_symbol,ALL,20,confirmation,bearish,64,directional_close_return_p25_widths,-10.978721417238363,-13.168522133323769,-9.0881766917287496,2000
event_weighted,ALL,20,confirmation,bearish,64,directional_close_return_median_widths,-0.65277777777784207,-1.3956834532373659,0.22772277227719073,2000
equal_symbol,ALL,20,confirmation,bearish,64,directional_close_return_median_widths,-0.61986125470230802,-1.5238842014929161,0.34200612862446161,2000
event_weighted,ALL,20,confirmation,bearish,64,directional_close_return_p75_widths,9.5999999999782393,8.0714285714227714,11.218181818180804,2000
equal_symbol,ALL,20,confirmation,bearish,64,directional_close_return_p75_widths,9.2582525460992802,7.3667200176696896,11.668068043068949,2000
event_weighted,ALL,20,confirmation,bullish,4,touch_rate,0.67953985209531631,0.66222570532915359,0.69657879977565895,2000
equal_symbol,ALL,20,confirmation,bullish,4,touch_rate,0.68176192381827239,0.65621514912598833,0.71012475674212638,2000
event_weighted,ALL,20,confirmation,bullish,4,close_rate,0.34264585045193097,0.32515337423312884,0.35987875447781759,2000
equal_symbol,ALL,20,confirmation,bullish,4,close_rate,0.34607741730089664,0.31458219677562543,0.38066403690387535,2000
event_weighted,ALL,20,confirmation,bullish,4,touch_p25_bars,1,1,1,2000
equal_symbol,ALL,20,confirmation,bullish,4,touch_p25_bars,1,1,1,2000
event_weighted,ALL,20,confirmation,bullish,4,touch_median_bars,1,1,1,2000
equal_symbol,ALL,20,confirmation,bullish,4,touch_median_bars,1,1,1,2000
event_weighted,ALL,20,confirmation,bullish,4,touch_p75_bars,2,2,2,2000
equal_symbol,ALL,20,confirmation,bullish,4,touch_p75_bars,2,2,2,2000
event_weighted,ALL,20,confirmation,bullish,4,fill_p25_bars,1,1,1,2000
equal_symbol,ALL,20,confirmation,bullish,4,fill_p25_bars,1,1,1,2000
event_weighted,ALL,20,confirmation,bullish,4,fill_median_bars,2,2,2,2000
equal_symbol,ALL,20,confirmation,bullish,4,fill_median_bars,2,1.8333333333333333,2,2000
event_weighted,ALL,20,confirmation,bullish,4,fill_p75_bars,3,3,3,2000
equal_symbol,ALL,20,confirmation,bullish,4,fill_p75_bars,3,3,3,2000
event_weighted,ALL,20,confirmation,bullish,4,mfe_p25_price,0.00026999999999999247,0.00025000000000008349,0.00029000000000012349,2000
equal_symbol,ALL,20,confirmation,bullish,4,mfe_p25_price,0.0073633333333343693,0.00019333333333332314,0.022095000000000791,2000
event_weighted,ALL,20,confirmation,bullish,4,mfe_median_price,0.00068000000000001393,0.00063000000000001943,0.00073000000000000842,2000
equal_symbol,ALL,20,confirmation,bullish,4,mfe_median_price,0.015756666666668844,0.00043333333333330409,0.047409999999997822,2000
event_weighted,ALL,20,confirmation,bullish,4,mfe_p75_price,0.0019099999999998563,0.0017300000000000093,0.0021299999999999653,2000
equal_symbol,ALL,20,confirmation,bullish,4,mfe_p75_price,0.030341666666665452,0.00085333333333335404,0.090659999999999505,2000
event_weighted,ALL,20,confirmation,bullish,4,mae_p25_price,0.00034000000000000696,0.00032000000000009798,0.00036999999999998145,2000
equal_symbol,ALL,20,confirmation,bullish,4,mae_p25_price,0.0074083333333296491,0.0002666666666666373,0.02247333333333577,2000
event_weighted,ALL,20,confirmation,bullish,4,mae_median_price,0.00076000000000009393,0.00072000000000005393,0.00082000000000004292,2000
equal_symbol,ALL,20,confirmation,bullish,4,mae_median_price,0.016005000000002972,0.00054500000000001769,0.048831666666670846,2000
event_weighted,ALL,20,confirmation,bullish,4,mae_p75_price,0.0018400000000000638,0.0016699999999999493,0.0020999999999999908,2000
equal_symbol,ALL,20,confirmation,bullish,4,mae_p75_price,0.02889000000000112,0.00096333333333335303,0.085571666666665158,2000
event_weighted,ALL,20,confirmation,bullish,4,directional_close_return_p25_price,-0.00075999999999987189,-0.00082999999999988638,-0.00068000000000001393,2000
equal_symbol,ALL,20,confirmation,bullish,4,directional_close_return_p25_price,-0.015173333333332281,-0.045625000000003267,-0.00053666666666662977,2000
event_weighted,ALL,20,confirmation,bullish,4,directional_close_return_median_price,-5.9999999999948983e-05,-9.9999999999988987e-05,-1.9999999999908979e-05,2000
equal_symbol,ALL,20,confirmation,bullish,4,directional_close_return_median_price,0.00011833333333409006,-0.0014083333333349362,0.0022599999999969311,2000
event_weighted,ALL,20,confirmation,bullish,4,directional_close_return_p75_price,0.00068999999999985739,0.00060000000000004494,0.00077999999999989189,2000
equal_symbol,ALL,20,confirmation,bullish,4,directional_close_return_p75_price,0.016561666666668123,0.0003849999999999687,0.050268333333335226,2000
event_weighted,ALL,20,confirmation,bullish,4,mfe_p25_pips,2.4999999999986144,2.3000000000006349,2.6000000000003798,2000
equal_symbol,ALL,20,confirmation,bullish,4,mfe_p25_pips,2.6833333333331857,1.9333333333334164,3.5166666666664868,2000
event_weighted,ALL,20,confirmation,bullish,4,mfe_median_pips,5.6999999999995943,5.3999999999998494,5.9000000000009045,2000
equal_symbol,ALL,20,confirmation,bullish,4,mfe_median_pips,5.766666666667045,4.3833333333329989,7.5166666666672013,2000
event_weighted,ALL,20,confirmation,bullish,4,mfe_p75_pips,11.499999999998067,10.799999999999699,12.000000000000899,2000
equal_symbol,ALL,20,confirmation,bullish,4,mfe_p75_pips,11.366666666666911,8.6500000000000465,14.533333333333738,2000
event_weighted,ALL,20,confirmation,bullish,4,mae_p25_pips,3.00000000000189,2.8000000000020009,3.2999999999994145,2000
equal_symbol,ALL,20,confirmation,bullish,4,mae_p25_pips,3.1333333333328848,2.6833333333333336,3.7499999999994018,2000
event_weighted,ALL,20,confirmation,bullish,4,mae_median_pips,6.3999999999997392,6.0000000000004494,6.6999999999994841,2000
equal_symbol,ALL,20,confirmation,bullish,4,mae_median_pips,6.600000000000442,5.4000000000002188,7.950000000000391,2000
event_weighted,ALL,20,confirmation,bullish,4,mae_p75_pips,11.899999999999977,11.300000000000754,12.400000000001299,2000
equal_symbol,ALL,20,confirmation,bullish,4,mae_p75_pips,11.70000000000068,9.6833333333333034,14.066666666666443,2000
event_weighted,ALL,20,confirmation,bullish,4,directional_close_return_p25_pips,-6.2999999999988177,-6.8000000000001393,-5.6999999999995943,2000
equal_symbol,ALL,20,confirmation,bullish,4,directional_close_return_p25_pips,-6.5333333333329309,-7.6833333333331462,-5.3500000000001577,2000
event_weighted,ALL,20,confirmation,bullish,4,directional_close_return_median_pips,-0.50000000000105516,-0.90000000000034497,-0.10000000000065512,2000
equal_symbol,ALL,20,confirmation,bullish,4,directional_close_return_median_pips,-0.46666666666697793,-1.1833333333336249,0.14999999999996128,2000
event_weighted,ALL,20,confirmation,bullish,4,directional_close_return_p75_pips,5.5000000000006821,4.9999999999982947,6.2000000000006494,2000
equal_symbol,ALL,20,confirmation,bullish,4,directional_close_return_p75_pips,5.5666666666673335,3.7166666666664052,7.61666666666693,2000
event_weighted,ALL,20,confirmation,bullish,4,mfe_p25_widths,1,0.95238095238115383,1.0666666666655811,2000
equal_symbol,ALL,20,confirmation,bullish,4,mfe_p25_widths,1.0143728223000386,0.9132674531659063,1.1156016101586528,2000
event_weighted,ALL,20,confirmation,bullish,4,mfe_median_widths,2.5833333333339503,2.4482758620688201,2.7777777777810675,2000
equal_symbol,ALL,20,confirmation,bullish,4,mfe_median_widths,2.5494181623270702,2.3293095137066926,2.7887879821028592,2000
event_weighted,ALL,20,confirmation,bullish,4,mfe_p75_widths,6.9230769230781055,6.5142857142845365,7.4999999999796456,2000
equal_symbol,ALL,20,confirmation,bullish,4,mfe_p75_widths,6.8583333333335608,6.2681646677549425,7.5704254322472906,2000
event_weighted,ALL,20,confirmation,bullish,4,mae_p25_widths,1.1111111111108369,1.0256410256409088,1.2158590308370008,2000
equal_symbol,ALL,20,confirmation,bullish,4,mae_p25_widths,1.1635776869645944,1.0072312804635715,1.314297235023256,2000
event_weighted,ALL,20,confirmation,bullish,4,mae_median_widths,2.9999999999992069,2.7857142857137194,3.2222222222216961,2000
equal_symbol,ALL,20,confirmation,bullish,4,mae_median_widths,3.0153363997118654,2.6797418123368324,3.4847138666079354,2000
event_weighted,ALL,20,confirmation,bullish,4,mae_p75_widths,7.9000000000015547,7.3529411764702806,8.4285714285945392,2000
equal_symbol,ALL,20,confirmation,bullish,4,mae_p75_widths,7.8445930663110346,7.1845021645029474,8.7231746031768989,2000
event_weighted,ALL,20,confirmation,bullish,4,directional_close_return_p25_widths,-3.1634615384612048,-3.4615384615393374,-2.8823529411763555,2000
equal_symbol,ALL,20,confirmation,bullish,4,directional_close_return_p25_widths,-3.0867464377059597,-3.789364035087798,-2.576781972312864,2000
event_weighted,ALL,20,confirmation,bullish,4,directional_close_return_median_widths,-0.17391304347847075,-0.32743362831857797,-0.03017241379306199,2000
equal_symbol,ALL,20,confirmation,bullish,4,directional_close_return_median_widths,-0.24596873506670539,-0.59041836356060895,0.03766461608558757,2000
event_weighted,ALL,20,confirmation,bullish,4,directional_close_return_p75_widths,2.2777777777784287,2.0384615384626552,2.5238095238086173,2000
equal_symbol,ALL,20,confirmation,bullish,4,directional_close_return_p75_widths,2.1898524181122663,1.7967565767564437,2.6372470019264318,2000
event_weighted,ALL,20,confirmation,bullish,16,touch_rate,0.81989994441356306,0.80457604306864061,0.83544303797468356,2000
equal_symbol,ALL,20,confirmation,bullish,16,touch_rate,0.82172077938473109,0.80060712367182774,0.84507373566913679,2000
event_weighted,ALL,20,confirmation,bullish,16,close_rate,0.59088382434685938,0.57094972067039107,0.61124761124761129,2000
equal_symbol,ALL,20,confirmation,bullish,16,close_rate,0.59558457646256124,0.55687982962847171,0.64158881007337054,2000
event_weighted,ALL,20,confirmation,bullish,16,touch_p25_bars,1,1,1,2000
equal_symbol,ALL,20,confirmation,bullish,16,touch_p25_bars,1,1,1,2000
event_weighted,ALL,20,confirmation,bullish,16,touch_median_bars,1,1,1,2000
equal_symbol,ALL,20,confirmation,bullish,16,touch_median_bars,1,1,1.1666666666666667,2000
event_weighted,ALL,20,confirmation,bullish,16,touch_p75_bars,3,3,3,2000
equal_symbol,ALL,20,confirmation,bullish,16,touch_p75_bars,3.1666666666666665,2.6666666666666665,3.6666666666666665,2000
event_weighted,ALL,20,confirmation,bullish,16,fill_p25_bars,2,2,2,2000
equal_symbol,ALL,20,confirmation,bullish,16,fill_p25_bars,1.8333333333333333,1.5,2,2000
event_weighted,ALL,20,confirmation,bullish,16,fill_median_bars,4,3,4,2000
equal_symbol,ALL,20,confirmation,bullish,16,fill_median_bars,3.8333333333333335,3.3333333333333335,4,2000
event_weighted,ALL,20,confirmation,bullish,16,fill_p75_bars,7,7,8,2000
equal_symbol,ALL,20,confirmation,bullish,16,fill_p75_bars,7.5,6.833333333333333,8,2000
event_weighted,ALL,20,confirmation,bullish,16,mfe_p25_price,0.00056999999999995943,0.00051999999999996493,0.00062000000000006494,2000
equal_symbol,ALL,20,confirmation,bullish,16,mfe_p25_price,0.015890000000002995,0.00038166666666668753,0.048265000000001834,2000
event_weighted,ALL,20,confirmation,bullish,16,mfe_median_price,0.0013699999999999823,0.0012799999999999478,0.0014799999999999258,2000
equal_symbol,ALL,20,confirmation,bullish,16,mfe_median_price,0.035214999999998144,0.00088333333333334707,0.10546166666666591,2000
event_weighted,ALL,20,confirmation,bullish,16,mfe_p75_price,0.0036399999999999766,0.0031999999999998696,0.0040999999999999925,2000
equal_symbol,ALL,20,confirmation,bullish,16,mfe_p75_price,0.058808333333331519,0.001651666666666644,0.17694999999999719,2000
event_weighted,ALL,20,confirmation,bullish,16,mae_p25_price,0.00067000000000005944,0.00060999999999999943,0.00072000000000005393,2000
equal_symbol,ALL,20,confirmation,bullish,16,mae_p25_price,0.014964999999998193,0.00050666666666671079,0.044905000000004858,2000
event_weighted,ALL,20,confirmation,bullish,16,mae_median_price,0.0014999999999999458,0.0014100000000001334,0.0016199999999999548,2000
equal_symbol,ALL,20,confirmation,bullish,16,mae_median_price,0.030124999999997199,0.0010583333333333094,0.090329999999992319,2000
event_weighted,ALL,20,confirmation,bullish,16,mae_p75_price,0.0035800000000000276,0.0031600000000000517,0.004170000000000007,2000
equal_symbol,ALL,20,confirmation,bullish,16,mae_p75_price,0.053724999999997268,0.001885000000000044,0.15915166666666794,2000
event_weighted,ALL,20,confirmation,bullish,16,directional_close_return_p25_price,-0.0014499999999999513,-0.0016000000000000458,-0.0013000000000000789,2000
equal_symbol,ALL,20,confirmation,bullish,16,directional_close_return_p25_price,-0.023431666666669848,-0.071593333333336021,-0.0010133333333332921,2000
event_weighted,ALL,20,confirmation,bullish,16,directional_close_return_median_price,-4.0000000000040004e-05,-0.00012999999999996348,6.0000000000060005e-05,2000
equal_symbol,ALL,20,confirmation,bullish,16,directional_close_return_median_price,0.00063666666666513849,-0.0041900000000009889,0.0070266666666622029,2000
event_weighted,ALL,20,confirmation,bullish,16,directional_close_return_p75_price,0.0013400000000000079,0.0011900000000000244,0.0014699999999999713,2000
equal_symbol,ALL,20,confirmation,bullish,16,directional_close_return_p75_price,0.035171666666669564,0.00081333333333327706,0.10950499999999386,2000
event_weighted,ALL,20,confirmation,bullish,16,mfe_p25_pips,5.0999999999989942,4.6999999999997044,5.4000000000002046,2000
equal_symbol,ALL,20,confirmation,bullish,16,mfe_p25_pips,5.4500000000006805,3.8333333333332811,7.4000000000001771,2000
event_weighted,ALL,20,confirmation,bullish,16,mfe_median_pips,11.600000000000499,10.999999999998789,12.299999999999045,2000
equal_symbol,ALL,20,confirmation,bullish,16,mfe_median_pips,12.249999999999842,8.9000000000002029,16.49999999999913,2000
event_weighted,ALL,20,confirmation,bullish,16,mfe_p75_pips,22.700000000000387,21.600000000000506,23.900000000000031,2000
equal_symbol,ALL,20,confirmation,bullish,16,mfe_p75_pips,22.133333333332828,16.550000000000363,28.699999999999918,2000
event_weighted,ALL,20,confirmation,bullish,16,mae_p25_pips,5.8000000000002494,5.3999999999998494,6.2999999999988177,2000
equal_symbol,ALL,20,confirmation,bullish,16,mae_p25_pips,6.0999999999999348,5.0999999999999197,7.4000000000005031,2000
event_weighted,ALL,20,confirmation,bullish,16,mae_median_pips,12.499999999999734,11.800000000001809,13.099999999999223,2000
equal_symbol,ALL,20,confirmation,bullish,16,mae_median_pips,12.50000000000014,10.499999999999767,14.900000000000906,2000
event_weighted,ALL,20,confirmation,bullish,16,mae_p75_pips,22.600000000001508,21.500000000000963,23.900000000000031,2000
equal_symbol,ALL,20,confirmation,bullish,16,mae_p75_pips,22.450000000000045,18.966666666666761,26.449999999999733,2000
event_weighted,ALL,20,confirmation,bullish,16,directional_close_return_p25_pips,-11.400000000000299,-12.399999999999078,-10.400000000000409,2000
equal_symbol,ALL,20,confirmation,bullish,16,directional_close_return_p25_pips,-11.566666666666592,-13.31666666666734,-10.066666666666187,2000
event_weighted,ALL,20,confirmation,bullish,16,directional_close_return_median_pips,-0.40000000000040004,-1.1999999999989797,0.59999999999948983,2000
equal_symbol,ALL,20,confirmation,bullish,16,directional_close_return_median_pips,-0.23333333333323361,-1.5999999999997498,1.183333333333314,2000
event_weighted,ALL,20,confirmation,bullish,16,directional_close_return_p75_pips,11.100000000001842,9.900000000000464,12.499999999999734,2000
equal_symbol,ALL,20,confirmation,bullish,16,directional_close_return_p75_pips,11.816666666667103,7.8833333333339084,16.183333333333351,2000
event_weighted,ALL,20,confirmation,bullish,16,mfe_p25_widths,2,1.8499999999993606,2.1428571428581624,2000
equal_symbol,ALL,20,confirmation,bullish,16,mfe_p25_widths,1.9850935702793722,1.7206288305434072,2.2393124668792326,2000
event_weighted,ALL,20,confirmation,bullish,16,mfe_median_widths,5.3809523809544704,5.0769230769201208,5.6923076923098606,2000
equal_symbol,ALL,20,confirmation,bullish,16,mfe_median_widths,5.3445468166950016,4.7143265556294915,5.9397942717204515,2000
event_weighted,ALL,20,confirmation,bullish,16,mfe_p75_widths,14.687500000004771,13.61290322581514,15.727272727265021,2000
equal_symbol,ALL,20,confirmation,bullish,16,mfe_p75_widths,14.478240740748994,12.889705494232061,16.027770815935892,2000
event_weighted,ALL,20,confirmation,bullish,16,mae_p25_widths,2.1142857142858413,1.9523809523802864,2.300000000000888,2000
equal_symbol,ALL,20,confirmation,bullish,16,mae_p25_widths,2.1686199693560577,1.9180396499569403,2.4841364559636872,2000
event_weighted,ALL,20,confirmation,bullish,16,mae_median_widths,5.6249999999976579,5.3114754098356531,6.1000000000006658,2000
equal_symbol,ALL,20,confirmation,bullish,16,mae_median_widths,5.6578544061303555,5.2118422770607724,6.321176470589573,2000
event_weighted,ALL,20,confirmation,bullish,16,mae_p75_widths,15.50000000000111,14.294117647059439,16.913043478264147,2000
equal_symbol,ALL,20,confirmation,bullish,16,mae_p75_widths,15.301353124830593,13.856297163660592,17.341787439611405,2000
event_weighted,ALL,20,confirmation,bullish,16,directional_close_return_p25_widths,-5.2249999999992625,-5.9756097560974029,-4.5999999999961512,2000
equal_symbol,ALL,20,confirmation,bullish,16,directional_close_return_p25_widths,-5.6596139971141062,-7.1705109744618376,-4.3777143096696163,2000
event_weighted,ALL,20,confirmation,bullish,16,directional_close_return_median_widths,-0.098765432098865069,-0.41176470588242975,0.20000000000008744,2000
equal_symbol,ALL,20,confirmation,bullish,16,directional_close_return_median_widths,-0.12866313495440973,-0.78946469069064962,0.35185176360616871,2000
event_weighted,ALL,20,confirmation,bullish,16,directional_close_return_p75_widths,5.0000000000222045,4.5000000000222045,5.6315789473678057,2000
equal_symbol,ALL,20,confirmation,bullish,16,directional_close_return_p75_widths,4.9589208923050512,3.7985236985239479,6.0785656270327486,2000
event_weighted,ALL,20,confirmation,bullish,64,touch_rate,0.90046656298600314,0.88630338733431513,0.91437802907915988,2000
equal_symbol,ALL,20,confirmation,bullish,64,touch_rate,0.90203473379465426,0.88416164712421208,0.9206430623470353,2000
event_weighted,ALL,20,confirmation,bullish,64,close_rate,0.75894245723172626,0.73749591369728673,0.78125,2000
equal_symbol,ALL,20,confirmation,bullish,64,close_rate,0.76273627633796048,0.72986548622935776,0.80066297714404822,2000
event_weighted,ALL,20,confirmation,bullish,64,touch_p25_bars,1,1,1,2000
equal_symbol,ALL,20,confirmation,bullish,64,touch_p25_bars,1,1,1,2000
event_weighted,ALL,20,confirmation,bullish,64,touch_median_bars,1,1,2,2000
equal_symbol,ALL,20,confirmation,bullish,64,touch_median_bars,1.5,1.1666666666666667,1.8333333333333333,2000
event_weighted,ALL,20,confirmation,bullish,64,touch_p75_bars,4,4,5,2000
equal_symbol,ALL,20,confirmation,bullish,64,touch_p75_bars,4.5,3.8333333333333335,5.166666666666667,2000
event_weighted,ALL,20,confirmation,bullish,64,fill_p25_bars,2,2,2,2000
equal_symbol,ALL,20,confirmation,bullish,64,fill_p25_bars,2,2,2.5,2000
event_weighted,ALL,20,confirmation,bullish,64,fill_median_bars,6,5,6,2000
equal_symbol,ALL,20,confirmation,bullish,64,fill_median_bars,5.666666666666667,5,6.333333333333333,2000
event_weighted,ALL,20,confirmation,bullish,64,fill_p75_bars,15,14,17,2000
equal_symbol,ALL,20,confirmation,bullish,64,fill_p75_bars,15,13,17.166666666666668,2000
event_weighted,ALL,20,confirmation,bullish,64,mfe_p25_price,0.0012400000000000189,0.0011200000000000099,0.0013499999999999623,2000
equal_symbol,ALL,20,confirmation,bullish,64,mfe_p25_price,0.037029999999997398,0.00086833333333328577,0.1130950000000019,2000
event_weighted,ALL,20,confirmation,bullish,64,mfe_median_price,0.0029499999999998971,0.0027300000000000102,0.0031900000000000261,2000
equal_symbol,ALL,20,confirmation,bullish,64,mfe_median_price,0.072591666666667776,0.0019300000000000244,0.21660500000000185,2000
event_weighted,ALL,20,confirmation,bullish,64,mfe_p75_price,0.0076700000000000657,0.0066000000000001613,0.009480000000000155,2000
equal_symbol,ALL,20,confirmation,bullish,64,mfe_p75_price,0.12446999999999984,0.0033716666666666617,0.37369500000000144,2000
event_weighted,ALL,20,confirmation,bullish,64,mae_p25_price,0.0012500000000000844,0.0011299999999999644,0.0013900000000000023,2000
equal_symbol,ALL,20,confirmation,bullish,64,mae_p25_price,0.025861666666667615,0.00093666666666669673,0.080021666666662591,2000
event_weighted,ALL,20,confirmation,bullish,64,mae_median_price,0.0028600000000000847,0.0026100000000000012,0.0031200000000000117,2000
equal_symbol,ALL,20,confirmation,bullish,64,mae_median_price,0.063306666666666581,0.0019633333333333538,0.18825833333333175,2000
event_weighted,ALL,20,confirmation,bullish,64,mae_p75_price,0.0071399999999999242,0.0062500000000000888,0.0082800000000000651,2000
equal_symbol,ALL,20,confirmation,bullish,64,mae_p75_price,0.11842833333333773,0.0036766666666666428,0.35113833333333622,2000
event_weighted,ALL,20,confirmation,bullish,64,directional_close_return_p25_price,-0.0027599999999999847,-0.0031900000000000261,-0.0023800000000000487,2000
equal_symbol,ALL,20,confirmation,bullish,64,directional_close_return_p25_price,-0.060134999999999085,-0.18416999999999825,-0.0018300000000000167,2000
event_weighted,ALL,20,confirmation,bullish,64,directional_close_return_median_price,0.00018999999999991246,-9.9999999999988987e-05,0.00047999999999992493,2000
equal_symbol,ALL,20,confirmation,bullish,64,directional_close_return_median_price,0.011408333333335371,-0.00018166666666669107,0.039121666666668942,2000
event_weighted,ALL,20,confirmation,bullish,64,directional_close_return_p75_price,0.0030799999999999716,0.0026699999999999502,0.0035500000000000531,2000
equal_symbol,ALL,20,confirmation,bullish,64,directional_close_return_p75_price,0.076626666666667939,0.0017816666666666814,0.24305499999999969,2000
event_weighted,ALL,20,confirmation,bullish,64,mfe_p25_pips,11.099999999999444,10.399999999999299,12.100000000001554,2000
equal_symbol,ALL,20,confirmation,bullish,64,mfe_p25_pips,12.249999999999494,8.7833333333331414,16.549999999999958,2000
event_weighted,ALL,20,confirmation,bullish,64,mfe_median_pips,25.199999999998557,23.300000000000541,26.899999999998592,2000
equal_symbol,ALL,20,confirmation,bullish,64,mfe_median_pips,26.31666666666688,19.516666666666477,34.766666666666723,2000
event_weighted,ALL,20,confirmation,bullish,64,mfe_p75_pips,46.399999999999771,42.900000000000155,50.299999999998676,2000
equal_symbol,ALL,20,confirmation,bullish,64,mfe_p75_pips,46.799999999999898,34.433333333333167,61.166666666667197,2000
event_weighted,ALL,20,confirmation,bullish,64,mae_p25_pips,10.799999999999699,9.7999999999998089,11.900000000000244,2000
equal_symbol,ALL,20,confirmation,bullish,64,mae_p25_pips,11.116666666666775,9.3999999999998831,13.483333333332981,2000
event_weighted,ALL,20,confirmation,bullish,64,mae_median_pips,23.300000000000541,21.599999999999397,25.100000000000122,2000
equal_symbol,ALL,20,confirmation,bullish,64,mae_median_pips,24.216666666666224,19.41666666666638,29.799999999999155,2000
event_weighted,ALL,20,confirmation,bullish,64,mae_p75_pips,46.69999999999952,42.899999999999046,49.800000000001887,2000
equal_symbol,ALL,20,confirmation,bullish,64,mae_p75_pips,45.783333333334099,37.233333333333377,56.916666666666231,2000
event_weighted,ALL,20,confirmation,bullish,64,directional_close_return_p25_pips,-23.799999999999955,-27.099999999999902,-20.499999999998852,2000
equal_symbol,ALL,20,confirmation,bullish,64,directional_close_return_p25_pips,-23.85000000000025,-30.766666666666797,-18.366666666666347,2000
event_weighted,ALL,20,confirmation,bullish,64,directional_close_return_median_pips,1.500000000000945,-0.99999999999909051,4.0000000000006697,2000
equal_symbol,ALL,20,confirmation,bullish,64,directional_close_return_median_pips,1.8833333333338216,-1.6333333333334865,5.5833333333329191,2000
event_weighted,ALL,20,confirmation,bullish,64,directional_close_return_p75_pips,25.200000000000777,21.700000000000053,28.900000000000592,2000
equal_symbol,ALL,20,confirmation,bullish,64,directional_close_return_p75_pips,27.066666666666965,17.39999999999964,37.183333333333387,2000
event_weighted,ALL,20,confirmation,bullish,64,mfe_p25_widths,4.4583333333351263,4.0000000000013065,4.8219178082198111,2000
equal_symbol,ALL,20,confirmation,bullish,64,mfe_p25_widths,4.448770445094655,3.8436237748869289,4.9753975360461959,2000
event_weighted,ALL,20,confirmation,bullish,64,mfe_median_widths,11.787878787880725,10.895833333332659,12.75000000000111,2000
equal_symbol,ALL,20,confirmation,bullish,64,mfe_median_widths,11.69182007339044,10.350079365074736,13.059990187886688,2000
event_weighted,ALL,20,confirmation,bullish,64,mfe_p75_widths,33.000000000079936,30.214285714325591,36.749999999962533,2000
equal_symbol,ALL,20,confirmation,bullish,64,mfe_p75_widths,32.864357864389135,29.172008547011462,37.47386695906328,2000
event_weighted,ALL,20,confirmation,bullish,64,mae_p25_widths,3.9807692307685949,3.6363636363635217,4.3589743589741472,2000
equal_symbol,ALL,20,confirmation,bullish,64,mae_p25_widths,4.1811673280412798,3.5561411635737534,4.8969620261162863,2000
event_weighted,ALL,20,confirmation,bullish,64,mae_median_widths,11.00000000001943,10.078947368418415,12.199999999974988,2000
equal_symbol,ALL,20,confirmation,bullish,64,mae_median_widths,11.138629013625817,10.105135403763596,12.600435729852485,2000
event_weighted,ALL,20,confirmation,bullish,64,mae_p75_widths,31.766666666646781,28.777777777766538,34.666666666693807,2000
equal_symbol,ALL,20,confirmation,bullish,64,mae_p75_widths,32.435544871791876,28.802401837935562,36.641137566126581,2000
event_weighted,ALL,20,confirmation,bullish,64,directional_close_return_p25_widths,-10.793103448275472,-12.666666666679003,-9.2945736434095725,2000
equal_symbol,ALL,20,confirmation,bullish,64,directional_close_return_p25_widths,-11.023650696508666,-13.253915957568196,-9.0216895554258389,2000
event_weighted,ALL,20,confirmation,bullish,64,directional_close_return_median_widths,0.65217391304361261,-0.2857142857141724,1.3529411764701211,2000
equal_symbol,ALL,20,confirmation,bullish,64,directional_close_return_median_widths,0.51211383891690099,-0.64389931661718192,1.7099181831510786,2000
event_weighted,ALL,20,confirmation,bullish,64,directional_close_return_p75_widths,12.833333333332254,10.933333333342429,14.894736842103418,2000
equal_symbol,ALL,20,confirmation,bullish,64,directional_close_return_p75_widths,12.616725005203806,9.2708495857111988,15.820641703975021,2000
