economic_event_id,event_family,event_timestamp_utc,reference_period,oanda_period,period_status,period_detail,oanda_report_id,oanda_event_id,oanda_event,report_status,event_name_status,forecast_unit_status,forecast_unit_detail,actual_unit_status,actual_unit_detail,previous_unit_status,previous_unit_detail,forecast_raw,actual_raw,previous_raw
77,PPI,2011-07-14T07:30:00-05:00,June 2011,June,compatible_month,month=6,703,24462,Producer Price Index,standard_pinned_report,expected_event_name,consistent,,consistent,,consistent,,-0.1% m/m,-0.4% m/m,0.2% m/m
2301,RETAIL_SALES,2011-07-14T07:30:00-05:00,June 2011,June,compatible_month,month=6,696,24144,Retail Sales,standard_pinned_report,expected_event_name,missing,,consistent,,consistent,,,0.1% m/m,-0.2% m/m
78,CPI,2011-07-15T07:30:00-05:00,June 2011,June,compatible_month,month=6,699,24290,Consumer Price Index,standard_pinned_report,expected_event_name,consistent,,consistent,,consistent,,-0.1% m/m,-0.2% m/m,0.2% m/m
2302,DURABLE_GOODS,2011-07-27T07:30:00-05:00,June 2011,June,compatible_month,month=6,59,4333,Durable Goods Orders - pre..,standard_pinned_report,expected_event_name,consistent,,consistent,,consistent,,0.3% m/m,-2.1% m/m,2.1% m/m
1636,GDP,2011-07-29T07:30:00-05:00,Q2 2011 Advance,2Q,compatible_quarter,quarter=2,690,23812,GDP (Annualized) - pre..,standard_pinned_report,expected_event_name,consistent,,consistent,,consistent,,1.9%,1.3%,1.9%
1637,PCE,2011-08-02T07:30:00-05:00,June 2011,June,compatible_month,month=6,694,24035,Personal Consumption Expenditures,standard_pinned_report,expected_event_name,consistent,,consistent,,missing,,0.2% m/m,-0.2% m/m,
79,EMPLOYMENT,2011-08-05T07:30:00-05:00,July 2011,July,compatible_month,month=7,707,24661,Non-Farm Employment Change,standard_pinned_report,expected_event_name,consistent,,consistent,,consistent,,90 k,117 k,18 k
2142,FOMC,2011-08-09T13:15:00-05:00,FOMC 2011-08-09,August,compatible_fomc_month,official_date_month=8,82,7007,FOMC Interest Rate Decision,standard_pinned_report,expected_event_name,consistent,,consistent,,consistent,,0.25%,0.25%,0.25%
2303,RETAIL_SALES,2011-08-12T07:30:00-05:00,July 2011,July,compatible_month,month=7,696,24149,Retail Sales,standard_pinned_report,expected_event_name,consistent,,consistent,,consistent,,0.5% m/m,0.5% m/m,0.1% m/m
81,PPI,2011-08-17T07:30:00-05:00,July 2011,July,compatible_month,month=7,703,24466,Producer Price Index,standard_pinned_report,expected_event_name,missing,,consistent,,consistent,,,0.2% m/m,-0.4% m/m
82,CPI,2011-08-18T07:30:00-05:00,July 2011,July,compatible_month,month=7,699,24294,Consumer Price Index,standard_pinned_report,expected_event_name,consistent,,consistent,,consistent,,0.2% m/m,0.5% m/m,-0.2% m/m
2304,DURABLE_GOODS,2011-08-24T07:30:00-05:00,July 2011,July,compatible_month,month=7,59,4343,Durable Goods Orders - pre..,standard_pinned_report,expected_event_name,consistent,,consistent,,consistent,,1.9% m/m,4% m/m,-1.9% m/m
1638,GDP,2011-08-26T07:30:00-05:00,Q2 2011 Second,2Q,compatible_quarter,quarter=2,690,23815,GDP (Annualized) - rev..,standard_pinned_report,expected_event_name,consistent,,consistent,,consistent,,1.1%,1%,0.4%
1639,PCE,2011-08-29T07:30:00-05:00,July 2011,July,compatible_month,month=7,694,24040,Personal Consumption Expenditures,standard_pinned_report,expected_event_name,consistent,,consistent,,consistent,,0.4% m/m,0.8% m/m,-0.2% m/m
83,EMPLOYMENT,2011-09-02T07:30:00-05:00,August 2011,August,compatible_month,month=8,707,24666,Non-Farm Employment Change,standard_pinned_report,expected_event_name,consistent,,missing,,consistent,,75 k,,117 k
85,PPI,2011-09-14T07:30:00-05:00,August 2011,August,compatible_month,month=8,703,24470,Producer Price Index,standard_pinned_report,expected_event_name,consistent,,missing,,consistent,,-0.1% m/m,,0.2% m/m
2305,RETAIL_SALES,2011-09-14T07:30:00-05:00,August 2011,August,compatible_month,month=8,696,24154,Retail Sales,standard_pinned_report,expected_event_name,consistent,,missing,,consistent,,0.2% m/m,,0.5% m/m
86,CPI,2011-09-15T07:30:00-05:00,August 2011,August,compatible_month,month=8,699,24298,Consumer Price Index,standard_pinned_report,expected_event_name,consistent,,consistent,,consistent,,0.2% m/m,0.4% m/m,0.5% m/m
2143,FOMC,2011-09-21T13:15:00-05:00,FOMC 2011-09-21,September,compatible_fomc_month,official_date_month=9,82,7014,FOMC Interest Rate Decision,standard_pinned_report,expected_event_name,consistent,,consistent,,consistent,,0.25%,0.25%,0.25%
2306,DURABLE_GOODS,2011-09-28T07:30:00-05:00,August 2011,August,compatible_month,month=8,59,4353,Durable Goods Orders - pre..,standard_pinned_report,expected_event_name,consistent,,consistent,,consistent,,-0.6% m/m,-0.1% m/m,4.1% m/m
1640,GDP,2011-09-29T07:30:00-05:00,Q2 2011 Third,2Q,compatible_quarter,quarter=2,690,23820,GDP (Annualized) - fin..,standard_pinned_report,expected_event_name,consistent,,consistent,,consistent,,1.2%,1.3%,0.4%
1641,PCE,2011-09-30T07:30:00-05:00,August 2011,August,compatible_month,month=8,694,24045,Personal Consumption Expenditures,standard_pinned_report,expected_event_name,consistent,,consistent,,consistent,,0.2% m/m,0.2% m/m,0.8% m/m
87,EMPLOYMENT,2011-10-07T07:30:00-05:00,September 2011,September,compatible_month,month=9,707,24671,Non-Farm Employment Change,standard_pinned_report,expected_event_name,consistent,,consistent,,missing,,60 k,103 k,
2307,RETAIL_SALES,2011-10-14T07:30:00-05:00,September 2011,September,compatible_month,month=9,696,24159,Retail Sales,standard_pinned_report,expected_event_name,consistent,,consistent,,missing,,0.6% m/m,1.1% m/m,
89,PPI,2011-10-18T07:30:00-05:00,September 2011,September,compatible_month,month=9,703,24474,Producer Price Index,standard_pinned_report,expected_event_name,consistent,,consistent,,missing,,0.2% m/m,0.8% m/m,
90,CPI,2011-10-19T07:30:00-05:00,September 2011,September,compatible_month,month=9,699,24302,Consumer Price Index,standard_pinned_report,expected_event_name,consistent,,consistent,,consistent,,0.3% m/m,0.3% m/m,0.4% m/m
2308,DURABLE_GOODS,2011-10-26T07:30:00-05:00,September 2011,September,compatible_month,month=9,59,4363,Durable Goods Orders - pre..,standard_pinned_report,expected_event_name,consistent,,consistent,,consistent,,-0.7% m/m,-0.8% m/m,-0.1% m/m
1642,GDP,2011-10-27T07:30:00-05:00,Q3 2011 Advance,3Q,compatible_quarter,quarter=3,690,23813,GDP (Annualized) - pre..,standard_pinned_report,expected_event_name,consistent,,consistent,,consistent,,2.5%,2.5%,1.3%
1643,PCE,2011-10-28T07:30:00-05:00,September 2011,September,compatible_month,month=9,694,24050,Personal Consumption Expenditures,standard_pinned_report,expected_event_name,consistent,,consistent,,consistent,,0.5% m/m,0.6% m/m,0.2% m/m
2144,FOMC,2011-11-02T11:30:00-05:00,FOMC 2011-11-02,November,compatible_fomc_month,official_date_month=11,82,7026,FOMC Interest Rate Decision,standard_pinned_report,expected_event_name,consistent,,consistent,,consistent,,0.25%,0.25%,0.25%
91,EMPLOYMENT,2011-11-04T07:30:00-05:00,October 2011,October,compatible_month,month=10,707,24676,Non-Farm Employment Change,standard_pinned_report,expected_event_name,consistent,,consistent,,consistent,,95 k,80 k,103 k
93,PPI,2011-11-15T07:30:00-06:00,October 2011,October,compatible_month,month=10,703,24478,Producer Price Index,standard_pinned_report,expected_event_name,consistent,,consistent,,consistent,,0.1% m/m,-0.3% m/m,0.8% m/m
2309,RETAIL_SALES,2011-11-15T07:30:00-06:00,October 2011,October,compatible_month,month=10,696,24164,Retail Sales,standard_pinned_report,expected_event_name,consistent,,consistent,,consistent,,0.2% m/m,0.5% m/m,1.1% m/m
94,CPI,2011-11-16T07:30:00-06:00,October 2011,October,compatible_month,month=10,699,24306,Consumer Price Index,standard_pinned_report,expected_event_name,missing,,consistent,,consistent,,,-0.1% m/m,0.3% m/m
1644,GDP,2011-11-22T07:30:00-06:00,Q3 2011 Second,3Q,compatible_quarter,quarter=3,690,23816,GDP (Annualized) - rev..,standard_pinned_report,expected_event_name,consistent,,consistent,,consistent,,2.5%,2%,1.3%
2310,DURABLE_GOODS,2011-11-23T07:30:00-06:00,October 2011,October,compatible_month,month=10,59,4373,Durable Goods Orders - pre..,standard_pinned_report,expected_event_name,consistent,,consistent,,consistent,,-0.9% m/m,-0.7% m/m,-0.6% m/m
1645,PCE,2011-11-23T07:30:00-06:00,October 2011,October,compatible_month,month=10,694,24055,Personal Consumption Expenditures,standard_pinned_report,expected_event_name,consistent,,consistent,,consistent,,0.3% m/m,0.1% m/m,0.6% m/m
95,EMPLOYMENT,2011-12-02T07:30:00-06:00,November 2011,November,compatible_month,month=11,707,24681,Non-Farm Employment Change,standard_pinned_report,expected_event_name,consistent,,consistent,,consistent,,125 k,120 k,80 k
2311,RETAIL_SALES,2011-12-13T07:30:00-06:00,November 2011,November,compatible_month,month=11,696,24169,Retail Sales,standard_pinned_report,expected_event_name,consistent,,consistent,,consistent,,0.5% m/m,0.2% m/m,0.5% m/m
2145,FOMC,2011-12-13T13:15:00-06:00,FOMC 2011-12-13,December,compatible_fomc_month,official_date_month=12,82,7030,FOMC Interest Rate Decision,standard_pinned_report,expected_event_name,consistent,,consistent,,consistent,,0.25%,0.25%,0.25%
97,PPI,2011-12-15T07:30:00-06:00,November 2011,November,compatible_month,month=11,703,24482,Producer Price Index,standard_pinned_report,expected_event_name,consistent,,consistent,,consistent,,0.2% m/m,0.3% m/m,-0.3% m/m
98,CPI,2011-12-16T07:30:00-06:00,November 2011,November,compatible_month,month=11,699,24310,Consumer Price Index,standard_pinned_report,expected_event_name,consistent,,missing,,consistent,,0.1% m/m,,-0.1% m/m
1646,GDP,2011-12-22T07:30:00-06:00,Q3 2011 Third,3Q,compatible_quarter,quarter=3,690,23821,GDP (Annualized) - fin..,standard_pinned_report,expected_event_name,consistent,,consistent,,consistent,,2%,1.8%,1.3%
2312,DURABLE_GOODS,2011-12-23T07:30:00-06:00,November 2011,November,compatible_month,month=11,59,4382,Durable Goods Orders - pre..,standard_pinned_report,expected_event_name,consistent,,consistent,,consistent,,2% m/m,3.8% m/m,-0.5% m/m
1647,PCE,2011-12-23T07:30:00-06:00,November 2011,November,compatible_month,month=11,694,24060,Personal Consumption Expenditures,standard_pinned_report,expected_event_name,consistent,,consistent,,consistent,,0.3% m/m,0.1% m/m,0.1% m/m
99,EMPLOYMENT,2012-01-06T07:30:00-06:00,December 2011,December,compatible_month,month=12,707,24686,Non-Farm Employment Change,standard_pinned_report,expected_event_name,consistent,,consistent,,consistent,,150 k,200 k,120 k
2313,RETAIL_SALES,2012-01-12T07:30:00-06:00,December 2011,December,compatible_month,month=12,696,24174,Retail Sales,standard_pinned_report,expected_event_name,consistent,,consistent,,consistent,,0.3% m/m,0.1% m/m,0.2% m/m
101,PPI,2012-01-18T07:30:00-06:00,December 2011,December,compatible_month,month=12,703,24486,Producer Price Index,standard_pinned_report,expected_event_name,consistent,,consistent,,consistent,,0.1% m/m,-0.1% m/m,0.3% m/m
102,CPI,2012-01-19T07:30:00-06:00,December 2011,December,compatible_month,month=12,699,24314,Consumer Price Index,standard_pinned_report,expected_event_name,consistent,,missing,,missing,,0.1% m/m,,
2146,FOMC,2012-01-25T11:30:00-06:00,FOMC 2012-01-25,January,compatible_fomc_month,official_date_month=1,82,6984,FOMC Interest Rate Decision,standard_pinned_report,expected_event_name,consistent,,consistent,,consistent,,0.25%,0.25%,0.25%
2314,DURABLE_GOODS,2012-01-26T07:30:00-06:00,December 2011,December,compatible_month,month=12,59,4393,Durable Goods Orders - pre..,standard_pinned_report,expected_event_name,consistent,,consistent,,consistent,,2% m/m,3% m/m,3.7% m/m
1648,GDP,2012-01-27T07:30:00-06:00,Q4 2011 Advance,4Q,compatible_quarter,quarter=4,690,23822,GDP (Annualized) - pre..,standard_pinned_report,expected_event_name,consistent,,consistent,,consistent,,3%,2.8%,1.8%
1649,PCE,2012-01-30T07:30:00-06:00,December 2011,December,compatible_month,month=12,694,24065,Personal Consumption Expenditures,standard_pinned_report,expected_event_name,consistent,,missing,,consistent,,0.1% m/m,,0.1% m/m
103,EMPLOYMENT,2012-02-03T07:30:00-06:00,January 2012,January,compatible_month,month=1,707,24634,Non-Farm Employment Change,standard_pinned_report,expected_event_name,consistent,,consistent,,consistent,,155 k,243 k,200 k
2315,RETAIL_SALES,2012-02-14T07:30:00-06:00,January 2012,January,compatible_month,month=1,696,24124,Retail Sales,standard_pinned_report,expected_event_name,consistent,,consistent,,consistent,,0.6% m/m,0.4% m/m,0.1% m/m
105,PPI,2012-02-16T07:30:00-06:00,January 2012,January,compatible_month,month=1,703,24446,Producer Price Index,standard_pinned_report,expected_event_name,consistent,,consistent,,consistent,,0.4% m/m,0.1% m/m,-0.1% m/m
106,CPI,2012-02-17T07:30:00-06:00,January 2012,January,compatible_month,month=1,699,24274,Consumer Price Index,standard_pinned_report,expected_event_name,consistent,,consistent,,missing,,0.3% m/m,0.2% m/m,
2316,DURABLE_GOODS,2012-02-28T07:30:00-06:00,January 2012,January,compatible_month,month=1,59,4291,Durable Goods Orders - pre..,standard_pinned_report,expected_event_name,consistent,,consistent,,consistent,,"-0,9% m/m",-4% m/m,3% m/m
1650,GDP,2012-02-29T07:30:00-06:00,Q4 2011 Second,4Q,compatible_quarter,quarter=4,690,23823,GDP (Annualized) - rev..,standard_pinned_report,expected_event_name,consistent,,consistent,,consistent,,2.8%,3%,1.8%
1651,PCE,2012-03-01T07:30:00-06:00,January 2012,January,compatible_month,month=1,694,24014,Personal Consumption Expenditures,standard_pinned_report,expected_event_name,consistent,,consistent,,missing,,0.4% m/m,0.2% m/m,
107,EMPLOYMENT,2012-03-09T07:30:00-06:00,February 2012,February,compatible_month,month=2,707,24638,Non-Farm Employment Change,standard_pinned_report,expected_event_name,consistent,,consistent,,consistent,,210 k,227 k,243 k
2317,RETAIL_SALES,2012-03-13T07:30:00-05:00,February 2012,February,compatible_month,month=2,696,24128,Retail Sales,standard_pinned_report,expected_event_name,consistent,,consistent,,consistent,,1% m/m,1.1% m/m,0.4% m/m
2147,FOMC,2012-03-13T13:15:00-05:00,FOMC 2012-03-13,March,compatible_fomc_month,official_date_month=3,82,6990,FOMC Interest Rate Decision,standard_pinned_report,expected_event_name,consistent,,consistent,,consistent,,0.25%,0.25%,0.25%
109,PPI,2012-03-15T07:30:00-05:00,February 2012,February,compatible_month,month=2,703,24449,Producer Price Index,standard_pinned_report,expected_event_name,consistent,,consistent,,consistent,,0.4% m/m,0.4% m/m,0.1% m/m
110,CPI,2012-03-16T07:30:00-05:00,February 2012,February,compatible_month,month=2,699,24277,Consumer Price Index,standard_pinned_report,expected_event_name,consistent,,consistent,,consistent,,0.4% m/m,0.4% m/m,0.2% m/m
2318,DURABLE_GOODS,2012-03-28T07:30:00-05:00,February 2012,February,compatible_month,month=2,59,4299,Durable Goods Orders - pre..,standard_pinned_report,expected_event_name,consistent,,consistent,,consistent,,3% m/m,"2,2% m/m","-3,7% m/m"
1652,GDP,2012-03-29T07:30:00-05:00,Q4 2011 Third,4Q,compatible_quarter,quarter=4,690,23824,GDP (Annualized) - fin..,standard_pinned_report,expected_event_name,consistent,,consistent,,consistent,,3%,3%,1.8%
1653,PCE,2012-03-30T07:30:00-05:00,February 2012,February,compatible_month,month=2,694,24019,Personal Consumption Expenditures,standard_pinned_report,expected_event_name,consistent,,consistent,,consistent,,0.5% m/m,0.8% m/m,0.2% m/m
112,EMPLOYMENT,2012-04-06T07:30:00-05:00,March 2012,March,compatible_month,month=3,707,24643,Non-Farm Employment Change,standard_pinned_report,expected_event_name,consistent,,consistent,,consistent,,200 k,120 k,227 k
114,PPI,2012-04-12T07:30:00-05:00,March 2012,March,compatible_month,month=3,703,24452,Producer Price Index,standard_pinned_report,expected_event_name,consistent,,missing,,consistent,,0.3% m/m,,0.4% m/m
115,CPI,2012-04-13T07:30:00-05:00,March 2012,March,compatible_month,month=3,699,24280,Consumer Price Index,standard_pinned_report,expected_event_name,consistent,,consistent,,consistent,,0.3% m/m,0.3% m/m,0.4% m/m
2319,RETAIL_SALES,2012-04-16T07:30:00-05:00,March 2012,March,compatible_month,month=3,696,24132,Retail Sales,standard_pinned_report,expected_event_name,consistent,,consistent,,consistent,,0.3% m/m,0.8% m/m,1.1% m/m
2320,DURABLE_GOODS,2012-04-25T07:30:00-05:00,March 2012,March,compatible_month,month=3,59,4307,Durable Goods Orders - pre..,standard_pinned_report,expected_event_name,consistent,,consistent,,consistent,,"-1,5% m/m","-4,2% m/m","2,4% m/m"
2148,FOMC,2012-04-25T11:30:00-05:00,FOMC 2012-04-25,April,compatible_fomc_month,official_date_month=4,82,6995,FOMC Interest Rate Decision,standard_pinned_report,expected_event_name,consistent,,consistent,,consistent,,0.25%,0.25%,0.25%
1654,GDP,2012-04-27T07:30:00-05:00,Q1 2012 Advance,1Q,compatible_quarter,quarter=1,690,23825,GDP (Annualized) - pre..,standard_pinned_report,expected_event_name,consistent,,consistent,,consistent,,"2,5%","2,2%",3%
1655,PCE,2012-04-30T07:30:00-05:00,March 2012,March,compatible_month,month=3,694,24023,Personal Consumption Expenditures,standard_pinned_report,expected_event_name,consistent,,consistent,,consistent,,0.5% m/m,0.3% m/m,0.8% m/m
116,EMPLOYMENT,2012-05-04T07:30:00-05:00,April 2012,April,compatible_month,month=4,707,24647,Non-Farm Employment Change,standard_pinned_report,expected_event_name,consistent,,consistent,,consistent,,170 k,115 k,120 k
118,PPI,2012-05-11T07:30:00-05:00,April 2012,April,compatible_month,month=4,703,24455,Producer Price Index,standard_pinned_report,expected_event_name,missing,,consistent,,missing,,,-0.2% m/m,
119,CPI,2012-05-15T07:30:00-05:00,April 2012,April,compatible_month,month=4,699,24283,Consumer Price Index,standard_pinned_report,expected_event_name,consistent,,missing,,consistent,,0.1% m/m,,0.3% m/m
2321,RETAIL_SALES,2012-05-15T07:30:00-05:00,April 2012,April,compatible_month,month=4,696,24136,Retail Sales,standard_pinned_report,expected_event_name,consistent,,consistent,,consistent,,0.2% m/m,0.1% m/m,0.8% m/m
2322,DURABLE_GOODS,2012-05-24T07:30:00-05:00,April 2012,April,compatible_month,month=4,59,4316,Durable Goods Orders - pre..,standard_pinned_report,expected_event_name,consistent,,consistent,,consistent,,"0,5% m/m","0,2% m/m",-4% m/m
1656,GDP,2012-05-31T07:30:00-05:00,Q1 2012 Second,1Q,compatible_quarter,quarter=1,690,23826,GDP (Annualized) - rev..,standard_pinned_report,expected_event_name,consistent,,consistent,,consistent,,"1,9%","1,9%",3%
120,EMPLOYMENT,2012-06-01T07:30:00-05:00,May 2012,May,compatible_month,month=5,707,24651,Non-Farm Employment Change,standard_pinned_report,expected_event_name,consistent,,consistent,,consistent,,150 k,69 k,115 k
1657,PCE,2012-06-01T07:30:00-05:00,April 2012,April,compatible_month,month=4,694,24027,Personal Consumption Expenditures,standard_pinned_report,expected_event_name,consistent,,consistent,,consistent,,0.3% m/m,0.3% m/m,0.3% m/m
121,PPI,2012-06-13T07:30:00-05:00,May 2012,May,compatible_month,month=5,703,24459,Producer Price Index,standard_pinned_report,expected_event_name,consistent,,consistent,,consistent,,-0.6% m/m,-1% m/m,-0.2% m/m
2323,RETAIL_SALES,2012-06-13T07:30:00-05:00,May 2012,May,compatible_month,month=5,696,24140,Retail Sales,standard_pinned_report,expected_event_name,consistent,,consistent,,consistent,,-0.2% m/m,-0.2% m/m,0.1% m/m
122,CPI,2012-06-14T07:30:00-05:00,May 2012,May,compatible_month,month=5,699,24287,Consumer Price Index,standard_pinned_report,expected_event_name,consistent,,consistent,,missing,,-0.2% m/m,-0.3% m/m,
2149,FOMC,2012-06-20T11:30:00-05:00,FOMC 2012-06-20,June,compatible_fomc_month,official_date_month=6,82,7000,FOMC Interest Rate Decision,standard_pinned_report,expected_event_name,consistent,,consistent,,consistent,,0.25%,0.25%,0.25%
2324,DURABLE_GOODS,2012-06-27T07:30:00-05:00,May 2012,May,compatible_month,month=5,59,4326,Durable Goods Orders - pre..,standard_pinned_report,expected_event_name,consistent,,consistent,,missing,,"0,4% m/m","1,1% m/m",
1658,GDP,2012-06-28T07:30:00-05:00,Q1 2012 Third,1Q,compatible_quarter,quarter=1,690,23827,GDP (Annualized) - fin..,standard_pinned_report,expected_event_name,consistent,,consistent,,consistent,,"1,9%","1,9%",3%
1659,PCE,2012-06-29T07:30:00-05:00,May 2012,May,compatible_month,month=5,694,24031,Personal Consumption Expenditures,standard_pinned_report,expected_event_name,missing,,missing,,consistent,,,,0.3% m/m
124,EMPLOYMENT,2012-07-06T07:30:00-05:00,June 2012,June,compatible_month,month=6,707,24657,Non-Farm Employment Change,standard_pinned_report,expected_event_name,consistent,,consistent,,consistent,,90 k,80 k,69 k
126,PPI,2012-07-13T07:30:00-05:00,June 2012,June,compatible_month,month=6,703,24463,Producer Price Index,standard_pinned_report,expected_event_name,consistent,,consistent,,consistent,,-0.6% m/m,0.1% m/m,-1% m/m
2325,RETAIL_SALES,2012-07-16T07:30:00-05:00,June 2012,June,compatible_month,month=6,696,24145,Retail Sales,standard_pinned_report,expected_event_name,consistent,,consistent,,consistent,,0.2% m/m,-0.5% m/m,-0.2% m/m
127,CPI,2012-07-17T07:30:00-05:00,June 2012,June,compatible_month,month=6,699,24291,Consumer Price Index,standard_pinned_report,expected_event_name,missing,,missing,,consistent,,,,-0.3% m/m
2326,DURABLE_GOODS,2012-07-26T07:30:00-05:00,June 2012,June,compatible_month,month=6,59,4335,Durable Goods Orders - pre..,standard_pinned_report,expected_event_name,consistent,,consistent,,consistent,,"0,4% m/m","1,6% m/m","1,3% m/m"
1660,GDP,2012-07-27T07:30:00-05:00,Q2 2012 Advance,2Q,compatible_quarter,quarter=2,690,23828,GDP (Annualized) - pre..,standard_pinned_report,expected_event_name,consistent,,consistent,,consistent,,"1,4%","1,5%","1,9%"
1661,PCE,2012-07-31T07:30:00-05:00,June 2012,June,compatible_month,month=6,694,24036,Personal Consumption Expenditures,standard_pinned_report,expected_event_name,consistent,,missing,,missing,,0.1% m/m,,
2150,FOMC,2012-08-01T13:15:00-05:00,FOMC 2012-08-01,August,compatible_fomc_month,official_date_month=8,82,7008,FOMC Interest Rate Decision,standard_pinned_report,expected_event_name,consistent,,consistent,,consistent,,0.25%,0.25%,0.25%
128,EMPLOYMENT,2012-08-03T07:30:00-05:00,July 2012,July,compatible_month,month=7,707,24662,Non-Farm Employment Change,standard_pinned_report,expected_event_name,consistent,,consistent,,consistent,,100 k,163 k,80 k
130,PPI,2012-08-14T07:30:00-05:00,July 2012,July,compatible_month,month=7,703,24467,Producer Price Index,standard_pinned_report,expected_event_name,consistent,,consistent,,consistent,,0.2% m/m,0.3% m/m,0.1% m/m
2327,RETAIL_SALES,2012-08-14T07:30:00-05:00,July 2012,July,compatible_month,month=7,696,24150,Retail Sales,standard_pinned_report,expected_event_name,consistent,,consistent,,consistent,,0.3% m/m,0.8% m/m,-0.5% m/m
131,CPI,2012-08-15T07:30:00-05:00,July 2012,July,compatible_month,month=7,699,24295,Consumer Price Index,standard_pinned_report,expected_event_name,consistent,,missing,,missing,,0.2% m/m,,
2328,DURABLE_GOODS,2012-08-24T07:30:00-05:00,July 2012,July,compatible_month,month=7,59,4346,Durable Goods Orders - pre..,standard_pinned_report,expected_event_name,consistent,,consistent,,consistent,,"2,4% m/m","4,2% m/m","1,3% m/m"
1662,GDP,2012-08-29T07:30:00-05:00,Q2 2012 Second,2Q,compatible_quarter,quarter=2,690,23829,GDP (Annualized) - rev..,standard_pinned_report,expected_event_name,consistent,,consistent,,consistent,,"1,7%","1,7%",2%
1663,PCE,2012-08-30T07:30:00-05:00,July 2012,July,compatible_month,month=7,694,24041,Personal Consumption Expenditures,standard_pinned_report,expected_event_name,consistent,,consistent,,missing,,0.4% m/m,0.4% m/m,
132,EMPLOYMENT,2012-09-07T07:30:00-05:00,August 2012,August,compatible_month,month=8,707,24667,Non-Farm Employment Change,standard_pinned_report,expected_event_name,consistent,,consistent,,consistent,,125 k,96 k,163 k
134,PPI,2012-09-13T07:30:00-05:00,August 2012,August,compatible_month,month=8,703,24471,Producer Price Index,standard_pinned_report,expected_event_name,consistent,,consistent,,consistent,,1.1% m/m,1.7% m/m,0.3% m/m
2151,FOMC,2012-09-13T11:30:00-05:00,FOMC 2012-09-13,September,compatible_fomc_month,official_date_month=9,82,7015,FOMC Interest Rate Decision,standard_pinned_report,expected_event_name,consistent,,consistent,,consistent,,0.25%,0.25%,0.25%
135,CPI,2012-09-14T07:30:00-05:00,August 2012,August,compatible_month,month=8,699,24299,Consumer Price Index,standard_pinned_report,expected_event_name,consistent,,consistent,,missing,,0.5% m/m,0.6% m/m,
2329,RETAIL_SALES,2012-09-14T07:30:00-05:00,August 2012,August,compatible_month,month=8,696,24155,Retail Sales,standard_pinned_report,expected_event_name,consistent,,consistent,,consistent,,0.7% m/m,0.9% m/m,0.8% m/m
2330,DURABLE_GOODS,2012-09-27T07:30:00-05:00,August 2012,August,compatible_month,month=8,59,4356,Durable Goods Orders - pre..,standard_pinned_report,expected_event_name,consistent,,consistent,,consistent,,"-4,5% m/m","-13,2% m/m","4,1% m/m"
1664,GDP,2012-09-27T07:30:00-05:00,Q2 2012 Third,2Q,compatible_quarter,quarter=2,690,23830,GDP (Annualized) - fin..,standard_pinned_report,expected_event_name,consistent,,consistent,,consistent,,"1,7%","1,3%",2%
1665,PCE,2012-09-28T07:30:00-05:00,August 2012,August,compatible_month,month=8,694,24046,Personal Consumption Expenditures,standard_pinned_report,expected_event_name,consistent,,consistent,,consistent,,0.4% m/m,0.5% m/m,0.4% m/m
136,EMPLOYMENT,2012-10-05T07:30:00-05:00,September 2012,September,compatible_month,month=9,707,24672,Non-Farm Employment Change,standard_pinned_report,expected_event_name,consistent,,consistent,,consistent,,112 k,114 k,96 k
138,PPI,2012-10-12T07:30:00-05:00,September 2012,September,compatible_month,month=9,703,24475,Producer Price Index,standard_pinned_report,expected_event_name,consistent,,consistent,,consistent,,0.7% m/m,1.1% m/m,1.7% m/m
2331,RETAIL_SALES,2012-10-15T07:30:00-05:00,September 2012,September,compatible_month,month=9,696,24160,Retail Sales,standard_pinned_report,expected_event_name,consistent,,consistent,,consistent,,0.8% m/m,1.1% m/m,0.9% m/m
139,CPI,2012-10-16T07:30:00-05:00,September 2012,September,compatible_month,month=9,699,24303,Consumer Price Index,standard_pinned_report,expected_event_name,consistent,,consistent,,consistent,,0.5% m/m,0.6% m/m,0.6% m/m
2152,FOMC,2012-10-24T13:15:00-05:00,FOMC 2012-10-24,October,compatible_fomc_month,official_date_month=10,82,7021,FOMC Interest Rate Decision,standard_pinned_report,expected_event_name,consistent,,consistent,,consistent,,0.25%,0.25%,0.25%
2332,DURABLE_GOODS,2012-10-25T07:30:00-05:00,September 2012,September,compatible_month,month=9,59,4366,Durable Goods Orders - pre..,standard_pinned_report,expected_event_name,consistent,,consistent,,consistent,,7% m/m,"9,9% m/m","-13,2% m/m"
1666,GDP,2012-10-26T07:30:00-05:00,Q3 2012 Advance,3Q,compatible_quarter,quarter=3,690,23831,GDP (Annualized) - pre..,standard_pinned_report,expected_event_name,consistent,,consistent,,consistent,,"1,9%",2%,"1,3%"
1667,PCE,2012-10-29T07:30:00-05:00,September 2012,September,compatible_month,month=9,694,24051,Personal Consumption Expenditures,standard_pinned_report,expected_event_name,consistent,,consistent,,consistent,,0.6% m/m,0.8% m/m,0.5% m/m
140,EMPLOYMENT,2012-11-02T07:30:00-05:00,October 2012,October,compatible_month,month=10,707,24677,Non-Farm Employment Change,standard_pinned_report,expected_event_name,consistent,,consistent,,consistent,,125 k,171 k,114 k
142,PPI,2012-11-14T07:30:00-06:00,October 2012,October,compatible_month,month=10,703,24479,Producer Price Index,standard_pinned_report,expected_event_name,consistent,,consistent,,consistent,,"0,2% m/m",-0.2% m/m,1.1% m/m
2333,RETAIL_SALES,2012-11-14T07:30:00-06:00,October 2012,October,compatible_month,month=10,696,24165,Retail Sales,standard_pinned_report,expected_event_name,consistent,,consistent,,consistent,,"-0,2% m/m",-0.3% m/m,1.1% m/m
143,CPI,2012-11-15T07:30:00-06:00,October 2012,October,compatible_month,month=10,699,24307,Consumer Price Index,standard_pinned_report,expected_event_name,consistent,,consistent,,consistent,,"0,1% m/m",0.1% m/m,0.6% m/m
2334,DURABLE_GOODS,2012-11-27T07:30:00-06:00,October 2012,October,compatible_month,month=10,59,4376,Durable Goods Orders - pre..,standard_pinned_report,expected_event_name,consistent,,missing,,consistent,,"-0,5% m/m",,"9,8% m/m"
1668,GDP,2012-11-29T07:30:00-06:00,Q3 2012 Second,3Q,compatible_quarter,quarter=3,690,23832,GDP (Annualized) - rev..,standard_pinned_report,expected_event_name,consistent,,consistent,,consistent,,"2,8%","2,7%","1,3%"
1669,PCE,2012-11-30T07:30:00-06:00,October 2012,October,compatible_month,month=10,694,24056,Personal Consumption Expenditures,standard_pinned_report,expected_event_name,consistent,,consistent,,consistent,,"0,1% m/m","-0,2% m/m",0.8% m/m
144,EMPLOYMENT,2012-12-07T07:30:00-06:00,November 2012,November,compatible_month,month=11,707,24682,Non-Farm Employment Change,standard_pinned_report,expected_event_name,consistent,,consistent,,consistent,,100 k,146 k,171 k
2153,FOMC,2012-12-12T11:30:00-06:00,FOMC 2012-12-12,December,compatible_fomc_month,official_date_month=12,82,7032,FOMC Interest Rate Decision,standard_pinned_report,expected_event_name,consistent,,consistent,,consistent,,"0-0,25%","0-0,25%","0-0,25%"
146,PPI,2012-12-13T07:30:00-06:00,November 2012,November,compatible_month,month=11,703,24483,Producer Price Index,standard_pinned_report,expected_event_name,consistent,,consistent,,consistent,,"-0,5% m/m","-0,8% m/m","-0,2% m/m"
2335,RETAIL_SALES,2012-12-13T07:30:00-06:00,November 2012,November,compatible_month,month=11,696,24170,Retail Sales,standard_pinned_report,expected_event_name,consistent,,consistent,,consistent,,"0,5% m/m","0,3% m/m","-0,3% m/m"
147,CPI,2012-12-14T07:30:00-06:00,November 2012,November,compatible_month,month=11,699,24311,Consumer Price Index,standard_pinned_report,expected_event_name,consistent,,consistent,,consistent,,"-0,2% m/m","-0,3% m/m","0,1% m/m"
1670,GDP,2012-12-20T07:30:00-06:00,Q3 2012 Third,3Q,compatible_quarter,quarter=3,690,23833,GDP (Annualized) - fin..,standard_pinned_report,expected_event_name,consistent,,consistent,,consistent,,"2,7%","3,1%","1,3%"
2336,DURABLE_GOODS,2012-12-21T07:30:00-06:00,November 2012,November,compatible_month,month=11,59,33223,Durable Goods Orders - pre..,standard_pinned_report,expected_event_name,consistent,,consistent,,consistent,,"0,2% m/m","0,7% m/m","0,5% m/m"
1671,PCE,2012-12-21T07:30:00-06:00,November 2012,November,compatible_month,month=11,694,24061,Personal Consumption Expenditures,standard_pinned_report,expected_event_name,consistent,,consistent,,consistent,,"0,4% m/m","0,4% m/m","-0,2% m/m"
148,EMPLOYMENT,2013-01-04T07:30:00-06:00,December 2012,December,compatible_month,month=12,707,33236,Non-Farm Employment Change,standard_pinned_report,expected_event_name,consistent,,consistent,,consistent,,150 k,155 k,146 k
150,PPI,2013-01-15T07:30:00-06:00,December 2012,December,compatible_month,month=12,703,33986,Producer Price Index,standard_pinned_report,expected_event_name,consistent,,consistent,,consistent,,"-0,1% m/m","-0,2% m/m","-0,8% m/m"
2337,RETAIL_SALES,2013-01-15T07:30:00-06:00,December 2012,December,compatible_month,month=12,696,34135,Retail Sales,standard_pinned_report,expected_event_name,consistent,,consistent,,consistent,,"0,2% m/m","0,5% m/m","0,3% m/m"
151,CPI,2013-01-16T07:30:00-06:00,December 2012,December,compatible_month,month=12,699,33971,Consumer Price Index,standard_pinned_report,expected_event_name,consistent,,missing,,consistent,,"0,1% m/m",,"-0,3% m/m"
2338,DURABLE_GOODS,2013-01-28T07:30:00-06:00,December 2012,December,compatible_month,month=12,59,34590,Durable Goods Orders - pre..,standard_pinned_report,expected_event_name,consistent,,consistent,,consistent,,"1,7% m/m","4,6% m/m","0,8% m/m"
1672,GDP,2013-01-30T07:30:00-06:00,Q4 2012 Advance,4Q,compatible_quarter,quarter=4,690,33188,GDP (Annualized) - pre..,standard_pinned_report,expected_event_name,consistent,,consistent,,consistent,,"1,1%","-0,1%","3,1%"
2154,FOMC,2013-01-30T13:15:00-06:00,FOMC 2013-01-30,January,compatible_fomc_month,official_date_month=1,82,6985,FOMC Interest Rate Decision,standard_pinned_report,expected_event_name,consistent,,consistent,,consistent,,"0-0,25%","0-0,25%","0-0,25%"
1673,PCE,2013-01-31T07:30:00-06:00,December 2012,December,compatible_month,month=12,694,33888,Personal Consumption Expenditures,standard_pinned_report,expected_event_name,consistent,,consistent,,consistent,,"0,3% m/m","0,2% m/m","0,4% m/m"
152,EMPLOYMENT,2013-02-01T07:30:00-06:00,January 2013,January,compatible_month,month=1,707,34049,Non-Farm Employment Change,standard_pinned_report,expected_event_name,consistent,,consistent,,consistent,,160 k,157 k,155 k
2339,RETAIL_SALES,2013-02-13T07:30:00-06:00,January 2013,January,compatible_month,month=1,696,34167,Retail Sales,standard_pinned_report,expected_event_name,consistent,,consistent,,consistent,,"0,1% m/m","0,1% m/m","0,5% m/m"
154,PPI,2013-02-20T07:30:00-06:00,January 2013,January,compatible_month,month=1,703,33991,Producer Price Index,standard_pinned_report,expected_event_name,consistent,,consistent,,consistent,,"0,3% m/m","0,2% m/m","-0,2% m/m"
155,CPI,2013-02-21T07:30:00-06:00,January 2013,January,compatible_month,month=1,699,33976,Consumer Price Index,standard_pinned_report,expected_event_name,consistent,,missing,,missing,,"0,1% m/m",,
2340,DURABLE_GOODS,2013-02-27T07:30:00-06:00,January 2013,January,compatible_month,month=1,59,34592,Durable Goods Orders - pre..,standard_pinned_report,expected_event_name,consistent,,consistent,,consistent,,"-3,9% m/m","-5,2% m/m","4,3% m/m"
1674,GDP,2013-02-28T07:30:00-06:00,Q4 2012 Second,4Q,compatible_quarter,quarter=4,690,33195,GDP (Annualized) - rev..,standard_pinned_report,expected_event_name,consistent,,consistent,,consistent,,"0,5%","0,1%","3,1%"
1675,PCE,2013-03-01T07:30:00-06:00,January 2013,January,compatible_month,month=1,694,33892,Personal Consumption Expenditures,standard_pinned_report,expected_event_name,consistent,,consistent,,consistent,,"0,2% m/m","0,2% m/m","0,2% m/m"
156,EMPLOYMENT,2013-03-08T07:30:00-06:00,February 2013,February,compatible_month,month=2,707,34055,Non-Farm Employment Change,standard_pinned_report,expected_event_name,consistent,,consistent,,consistent,,160 k,236 k,157 k
2341,RETAIL_SALES,2013-03-13T07:30:00-05:00,February 2013,February,compatible_month,month=2,696,34170,Retail Sales,standard_pinned_report,expected_event_name,consistent,,consistent,,consistent,,"0,5% m/m","1,1% m/m","0,1% m/m"
158,PPI,2013-03-14T07:30:00-05:00,February 2013,February,compatible_month,month=2,703,33996,Producer Price Index,standard_pinned_report,expected_event_name,consistent,,consistent,,consistent,,"0,7% m/m","0,7% m/m","0,2% m/m"
159,CPI,2013-03-15T07:30:00-05:00,February 2013,February,compatible_month,month=2,699,33981,Consumer Price Index,standard_pinned_report,expected_event_name,consistent,,consistent,,missing,,"0,5% m/m","0,7% m/m",
2155,FOMC,2013-03-20T13:00:00-05:00,FOMC 2013-03-20,March,compatible_fomc_month,official_date_month=3,82,6991,FOMC Interest Rate Decision,standard_pinned_report,expected_event_name,consistent,,consistent,,consistent,,"0-0,25%","0-0,25%","0-0,25%"
2342,DURABLE_GOODS,2013-03-26T07:30:00-05:00,February 2013,February,compatible_month,month=2,59,34594,Durable Goods Orders - pre..,standard_pinned_report,expected_event_name,consistent,,consistent,,consistent,,"3,9% m/m","5,7% m/m","-4,9% m/m"
1676,GDP,2013-03-28T07:30:00-05:00,Q4 2012 Third,4Q,compatible_quarter,quarter=4,690,33196,GDP (Annualized) - fin..,standard_pinned_report,expected_event_name,consistent,,consistent,,consistent,,"0,4%","0,4%","3,1%"
1677,PCE,2013-03-29T07:30:00-05:00,February 2013,February,compatible_month,month=2,694,36892,Personal Consumption Expenditures,standard_pinned_report,expected_event_name,consistent,,consistent,,consistent,,"0,6% m/m","0,7% m/m","0,2% m/m"
161,EMPLOYMENT,2013-04-05T07:30:00-05:00,March 2013,March,compatible_month,month=3,707,36940,Non-Farm Employment Change,standard_pinned_report,expected_event_name,consistent,,consistent,,consistent,,200 k,88 k,236 k
163,PPI,2013-04-12T07:30:00-05:00,March 2013,March,compatible_month,month=3,703,36982,Producer Price Index,standard_pinned_report,expected_event_name,consistent,,consistent,,consistent,,"-0,2% m/m","-0,6% m/m","0,7% m/m"
2343,RETAIL_SALES,2013-04-12T07:30:00-05:00,March 2013,March,compatible_month,month=3,696,34173,Retail Sales,standard_pinned_report,expected_event_name,consistent,,consistent,,consistent,,"0,0% m/m","-0,4% m/m","1,1% m/m"
164,CPI,2013-04-16T07:30:00-05:00,March 2013,March,compatible_month,month=3,699,37001,Consumer Price Index,standard_pinned_report,expected_event_name,consistent,,consistent,,consistent,,"0,0% m/m","-0,2% m/m","0,7% m/m"
2344,DURABLE_GOODS,2013-04-24T07:30:00-05:00,March 2013,March,compatible_month,month=3,59,34596,Durable Goods Orders - pre..,standard_pinned_report,expected_event_name,consistent,,consistent,,consistent,,"-2,8% m/m","-5,7% m/m","5,6% m/m"
1678,GDP,2013-04-26T07:30:00-05:00,Q1 2013 Advance,1Q,compatible_quarter,quarter=1,690,36912,GDP (Annualized) - pre..,standard_pinned_report,expected_event_name,consistent,,consistent,,consistent,,"3,0%","2,5%","-0,1%"
1679,PCE,2013-04-29T07:30:00-05:00,March 2013,March,compatible_month,month=3,694,36896,Personal Consumption Expenditures,standard_pinned_report,expected_event_name,consistent,,consistent,,consistent,,"0,1% m/m","0,2% m/m","0,7% m/m"
2156,FOMC,2013-05-01T13:00:00-05:00,FOMC 2013-05-01,May,compatible_fomc_month,official_date_month=5,82,6996,FOMC Interest Rate Decision,standard_pinned_report,expected_event_name,consistent,,consistent,,consistent,,"0-0,25%","0-0,25%","0-0,25%"
165,EMPLOYMENT,2013-05-03T07:30:00-05:00,April 2013,April,compatible_month,month=4,707,37456,Non-Farm Employment Change,standard_pinned_report,expected_event_name,consistent,,consistent,,consistent,,145 k,165 k,88 k
2345,RETAIL_SALES,2013-05-13T07:30:00-05:00,April 2013,April,compatible_month,month=4,696,39201,Retail Sales,standard_pinned_report,expected_event_name,consistent,,consistent,,consistent,,"-0,3% m/m","0,1% m/m","-0,4% m/m"
167,PPI,2013-05-15T07:30:00-05:00,April 2013,April,compatible_month,month=4,703,38948,Producer Price Index,standard_pinned_report,expected_event_name,consistent,,consistent,,consistent,,"-0,6% m/m","-0,7% m/m","-0,6% m/m"
168,CPI,2013-05-16T07:30:00-05:00,April 2013,April,compatible_month,month=4,699,38909,Consumer Price Index,standard_pinned_report,expected_event_name,consistent,,consistent,,consistent,,"-0,2% m/m","-0,4% m/m","-0,2% m/m"
2346,DURABLE_GOODS,2013-05-24T07:30:00-05:00,April 2013,April,compatible_month,month=4,59,39341,Durable Goods Orders - pre..,standard_pinned_report,expected_event_name,consistent,,consistent,,consistent,,"1,5% m/m","3,3% m/m","-5,8% m/m"
1680,GDP,2013-05-30T07:30:00-05:00,Q1 2013 Second,1Q,compatible_quarter,quarter=1,690,36916,GDP (Annualized) - rev..,standard_pinned_report,expected_event_name,consistent,,consistent,,consistent,,"2,5%","2,4%","0,1%"
1681,PCE,2013-05-31T07:30:00-05:00,April 2013,April,compatible_month,month=4,694,38565,Personal Consumption Expenditures,standard_pinned_report,expected_event_name,consistent,,consistent,,consistent,,"0,1% m/m","-0,2% m/m","0,2% m/m"
169,EMPLOYMENT,2013-06-07T07:30:00-05:00,May 2013,May,compatible_month,month=5,707,38988,Non-Farm Employment Change,standard_pinned_report,expected_event_name,consistent,,consistent,,consistent,,170 k,175 k,165 k
2347,RETAIL_SALES,2013-06-13T07:30:00-05:00,May 2013,May,compatible_month,month=5,696,39204,Retail Sales,standard_pinned_report,expected_event_name,consistent,,consistent,,consistent,,"0,4% m/m","0,6% m/m","0,1% m/m"
171,PPI,2013-06-14T07:30:00-05:00,May 2013,May,compatible_month,month=5,703,38953,Producer Price Index,standard_pinned_report,expected_event_name,consistent,,consistent,,consistent,,"0,1% m/m","0,5% m/m","-0,7% m/m"
172,CPI,2013-06-18T07:30:00-05:00,May 2013,May,compatible_month,month=5,699,38914,Consumer Price Index,standard_pinned_report,expected_event_name,consistent,,consistent,,consistent,,"0,1% m/m","0,1% m/m","-0,4% m/m"
2157,FOMC,2013-06-19T13:00:00-05:00,FOMC 2013-06-19,June,compatible_fomc_month,official_date_month=6,82,7001,FOMC Interest Rate Decision,standard_pinned_report,expected_event_name,consistent,,consistent,,consistent,,"0-0,25%","0-0,25%","0-0,25%"
2348,DURABLE_GOODS,2013-06-25T07:30:00-05:00,May 2013,May,compatible_month,month=5,59,39342,Durable Goods Orders - pre..,standard_pinned_report,expected_event_name,consistent,,consistent,,consistent,,3% m/m,"3,6% m/m","3,5% m/m"
1682,GDP,2013-06-26T07:30:00-05:00,Q1 2013 Third,1Q,compatible_quarter,quarter=1,690,37437,GDP (Annualized) - fin..,standard_pinned_report,expected_event_name,consistent,,consistent,,consistent,,"2,4%","1,8%","0,4%"
1683,PCE,2013-06-27T07:30:00-05:00,May 2013,May,compatible_month,month=5,694,38569,Personal Consumption Expenditures,standard_pinned_report,expected_event_name,consistent,,consistent,,consistent,,"0,3% m/m","0,3% m/m","-0,2% m/m"
173,EMPLOYMENT,2013-07-05T07:30:00-05:00,June 2013,June,compatible_month,month=6,707,38994,Non-Farm Employment Change,standard_pinned_report,expected_event_name,consistent,,consistent,,consistent,,165 k,195 k,175 k
175,PPI,2013-07-12T07:30:00-05:00,June 2013,June,compatible_month,month=6,703,38958,Producer Price Index,standard_pinned_report,expected_event_name,consistent,,consistent,,consistent,,"0,5% m/m","0,8% m/m","0,5% m/m"
2349,RETAIL_SALES,2013-07-15T07:30:00-05:00,June 2013,June,compatible_month,month=6,696,39207,Retail Sales,standard_pinned_report,expected_event_name,consistent,,consistent,,consistent,,"0,8% m/m","0,4% m/m","0,6% m/m"
176,CPI,2013-07-16T07:30:00-05:00,June 2013,June,compatible_month,month=6,699,38919,Consumer Price Index,standard_pinned_report,expected_event_name,consistent,,consistent,,consistent,,"0,3% m/m","0,5% m/m","0,1% m/m"
2350,DURABLE_GOODS,2013-07-25T07:30:00-05:00,June 2013,June,compatible_month,month=6,59,39343,Durable Goods Orders - pre..,standard_pinned_report,expected_event_name,consistent,,consistent,,consistent,,"1,2% m/m","4,2% m/m","3,7% m/m"
1684,GDP,2013-07-31T07:30:00-05:00,Q2 2013 Advance,2Q,compatible_quarter,quarter=2,690,36924,GDP (Annualized) - pre..,standard_pinned_report,expected_event_name,consistent,,consistent,,consistent,,"1,0%","1,7%","1,8%"
2158,FOMC,2013-07-31T13:00:00-05:00,FOMC 2013-07-31,July,compatible_fomc_month,official_date_month=7,82,7003,FOMC Interest Rate Decision,standard_pinned_report,expected_event_name,consistent,,consistent,,consistent,,"0-0,25%","0-0,25%","0-0,25%"
177,EMPLOYMENT,2013-08-02T07:30:00-05:00,July 2013,July,compatible_month,month=7,707,39000,Non-Farm Employment Change,standard_pinned_report,expected_event_name,consistent,,consistent,,consistent,,184 k,162 k,195 k
1685,PCE,2013-08-02T07:30:00-05:00,June 2013,June,compatible_month,month=6,694,38573,Personal Consumption Expenditures,standard_pinned_report,expected_event_name,consistent,,consistent,,consistent,,"0,5% m/m","0,5% m/m","0,3% m/m"
2351,RETAIL_SALES,2013-08-13T07:30:00-05:00,July 2013,July,compatible_month,month=7,696,39210,Retail Sales,standard_pinned_report,expected_event_name,consistent,,consistent,,consistent,,"0,4% m/m","0,2% m/m","0,4% m/m"
179,PPI,2013-08-14T07:30:00-05:00,July 2013,July,compatible_month,month=7,703,38963,Producer Price Index,standard_pinned_report,expected_event_name,consistent,,consistent,,consistent,,"0,3% m/m","0,0% m/m","0,8% m/m"
180,CPI,2013-08-15T07:30:00-05:00,July 2013,July,compatible_month,month=7,699,38924,Consumer Price Index,standard_pinned_report,expected_event_name,consistent,,consistent,,consistent,,"0,2% m/m","0,2% m/m","0,5% m/m"
2352,DURABLE_GOODS,2013-08-26T07:30:00-05:00,July 2013,July,compatible_month,month=7,59,39344,Durable Goods Orders - pre..,standard_pinned_report,expected_event_name,consistent,,consistent,,consistent,,"-4,0% m/m","-7,3% m/m","3,9% m/m"
1686,GDP,2013-08-29T07:30:00-05:00,Q2 2013 Second,2Q,compatible_quarter,quarter=2,690,36928,GDP (Annualized) - rev..,standard_pinned_report,expected_event_name,consistent,,consistent,,consistent,,"1,7%","2,5%","1,1%"
1687,PCE,2013-08-30T07:30:00-05:00,July 2013,July,compatible_month,month=7,694,38577,Personal Consumption Expenditures,standard_pinned_report,expected_event_name,consistent,,consistent,,consistent,,"0,2% m/m","0,1% m/m","0,5% m/m"
181,EMPLOYMENT,2013-09-06T07:30:00-05:00,August 2013,August,compatible_month,month=8,707,39006,Non-Farm Employment Change,standard_pinned_report,expected_event_name,consistent,,consistent,,consistent,,180 k,169 k,162 k
183,PPI,2013-09-13T07:30:00-05:00,August 2013,August,compatible_month,month=8,703,38968,Producer Price Index,standard_pinned_report,expected_event_name,consistent,,consistent,,consistent,,"0,2% m/m","0,3% m/m","0,0% m/m"
2353,RETAIL_SALES,2013-09-13T07:30:00-05:00,August 2013,August,compatible_month,month=8,696,39213,Retail Sales,standard_pinned_report,expected_event_name,consistent,,consistent,,consistent,,"0,4% m/m","0,2% m/m","0,2% m/m"
184,CPI,2013-09-17T07:30:00-05:00,August 2013,August,compatible_month,month=8,699,38929,Consumer Price Index,standard_pinned_report,expected_event_name,consistent,,consistent,,consistent,,"0,2% m/m","0,1% m/m","0,2% m/m"
2159,FOMC,2013-09-18T13:00:00-05:00,FOMC 2013-09-18,September,compatible_fomc_month,official_date_month=9,82,7016,FOMC Interest Rate Decision,standard_pinned_report,expected_event_name,consistent,,consistent,,consistent,,"0-0,25%","0-0,25%","0-0,25%"
2354,DURABLE_GOODS,2013-09-25T07:30:00-05:00,August 2013,August,compatible_month,month=8,59,39345,Durable Goods Orders - pre..,standard_pinned_report,expected_event_name,consistent,,consistent,,consistent,,"0,0% m/m","0,1% m/m","-7,4% m/m"
1688,GDP,2013-09-26T07:30:00-05:00,Q2 2013 Third,2Q,compatible_quarter,quarter=2,690,37441,GDP (Annualized) - fin..,standard_pinned_report,expected_event_name,consistent,,consistent,,consistent,,"2,5%","2,5%","1,1%"
1689,PCE,2013-09-27T07:30:00-05:00,August 2013,August,compatible_month,month=8,694,38581,Personal Consumption Expenditures,standard_pinned_report,expected_event_name,consistent,,consistent,,consistent,,"0,3% m/m","0,3% m/m","0,1% m/m"
185,EMPLOYMENT,2013-10-22T07:30:00-05:00,September 2013,September,compatible_month,month=9,707,41702,Non-Farm Employment Change,standard_pinned_report,expected_event_name,consistent,,consistent,,consistent,,180 k,148 k,169 k
2355,DURABLE_GOODS,2013-10-25T07:30:00-05:00,September 2013,September,compatible_month,month=9,59,39346,Durable Goods Orders - pre..,standard_pinned_report,expected_event_name,consistent,,consistent,,consistent,,"1,9% m/m","3,7% m/m","0,2% m/m"
187,PPI,2013-10-29T07:30:00-05:00,September 2013,September,compatible_month,month=9,703,41707,Producer Price Index,standard_pinned_report,expected_event_name,consistent,,consistent,,consistent,,"0,2% m/m","-0,1% m/m","0,3% m/m"
2356,RETAIL_SALES,2013-10-29T07:30:00-05:00,September 2013,September,compatible_month,month=9,696,41745,Retail Sales,standard_pinned_report,expected_event_name,consistent,,consistent,,consistent,,"0,1% m/m","-0,1% m/m","0,2% m/m"
188,CPI,2013-10-30T07:30:00-05:00,September 2013,September,compatible_month,month=9,699,41714,Consumer Price Index,standard_pinned_report,expected_event_name,consistent,,consistent,,consistent,,"0,2% m/m","0,2% m/m","0,1% m/m"
2160,FOMC,2013-10-30T13:00:00-05:00,FOMC 2013-10-30,October,compatible_fomc_month,official_date_month=10,82,7022,FOMC Interest Rate Decision,standard_pinned_report,expected_event_name,consistent,,consistent,,consistent,,"0-0,25%","0-0,25%","0-0,25%"
1690,GDP,2013-11-07T07:30:00-06:00,Q3 2013 Advance,3Q,compatible_quarter,quarter=3,690,41779,GDP (Annualized) - pre..,standard_pinned_report,expected_event_name,consistent,,consistent,,consistent,,"1,9%","2,8%","2,5%"
189,EMPLOYMENT,2013-11-08T07:30:00-06:00,October 2013,October,compatible_month,month=10,707,41718,Non-Farm Employment Change,standard_pinned_report,expected_event_name,consistent,,consistent,,consistent,,125 k,204 k,148 k
1691,PCE,2013-11-08T07:30:00-06:00,September 2013,September,compatible_month,month=9,694,41787,Personal Consumption Expenditures,standard_pinned_report,expected_event_name,consistent,,consistent,,consistent,,"0,2% m/m","0,2% m/m","0,3% m/m"
190,CPI,2013-11-20T07:30:00-06:00,October 2013,October,compatible_month,month=10,699,41797,Consumer Price Index,standard_pinned_report,expected_event_name,consistent,,consistent,,consistent,,"0,0% m/m","-0,1% m/m","0,2% m/m"
2357,RETAIL_SALES,2013-11-20T07:30:00-06:00,October 2013,October,compatible_month,month=10,696,41750,Retail Sales,standard_pinned_report,expected_event_name,consistent,,consistent,,consistent,,"0,1% m/m","0,4% m/m","-0,1% m/m"
191,PPI,2013-11-21T07:30:00-06:00,October 2013,October,compatible_month,month=10,703,41790,Producer Price Index,standard_pinned_report,expected_event_name,consistent,,consistent,,consistent,,"-0,2% m/m","-0,2% m/m","-0,1% m/m"
2358,DURABLE_GOODS,2013-11-27T07:30:00-06:00,October 2013,October,compatible_month,month=10,59,39347,Durable Goods Orders - pre..,standard_pinned_report,expected_event_name,consistent,,consistent,,consistent,,"-1,9% m/m","-2,0% m/m","3,8% m/m"
1692,GDP,2013-12-05T07:30:00-06:00,Q3 2013 Second,3Q,compatible_quarter,quarter=3,690,41803,GDP (Annualized) - rev..,standard_pinned_report,expected_event_name,consistent,,consistent,,consistent,,"2,9%","3,6%","2,5%"
193,EMPLOYMENT,2013-12-06T07:30:00-06:00,November 2013,November,compatible_month,month=11,707,39024,Non-Farm Employment Change,standard_pinned_report,expected_event_name,consistent,,consistent,,consistent,,180 k,203 k,204 k
1693,PCE,2013-12-06T07:30:00-06:00,October 2013,October,compatible_month,month=10,694,41807,Personal Consumption Expenditures,standard_pinned_report,expected_event_name,consistent,,consistent,,consistent,,"0,2% m/m","0,3% m/m","0,2% m/m"
2359,RETAIL_SALES,2013-12-12T07:30:00-06:00,November 2013,November,compatible_month,month=11,696,39222,Retail Sales,standard_pinned_report,expected_event_name,consistent,,consistent,,consistent,,"0,6% m/m","0,7% m/m","0,4% m/m"
195,PPI,2013-12-13T07:30:00-06:00,November 2013,November,compatible_month,month=11,703,38983,Producer Price Index,standard_pinned_report,expected_event_name,missing,,consistent,,consistent,,,"-0,1% m/m","-0,2% m/m"
196,CPI,2013-12-17T07:30:00-06:00,November 2013,November,compatible_month,month=11,699,38944,Consumer Price Index,standard_pinned_report,expected_event_name,consistent,,consistent,,consistent,,"0,1% m/m","0,0% m/m","-0,1% m/m"
2161,FOMC,2013-12-18T13:00:00-06:00,FOMC 2013-12-18,December,compatible_fomc_month,official_date_month=12,82,7033,FOMC Interest Rate Decision,standard_pinned_report,expected_event_name,consistent,,consistent,,consistent,,"0-0,25%","0-0,25%","0-0,25%"
1694,GDP,2013-12-20T07:30:00-06:00,Q3 2013 Third,3Q,compatible_quarter,quarter=3,690,40780,GDP (Annualized) - fin..,standard_pinned_report,expected_event_name,consistent,,consistent,,consistent,,"3,6%","4,1%","2,5%"
1695,PCE,2013-12-23T07:30:00-06:00,November 2013,November,compatible_month,month=11,694,38593,Personal Consumption Expenditures,standard_pinned_report,expected_event_name,consistent,,consistent,,consistent,,"0,5% m/m","0,5% m/m","0,3% m/m"
2360,DURABLE_GOODS,2013-12-24T07:30:00-06:00,November 2013,November,compatible_month,month=11,59,39348,Durable Goods Orders - pre..,standard_pinned_report,expected_event_name,consistent,,consistent,,consistent,,2% m/m,"3,5% m/m","-1,6% m/m"
197,EMPLOYMENT,2014-01-10T07:30:00-06:00,December 2013,December,compatible_month,month=12,707,43590,Non-Farm Employment Change,standard_pinned_report,expected_event_name,consistent,,consistent,,consistent,,196 k,74 k,203 k
2361,RETAIL_SALES,2014-01-14T07:30:00-06:00,December 2013,December,compatible_month,month=12,696,45333,Retail Sales,standard_pinned_report,expected_event_name,consistent,,consistent,,consistent,,"0,1% m/m","0,2% m/m","0,7% m/m"
198,PPI,2014-01-15T07:30:00-06:00,December 2013,December,compatible_month,month=12,703,43459,Producer Price Index,standard_pinned_report,expected_event_name,consistent,,consistent,,consistent,,"0,4% m/m","0,4% m/m","-0,1% m/m"
199,CPI,2014-01-16T07:30:00-06:00,December 2013,December,compatible_month,month=12,699,43401,Consumer Price Index,standard_pinned_report,expected_event_name,consistent,,consistent,,consistent,,"0,3% m/m","0,3% m/m","0,0% m/m"
2362,DURABLE_GOODS,2014-01-28T07:30:00-06:00,December 2013,December,compatible_month,month=12,59,45392,Durable Goods Orders - pre..,standard_pinned_report,expected_event_name,consistent,,consistent,,consistent,,"1,8% m/m","-4,3% m/m","3,4% m/m"
2162,FOMC,2014-01-29T13:00:00-06:00,FOMC 2014-01-29,January,compatible_fomc_month,official_date_month=1,82,43194,FOMC Interest Rate Decision,standard_pinned_report,expected_event_name,consistent,,consistent,,consistent,,"0-0,25%","0-0,25%","0-0,25%"
1696,GDP,2014-01-30T07:30:00-06:00,Q4 2013 Advance,4Q,compatible_quarter,quarter=4,690,43541,GDP (Annualized) - pre..,standard_pinned_report,expected_event_name,consistent,,consistent,,consistent,,"3,2%","3,2%","4,1%"
1697,PCE,2014-01-31T07:30:00-06:00,December 2013,December,compatible_month,month=12,694,43204,Personal Consumption Expenditures,standard_pinned_report,expected_event_name,consistent,,consistent,,consistent,,"0,2% m/m","0,4% m/m","0,5% m/m"
201,EMPLOYMENT,2014-02-07T07:30:00-06:00,January 2014,January,compatible_month,month=1,707,43596,Non-Farm Employment Change,standard_pinned_report,expected_event_name,consistent,,consistent,,consistent,,184 k,113 k,74 k
2363,RETAIL_SALES,2014-02-13T07:30:00-06:00,January 2014,January,compatible_month,month=1,696,45336,Retail Sales,standard_pinned_report,expected_event_name,consistent,,consistent,,consistent,,"0,0% m/m","-0,4% m/m","0,2% m/m"
203,PPI,2014-02-19T07:30:00-06:00,January 2014,January,compatible_month,month=1,703,43464,Producer Price Index,standard_pinned_report,expected_event_name,consistent,,consistent,,consistent,,"0,1% m/m","0,2% m/m","0,4% m/m"
204,CPI,2014-02-20T07:30:00-06:00,January 2014,January,compatible_month,month=1,699,43406,Consumer Price Index,standard_pinned_report,expected_event_name,consistent,,consistent,,consistent,,"0,1% m/m","0,1% m/m","0,3% m/m"
2364,DURABLE_GOODS,2014-02-27T07:30:00-06:00,January 2014,January,compatible_month,month=1,59,45394,Durable Goods Orders - pre..,standard_pinned_report,expected_event_name,consistent,,consistent,,consistent,,-1% m/m,-1% m/m,"-4,2% m/m"
1698,GDP,2014-02-28T07:30:00-06:00,Q4 2013 Second,4Q,compatible_quarter,quarter=4,690,43545,GDP (Annualized) - rev..,standard_pinned_report,expected_event_name,consistent,,consistent,,consistent,,"3,2%","2,4%","4,1%"
1699,PCE,2014-03-03T07:30:00-06:00,January 2014,January,compatible_month,month=1,694,43208,Personal Consumption Expenditures,standard_pinned_report,expected_event_name,consistent,,consistent,,consistent,,"0,1% m/m","0,4% m/m","0,4% m/m"
205,EMPLOYMENT,2014-03-07T07:30:00-06:00,February 2014,February,compatible_month,month=2,707,43602,Non-Farm Employment Change,standard_pinned_report,expected_event_name,consistent,,consistent,,consistent,,150 k,175 k,113 k
2365,RETAIL_SALES,2014-03-13T07:30:00-05:00,February 2014,February,compatible_month,month=2,696,45339,Retail Sales,standard_pinned_report,expected_event_name,consistent,,consistent,,consistent,,"0,2% m/m","0,3% m/m","-0,4% m/m"
207,PPI,2014-03-14T07:30:00-05:00,February 2014,February,compatible_month,month=2,703,43469,Producer Price Index,standard_pinned_report,expected_event_name,consistent,,consistent,,consistent,,"0,2% m/m","-0,1% m/m","0,2% m/m"
208,CPI,2014-03-18T07:30:00-05:00,February 2014,February,compatible_month,month=2,699,43411,Consumer Price Index,standard_pinned_report,expected_event_name,consistent,,consistent,,consistent,,"0,1% m/m","0,1% m/m","0,1% m/m"
2163,FOMC,2014-03-19T13:00:00-05:00,FOMC 2014-03-19,March,compatible_fomc_month,official_date_month=3,82,43195,FOMC Interest Rate Decision,standard_pinned_report,expected_event_name,consistent,,consistent,,consistent,,"0-0,25%","0-0,25%","0-0,25%"
2366,DURABLE_GOODS,2014-03-26T07:30:00-05:00,February 2014,February,compatible_month,month=2,59,45396,Durable Goods Orders - pre..,standard_pinned_report,expected_event_name,consistent,,consistent,,consistent,,"1,0% m/m","2,2% m/m","-1,0% m/m"
1700,GDP,2014-03-27T07:30:00-05:00,Q4 2013 Third,4Q,compatible_quarter,quarter=4,690,43549,GDP (Annualized) - fin..,standard_pinned_report,expected_event_name,consistent,,consistent,,consistent,,"2,7%","2,6%","4,1%"
1701,PCE,2014-03-28T07:30:00-05:00,February 2014,February,compatible_month,month=2,694,43212,Personal Consumption Expenditures,standard_pinned_report,expected_event_name,consistent,,consistent,,consistent,,"0,3% m/m","0,3% m/m","0,4% m/m"
210,EMPLOYMENT,2014-04-04T07:30:00-05:00,March 2014,March,compatible_month,month=3,707,43608,Non-Farm Employment Change,standard_pinned_report,expected_event_name,consistent,,consistent,,consistent,,200 k,192 k,175 k
212,PPI,2014-04-11T07:30:00-05:00,March 2014,March,compatible_month,month=3,703,43474,Producer Price Index,standard_pinned_report,expected_event_name,consistent,,consistent,,consistent,,"0,1% m/m","0,5% m/m","-0,1% m/m"
2367,RETAIL_SALES,2014-04-14T07:30:00-05:00,March 2014,March,compatible_month,month=3,696,45342,Retail Sales,standard_pinned_report,expected_event_name,consistent,,consistent,,consistent,,"0,8% m/m","1,1% m/m","0,3% m/m"
213,CPI,2014-04-15T07:30:00-05:00,March 2014,March,compatible_month,month=3,699,43416,Consumer Price Index,standard_pinned_report,expected_event_name,consistent,,consistent,,consistent,,"0,1% m/m","0,2% m/m","0,1% m/m"
2368,DURABLE_GOODS,2014-04-24T07:30:00-05:00,March 2014,March,compatible_month,month=3,59,45398,Durable Goods Orders - pre..,standard_pinned_report,expected_event_name,consistent,,consistent,,consistent,,"2,0% m/m","2,6% m/m","2,2% m/m"
1702,GDP,2014-04-30T07:30:00-05:00,Q1 2014 Advance,1Q,compatible_quarter,quarter=1,690,43553,GDP (Annualized) - pre..,standard_pinned_report,expected_event_name,consistent,,consistent,,consistent,,"1,2%","0,1%","3,2%"
2164,FOMC,2014-04-30T13:00:00-05:00,FOMC 2014-04-30,April,compatible_fomc_month,official_date_month=4,82,43196,FOMC Interest Rate Decision,standard_pinned_report,expected_event_name,consistent,,consistent,,consistent,,"0-0,25%","0-0,25%","0-0,25%"
1703,PCE,2014-05-01T07:30:00-05:00,March 2014,March,compatible_month,month=3,694,43216,Personal Consumption Expenditures,standard_pinned_report,expected_event_name,consistent,,consistent,,consistent,,"0,6% m/m","0,9% m/m","0,3% m/m"
214,EMPLOYMENT,2014-05-02T07:30:00-05:00,April 2014,April,compatible_month,month=4,707,43614,Non-Farm Employment Change,standard_pinned_report,expected_event_name,consistent,,consistent,,consistent,,210 k,288 k,192 k
2369,RETAIL_SALES,2014-05-13T07:30:00-05:00,April 2014,April,compatible_month,month=4,696,45345,Retail Sales,standard_pinned_report,expected_event_name,consistent,,consistent,,consistent,,"0,4% m/m","0,1% m/m","1,1% m/m"
216,PPI,2014-05-14T07:30:00-05:00,April 2014,April,compatible_month,month=4,703,43479,Producer Price Index,standard_pinned_report,expected_event_name,consistent,,consistent,,consistent,,"0,2% m/m","0,6% m/m","0,5% m/m"
217,CPI,2014-05-15T07:30:00-05:00,April 2014,April,compatible_month,month=4,699,43421,Consumer Price Index,standard_pinned_report,expected_event_name,consistent,,consistent,,consistent,,"0,3% m/m","0,3% m/m","0,2% m/m"
2370,DURABLE_GOODS,2014-05-27T07:30:00-05:00,April 2014,April,compatible_month,month=4,59,45400,Durable Goods Orders - pre..,standard_pinned_report,expected_event_name,consistent,,consistent,,consistent,,"-0,5% m/m","0,8% m/m","2,9% m/m"
1704,GDP,2014-05-29T07:30:00-05:00,Q1 2014 Second,1Q,compatible_quarter,quarter=1,690,43557,GDP (Annualized) - rev..,standard_pinned_report,expected_event_name,consistent,,consistent,,consistent,,"0,1%","-1,0%","2,4%"
1705,PCE,2014-05-30T07:30:00-05:00,April 2014,April,compatible_month,month=4,694,43220,Personal Consumption Expenditures,standard_pinned_report,expected_event_name,consistent,,consistent,,consistent,,"0,2% m/m","-0,1% m/m","0,9% m/m"
218,EMPLOYMENT,2014-06-06T07:30:00-05:00,May 2014,May,compatible_month,month=5,707,43620,Non-Farm Employment Change,standard_pinned_report,expected_event_name,consistent,,consistent,,consistent,,215 k,217 k,288 k
2371,RETAIL_SALES,2014-06-12T07:30:00-05:00,May 2014,May,compatible_month,month=5,696,45348,Retail Sales,standard_pinned_report,expected_event_name,consistent,,consistent,,consistent,,"0,6% m/m","0,3% m/m","0,1% m/m"
220,PPI,2014-06-13T07:30:00-05:00,May 2014,May,compatible_month,month=5,703,43484,Producer Price Index,standard_pinned_report,expected_event_name,consistent,,consistent,,consistent,,"0,1% m/m","-0,2% m/m","0,6% m/m"
221,CPI,2014-06-17T07:30:00-05:00,May 2014,May,compatible_month,month=5,699,43426,Consumer Price Index,standard_pinned_report,expected_event_name,consistent,,consistent,,consistent,,"0,2% m/m","0,4% m/m","0,3% m/m"
2165,FOMC,2014-06-18T13:00:00-05:00,FOMC 2014-06-18,June,compatible_fomc_month,official_date_month=6,82,43197,FOMC Interest Rate Decision,standard_pinned_report,expected_event_name,consistent,,consistent,,consistent,,"0-0,25%","0-0,25%","0-0,25%"
2372,DURABLE_GOODS,2014-06-25T07:30:00-05:00,May 2014,May,compatible_month,month=5,59,45402,Durable Goods Orders - pre..,standard_pinned_report,expected_event_name,consistent,,consistent,,consistent,,"0,0% m/m","-1,0% m/m","0,6% m/m"
1706,GDP,2014-06-25T07:30:00-05:00,Q1 2014 Third,1Q,compatible_quarter,quarter=1,690,43561,GDP (Annualized) - fin..,standard_pinned_report,expected_event_name,consistent,,consistent,,consistent,,"-1,0%","-2,9%","2,6%"
1707,PCE,2014-06-26T07:30:00-05:00,May 2014,May,compatible_month,month=5,694,43224,Personal Consumption Expenditures,standard_pinned_report,expected_event_name,consistent,,consistent,,consistent,,"0,4% m/m","0,2% m/m","-0,1% m/m"
222,EMPLOYMENT,2014-07-03T07:30:00-05:00,June 2014,June,compatible_month,month=6,707,43626,Non-Farm Employment Change,standard_pinned_report,expected_event_name,consistent,,consistent,,consistent,,212 k,288 k,217 k
2373,RETAIL_SALES,2014-07-15T07:30:00-05:00,June 2014,June,compatible_month,month=6,696,45351,Retail Sales,standard_pinned_report,expected_event_name,consistent,,consistent,,consistent,,"0,6% m/m","0,2% m/m","0,3% m/m"
224,PPI,2014-07-16T07:30:00-05:00,June 2014,June,compatible_month,month=6,703,43489,Producer Price Index,standard_pinned_report,expected_event_name,consistent,,consistent,,consistent,,"0,2% m/m","0,4% m/m","-0,2% m/m"
225,CPI,2014-07-22T07:30:00-05:00,June 2014,June,compatible_month,month=6,699,43431,Consumer Price Index,standard_pinned_report,expected_event_name,consistent,,consistent,,consistent,,"0,3% m/m","0,3% m/m","0,4% m/m"
2374,DURABLE_GOODS,2014-07-25T07:30:00-05:00,June 2014,June,compatible_month,month=6,59,45404,Durable Goods Orders - pre..,standard_pinned_report,expected_event_name,consistent,,consistent,,consistent,,"0,5% m/m","0,7% m/m","-0,9% m/m"
1708,GDP,2014-07-30T07:30:00-05:00,Q2 2014 Advance,2Q,compatible_quarter,quarter=2,690,43565,GDP (Annualized) - pre..,standard_pinned_report,expected_event_name,consistent,,consistent,,consistent,,"3,0%","4,0%","-2,9%"
2166,FOMC,2014-07-30T13:00:00-05:00,FOMC 2014-07-30,July,compatible_fomc_month,official_date_month=7,82,43198,FOMC Interest Rate Decision,standard_pinned_report,expected_event_name,consistent,,consistent,,consistent,,"0-0,25%","0-0,25%","0-0,25%"
226,EMPLOYMENT,2014-08-01T07:30:00-05:00,July 2014,July,compatible_month,month=7,707,43632,Non-Farm Employment Change,standard_pinned_report,expected_event_name,consistent,,consistent,,consistent,,233 k,209 k,288 k
1709,PCE,2014-08-01T07:30:00-05:00,June 2014,June,compatible_month,month=6,694,43228,Personal Consumption Expenditures,standard_pinned_report,expected_event_name,consistent,,consistent,,consistent,,"0,4% m/m","0,4% m/m","0,2% m/m"
2375,RETAIL_SALES,2014-08-13T07:30:00-05:00,July 2014,July,compatible_month,month=7,696,45354,Retail Sales,standard_pinned_report,expected_event_name,consistent,,consistent,,consistent,,"0,3% m/m","0,0% m/m","0,2% m/m"
228,PPI,2014-08-15T07:30:00-05:00,July 2014,July,compatible_month,month=7,703,43494,Producer Price Index,standard_pinned_report,expected_event_name,consistent,,consistent,,consistent,,"0,1% m/m","0,1% m/m","0,4% m/m"
229,CPI,2014-08-19T07:30:00-05:00,July 2014,July,compatible_month,month=7,699,43436,Consumer Price Index,standard_pinned_report,expected_event_name,consistent,,consistent,,consistent,,"0,1% m/m","0,1% m/m","0,3% m/m"
2376,DURABLE_GOODS,2014-08-26T07:30:00-05:00,July 2014,July,compatible_month,month=7,59,45406,Durable Goods Orders - pre..,standard_pinned_report,expected_event_name,consistent,,consistent,,consistent,,"7,5% m/m","22,6% m/m","1,7% m/m"
1710,GDP,2014-08-28T07:30:00-05:00,Q2 2014 Second,2Q,compatible_quarter,quarter=2,690,43569,GDP (Annualized) - rev..,standard_pinned_report,expected_event_name,consistent,,consistent,,consistent,,"4,0%","4,2%","-2,1%"
1711,PCE,2014-08-29T07:30:00-05:00,July 2014,July,compatible_month,month=7,694,43232,Personal Consumption Expenditures,standard_pinned_report,expected_event_name,consistent,,consistent,,consistent,,"0,2% m/m","-0,1% m/m","0,4% m/m"
230,EMPLOYMENT,2014-09-05T07:30:00-05:00,August 2014,August,compatible_month,month=8,707,43638,Non-Farm Employment Change,standard_pinned_report,expected_event_name,consistent,,consistent,,consistent,,225 k,142 k,209 k
2377,RETAIL_SALES,2014-09-12T07:30:00-05:00,August 2014,August,compatible_month,month=8,696,45357,Retail Sales,standard_pinned_report,expected_event_name,consistent,,consistent,,consistent,,"0,6% m/m","0,6% m/m","0,0% m/m"
232,PPI,2014-09-16T07:30:00-05:00,August 2014,August,compatible_month,month=8,703,43499,Producer Price Index,standard_pinned_report,expected_event_name,consistent,,consistent,,consistent,,"0,0% m/m","0,0% m/m","0,1% m/m"
233,CPI,2014-09-17T07:30:00-05:00,August 2014,August,compatible_month,month=8,699,43441,Consumer Price Index,standard_pinned_report,expected_event_name,consistent,,consistent,,consistent,,"0,0% m/m","-0,2% m/m","0,1% m/m"
2167,FOMC,2014-09-17T13:00:00-05:00,FOMC 2014-09-17,September,compatible_fomc_month,official_date_month=9,82,43199,FOMC Interest Rate Decision,standard_pinned_report,expected_event_name,consistent,,consistent,,consistent,,"0-0,25%","0-0,25%","0-0,25%"
2378,DURABLE_GOODS,2014-09-25T07:30:00-05:00,August 2014,August,compatible_month,month=8,59,45408,Durable Goods Orders - pre..,standard_pinned_report,expected_event_name,consistent,,consistent,,consistent,,-18% m/m,"-18,2% m/m","22,5% m/m"
1712,GDP,2014-09-26T07:30:00-05:00,Q2 2014 Third,2Q,compatible_quarter,quarter=2,690,43573,GDP (Annualized) - fin..,standard_pinned_report,expected_event_name,consistent,,consistent,,consistent,,"4,2%","4,6%","-2,1%"
1713,PCE,2014-09-29T07:30:00-05:00,August 2014,August,compatible_month,month=8,694,43236,Personal Consumption Expenditures,standard_pinned_report,expected_event_name,consistent,,consistent,,consistent,,"0,4% m/m","0,5% m/m","-0,1% m/m"
234,EMPLOYMENT,2014-10-03T07:30:00-05:00,September 2014,September,compatible_month,month=9,707,43644,Non-Farm Employment Change,standard_pinned_report,expected_event_name,consistent,,consistent,,consistent,,215 k,248 k,142 k
236,PPI,2014-10-15T07:30:00-05:00,September 2014,September,compatible_month,month=9,703,43504,Producer Price Index,standard_pinned_report,expected_event_name,consistent,,consistent,,consistent,,"0,1% m/m","-0,1% m/m","0,0% m/m"
2379,RETAIL_SALES,2014-10-15T07:30:00-05:00,September 2014,September,compatible_month,month=9,696,45360,Retail Sales,standard_pinned_report,expected_event_name,consistent,,consistent,,consistent,,"-0,1% m/m","-0,3% m/m","0,6% m/m"
237,CPI,2014-10-22T07:30:00-05:00,September 2014,September,compatible_month,month=9,699,43446,Consumer Price Index,standard_pinned_report,expected_event_name,consistent,,consistent,,consistent,,"0,1% m/m","0,1% m/m","-0,2% m/m"
2380,DURABLE_GOODS,2014-10-28T07:30:00-05:00,September 2014,September,compatible_month,month=9,59,45410,Durable Goods Orders - pre..,standard_pinned_report,expected_event_name,consistent,,consistent,,consistent,,"0,5% m/m","-1,3% m/m","-18,4% m/m"
2168,FOMC,2014-10-29T13:00:00-05:00,FOMC 2014-10-29,October,compatible_fomc_month,official_date_month=10,82,43200,FOMC Interest Rate Decision,standard_pinned_report,expected_event_name,consistent,,consistent,,consistent,,"0-0,25%","0-0,25%","0-0,25%"
1714,GDP,2014-10-30T07:30:00-05:00,Q3 2014 Advance,3Q,compatible_quarter,quarter=3,690,43577,GDP (Annualized) - pre..,standard_pinned_report,expected_event_name,consistent,,consistent,,consistent,,"3,0%","3,5%","4,6%"
1715,PCE,2014-10-31T07:30:00-05:00,September 2014,September,compatible_month,month=9,694,43240,Personal Consumption Expenditures,standard_pinned_report,expected_event_name,consistent,,consistent,,consistent,,"0,3% m/m","-0,2% m/m","0,5% m/m"
238,EMPLOYMENT,2014-11-07T07:30:00-06:00,October 2014,October,compatible_month,month=10,707,43650,Non-Farm Employment Change,standard_pinned_report,expected_event_name,consistent,,consistent,,consistent,,231 k,214 k,248 k
2381,RETAIL_SALES,2014-11-14T07:30:00-06:00,October 2014,October,compatible_month,month=10,696,45363,Retail Sales,standard_pinned_report,expected_event_name,consistent,,consistent,,consistent,,"0,2% m/m","0,3% m/m","-0,3% m/m"
240,PPI,2014-11-18T07:30:00-06:00,October 2014,October,compatible_month,month=10,703,43509,Producer Price Index,standard_pinned_report,expected_event_name,consistent,,consistent,,consistent,,"-0,1% m/m","0,2% m/m","-0,1% m/m"
241,CPI,2014-11-20T07:30:00-06:00,October 2014,October,compatible_month,month=10,699,43451,Consumer Price Index,standard_pinned_report,expected_event_name,consistent,,consistent,,consistent,,"-0,1% m/m","0,0% m/m","0,1% m/m"
1716,GDP,2014-11-25T07:30:00-06:00,Q3 2014 Second,3Q,compatible_quarter,quarter=3,690,43581,GDP (Annualized) - rev..,standard_pinned_report,expected_event_name,consistent,,consistent,,consistent,,"3,5%","3,9%","4,6%"
2382,DURABLE_GOODS,2014-11-26T07:30:00-06:00,October 2014,October,compatible_month,month=10,59,45412,Durable Goods Orders - pre..,standard_pinned_report,expected_event_name,consistent,,consistent,,consistent,,"-0,6% m/m","0,4% m/m","-1,1% m/m"
1717,PCE,2014-11-26T07:30:00-06:00,October 2014,October,compatible_month,month=10,694,43244,Personal Consumption Expenditures,standard_pinned_report,expected_event_name,consistent,,consistent,,consistent,,"0,3% m/m","0,2% m/m","-0,2% m/m"
242,EMPLOYMENT,2014-12-05T07:30:00-06:00,November 2014,November,compatible_month,month=11,707,43656,Non-Farm Employment Change,standard_pinned_report,expected_event_name,consistent,,consistent,,consistent,,232 k,321 k,214 k
2383,RETAIL_SALES,2014-12-11T07:30:00-06:00,November 2014,November,compatible_month,month=11,696,45366,Retail Sales,standard_pinned_report,expected_event_name,consistent,,consistent,,consistent,,"0,4% m/m","0,7% m/m","0,3% m/m"
244,PPI,2014-12-12T07:30:00-06:00,November 2014,November,compatible_month,month=11,703,43514,Producer Price Index,standard_pinned_report,expected_event_name,consistent,,consistent,,consistent,,"-0,1% m/m","-0,2% m/m","0,2% m/m"
245,CPI,2014-12-17T07:30:00-06:00,November 2014,November,compatible_month,month=11,699,43456,Consumer Price Index,standard_pinned_report,expected_event_name,consistent,,consistent,,consistent,,"-0,1% m/m","-0,3% m/m","0,0% m/m"
2169,FOMC,2014-12-17T13:00:00-06:00,FOMC 2014-12-17,December,compatible_fomc_month,official_date_month=12,82,43201,FOMC Interest Rate Decision,standard_pinned_report,expected_event_name,consistent,,consistent,,consistent,,"0-0,25%","0-0,25%","0-0,25%"
2384,DURABLE_GOODS,2014-12-23T07:30:00-06:00,November 2014,November,compatible_month,month=11,59,45414,Durable Goods Orders - pre..,standard_pinned_report,expected_event_name,consistent,,consistent,,consistent,,"1,8% m/m","-0,7% m/m","0,3% m/m"
1718,GDP,2014-12-23T07:30:00-06:00,Q3 2014 Third,3Q,compatible_quarter,quarter=3,690,43585,GDP (Annualized) - fin..,standard_pinned_report,expected_event_name,consistent,,consistent,,consistent,,"3,9%",5%,"4,6%"
1719,PCE,2014-12-23T09:00:00-06:00,November 2014,November,compatible_month,month=11,694,43248,Personal Consumption Expenditures,standard_pinned_report,expected_event_name,consistent,,consistent,,consistent,,"0,5% m/m","0,6% m/m","0,2% m/m"
246,EMPLOYMENT,2015-01-09T07:30:00-06:00,December 2014,December,compatible_month,month=12,707,50661,Non-Farm Employment Change,standard_pinned_report,expected_event_name,consistent,,consistent,,consistent,,240 k,252 k,321 k
2385,RETAIL_SALES,2015-01-14T07:30:00-06:00,December 2014,December,compatible_month,month=12,696,53014,Retail Sales,standard_pinned_report,expected_event_name,consistent,,consistent,,consistent,,"-0,1% m/m","-0,9% m/m","0,7% m/m"
248,PPI,2015-01-15T07:30:00-06:00,December 2014,December,compatible_month,month=12,703,50535,Producer Price Index,standard_pinned_report,expected_event_name,consistent,,consistent,,consistent,,"-0,4% m/m","-0,3% m/m","-0,2% m/m"
249,CPI,2015-01-16T07:30:00-06:00,December 2014,December,compatible_month,month=12,699,50477,Consumer Price Index,standard_pinned_report,expected_event_name,consistent,,consistent,,consistent,,"-0,4% m/m","-0,4% m/m","-0,3% m/m"
2386,DURABLE_GOODS,2015-01-27T07:30:00-06:00,December 2014,December,compatible_month,month=12,59,53073,Durable Goods Orders - pre..,standard_pinned_report,expected_event_name,consistent,,consistent,,consistent,,"0,5% m/m","-3,4% m/m","-0,9% m/m"
2170,FOMC,2015-01-28T13:00:00-06:00,FOMC 2015-01-28,January,compatible_fomc_month,official_date_month=1,82,50310,FOMC Interest Rate Decision,standard_pinned_report,expected_event_name,consistent,,consistent,,consistent,,"0-0,25%","0-0,25%","0-0,25%"
1720,GDP,2015-01-30T07:30:00-06:00,Q4 2014 Advance,4Q,compatible_quarter,quarter=4,690,50613,GDP (Annualized) - pre..,standard_pinned_report,expected_event_name,consistent,,consistent,,consistent,,3%,"2,6%",5%
1721,PCE,2015-02-02T07:30:00-06:00,December 2014,December,compatible_month,month=12,694,50320,Personal Consumption Expenditures,standard_pinned_report,expected_event_name,consistent,,consistent,,consistent,,"-0,2% m/m","-0,3% m/m","0,6% m/m"
250,EMPLOYMENT,2015-02-06T07:30:00-06:00,January 2015,January,compatible_month,month=1,707,50667,Non-Farm Employment Change,standard_pinned_report,expected_event_name,consistent,,consistent,,consistent,,234 k,257 k,252 k
2387,RETAIL_SALES,2015-02-12T07:30:00-06:00,January 2015,January,compatible_month,month=1,696,53017,Retail Sales,standard_pinned_report,expected_event_name,consistent,,consistent,,consistent,,"-0,5% m/m","-0,8% m/m","-0,9% m/m"
252,PPI,2015-02-18T07:30:00-06:00,January 2015,January,compatible_month,month=1,703,50540,Producer Price Index,standard_pinned_report,expected_event_name,consistent,,consistent,,consistent,,"-0,4% m/m","-0,8% m/m","-0,3% m/m"
253,CPI,2015-02-26T07:30:00-06:00,January 2015,January,compatible_month,month=1,699,50482,Consumer Price Index,standard_pinned_report,expected_event_name,consistent,,consistent,,consistent,,"-0,6% m/m","-0,7% m/m","-0,4% m/m"
2388,DURABLE_GOODS,2015-02-26T07:30:00-06:00,January 2015,January,compatible_month,month=1,59,53075,Durable Goods Orders - pre..,standard_pinned_report,expected_event_name,consistent,,consistent,,consistent,,"1,9% m/m","2,8% m/m","-3,3% m/m"
1722,GDP,2015-02-27T07:30:00-06:00,Q4 2014 Second,4Q,compatible_quarter,quarter=4,690,50617,GDP (Annualized) - rev..,standard_pinned_report,expected_event_name,consistent,,consistent,,consistent,,"2,6%","2,2%",5%
1723,PCE,2015-03-02T07:30:00-06:00,January 2015,January,compatible_month,month=1,694,50324,Personal Consumption Expenditures,standard_pinned_report,expected_event_name,consistent,,consistent,,consistent,,"-0,1% m/m","-0,2% m/m","-0,3% m/m"
254,EMPLOYMENT,2015-03-06T07:30:00-06:00,February 2015,February,compatible_month,month=2,707,50673,Non-Farm Employment Change,standard_pinned_report,expected_event_name,consistent,,consistent,,consistent,,240 k,295 k,257 k
2389,RETAIL_SALES,2015-03-12T07:30:00-05:00,February 2015,February,compatible_month,month=2,696,53020,Retail Sales,standard_pinned_report,expected_event_name,consistent,,consistent,,consistent,,"0,3% m/m","-0,6% m/m","-0,8% m/m"
256,PPI,2015-03-13T07:30:00-05:00,February 2015,February,compatible_month,month=2,703,50545,Producer Price Index,standard_pinned_report,expected_event_name,consistent,,consistent,,consistent,,"0,3% m/m","-0,5% m/m","-0,8% m/m"
2171,FOMC,2015-03-18T13:00:00-05:00,FOMC 2015-03-18,March,compatible_fomc_month,official_date_month=3,82,50311,FOMC Interest Rate Decision,standard_pinned_report,expected_event_name,consistent,,consistent,,consistent,,"0-0,25%","0-0,25%","0-0,25%"
258,CPI,2015-03-24T07:30:00-05:00,February 2015,February,compatible_month,month=2,699,50487,Consumer Price Index,standard_pinned_report,expected_event_name,consistent,,consistent,,consistent,,"0,2% m/m","0,2% m/m","-0,7% m/m"
2390,DURABLE_GOODS,2015-03-25T07:30:00-05:00,February 2015,February,compatible_month,month=2,59,53077,Durable Goods Orders - pre..,standard_pinned_report,expected_event_name,consistent,,consistent,,consistent,,"0,4% m/m","-1,4% m/m","2,8% m/m"
1724,GDP,2015-03-27T07:30:00-05:00,Q4 2014 Third,4Q,compatible_quarter,quarter=4,690,57359,GDP (Annualized) - fin..,standard_pinned_report,expected_event_name,consistent,,consistent,,consistent,,"2,2%","2,2%",5%
1725,PCE,2015-03-30T07:30:00-05:00,February 2015,February,compatible_month,month=2,694,50328,Personal Consumption Expenditures,standard_pinned_report,expected_event_name,consistent,,consistent,,consistent,,"0,2% m/m","0,1% m/m","-0,2% m/m"
259,EMPLOYMENT,2015-04-03T07:30:00-05:00,March 2015,March,compatible_month,month=3,707,50679,Non-Farm Employment Change,standard_pinned_report,expected_event_name,consistent,,consistent,,consistent,,244 k,126 k,295 k
261,PPI,2015-04-14T07:30:00-05:00,March 2015,March,compatible_month,month=3,703,50550,Producer Price Index,standard_pinned_report,expected_event_name,consistent,,consistent,,consistent,,"0,2% m/m","0,2% m/m","-0,5% m/m"
2391,RETAIL_SALES,2015-04-14T07:30:00-05:00,March 2015,March,compatible_month,month=3,696,53023,Retail Sales,standard_pinned_report,expected_event_name,consistent,,consistent,,consistent,,1% m/m,"0,9% m/m","-0,6% m/m"
262,CPI,2015-04-17T07:30:00-05:00,March 2015,March,compatible_month,month=3,699,50492,Consumer Price Index,standard_pinned_report,expected_event_name,consistent,,consistent,,consistent,,"0,2% m/m","0,2% m/m","0,2% m/m"
2392,DURABLE_GOODS,2015-04-24T07:30:00-05:00,March 2015,March,compatible_month,month=3,59,53079,Durable Goods Orders - pre..,standard_pinned_report,expected_event_name,consistent,,consistent,,consistent,,"0,8% m/m",4% m/m,"-1,4% m/m"
1726,GDP,2015-04-29T07:30:00-05:00,Q1 2015 Advance,1Q,compatible_quarter,quarter=1,690,50625,GDP (Annualized) - pre..,standard_pinned_report,expected_event_name,consistent,,consistent,,consistent,,1%,"0,2%","2,6%"
2172,FOMC,2015-04-29T13:00:00-05:00,FOMC 2015-04-29,April,compatible_fomc_month,official_date_month=4,82,50312,FOMC Interest Rate Decision,standard_pinned_report,expected_event_name,consistent,,consistent,,consistent,,"0-0,25%","0-0,25%","0-0,25%"
1727,PCE,2015-04-30T07:30:00-05:00,March 2015,March,compatible_month,month=3,694,50332,Personal Consumption Expenditures,standard_pinned_report,expected_event_name,consistent,,consistent,,consistent,,"0,5% m/m","0,4% m/m","0,1% m/m"
263,EMPLOYMENT,2015-05-08T07:30:00-05:00,April 2015,April,compatible_month,month=4,707,50685,Non-Farm Employment Change,standard_pinned_report,expected_event_name,consistent,,consistent,,consistent,,225 k,223 k,126 k
2393,RETAIL_SALES,2015-05-13T07:30:00-05:00,April 2015,April,compatible_month,month=4,696,53026,Retail Sales,standard_pinned_report,expected_event_name,consistent,,consistent,,consistent,,"0,3% m/m","0,0% m/m","0,9% m/m"
265,PPI,2015-05-14T07:30:00-05:00,April 2015,April,compatible_month,month=4,703,50555,Producer Price Index,standard_pinned_report,expected_event_name,consistent,,consistent,,consistent,,"0,2% m/m","-0,4% m/m","0,2% m/m"
266,CPI,2015-05-22T07:30:00-05:00,April 2015,April,compatible_month,month=4,699,50497,Consumer Price Index,standard_pinned_report,expected_event_name,consistent,,consistent,,consistent,,"0,1% m/m","0,1% m/m","0,2% m/m"
2394,DURABLE_GOODS,2015-05-26T07:30:00-05:00,April 2015,April,compatible_month,month=4,59,53081,Durable Goods Orders - pre..,standard_pinned_report,expected_event_name,consistent,,consistent,,consistent,,"-0,4% m/m","-0,5% m/m","4,4% m/m"
1728,GDP,2015-05-29T07:30:00-05:00,Q1 2015 Second,1Q,compatible_quarter,quarter=1,690,50629,GDP (Annualized) - rev..,standard_pinned_report,expected_event_name,consistent,,consistent,,consistent,,"0,2%","-0,7%","2,2%"
1729,PCE,2015-06-01T07:30:00-05:00,April 2015,April,compatible_month,month=4,694,50336,Personal Consumption Expenditures,standard_pinned_report,expected_event_name,consistent,,consistent,,consistent,,"0,2% m/m","0,0% m/m","0,4% m/m"
267,EMPLOYMENT,2015-06-05T07:30:00-05:00,May 2015,May,compatible_month,month=5,707,50691,Non-Farm Employment Change,standard_pinned_report,expected_event_name,consistent,,consistent,,consistent,,225 k,280 k,223 k
2395,RETAIL_SALES,2015-06-11T07:30:00-05:00,May 2015,May,compatible_month,month=5,696,53029,Retail Sales,standard_pinned_report,expected_event_name,consistent,,consistent,,consistent,,"1,1% m/m","1,2% m/m","0,0% m/m"
269,PPI,2015-06-12T07:30:00-05:00,May 2015,May,compatible_month,month=5,703,50560,Producer Price Index,standard_pinned_report,expected_event_name,consistent,,consistent,,consistent,,"0,4% m/m","0,5% m/m","-0,4% m/m"
2173,FOMC,2015-06-17T13:00:00-05:00,FOMC 2015-06-17,June,compatible_fomc_month,official_date_month=6,82,50313,FOMC Interest Rate Decision,standard_pinned_report,expected_event_name,consistent,,consistent,,consistent,,"0-0,25%","0-0,25%","0-0,25%"
270,CPI,2015-06-18T07:30:00-05:00,May 2015,May,compatible_month,month=5,699,50502,Consumer Price Index,standard_pinned_report,expected_event_name,consistent,,consistent,,consistent,,"0,5% m/m","0,4% m/m","0,1% m/m"
2396,DURABLE_GOODS,2015-06-23T07:30:00-05:00,May 2015,May,compatible_month,month=5,59,53083,Durable Goods Orders - pre..,standard_pinned_report,expected_event_name,consistent,,consistent,,consistent,,"0,2% m/m","-1,8% m/m",-1% m/m
1730,GDP,2015-06-24T07:30:00-05:00,Q1 2015 Third,1Q,compatible_quarter,quarter=1,690,50633,GDP (Annualized) - fin..,standard_pinned_report,expected_event_name,consistent,,consistent,,consistent,,"-0,7%","-0,2%","2,2%"
1731,PCE,2015-06-25T07:30:00-05:00,May 2015,May,compatible_month,month=5,694,50340,Personal Consumption Expenditures,standard_pinned_report,expected_event_name,consistent,,consistent,,consistent,,"0,6% m/m","0,9% m/m","0,0% m/m"
271,EMPLOYMENT,2015-07-02T07:30:00-05:00,June 2015,June,compatible_month,month=6,707,50697,Non-Farm Employment Change,standard_pinned_report,expected_event_name,consistent,,consistent,,consistent,,230 k,223 k,280 k
2397,RETAIL_SALES,2015-07-14T07:30:00-05:00,June 2015,June,compatible_month,month=6,696,53032,Retail Sales,standard_pinned_report,expected_event_name,consistent,,consistent,,consistent,,"0,2% m/m","-0,3% m/m","1,2% m/m"
273,PPI,2015-07-15T07:30:00-05:00,June 2015,June,compatible_month,month=6,703,50565,Producer Price Index,standard_pinned_report,expected_event_name,consistent,,consistent,,consistent,,"0,2% m/m","0,4% m/m","0,5% m/m"
274,CPI,2015-07-17T07:30:00-05:00,June 2015,June,compatible_month,month=6,699,50507,Consumer Price Index,standard_pinned_report,expected_event_name,consistent,,consistent,,consistent,,"0,3% m/m","0,3% m/m","0,4% m/m"
2398,DURABLE_GOODS,2015-07-27T07:30:00-05:00,June 2015,June,compatible_month,month=6,59,53085,Durable Goods Orders - pre..,standard_pinned_report,expected_event_name,consistent,,consistent,,consistent,,3% m/m,"3,4% m/m","-2,2% m/m"
2174,FOMC,2015-07-29T13:00:00-05:00,FOMC 2015-07-29,July,compatible_fomc_month,official_date_month=7,82,50314,FOMC Interest Rate Decision,standard_pinned_report,expected_event_name,consistent,,consistent,,consistent,,"0-0,25%","0-0,25%","0-0,25%"
1732,GDP,2015-07-30T07:30:00-05:00,Q2 2015 Advance,2Q,compatible_quarter,quarter=2,690,50637,GDP (Annualized) - pre..,standard_pinned_report,expected_event_name,consistent,,consistent,,consistent,,"2,6%","2,3%","-0,2%"
1733,PCE,2015-08-03T07:30:00-05:00,June 2015,June,compatible_month,month=6,694,50344,Personal Consumption Expenditures,standard_pinned_report,expected_event_name,consistent,,consistent,,consistent,,"0,2% m/m","0,2% m/m","0,9% m/m"
275,EMPLOYMENT,2015-08-07T07:30:00-05:00,July 2015,July,compatible_month,month=7,707,50703,Non-Farm Employment Change,standard_pinned_report,expected_event_name,consistent,,consistent,,consistent,,223 k,215 k,223 k
2399,RETAIL_SALES,2015-08-13T07:30:00-05:00,July 2015,July,compatible_month,month=7,696,53035,Retail Sales,standard_pinned_report,expected_event_name,consistent,,consistent,,consistent,,"0,4% m/m","0,6% m/m","-0,3% m/m"
277,PPI,2015-08-14T07:30:00-05:00,July 2015,July,compatible_month,month=7,703,50570,Producer Price Index,standard_pinned_report,expected_event_name,consistent,,consistent,,consistent,,"0,2% m/m","0,2% m/m","0,4% m/m"
278,CPI,2015-08-19T07:30:00-05:00,July 2015,July,compatible_month,month=7,699,50512,Consumer Price Index,standard_pinned_report,expected_event_name,consistent,,consistent,,consistent,,"0,2% m/m","0,1% m/m","0,3% m/m"
2400,DURABLE_GOODS,2015-08-26T07:30:00-05:00,July 2015,July,compatible_month,month=7,59,53087,Durable Goods Orders - pre..,standard_pinned_report,expected_event_name,consistent,,consistent,,consistent,,"-0,4% m/m",2% m/m,"3,4% m/m"
1734,GDP,2015-08-27T07:30:00-05:00,Q2 2015 Second,2Q,compatible_quarter,quarter=2,690,50641,GDP (Annualized) - rev..,standard_pinned_report,expected_event_name,consistent,,consistent,,consistent,,"2,3%","3,7%","0,6%"
1735,PCE,2015-08-28T07:30:00-05:00,July 2015,July,compatible_month,month=7,694,50348,Personal Consumption Expenditures,standard_pinned_report,expected_event_name,consistent,,consistent,,consistent,,"0,1% m/m","0,3% m/m","0,2% m/m"
279,EMPLOYMENT,2015-09-04T07:30:00-05:00,August 2015,August,compatible_month,month=8,707,50709,Non-Farm Employment Change,standard_pinned_report,expected_event_name,consistent,,consistent,,consistent,,220 k,173 k,215 k
281,PPI,2015-09-11T07:30:00-05:00,August 2015,August,compatible_month,month=8,703,50575,Producer Price Index,standard_pinned_report,expected_event_name,consistent,,consistent,,consistent,,"-0,1% m/m","0,0% m/m","0,2% m/m"
2401,RETAIL_SALES,2015-09-15T07:30:00-05:00,August 2015,August,compatible_month,month=8,696,53038,Retail Sales,standard_pinned_report,expected_event_name,consistent,,consistent,,consistent,,"0,3% m/m","0,2% m/m","0,6% m/m"
282,CPI,2015-09-16T07:30:00-05:00,August 2015,August,compatible_month,month=8,699,50517,Consumer Price Index,standard_pinned_report,expected_event_name,consistent,,consistent,,consistent,,"0,0% m/m","-0,1% m/m","0,1% m/m"
2175,FOMC,2015-09-17T13:00:00-05:00,FOMC 2015-09-17,September,compatible_fomc_month,official_date_month=9,82,50315,FOMC Interest Rate Decision,standard_pinned_report,expected_event_name,consistent,,consistent,,consistent,,"0-0,25%","0-0,25%","0-0,25%"
2402,DURABLE_GOODS,2015-09-24T07:30:00-05:00,August 2015,August,compatible_month,month=8,59,53089,Durable Goods Orders - pre..,standard_pinned_report,expected_event_name,consistent,,consistent,,consistent,,-2% m/m,-2% m/m,"2,2% m/m"
1736,GDP,2015-09-25T07:30:00-05:00,Q2 2015 Third,2Q,compatible_quarter,quarter=2,690,50645,GDP (Annualized) - fin..,standard_pinned_report,expected_event_name,consistent,,consistent,,consistent,,"3,7%","3,9%","0,6%"
1737,PCE,2015-09-28T07:30:00-05:00,August 2015,August,compatible_month,month=8,694,50352,Personal Consumption Expenditures,standard_pinned_report,expected_event_name,consistent,,consistent,,consistent,,"0,3% m/m","0,4% m/m","0,3% m/m"
283,EMPLOYMENT,2015-10-02T07:30:00-05:00,September 2015,September,compatible_month,month=9,707,50715,Non-Farm Employment Change,standard_pinned_report,expected_event_name,consistent,,consistent,,consistent,,200 k,142 k,173 k
284,PPI,2015-10-14T07:30:00-05:00,September 2015,September,compatible_month,month=9,703,50580,Producer Price Index,standard_pinned_report,expected_event_name,consistent,,consistent,,consistent,,"-0,2% m/m","-0,5% m/m","0,0% m/m"
2403,RETAIL_SALES,2015-10-14T07:30:00-05:00,September 2015,September,compatible_month,month=9,696,53041,Retail Sales,standard_pinned_report,expected_event_name,consistent,,consistent,,consistent,,"0,2% m/m","0,1% m/m","0,2% m/m"
285,CPI,2015-10-15T07:30:00-05:00,September 2015,September,compatible_month,month=9,699,50522,Consumer Price Index,standard_pinned_report,expected_event_name,consistent,,consistent,,consistent,,"-0,2% m/m","-0,2% m/m","-0,1% m/m"
2404,DURABLE_GOODS,2015-10-27T07:30:00-05:00,September 2015,September,compatible_month,month=9,59,53091,Durable Goods Orders - pre..,standard_pinned_report,expected_event_name,consistent,,consistent,,consistent,,"-1,2% m/m","-1,2% m/m","-2,3% m/m"
2176,FOMC,2015-10-28T13:00:00-05:00,FOMC 2015-10-28,October,compatible_fomc_month,official_date_month=10,82,50316,FOMC Interest Rate Decision,standard_pinned_report,expected_event_name,consistent,,consistent,,consistent,,"0-0,25%","0-0,25%","0-0,25%"
1738,GDP,2015-10-29T07:30:00-05:00,Q3 2015 Advance,3Q,compatible_quarter,quarter=3,690,50649,GDP (Annualized) - pre..,standard_pinned_report,expected_event_name,consistent,,consistent,,consistent,,"1,6%","1,5%","3,9%"
1739,PCE,2015-10-30T07:30:00-05:00,September 2015,September,compatible_month,month=9,694,50356,Personal Consumption Expenditures,standard_pinned_report,expected_event_name,consistent,,consistent,,consistent,,"0,2% m/m","0,1% m/m","0,4% m/m"
287,EMPLOYMENT,2015-11-06T07:30:00-06:00,October 2015,October,compatible_month,month=10,707,50721,Non-Farm Employment Change,standard_pinned_report,expected_event_name,consistent,,consistent,,consistent,,180 k,271 k,142 k
289,PPI,2015-11-13T07:30:00-06:00,October 2015,October,compatible_month,month=10,703,50585,Producer Price Index,standard_pinned_report,expected_event_name,consistent,,consistent,,consistent,,"0,1% m/m","-0,4% m/m","-0,5% m/m"
2405,RETAIL_SALES,2015-11-13T07:30:00-06:00,October 2015,October,compatible_month,month=10,696,53044,Retail Sales,standard_pinned_report,expected_event_name,consistent,,consistent,,consistent,,"0,3% m/m","0,1% m/m","0,1% m/m"
290,CPI,2015-11-17T07:30:00-06:00,October 2015,October,compatible_month,month=10,699,50527,Consumer Price Index,standard_pinned_report,expected_event_name,consistent,,consistent,,consistent,,"0,2% m/m","0,2% m/m","-0,2% m/m"
1740,GDP,2015-11-24T07:30:00-06:00,Q3 2015 Second,3Q,compatible_quarter,quarter=3,690,50653,GDP (Annualized) - rev..,standard_pinned_report,expected_event_name,consistent,,consistent,,consistent,,"1,5%","2,1%","3,9%"
2406,DURABLE_GOODS,2015-11-25T07:30:00-06:00,October 2015,October,compatible_month,month=10,59,53093,Durable Goods Orders - pre..,standard_pinned_report,expected_event_name,consistent,,consistent,,consistent,,"1,5% m/m",3% m/m,"-1,2% m/m"
1741,PCE,2015-11-25T07:30:00-06:00,October 2015,October,compatible_month,month=10,694,50360,Personal Consumption Expenditures,standard_pinned_report,expected_event_name,consistent,,consistent,,consistent,,"0,3% m/m","0,1% m/m","0,1% m/m"
291,EMPLOYMENT,2015-12-04T07:30:00-06:00,November 2015,November,compatible_month,month=11,707,50727,Non-Farm Employment Change,standard_pinned_report,expected_event_name,consistent,,consistent,,consistent,,200 k,211 k,271 k
293,PPI,2015-12-11T07:30:00-06:00,November 2015,November,compatible_month,month=11,703,50590,Producer Price Index,standard_pinned_report,expected_event_name,consistent,,consistent,,consistent,,"0,0% m/m","0,3% m/m","-0,4% m/m"
2407,RETAIL_SALES,2015-12-11T07:30:00-06:00,November 2015,November,compatible_month,month=11,696,53047,Retail Sales,standard_pinned_report,expected_event_name,consistent,,consistent,,consistent,,"0,3% m/m","0,2% m/m","0,1% m/m"
294,CPI,2015-12-15T07:30:00-06:00,November 2015,November,compatible_month,month=11,699,50532,Consumer Price Index,standard_pinned_report,expected_event_name,consistent,,consistent,,consistent,,"0,0% m/m","0,0% m/m","0,2% m/m"
2177,FOMC,2015-12-16T13:00:00-06:00,FOMC 2015-12-16,December,compatible_fomc_month,official_date_month=12,82,50317,FOMC Interest Rate Decision,standard_pinned_report,expected_event_name,consistent,,consistent,,consistent,,"0,25-0,50%","0,25-0,50%","0-0,25%"
1742,GDP,2015-12-22T07:30:00-06:00,Q3 2015 Third,3Q,compatible_quarter,quarter=3,690,50657,GDP (Annualized) - fin..,standard_pinned_report,expected_event_name,consistent,,consistent,,consistent,,"2,1%","2,0%","3,9%"
2408,DURABLE_GOODS,2015-12-23T07:30:00-06:00,November 2015,November,compatible_month,month=11,59,53095,Durable Goods Orders - pre..,standard_pinned_report,expected_event_name,consistent,,consistent,,consistent,,"-0,6% m/m","0,0% m/m","2,9% m/m"
1743,PCE,2015-12-23T07:30:00-06:00,November 2015,November,compatible_month,month=11,694,50364,Personal Consumption Expenditures,standard_pinned_report,expected_event_name,consistent,,consistent,,consistent,,"0,3% m/m","0,3% m/m","0,1% m/m"
295,EMPLOYMENT,2016-01-08T07:30:00-06:00,December 2015,December,compatible_month,month=12,707,59859,Non-Farm Employment Change,standard_pinned_report,expected_event_name,consistent,,consistent,,consistent,,200 k,292 k,211 k
297,PPI,2016-01-15T07:30:00-06:00,December 2015,December,compatible_month,month=12,703,59659,Producer Price Index,standard_pinned_report,expected_event_name,consistent,,consistent,,consistent,,"-0,1% m/m","-0,2% m/m","0,3% m/m"
2409,RETAIL_SALES,2016-01-15T07:30:00-06:00,December 2015,December,compatible_month,month=12,696,60273,Retail Sales,standard_pinned_report,expected_event_name,consistent,,consistent,,consistent,,"0,0% m/m","-0,1% m/m","0,2% m/m"
298,CPI,2016-01-20T07:30:00-06:00,December 2015,December,compatible_month,month=12,699,59599,Consumer Price Index,standard_pinned_report,expected_event_name,consistent,,consistent,,consistent,,"0,0% m/m","-0,1% m/m","0,0% m/m"
2178,FOMC,2016-01-27T13:00:00-06:00,FOMC 2016-01-27,January,compatible_fomc_month,official_date_month=1,82,56616,FOMC Interest Rate Decision,standard_pinned_report,expected_event_name,consistent,,consistent,,consistent,,"0,25-0,50%","0,25-0,50%","0,25-0,50%"
2410,DURABLE_GOODS,2016-01-28T07:30:00-06:00,December 2015,December,compatible_month,month=12,59,60340,Durable Goods Orders - pre..,standard_pinned_report,expected_event_name,consistent,,consistent,,consistent,,"-0,6% m/m","-5,1% m/m","0,0% m/m"
1744,GDP,2016-01-29T07:30:00-06:00,Q4 2015 Advance,4Q,compatible_quarter,quarter=4,690,63581,GDP (Annualized) - pre..,standard_pinned_report,expected_event_name,consistent,,consistent,,consistent,,"0,8%","0,7%","2,0%"
1745,PCE,2016-02-01T07:30:00-06:00,December 2015,December,compatible_month,month=12,694,58156,Personal Consumption Expenditures,standard_pinned_report,expected_event_name,consistent,,consistent,,consistent,,"0,1% m/m","0,0% m/m","0,3% m/m"
299,EMPLOYMENT,2016-02-05T07:30:00-06:00,January 2016,January,compatible_month,month=1,707,59865,Non-Farm Employment Change,standard_pinned_report,expected_event_name,consistent,,consistent,,consistent,,190 k,151 k,292 k
2411,RETAIL_SALES,2016-02-12T07:30:00-06:00,January 2016,January,compatible_month,month=1,696,60276,Retail Sales,standard_pinned_report,expected_event_name,consistent,,consistent,,consistent,,"0,1% m/m","0,2% m/m","-0,1% m/m"
301,PPI,2016-02-17T07:30:00-06:00,January 2016,January,compatible_month,month=1,703,59664,Producer Price Index,standard_pinned_report,expected_event_name,consistent,,consistent,,consistent,,"-0,2% m/m","0,1% m/m","-0,2% m/m"
302,CPI,2016-02-19T07:30:00-06:00,January 2016,January,compatible_month,month=1,699,59604,Consumer Price Index,standard_pinned_report,expected_event_name,consistent,,consistent,,consistent,,"-0,1% m/m","0,0% m/m","-0,1% m/m"
2412,DURABLE_GOODS,2016-02-25T07:30:00-06:00,January 2016,January,compatible_month,month=1,59,60342,Durable Goods Orders - pre..,standard_pinned_report,expected_event_name,consistent,,consistent,,consistent,,"2,5% m/m","4,9% m/m",-5% m/m
1746,GDP,2016-02-26T07:30:00-06:00,Q4 2015 Second,4Q,compatible_quarter,quarter=4,690,63582,GDP (Annualized) - rev..,standard_pinned_report,expected_event_name,consistent,,consistent,,consistent,,"0,7%",1%,"2,0%"
1747,PCE,2016-02-26T09:00:00-06:00,January 2016,January,compatible_month,month=1,694,58160,Personal Consumption Expenditures,standard_pinned_report,expected_event_name,consistent,,consistent,,consistent,,"0,3% m/m","0,5% m/m","0,0% m/m"
303,EMPLOYMENT,2016-03-04T07:30:00-06:00,February 2016,February,compatible_month,month=2,707,59871,Non-Farm Employment Change,standard_pinned_report,expected_event_name,consistent,,consistent,,consistent,,190 k,242 k,151 k
304,PPI,2016-03-15T07:30:00-05:00,February 2016,February,compatible_month,month=2,703,59669,Producer Price Index,standard_pinned_report,expected_event_name,consistent,,consistent,,consistent,,"-0,1% m/m","-0,2% m/m","0,1% m/m"
2413,RETAIL_SALES,2016-03-15T07:30:00-05:00,February 2016,February,compatible_month,month=2,696,60279,Retail Sales,standard_pinned_report,expected_event_name,consistent,,consistent,,consistent,,"-0,2% m/m","-0,1% m/m","0,2% m/m"
305,CPI,2016-03-16T07:30:00-05:00,February 2016,February,compatible_month,month=2,699,59609,Consumer Price Index,standard_pinned_report,expected_event_name,consistent,,consistent,,consistent,,"-0,2% m/m","-0,2% m/m","0,0% m/m"
2179,FOMC,2016-03-16T13:00:00-05:00,FOMC 2016-03-16,March,compatible_fomc_month,official_date_month=3,82,56617,FOMC Interest Rate Decision,standard_pinned_report,expected_event_name,consistent,,consistent,,consistent,,"0,25-0,50%","0,25-0,50%","0,25-0,50%"
2414,DURABLE_GOODS,2016-03-24T07:30:00-05:00,February 2016,February,compatible_month,month=2,59,60344,Durable Goods Orders - pre..,standard_pinned_report,expected_event_name,consistent,,consistent,,consistent,,"-2,9% m/m","-2,8% m/m","4,7% m/m"
1748,GDP,2016-03-25T07:30:00-05:00,Q4 2015 Third,4Q,compatible_quarter,quarter=4,690,63583,GDP (Annualized) - fin..,standard_pinned_report,expected_event_name,consistent,,consistent,,consistent,,1%,"1,4%","2,0%"
1749,PCE,2016-03-28T07:30:00-05:00,February 2016,February,compatible_month,month=2,694,58164,Personal Consumption Expenditures,standard_pinned_report,expected_event_name,consistent,,consistent,,consistent,,"0,1% m/m","0,1% m/m","0,5% m/m"
308,EMPLOYMENT,2016-04-01T07:30:00-05:00,March 2016,March,compatible_month,month=3,707,59877,Non-Farm Employment Change,standard_pinned_report,expected_event_name,consistent,,consistent,,consistent,,205 k,215 k,242 k
310,PPI,2016-04-13T07:30:00-05:00,March 2016,March,compatible_month,month=3,703,59674,Producer Price Index,standard_pinned_report,expected_event_name,consistent,,consistent,,consistent,,"0,3% m/m","-0,1% m/m","-0,2% m/m"
2415,RETAIL_SALES,2016-04-13T07:30:00-05:00,March 2016,March,compatible_month,month=3,696,60282,Retail Sales,standard_pinned_report,expected_event_name,consistent,,consistent,,consistent,,"0,1% m/m","-0,3% m/m","-0,1% m/m"
311,CPI,2016-04-14T07:30:00-05:00,March 2016,March,compatible_month,month=3,699,59614,Consumer Price Index,standard_pinned_report,expected_event_name,consistent,,consistent,,consistent,,"0,2% m/m","0,1% m/m","-0,2% m/m"
2416,DURABLE_GOODS,2016-04-26T07:30:00-05:00,March 2016,March,compatible_month,month=3,59,60346,Durable Goods Orders - pre..,standard_pinned_report,expected_event_name,consistent,,consistent,,consistent,,"1,7% m/m","0,8% m/m",-3% m/m
2180,FOMC,2016-04-27T13:00:00-05:00,FOMC 2016-04-27,April,compatible_fomc_month,official_date_month=4,82,56618,FOMC Interest Rate Decision,standard_pinned_report,expected_event_name,consistent,,consistent,,consistent,,"0,25-0,50%","0,25-0,50%","0,25-0,50%"
1750,GDP,2016-04-28T07:30:00-05:00,Q1 2016 Advance,1Q,compatible_quarter,quarter=1,690,57366,GDP (Annualized) - pre..,standard_pinned_report,expected_event_name,consistent,,consistent,,consistent,,"0,7%","0,5%","0,7%"
1751,PCE,2016-04-29T07:30:00-05:00,March 2016,March,compatible_month,month=3,694,58168,Personal Consumption Expenditures,standard_pinned_report,expected_event_name,consistent,,consistent,,consistent,,"0,2% m/m","0,1% m/m","0,1% m/m"
312,EMPLOYMENT,2016-05-06T07:30:00-05:00,April 2016,April,compatible_month,month=4,707,59883,Non-Farm Employment Change,standard_pinned_report,expected_event_name,consistent,,consistent,,consistent,,200 k,160 k,215 k
314,PPI,2016-05-13T07:30:00-05:00,April 2016,April,compatible_month,month=4,703,59679,Producer Price Index,standard_pinned_report,expected_event_name,consistent,,consistent,,consistent,,"0,3% m/m","0,2% m/m","-0,1% m/m"
2417,RETAIL_SALES,2016-05-13T07:30:00-05:00,April 2016,April,compatible_month,month=4,696,60285,Retail Sales,standard_pinned_report,expected_event_name,consistent,,consistent,,consistent,,"0,7% m/m","1,3% m/m","-0,3% m/m"
315,CPI,2016-05-17T07:30:00-05:00,April 2016,April,compatible_month,month=4,699,59619,Consumer Price Index,standard_pinned_report,expected_event_name,consistent,,consistent,,consistent,,"0,3% m/m",04% m/m,"0,1% m/m"
2418,DURABLE_GOODS,2016-05-26T07:30:00-05:00,April 2016,April,compatible_month,month=4,59,60348,Durable Goods Orders - pre..,standard_pinned_report,expected_event_name,consistent,,consistent,,consistent,,"0,5% m/m","3,4% m/m","0,8% m/m"
1752,GDP,2016-05-27T07:30:00-05:00,Q1 2016 Second,1Q,compatible_quarter,quarter=1,690,57370,GDP (Annualized) - rev..,standard_pinned_report,expected_event_name,consistent,,consistent,,consistent,,"0,5%","0,8%",1%
1753,PCE,2016-05-31T07:30:00-05:00,April 2016,April,compatible_month,month=4,694,58172,Personal Consumption Expenditures,standard_pinned_report,expected_event_name,consistent,,consistent,,consistent,,"0,7% m/m",1% m/m,"0,1% m/m"
316,EMPLOYMENT,2016-06-03T07:30:00-05:00,May 2016,May,compatible_month,month=5,707,59889,Non-Farm Employment Change,standard_pinned_report,expected_event_name,consistent,,consistent,,consistent,,161 k,38 k,160 k
2419,RETAIL_SALES,2016-06-14T07:30:00-05:00,May 2016,May,compatible_month,month=5,696,60288,Retail Sales,standard_pinned_report,expected_event_name,consistent,,consistent,,consistent,,"0,3% m/m","0,5% m/m","1,3% m/m"
318,PPI,2016-06-15T07:30:00-05:00,May 2016,May,compatible_month,month=5,703,59684,Producer Price Index,standard_pinned_report,expected_event_name,consistent,,consistent,,consistent,,"0,4% m/m","0,4% m/m","0,2% m/m"
2181,FOMC,2016-06-15T13:00:00-05:00,FOMC 2016-06-15,June,compatible_fomc_month,official_date_month=6,82,56619,FOMC Interest Rate Decision,standard_pinned_report,expected_event_name,consistent,,consistent,,consistent,,"0,25-0,50%","0,25-0,50%","0,25-0,50%"
319,CPI,2016-06-16T07:30:00-05:00,May 2016,May,compatible_month,month=5,699,59624,Consumer Price Index,standard_pinned_report,expected_event_name,consistent,,consistent,,consistent,,"0,3% m/m","0,2% m/m",04% m/m
2420,DURABLE_GOODS,2016-06-24T07:30:00-05:00,May 2016,May,compatible_month,month=5,59,60350,Durable Goods Orders - pre..,standard_pinned_report,expected_event_name,consistent,,consistent,,consistent,,"-0,5% m/m","-2,2% m/m","3,4% m/m"
1754,GDP,2016-06-28T07:30:00-05:00,Q1 2016 Third,1Q,compatible_quarter,quarter=1,690,57374,GDP (Annualized) - fin..,standard_pinned_report,expected_event_name,consistent,,consistent,,consistent,,"0,8%","1,1%","1,4%"
1755,PCE,2016-06-29T07:30:00-05:00,May 2016,May,compatible_month,month=5,694,58176,Personal Consumption Expenditures,standard_pinned_report,expected_event_name,consistent,,consistent,,consistent,,"0,4% m/m","0,4% m/m",1% m/m
320,EMPLOYMENT,2016-07-08T07:30:00-05:00,June 2016,June,compatible_month,month=6,707,59895,Non-Farm Employment Change,standard_pinned_report,expected_event_name,consistent,,consistent,,consistent,,178 k,287 k,38 k
322,PPI,2016-07-14T07:30:00-05:00,June 2016,June,compatible_month,month=6,703,59689,Producer Price Index,standard_pinned_report,expected_event_name,consistent,,consistent,,consistent,,"0,3% m/m","0,5% m/m","0,4% m/m"
323,CPI,2016-07-15T07:30:00-05:00,June 2016,June,compatible_month,month=6,699,59629,Consumer Price Index,standard_pinned_report,expected_event_name,consistent,,consistent,,consistent,,"0,3% m/m","0,2% m/m","0,2% m/m"
2421,RETAIL_SALES,2016-07-15T07:30:00-05:00,June 2016,June,compatible_month,month=6,696,60291,Retail Sales,standard_pinned_report,expected_event_name,consistent,,consistent,,consistent,,"0,1% m/m","0,6% m/m","0,5% m/m"
2422,DURABLE_GOODS,2016-07-27T07:30:00-05:00,June 2016,June,compatible_month,month=6,59,60352,Durable Goods Orders - pre..,standard_pinned_report,expected_event_name,consistent,,consistent,,consistent,,"-1,1% m/m",-4% m/m,"-2,3% m/m"
2182,FOMC,2016-07-27T13:00:00-05:00,FOMC 2016-07-27,July,compatible_fomc_month,official_date_month=7,82,56620,FOMC Interest Rate Decision,standard_pinned_report,expected_event_name,consistent,,consistent,,consistent,,"0,25-0,50%","0,25-0,50%","0,25-0,50%"
1756,GDP,2016-07-29T07:30:00-05:00,Q2 2016 Advance,2Q,compatible_quarter,quarter=2,690,57378,GDP (Annualized) - pre..,standard_pinned_report,expected_event_name,consistent,,consistent,,consistent,,"2,6%","1,2%","1,1%"
1757,PCE,2016-08-02T07:30:00-05:00,June 2016,June,compatible_month,month=6,694,58180,Personal Consumption Expenditures,standard_pinned_report,expected_event_name,consistent,,consistent,,consistent,,"0,3% m/m","0,4% m/m","0,4% m/m"
324,EMPLOYMENT,2016-08-05T07:30:00-05:00,July 2016,July,compatible_month,month=7,707,59901,Non-Farm Employment Change,standard_pinned_report,expected_event_name,consistent,,consistent,,consistent,,175 k,255 k,287 k
326,PPI,2016-08-12T07:30:00-05:00,July 2016,July,compatible_month,month=7,703,59694,Producer Price Index,standard_pinned_report,expected_event_name,consistent,,consistent,,consistent,,"0,1% m/m","-0,4% m/m","0,5% m/m"
2423,RETAIL_SALES,2016-08-12T07:30:00-05:00,July 2016,July,compatible_month,month=7,696,60294,Retail Sales,standard_pinned_report,expected_event_name,consistent,,consistent,,consistent,,"0,4% m/m","0,0% m/m","0,6% m/m"
327,CPI,2016-08-16T07:30:00-05:00,July 2016,July,compatible_month,month=7,699,59634,Consumer Price Index,standard_pinned_report,expected_event_name,consistent,,consistent,,consistent,,"0,0% m/m","0,0% m/m","0,2% m/m"
2424,DURABLE_GOODS,2016-08-25T07:30:00-05:00,July 2016,July,compatible_month,month=7,59,60354,Durable Goods Orders - pre..,standard_pinned_report,expected_event_name,consistent,,consistent,,consistent,,"3,3% m/m","4,4% m/m","-3,9% m/m"
1758,GDP,2016-08-26T07:30:00-05:00,Q2 2016 Second,2Q,compatible_quarter,quarter=2,690,57382,GDP (Annualized) - rev..,standard_pinned_report,expected_event_name,consistent,,consistent,,consistent,,"1,2%","1,1%","0,8%"
1759,PCE,2016-08-29T07:30:00-05:00,July 2016,July,compatible_month,month=7,694,58184,Personal Consumption Expenditures,standard_pinned_report,expected_event_name,consistent,,consistent,,consistent,,"0,3% m/m","0,3% m/m","0,4% m/m"
328,EMPLOYMENT,2016-09-02T07:30:00-05:00,August 2016,August,compatible_month,month=8,707,59907,Non-Farm Employment Change,standard_pinned_report,expected_event_name,consistent,,consistent,,consistent,,180 k,151 k,255 k
330,PPI,2016-09-15T07:30:00-05:00,August 2016,August,compatible_month,month=8,703,59699,Producer Price Index,standard_pinned_report,expected_event_name,consistent,,consistent,,consistent,,"0,1% m/m","0,0% m/m","-0,4% m/m"
2425,RETAIL_SALES,2016-09-15T07:30:00-05:00,August 2016,August,compatible_month,month=8,696,60297,Retail Sales,standard_pinned_report,expected_event_name,consistent,,consistent,,consistent,,"0,0% m/m","-0,3% m/m","0,0% m/m"
331,CPI,2016-09-16T07:30:00-05:00,August 2016,August,compatible_month,month=8,699,59639,Consumer Price Index,standard_pinned_report,expected_event_name,consistent,,consistent,,consistent,,"0,1% m/m","0,2% m/m","0,0% m/m"
2183,FOMC,2016-09-21T13:00:00-05:00,FOMC 2016-09-21,September,compatible_fomc_month,official_date_month=9,82,56621,FOMC Interest Rate Decision,standard_pinned_report,expected_event_name,consistent,,consistent,,consistent,,"0,25-0,50%","0,25-0,50%","0,25-0,50%"
2426,DURABLE_GOODS,2016-09-28T07:30:00-05:00,August 2016,August,compatible_month,month=8,59,60356,Durable Goods Orders - pre..,standard_pinned_report,expected_event_name,consistent,,consistent,,consistent,,"-1,5% m/m","0,0% m/m","4,4% m/m"
1760,GDP,2016-09-29T07:30:00-05:00,Q2 2016 Third,2Q,compatible_quarter,quarter=2,690,57386,GDP (Annualized) - fin..,standard_pinned_report,expected_event_name,consistent,,consistent,,consistent,,"1,1%","1,4%","0,8%"
1761,PCE,2016-09-30T07:30:00-05:00,August 2016,August,compatible_month,month=8,694,58188,Personal Consumption Expenditures,standard_pinned_report,expected_event_name,consistent,,consistent,,consistent,,"0,2% m/m","0,0% m/m","0,3% m/m"
332,EMPLOYMENT,2016-10-07T07:30:00-05:00,September 2016,September,compatible_month,month=9,707,59913,Non-Farm Employment Change,standard_pinned_report,expected_event_name,consistent,,consistent,,consistent,,175 k,156 k,151 k
334,PPI,2016-10-14T07:30:00-05:00,September 2016,September,compatible_month,month=9,703,59704,Producer Price Index,standard_pinned_report,expected_event_name,consistent,,consistent,,consistent,,"0,2% m/m","0,3% m/m","0,0% m/m"
2427,RETAIL_SALES,2016-10-14T07:30:00-05:00,September 2016,September,compatible_month,month=9,696,60300,Retail Sales,standard_pinned_report,expected_event_name,consistent,,consistent,,consistent,,"0,6% m/m","0,6% m/m","-0,3% m/m"
335,CPI,2016-10-18T07:30:00-05:00,September 2016,September,compatible_month,month=9,699,59644,Consumer Price Index,standard_pinned_report,expected_event_name,consistent,,consistent,,consistent,,"0,3% m/m","0,3% m/m","0,2% m/m"
2428,DURABLE_GOODS,2016-10-27T07:30:00-05:00,September 2016,September,compatible_month,month=9,59,60358,Durable Goods Orders - pre..,standard_pinned_report,expected_event_name,consistent,,consistent,,consistent,,"0,2% m/m","-0,1% m/m","0,1% m/m"
1762,GDP,2016-10-28T07:30:00-05:00,Q3 2016 Advance,3Q,compatible_quarter,quarter=3,690,57390,GDP (Annualized) - pre..,standard_pinned_report,expected_event_name,consistent,,consistent,,consistent,,"2,5%","2,9%","1,4%"
1763,PCE,2016-10-31T07:30:00-05:00,September 2016,September,compatible_month,month=9,694,58192,Personal Consumption Expenditures,standard_pinned_report,expected_event_name,consistent,,consistent,,consistent,,"0,5% m/m","0,5% m/m","0,0% m/m"
2184,FOMC,2016-11-02T13:00:00-05:00,FOMC 2016-11-02,November,compatible_fomc_month,official_date_month=11,82,56622,FOMC Interest Rate Decision,standard_pinned_report,expected_event_name,consistent,,consistent,,consistent,,"0,25-0,50%","0,25-0,50%","0,25-0,50%"
336,EMPLOYMENT,2016-11-04T07:30:00-05:00,October 2016,October,compatible_month,month=10,707,59919,Non-Farm Employment Change,standard_pinned_report,expected_event_name,consistent,,consistent,,consistent,,175 k,161 k,156 k
2429,RETAIL_SALES,2016-11-15T07:30:00-06:00,October 2016,October,compatible_month,month=10,696,60303,Retail Sales,standard_pinned_report,expected_event_name,consistent,,consistent,,consistent,,"0,6% m/m","0,8% m/m","0,6% m/m"
338,PPI,2016-11-16T07:30:00-06:00,October 2016,October,compatible_month,month=10,703,59709,Producer Price Index,standard_pinned_report,expected_event_name,consistent,,consistent,,consistent,,"0,3% m/m","0,0% m/m","0,3% m/m"
339,CPI,2016-11-17T07:30:00-06:00,October 2016,October,compatible_month,month=10,699,59649,Consumer Price Index,standard_pinned_report,expected_event_name,consistent,,consistent,,consistent,,"0,4% m/m","0,4% m/m","0,3% m/m"
2430,DURABLE_GOODS,2016-11-23T07:30:00-06:00,October 2016,October,compatible_month,month=10,59,60360,Durable Goods Orders - pre..,standard_pinned_report,expected_event_name,consistent,,consistent,,consistent,,"1,5% m/m","4,8% m/m","-0,3% m/m"
1764,GDP,2016-11-29T07:30:00-06:00,Q3 2016 Second,3Q,compatible_quarter,quarter=3,690,57394,GDP (Annualized) - rev..,standard_pinned_report,expected_event_name,consistent,,consistent,,consistent,,"2,9%","3,2%","1,4%"
1765,PCE,2016-11-30T07:30:00-06:00,October 2016,October,compatible_month,month=10,694,58196,Personal Consumption Expenditures,standard_pinned_report,expected_event_name,consistent,,consistent,,consistent,,"0,5% m/m","0,3% m/m","0,5% m/m"
340,EMPLOYMENT,2016-12-02T07:30:00-06:00,November 2016,November,compatible_month,month=11,707,59925,Non-Farm Employment Change,standard_pinned_report,expected_event_name,consistent,,consistent,,consistent,,175 k,178 k,161 k
342,PPI,2016-12-14T07:30:00-06:00,November 2016,November,compatible_month,month=11,703,59714,Producer Price Index,standard_pinned_report,expected_event_name,consistent,,consistent,,consistent,,"0,1% m/m","0,4% m/m","0,0% m/m"
2431,RETAIL_SALES,2016-12-14T07:30:00-06:00,November 2016,November,compatible_month,month=11,696,60306,Retail Sales,standard_pinned_report,expected_event_name,consistent,,consistent,,consistent,,"0,3% m/m","0,1% m/m","0,8% m/m"
2185,FOMC,2016-12-14T13:00:00-06:00,FOMC 2016-12-14,December,compatible_fomc_month,official_date_month=12,82,56623,FOMC Interest Rate Decision,standard_pinned_report,expected_event_name,consistent,,consistent,,consistent,,"0,50-0,75%","0,50-0,75%","0,25-0,50%"
343,CPI,2016-12-15T07:30:00-06:00,November 2016,November,compatible_month,month=11,699,59654,Consumer Price Index,standard_pinned_report,expected_event_name,consistent,,consistent,,consistent,,"0,2% m/m","0,2% m/m","0,4% m/m"
2432,DURABLE_GOODS,2016-12-22T07:30:00-06:00,November 2016,November,compatible_month,month=11,59,60362,Durable Goods Orders - pre..,standard_pinned_report,expected_event_name,consistent,,consistent,,consistent,,-4% m/m,"-4,6% m/m","4,6% m/m"
1766,GDP,2016-12-22T07:30:00-06:00,Q3 2016 Third,3Q,compatible_quarter,quarter=3,690,57398,GDP (Annualized) - fin..,standard_pinned_report,expected_event_name,consistent,,consistent,,consistent,,"3,2%","3,5%","1,4%"
1767,PCE,2016-12-22T09:00:00-06:00,November 2016,November,compatible_month,month=11,694,58200,Personal Consumption Expenditures,standard_pinned_report,expected_event_name,consistent,,consistent,,consistent,,"0,3% m/m","0,2% m/m","0,3% m/m"
344,EMPLOYMENT,2017-01-06T07:30:00-06:00,December 2016,December,compatible_month,month=12,707,66589,Non-Farm Employment Change,standard_pinned_report,expected_event_name,consistent,,consistent,,consistent,,177 k,156 k,178 k
346,PPI,2017-01-13T07:30:00-06:00,December 2016,December,compatible_month,month=12,703,59719,Producer Price Index,standard_pinned_report,expected_event_name,consistent,,consistent,,consistent,,"0,3% m/m","0,3% m/m","0,4% m/m"
2433,RETAIL_SALES,2017-01-13T07:30:00-06:00,December 2016,December,compatible_month,month=12,696,66727,Retail Sales,standard_pinned_report,expected_event_name,consistent,,consistent,,consistent,,"0,7% m/m","0,6% m/m","0,1% m/m"
347,CPI,2017-01-18T07:30:00-06:00,December 2016,December,compatible_month,month=12,699,66305,Consumer Price Index,standard_pinned_report,expected_event_name,consistent,,consistent,,consistent,,"0,3% m/m","0,3% m/m","0,2% m/m"
2434,DURABLE_GOODS,2017-01-27T07:30:00-06:00,December 2016,December,compatible_month,month=12,59,66787,Durable Goods Orders - pre..,standard_pinned_report,expected_event_name,consistent,,consistent,,consistent,,"2,6% m/m","-0,4% m/m","-4,5% m/m"
1768,GDP,2017-01-27T07:30:00-06:00,Q4 2016 Advance,4Q,compatible_quarter,quarter=4,690,70635,GDP (Annualized) - pre..,standard_pinned_report,expected_event_name,consistent,,consistent,,consistent,,"2,2%","1,9%","3,5%"
1769,PCE,2017-01-30T07:30:00-06:00,December 2016,December,compatible_month,month=12,694,66045,Personal Consumption Expenditures,standard_pinned_report,expected_event_name,consistent,,consistent,,consistent,,"0,5% m/m","0,5% m/m","0,2% m/m"
2186,FOMC,2017-02-01T13:00:00-06:00,FOMC 2017-02-01,February,compatible_fomc_month,official_date_month=2,82,66034,FOMC Interest Rate Decision,standard_pinned_report,expected_event_name,consistent,,consistent,,consistent,,"0,50-0,75%","0,50-0,75%","0,50-0,75%"
348,EMPLOYMENT,2017-02-03T07:30:00-06:00,January 2017,January,compatible_month,month=1,707,66595,Non-Farm Employment Change,standard_pinned_report,expected_event_name,consistent,,consistent,,consistent,,175 k,227 k,156 k
350,PPI,2017-02-14T07:30:00-06:00,January 2017,January,compatible_month,month=1,703,66365,Producer Price Index,standard_pinned_report,expected_event_name,consistent,,consistent,,consistent,,"0,3% m/m","0,6% m/m","0,3% m/m"
351,CPI,2017-02-15T07:30:00-06:00,January 2017,January,compatible_month,month=1,699,66310,Consumer Price Index,standard_pinned_report,expected_event_name,consistent,,consistent,,consistent,,"0,3% m/m","0,6% m/m","0,3% m/m"
2435,RETAIL_SALES,2017-02-15T07:30:00-06:00,January 2017,January,compatible_month,month=1,696,66730,Retail Sales,standard_pinned_report,expected_event_name,consistent,,consistent,,consistent,,"0,1% m/m","0,4% m/m","0,6% m/m"
2436,DURABLE_GOODS,2017-02-27T07:30:00-06:00,January 2017,January,compatible_month,month=1,59,66789,Durable Goods Orders - pre..,standard_pinned_report,expected_event_name,consistent,,consistent,,consistent,,"1,7% m/m","1,8% m/m","-0,5% m/m"
1770,GDP,2017-02-28T07:30:00-06:00,Q4 2016 Second,4Q,compatible_quarter,quarter=4,690,71071,GDP (Annualized) - rev..,standard_pinned_report,expected_event_name,consistent,,consistent,,consistent,,"1,9%","1,9%","3,5%"
1771,PCE,2017-03-01T07:30:00-06:00,January 2017,January,compatible_month,month=1,694,66049,Personal Consumption Expenditures,standard_pinned_report,expected_event_name,consistent,,consistent,,consistent,,"0,3% m/m","0,2% m/m","0,5% m/m"
352,EMPLOYMENT,2017-03-10T07:30:00-06:00,February 2017,February,compatible_month,month=2,707,66601,Non-Farm Employment Change,standard_pinned_report,expected_event_name,consistent,,consistent,,consistent,,190 k,235 k,227 k
353,PPI,2017-03-14T07:30:00-05:00,February 2017,February,compatible_month,month=2,703,66370,Producer Price Index,standard_pinned_report,expected_event_name,consistent,,consistent,,consistent,,"0,1% m/m","0,3% m/m","0,6% m/m"
354,CPI,2017-03-15T07:30:00-05:00,February 2017,February,compatible_month,month=2,699,66315,Consumer Price Index,standard_pinned_report,expected_event_name,consistent,,consistent,,consistent,,"0,0% m/m","0,1% m/m","0,6% m/m"
2437,RETAIL_SALES,2017-03-15T07:30:00-05:00,February 2017,February,compatible_month,month=2,696,66733,Retail Sales,standard_pinned_report,expected_event_name,consistent,,consistent,,consistent,,"0,1% m/m","0,1% m/m","0,4% m/m"
2187,FOMC,2017-03-15T13:00:00-05:00,FOMC 2017-03-15,March,compatible_fomc_month,official_date_month=3,82,66035,FOMC Interest Rate Decision,standard_pinned_report,expected_event_name,consistent,,consistent,,consistent,,"0,75-1,00%","0,75-1,00%","0,50-0,75%"
2438,DURABLE_GOODS,2017-03-24T07:30:00-05:00,February 2017,February,compatible_month,month=2,59,66791,Durable Goods Orders - pre..,standard_pinned_report,expected_event_name,consistent,,consistent,,consistent,,"1,5% m/m","1,7% m/m",2% m/m
1772,GDP,2017-03-30T07:30:00-05:00,Q4 2016 Third,4Q,compatible_quarter,quarter=4,690,71332,GDP (Annualized) - fin..,standard_pinned_report,expected_event_name,consistent,,consistent,,consistent,,"1,9%","2,1%","3,5%"
1773,PCE,2017-03-31T07:30:00-05:00,February 2017,February,compatible_month,month=2,694,66053,Personal Consumption Expenditures,standard_pinned_report,expected_event_name,consistent,,consistent,,consistent,,"0,2% m/m","0,1% m/m","0,2% m/m"
357,EMPLOYMENT,2017-04-07T07:30:00-05:00,March 2017,March,compatible_month,month=3,707,66607,Non-Farm Employment Change,standard_pinned_report,expected_event_name,consistent,,consistent,,consistent,,180 k,98 k,235 k
359,PPI,2017-04-13T07:30:00-05:00,March 2017,March,compatible_month,month=3,703,66375,Producer Price Index,standard_pinned_report,expected_event_name,consistent,,consistent,,consistent,,"0,0% m/m","-0,1% m/m","0,3% m/m"
360,CPI,2017-04-14T07:30:00-05:00,March 2017,March,compatible_month,month=3,699,66320,Consumer Price Index,standard_pinned_report,expected_event_name,consistent,,consistent,,consistent,,"0,0% m/m","-0,3% m/m","0,1% m/m"
2439,RETAIL_SALES,2017-04-14T07:30:00-05:00,March 2017,March,compatible_month,month=3,696,66736,Retail Sales,standard_pinned_report,expected_event_name,consistent,,consistent,,consistent,,"-0,1% m/m","-0,2% m/m","0,1% m/m"
2440,DURABLE_GOODS,2017-04-27T07:30:00-05:00,March 2017,March,compatible_month,month=3,59,66793,Durable Goods Orders - pre..,standard_pinned_report,expected_event_name,consistent,,consistent,,consistent,,"1,2% m/m","0,7% m/m","1,8% m/m"
1774,GDP,2017-04-28T07:30:00-05:00,Q1 2017 Advance,1Q,compatible_quarter,quarter=1,690,65003,GDP (Annualized) - pre..,standard_pinned_report,expected_event_name,consistent,,consistent,,consistent,,"1,1%","0,7%","1,9%"
1775,PCE,2017-05-01T07:30:00-05:00,March 2017,March,compatible_month,month=3,694,66057,Personal Consumption Expenditures,standard_pinned_report,expected_event_name,consistent,,consistent,,consistent,,"0,2% m/m","0,0% m/m","0,1% m/m"
2188,FOMC,2017-05-03T13:00:00-05:00,FOMC 2017-05-03,May,compatible_fomc_month,official_date_month=5,82,66036,FOMC Interest Rate Decision,standard_pinned_report,expected_event_name,consistent,,consistent,,consistent,,"0,75-1,00%","0,75-1,00%","0,75-1,00%"
361,EMPLOYMENT,2017-05-05T07:30:00-05:00,April 2017,April,compatible_month,month=4,707,66613,Non-Farm Employment Change,standard_pinned_report,expected_event_name,consistent,,consistent,,consistent,,185 k,211 k,98 k
363,PPI,2017-05-11T07:30:00-05:00,April 2017,April,compatible_month,month=4,703,66380,Producer Price Index,standard_pinned_report,expected_event_name,consistent,,consistent,,consistent,,"0,2% m/m","0,5% m/m","-0,1% m/m"
364,CPI,2017-05-12T07:30:00-05:00,April 2017,April,compatible_month,month=4,699,66325,Consumer Price Index,standard_pinned_report,expected_event_name,consistent,,consistent,,consistent,,"0,2% m/m","0,2% m/m","-0,3% m/m"
2441,RETAIL_SALES,2017-05-12T07:30:00-05:00,April 2017,April,compatible_month,month=4,696,66739,Retail Sales,standard_pinned_report,expected_event_name,consistent,,consistent,,consistent,,"0,6% m/m","0,4% m/m","-0,2% m/m"
2442,DURABLE_GOODS,2017-05-26T07:30:00-05:00,April 2017,April,compatible_month,month=4,59,66795,Durable Goods Orders - pre..,standard_pinned_report,expected_event_name,consistent,,consistent,,consistent,,"-1,2% m/m","-0,7% m/m","0,9% m/m"
1776,GDP,2017-05-26T07:30:00-05:00,Q1 2017 Second,1Q,compatible_quarter,quarter=1,690,66496,GDP (Annualized) - rev..,standard_pinned_report,expected_event_name,consistent,,consistent,,consistent,,"0,7%","1,2%","1,9%"
1777,PCE,2017-05-30T07:30:00-05:00,April 2017,April,compatible_month,month=4,694,71702,Personal Consumption Expenditures,standard_pinned_report,expected_event_name,consistent,,consistent,,consistent,,"0,4% m/m","0,4% m/m","0,0% m/m"
365,EMPLOYMENT,2017-06-02T07:30:00-05:00,May 2017,May,compatible_month,month=5,707,66619,Non-Farm Employment Change,standard_pinned_report,expected_event_name,consistent,,consistent,,consistent,,185 k,138 k,211 k
367,PPI,2017-06-13T07:30:00-05:00,May 2017,May,compatible_month,month=5,703,66385,Producer Price Index,standard_pinned_report,expected_event_name,consistent,,consistent,,consistent,,"0,0% m/m","0,0% m/m","0,5% m/m"
368,CPI,2017-06-14T07:30:00-05:00,May 2017,May,compatible_month,month=5,699,66330,Consumer Price Index,standard_pinned_report,expected_event_name,consistent,,consistent,,consistent,,"0,0% m/m","-0,1% m/m","0,2% m/m"
2443,RETAIL_SALES,2017-06-14T07:30:00-05:00,May 2017,May,compatible_month,month=5,696,66742,Retail Sales,standard_pinned_report,expected_event_name,consistent,,consistent,,consistent,,"0,1% m/m","-0,3% m/m","0,4% m/m"
2189,FOMC,2017-06-14T13:00:00-05:00,FOMC 2017-06-14,June,compatible_fomc_month,official_date_month=6,82,66037,FOMC Interest Rate Decision,standard_pinned_report,expected_event_name,consistent,,consistent,,consistent,,"1,00-1,25%","1,00-1,25%","0,75-1,00%"
2444,DURABLE_GOODS,2017-06-26T07:30:00-05:00,May 2017,May,compatible_month,month=5,59,66797,Durable Goods Orders - pre..,standard_pinned_report,expected_event_name,consistent,,consistent,,consistent,,"-0,5% m/m","-1,1% m/m","-0,8% m/m"
1778,GDP,2017-06-29T07:30:00-05:00,Q1 2017 Third,1Q,compatible_quarter,quarter=1,690,66512,GDP (Annualized) - fin..,standard_pinned_report,expected_event_name,consistent,,consistent,,consistent,,"1,2%","1,4%","2,1%"
1779,PCE,2017-06-30T07:30:00-05:00,May 2017,May,compatible_month,month=5,694,71709,Personal Consumption Expenditures,standard_pinned_report,expected_event_name,consistent,,consistent,,consistent,,"0,1% m/m","0,1% m/m","0,4% m/m"
369,EMPLOYMENT,2017-07-07T07:30:00-05:00,June 2017,June,compatible_month,month=6,707,66625,Non-Farm Employment Change,standard_pinned_report,expected_event_name,consistent,,consistent,,consistent,,179 k,222 k,138 k
371,PPI,2017-07-13T07:30:00-05:00,June 2017,June,compatible_month,month=6,703,66390,Producer Price Index,standard_pinned_report,expected_event_name,consistent,,consistent,,consistent,,"0,0% m/m","0,1% m/m","0,0% m/m"
372,CPI,2017-07-14T07:30:00-05:00,June 2017,June,compatible_month,month=6,699,66335,Consumer Price Index,standard_pinned_report,expected_event_name,consistent,,consistent,,consistent,,"0,1% m/m","0,0% m/m","-0,1% m/m"
2445,RETAIL_SALES,2017-07-14T07:30:00-05:00,June 2017,June,compatible_month,month=6,696,66745,Retail Sales,standard_pinned_report,expected_event_name,consistent,,consistent,,consistent,,"0,1% m/m","-0,2% m/m","-0,3% m/m"
2190,FOMC,2017-07-26T13:00:00-05:00,FOMC 2017-07-26,July,compatible_fomc_month,official_date_month=7,82,66038,FOMC Interest Rate Decision,standard_pinned_report,expected_event_name,consistent,,consistent,,consistent,,"1,00-1,25%","1,00-1,25%","1,00-1,25%"
2446,DURABLE_GOODS,2017-07-27T07:30:00-05:00,June 2017,June,compatible_month,month=6,59,66799,Durable Goods Orders - pre..,standard_pinned_report,expected_event_name,consistent,,consistent,,consistent,,3% m/m,"6,5% m/m","-0,8% m/m"
1780,GDP,2017-07-28T07:30:00-05:00,Q2 2017 Advance,2Q,compatible_quarter,quarter=2,690,65007,GDP (Annualized) - pre..,standard_pinned_report,expected_event_name,consistent,,consistent,,consistent,,"2,6%","2,6%","1,4%"
1781,PCE,2017-08-01T07:30:00-05:00,June 2017,June,compatible_month,month=6,694,71716,Personal Consumption Expenditures,standard_pinned_report,expected_event_name,consistent,,consistent,,consistent,,"0,1% m/m","0,1% m/m","0,1% m/m"
373,EMPLOYMENT,2017-08-04T07:30:00-05:00,July 2017,July,compatible_month,month=7,707,66631,Non-Farm Employment Change,standard_pinned_report,expected_event_name,consistent,,consistent,,consistent,,183 k,209 k,222 k
375,PPI,2017-08-10T07:30:00-05:00,July 2017,July,compatible_month,month=7,703,66395,Producer Price Index,standard_pinned_report,expected_event_name,consistent,,consistent,,consistent,,"0,1% m/m","-0,1% m/m","0,1% m/m"
376,CPI,2017-08-11T07:30:00-05:00,July 2017,July,compatible_month,month=7,699,66340,Consumer Price Index,standard_pinned_report,expected_event_name,consistent,,consistent,,consistent,,"0,2% m/m","0,1% m/m","0,0% m/m"
2447,RETAIL_SALES,2017-08-15T07:30:00-05:00,July 2017,July,compatible_month,month=7,696,66748,Retail Sales,standard_pinned_report,expected_event_name,consistent,,consistent,,consistent,,"0,4% m/m","0,6% m/m","-0,2% m/m"
2448,DURABLE_GOODS,2017-08-25T07:30:00-05:00,July 2017,July,compatible_month,month=7,59,66801,Durable Goods Orders - pre..,standard_pinned_report,expected_event_name,consistent,,consistent,,consistent,,-6% m/m,"-6,8% m/m","6,4% m/m"
1782,GDP,2017-08-30T07:30:00-05:00,Q2 2017 Second,2Q,compatible_quarter,quarter=2,690,66500,GDP (Annualized) - rev..,standard_pinned_report,expected_event_name,consistent,,consistent,,consistent,,"2,6%","3,0%","1,2%"
1783,PCE,2017-08-31T07:30:00-05:00,July 2017,July,compatible_month,month=7,694,71723,Personal Consumption Expenditures,standard_pinned_report,expected_event_name,consistent,,consistent,,consistent,,"0,4% m/m","0,3% m/m","0,1% m/m"
377,EMPLOYMENT,2017-09-01T07:30:00-05:00,August 2017,August,compatible_month,month=8,707,66637,Non-Farm Employment Change,standard_pinned_report,expected_event_name,consistent,,consistent,,consistent,,182 k,156 k,209 k
379,PPI,2017-09-13T07:30:00-05:00,August 2017,August,compatible_month,month=8,703,66400,Producer Price Index,standard_pinned_report,expected_event_name,consistent,,consistent,,consistent,,"0,3% m/m","0,2% m/m","-0,1% m/m"
380,CPI,2017-09-14T07:30:00-05:00,August 2017,August,compatible_month,month=8,699,66345,Consumer Price Index,standard_pinned_report,expected_event_name,consistent,,consistent,,consistent,,"0,3% m/m","0,4% m/m","0,1% m/m"
2449,RETAIL_SALES,2017-09-15T07:30:00-05:00,August 2017,August,compatible_month,month=8,696,66751,Retail Sales,standard_pinned_report,expected_event_name,consistent,,consistent,,consistent,,"0,1% m/m","-0,2% m/m","0,6% m/m"
2191,FOMC,2017-09-20T13:00:00-05:00,FOMC 2017-09-20,September,compatible_fomc_month,official_date_month=9,82,66039,FOMC Interest Rate Decision,standard_pinned_report,expected_event_name,consistent,,consistent,,consistent,,"1,00-1,25%","1,00-1,25%","1,00-1,25%"
2450,DURABLE_GOODS,2017-09-27T07:30:00-05:00,August 2017,August,compatible_month,month=8,59,66803,Durable Goods Orders - pre..,standard_pinned_report,expected_event_name,consistent,,consistent,,consistent,,1% m/m,"1,7% m/m","-6,8% m/m"
1784,GDP,2017-09-28T07:30:00-05:00,Q2 2017 Third,2Q,compatible_quarter,quarter=2,690,66516,GDP (Annualized) - fin..,standard_pinned_report,expected_event_name,consistent,,consistent,,consistent,,"3,0%","3,1%","1,2%"
1785,PCE,2017-09-29T07:30:00-05:00,August 2017,August,compatible_month,month=8,694,71730,Personal Consumption Expenditures,standard_pinned_report,expected_event_name,consistent,,consistent,,consistent,,"0,1% m/m","0,1% m/m","0,3% m/m"
381,EMPLOYMENT,2017-10-06T07:30:00-05:00,September 2017,September,compatible_month,month=9,707,66643,Non-Farm Employment Change,standard_pinned_report,expected_event_name,consistent,,consistent,,consistent,,90 k,-33 k,156 k
383,PPI,2017-10-12T07:30:00-05:00,September 2017,September,compatible_month,month=9,703,66405,Producer Price Index,standard_pinned_report,expected_event_name,consistent,,consistent,,consistent,,"0,4% m/m","0,4% m/m","0,2% m/m"
384,CPI,2017-10-13T07:30:00-05:00,September 2017,September,compatible_month,month=9,699,66350,Consumer Price Index,standard_pinned_report,expected_event_name,consistent,,consistent,,consistent,,"0,6% m/m","0,5% m/m","0,4% m/m"
2451,RETAIL_SALES,2017-10-13T07:30:00-05:00,September 2017,September,compatible_month,month=9,696,66754,Retail Sales,standard_pinned_report,expected_event_name,consistent,,consistent,,consistent,,"1,7% m/m","1,6% m/m","-0,2% m/m"
2452,DURABLE_GOODS,2017-10-25T07:30:00-05:00,September 2017,September,compatible_month,month=9,59,66805,Durable Goods Orders - pre..,standard_pinned_report,expected_event_name,consistent,,consistent,,consistent,,1% m/m,"2,2% m/m",2% m/m
1786,GDP,2017-10-27T07:30:00-05:00,Q3 2017 Advance,3Q,compatible_quarter,quarter=3,690,65011,GDP (Annualized) - pre..,standard_pinned_report,expected_event_name,consistent,,consistent,,consistent,,"2,5%","3,0%","3,1%"
1787,PCE,2017-10-30T07:30:00-05:00,September 2017,September,compatible_month,month=9,694,71737,Personal Consumption Expenditures,standard_pinned_report,expected_event_name,consistent,,consistent,,consistent,,"0,8% m/m",1% m/m,"0,1% m/m"
2192,FOMC,2017-11-01T13:00:00-05:00,FOMC 2017-11-01,November,compatible_fomc_month,official_date_month=11,82,66040,FOMC Interest Rate Decision,standard_pinned_report,expected_event_name,consistent,,consistent,,consistent,,"1,00-1,25%","1,00-1,25%","1,00-1,25%"
385,EMPLOYMENT,2017-11-03T07:30:00-05:00,October 2017,October,compatible_month,month=10,707,66649,Non-Farm Employment Change,standard_pinned_report,expected_event_name,consistent,,consistent,,consistent,,314 k,261 k,-33 k
387,PPI,2017-11-14T07:30:00-06:00,October 2017,October,compatible_month,month=10,703,66410,Producer Price Index,standard_pinned_report,expected_event_name,consistent,,consistent,,consistent,,"0,1% m/m","0,4% m/m","0,4% m/m"
388,CPI,2017-11-15T07:30:00-06:00,October 2017,October,compatible_month,month=10,699,66355,Consumer Price Index,standard_pinned_report,expected_event_name,consistent,,consistent,,consistent,,"0,1% m/m","0,1% m/m","0,5% m/m"
2453,RETAIL_SALES,2017-11-15T07:30:00-06:00,October 2017,October,compatible_month,month=10,696,66757,Retail Sales,standard_pinned_report,expected_event_name,consistent,,consistent,,consistent,,"0,0% m/m","0,2% m/m","1,6% m/m"
2454,DURABLE_GOODS,2017-11-22T07:30:00-06:00,October 2017,October,compatible_month,month=10,59,66807,Durable Goods Orders - pre..,standard_pinned_report,expected_event_name,consistent,,consistent,,consistent,,"0,3% m/m","-1,2% m/m",2% m/m
1788,GDP,2017-11-29T07:30:00-06:00,Q3 2017 Second,3Q,compatible_quarter,quarter=3,690,66504,GDP (Annualized) - rev..,standard_pinned_report,expected_event_name,consistent,,consistent,,consistent,,"3,0%","3,3%","3,1%"
1789,PCE,2017-11-30T07:30:00-06:00,October 2017,October,compatible_month,month=10,694,71744,Personal Consumption Expenditures,standard_pinned_report,expected_event_name,consistent,,consistent,,consistent,,"0,3% m/m","0,3% m/m",1% m/m
389,EMPLOYMENT,2017-12-08T07:30:00-06:00,November 2017,November,compatible_month,month=11,707,66655,Non-Farm Employment Change,standard_pinned_report,expected_event_name,consistent,,consistent,,consistent,,200 k,228 k,261 k
391,PPI,2017-12-12T07:30:00-06:00,November 2017,November,compatible_month,month=11,703,66415,Producer Price Index,standard_pinned_report,expected_event_name,consistent,,consistent,,consistent,,"0,3% m/m","0,4% m/m","0,4% m/m"
392,CPI,2017-12-13T07:30:00-06:00,November 2017,November,compatible_month,month=11,699,66360,Consumer Price Index,standard_pinned_report,expected_event_name,consistent,,consistent,,consistent,,"0,4% m/m","0,4% m/m","0,1% m/m"
2193,FOMC,2017-12-13T13:00:00-06:00,FOMC 2017-12-13,December,compatible_fomc_month,official_date_month=12,82,66041,FOMC Interest Rate Decision,standard_pinned_report,expected_event_name,consistent,,consistent,,consistent,,"1,25-1,50%","1,25-1,50%","1,00-1,25%"
2455,RETAIL_SALES,2017-12-14T07:30:00-06:00,November 2017,November,compatible_month,month=11,696,66760,Retail Sales,standard_pinned_report,expected_event_name,consistent,,consistent,,consistent,,"0,3% m/m","0,8% m/m","0,2% m/m"
1790,GDP,2017-12-21T07:30:00-06:00,Q3 2017 Third,3Q,compatible_quarter,quarter=3,690,66520,GDP (Annualized) - fin..,standard_pinned_report,expected_event_name,consistent,,consistent,,consistent,,"3,3%","3,2%","3,1%"
2456,DURABLE_GOODS,2017-12-22T07:30:00-06:00,November 2017,November,compatible_month,month=11,59,66809,Durable Goods Orders - pre..,standard_pinned_report,expected_event_name,consistent,,consistent,,consistent,,2% m/m,"1,3% m/m","-0,8% m/m"
1791,PCE,2017-12-22T07:30:00-06:00,November 2017,November,compatible_month,month=11,694,71751,Personal Consumption Expenditures,standard_pinned_report,expected_event_name,consistent,,consistent,,consistent,,"0,4% m/m","0,6% m/m","0,3% m/m"
393,EMPLOYMENT,2018-01-05T07:30:00-06:00,December 2017,December,compatible_month,month=12,707,75702,Non-Farm Employment Change,standard_pinned_report,expected_event_name,consistent,,consistent,,consistent,,190 k,148 k,228 k
395,PPI,2018-01-11T07:30:00-06:00,December 2017,December,compatible_month,month=12,703,75500,Producer Price Index,standard_pinned_report,expected_event_name,consistent,,consistent,,consistent,,"0,2% m/m","-0,1% m/m","0,4% m/m"
396,CPI,2018-01-12T07:30:00-06:00,December 2017,December,compatible_month,month=12,699,75440,Consumer Price Index,standard_pinned_report,expected_event_name,consistent,,consistent,,consistent,,"0,2% m/m","0,1% m/m","0,4% m/m"
2457,RETAIL_SALES,2018-01-12T07:30:00-06:00,December 2017,December,compatible_month,month=12,696,76665,Retail Sales,standard_pinned_report,expected_event_name,consistent,,consistent,,consistent,,"0,4% m/m","0,4% m/m","0,8% m/m"
2458,DURABLE_GOODS,2018-01-26T07:30:00-06:00,December 2017,December,compatible_month,month=12,59,76710,Durable Goods Orders - pre..,standard_pinned_report,expected_event_name,consistent,,consistent,,consistent,,"0,8% m/m","2,9% m/m","1,3% m/m"
1792,GDP,2018-01-26T07:30:00-06:00,Q4 2017 Advance,4Q,compatible_quarter,quarter=4,690,80187,GDP (Annualized) - pre..,standard_pinned_report,expected_event_name,consistent,,consistent,,consistent,,3%,"2,6%","3,2%"
1793,PCE,2018-01-29T07:30:00-06:00,December 2017,December,compatible_month,month=12,694,75030,Personal Consumption Expenditures,standard_pinned_report,expected_event_name,consistent,,consistent,,consistent,,"0,4% m/m","0,4% m/m","0,6% m/m"
2194,FOMC,2018-01-31T13:00:00-06:00,FOMC 2018-01-31,January,compatible_fomc_month,official_date_month=1,82,74993,FOMC Interest Rate Decision,standard_pinned_report,expected_event_name,consistent,,consistent,,consistent,,"1,25-1,50%","1,25-1,50%","1,25-1,50%"
397,EMPLOYMENT,2018-02-02T07:30:00-06:00,January 2018,January,compatible_month,month=1,707,75709,Non-Farm Employment Change,standard_pinned_report,expected_event_name,consistent,,consistent,,consistent,,180 k,200 k,148 k
399,CPI,2018-02-14T07:30:00-06:00,January 2018,January,compatible_month,month=1,699,75445,Consumer Price Index,standard_pinned_report,expected_event_name,consistent,,consistent,,consistent,,"0,3% m/m","0,5% m/m","0,1% m/m"
2459,RETAIL_SALES,2018-02-14T07:30:00-06:00,January 2018,January,compatible_month,month=1,696,76669,Retail Sales,standard_pinned_report,expected_event_name,consistent,,consistent,,consistent,,"0,2% m/m","-0,3% m/m","0,4% m/m"
400,PPI,2018-02-15T07:30:00-06:00,January 2018,January,compatible_month,month=1,703,75505,Producer Price Index,standard_pinned_report,expected_event_name,consistent,,consistent,,consistent,,"0,4% m/m","0,4% m/m","-0,1% m/m"
2460,DURABLE_GOODS,2018-02-27T07:30:00-06:00,January 2018,January,compatible_month,month=1,59,76711,Durable Goods Orders - pre..,standard_pinned_report,expected_event_name,consistent,,consistent,,consistent,,-2% m/m,"-3,7% m/m","2,8% m/m"
1794,GDP,2018-02-28T07:30:00-06:00,Q4 2017 Second,4Q,compatible_quarter,quarter=4,690,80905,GDP (Annualized) - rev..,standard_pinned_report,expected_event_name,consistent,,consistent,,consistent,,"2,6%","2,5%","3,2%"
1795,PCE,2018-03-01T07:30:00-06:00,January 2018,January,compatible_month,month=1,694,75037,Personal Consumption Expenditures,standard_pinned_report,expected_event_name,consistent,,consistent,,consistent,,"0,2% m/m","0,2% m/m","0,4% m/m"
401,EMPLOYMENT,2018-03-09T07:30:00-06:00,February 2018,February,compatible_month,month=2,707,75716,Non-Farm Employment Change,standard_pinned_report,expected_event_name,consistent,,consistent,,consistent,,200 k,313 k,200 k
402,CPI,2018-03-13T07:30:00-05:00,February 2018,February,compatible_month,month=2,699,75450,Consumer Price Index,standard_pinned_report,expected_event_name,consistent,,consistent,,consistent,,"0,2% m/m","0,2% m/m","0,5% m/m"
403,PPI,2018-03-14T07:30:00-05:00,February 2018,February,compatible_month,month=2,703,75510,Producer Price Index,standard_pinned_report,expected_event_name,consistent,,consistent,,consistent,,"0,2% m/m","0,2% m/m","0,4% m/m"
2461,RETAIL_SALES,2018-03-14T07:30:00-05:00,February 2018,February,compatible_month,month=2,696,76673,Retail Sales,standard_pinned_report,expected_event_name,consistent,,consistent,,consistent,,"0,3% m/m","-0,1% m/m","-0,3% m/m"
2195,FOMC,2018-03-21T13:00:00-05:00,FOMC 2018-03-21,March,compatible_fomc_month,official_date_month=3,82,74994,FOMC Interest Rate Decision,standard_pinned_report,expected_event_name,consistent,,consistent,,consistent,,"1,50-1,75%","1,50-1,75%","1,25-1,50%"
2462,DURABLE_GOODS,2018-03-23T07:30:00-05:00,February 2018,February,compatible_month,month=2,59,76712,Durable Goods Orders - pre..,standard_pinned_report,expected_event_name,consistent,,consistent,,consistent,,"1,5% m/m","3,1% m/m","-3,6% m/m"
1796,GDP,2018-03-28T07:30:00-05:00,Q4 2017 Third,4Q,compatible_quarter,quarter=4,690,80910,GDP (Annualized) - fin..,standard_pinned_report,expected_event_name,consistent,,consistent,,consistent,,"2,5%","2,9%","3,2%"
1797,PCE,2018-03-29T07:30:00-05:00,February 2018,February,compatible_month,month=2,694,75044,Personal Consumption Expenditures,standard_pinned_report,expected_event_name,consistent,,consistent,,consistent,,"0,2% m/m","0,2% m/m","0,2% m/m"
406,EMPLOYMENT,2018-04-06T07:30:00-05:00,March 2018,March,compatible_month,month=3,707,75723,Non-Farm Employment Change,standard_pinned_report,expected_event_name,consistent,,consistent,,consistent,,198 k,103 k,313 k
407,PPI,2018-04-10T07:30:00-05:00,March 2018,March,compatible_month,month=3,703,75515,Producer Price Index,standard_pinned_report,expected_event_name,consistent,,consistent,,consistent,,"0,1% m/m","0,3% m/m","0,2% m/m"
408,CPI,2018-04-11T07:30:00-05:00,March 2018,March,compatible_month,month=3,699,75455,Consumer Price Index,standard_pinned_report,expected_event_name,consistent,,consistent,,consistent,,"0,0% m/m","-0,1% m/m","0,2% m/m"
2463,RETAIL_SALES,2018-04-16T07:30:00-05:00,March 2018,March,compatible_month,month=3,696,76677,Retail Sales,standard_pinned_report,expected_event_name,consistent,,consistent,,consistent,,"0,4% m/m","0,6% m/m","-0,1% m/m"
2464,DURABLE_GOODS,2018-04-26T07:30:00-05:00,March 2018,March,compatible_month,month=3,59,76713,Durable Goods Orders - pre..,standard_pinned_report,expected_event_name,consistent,,consistent,,consistent,,"1,4% m/m","2,6% m/m",3% m/m
1798,GDP,2018-04-27T07:30:00-05:00,Q1 2018 Advance,1Q,compatible_quarter,quarter=1,690,73805,GDP (Annualized) - pre..,standard_pinned_report,expected_event_name,consistent,,consistent,,consistent,,2%,"2,3%","2,6%"
1799,PCE,2018-04-30T07:30:00-05:00,March 2018,March,compatible_month,month=3,694,75051,Personal Consumption Expenditures,standard_pinned_report,expected_event_name,consistent,,consistent,,consistent,,"0,4% m/m","0,4% m/m","0,2% m/m"
2196,FOMC,2018-05-02T13:00:00-05:00,FOMC 2018-05-02,May,compatible_fomc_month,official_date_month=5,82,74995,FOMC Interest Rate Decision,standard_pinned_report,expected_event_name,consistent,,consistent,,consistent,,"1,50-1,75%","1,50-1,75%","1,50-1,75%"
410,EMPLOYMENT,2018-05-04T07:30:00-05:00,April 2018,April,compatible_month,month=4,707,75730,Non-Farm Employment Change,standard_pinned_report,expected_event_name,consistent,,consistent,,consistent,,192 k,164 k,103 k
412,PPI,2018-05-09T07:30:00-05:00,April 2018,April,compatible_month,month=4,703,75520,Producer Price Index,standard_pinned_report,expected_event_name,consistent,,consistent,,consistent,,"0,3% m/m","0,1% m/m","0,3% m/m"
413,CPI,2018-05-10T07:30:00-05:00,April 2018,April,compatible_month,month=4,699,75460,Consumer Price Index,standard_pinned_report,expected_event_name,consistent,,consistent,,consistent,,"0,3% m/m","0,2% m/m","-0,1% m/m"
2465,RETAIL_SALES,2018-05-15T07:30:00-05:00,April 2018,April,compatible_month,month=4,696,76681,Retail Sales,standard_pinned_report,expected_event_name,consistent,,consistent,,consistent,,"0,3% m/m","0,3% m/m","0,6% m/m"
2466,DURABLE_GOODS,2018-05-25T07:30:00-05:00,April 2018,April,compatible_month,month=4,59,76714,Durable Goods Orders - pre..,standard_pinned_report,expected_event_name,consistent,,consistent,,consistent,,"-1,4% m/m","-1,7% m/m","2,6% m/m"
1800,GDP,2018-05-30T07:30:00-05:00,Q1 2018 Second,1Q,compatible_quarter,quarter=1,690,73810,GDP (Annualized) - rev..,standard_pinned_report,expected_event_name,consistent,,consistent,,consistent,,"2,3%","2,2%","2,5%"
1801,PCE,2018-05-31T07:30:00-05:00,April 2018,April,compatible_month,month=4,694,75058,Personal Consumption Expenditures,standard_pinned_report,expected_event_name,consistent,,consistent,,consistent,,"0,4% m/m","0,6% m/m","0,4% m/m"
414,EMPLOYMENT,2018-06-01T07:30:00-05:00,May 2018,May,compatible_month,month=5,707,75737,Non-Farm Employment Change,standard_pinned_report,expected_event_name,consistent,,consistent,,consistent,,185 k,223 k,164 k
416,CPI,2018-06-12T07:30:00-05:00,May 2018,May,compatible_month,month=5,699,75465,Consumer Price Index,standard_pinned_report,expected_event_name,consistent,,consistent,,consistent,,"0,2% m/m","0,2% m/m","0,2% m/m"
417,PPI,2018-06-13T07:30:00-05:00,May 2018,May,compatible_month,month=5,703,75525,Producer Price Index,standard_pinned_report,expected_event_name,consistent,,consistent,,consistent,,"0,3% m/m","0,5% m/m","0,1% m/m"
2197,FOMC,2018-06-13T13:00:00-05:00,FOMC 2018-06-13,June,compatible_fomc_month,official_date_month=6,82,74996,FOMC Interest Rate Decision,standard_pinned_report,expected_event_name,consistent,,consistent,,consistent,,"1,75-2,00%","1,75-2,00%","1,50-1,75%"
2467,RETAIL_SALES,2018-06-14T07:30:00-05:00,May 2018,May,compatible_month,month=5,696,76685,Retail Sales,standard_pinned_report,expected_event_name,consistent,,consistent,,consistent,,"0,4% m/m","0,8% m/m","0,3% m/m"
2468,DURABLE_GOODS,2018-06-27T07:30:00-05:00,May 2018,May,compatible_month,month=5,59,76715,Durable Goods Orders - pre..,standard_pinned_report,expected_event_name,consistent,,consistent,,consistent,,"-0,6% m/m","-0,6% m/m","-1,6% m/m"
1802,GDP,2018-06-28T07:30:00-05:00,Q1 2018 Third,1Q,compatible_quarter,quarter=1,690,73815,GDP (Annualized) - fin..,standard_pinned_report,expected_event_name,consistent,,consistent,,consistent,,"2,2%",2%,"2,9%"
1803,PCE,2018-06-29T07:30:00-05:00,May 2018,May,compatible_month,month=5,694,75065,Personal Consumption Expenditures,standard_pinned_report,expected_event_name,consistent,,consistent,,consistent,,"0,4% m/m","0,2% m/m","0,6% m/m"
418,EMPLOYMENT,2018-07-06T07:30:00-05:00,June 2018,June,compatible_month,month=6,707,75744,Non-Farm Employment Change,standard_pinned_report,expected_event_name,consistent,,consistent,,consistent,,187 k,213 k,223 k
420,PPI,2018-07-11T07:30:00-05:00,June 2018,June,compatible_month,month=6,703,75530,Producer Price Index,standard_pinned_report,expected_event_name,consistent,,consistent,,consistent,,"0,2% m/m","0,3% m/m","0,5% m/m"
421,CPI,2018-07-12T07:30:00-05:00,June 2018,June,compatible_month,month=6,699,75470,Consumer Price Index,standard_pinned_report,expected_event_name,consistent,,consistent,,consistent,,"0,2% m/m","0,1% m/m","0,2% m/m"
2469,RETAIL_SALES,2018-07-16T07:30:00-05:00,June 2018,June,compatible_month,month=6,696,76689,Retail Sales,standard_pinned_report,expected_event_name,consistent,,consistent,,consistent,,"0,5% m/m","0,5% m/m","0,8% m/m"
2470,DURABLE_GOODS,2018-07-26T07:30:00-05:00,June 2018,June,compatible_month,month=6,59,76716,Durable Goods Orders - pre..,standard_pinned_report,expected_event_name,consistent,,consistent,,consistent,,3% m/m,1% m/m,"-0,4% m/m"
1804,GDP,2018-07-27T07:30:00-05:00,Q2 2018 Advance,2Q,compatible_quarter,quarter=2,690,73820,GDP (Annualized) - pre..,standard_pinned_report,expected_event_name,consistent,,consistent,,consistent,,"4,1%","4,1%",2%
1805,PCE,2018-07-31T07:30:00-05:00,June 2018,June,compatible_month,month=6,694,75072,Personal Consumption Expenditures,standard_pinned_report,expected_event_name,consistent,,consistent,,consistent,,"0,4% m/m","0,4% m/m","0,2% m/m"
2198,FOMC,2018-08-01T13:00:00-05:00,FOMC 2018-08-01,August,compatible_fomc_month,official_date_month=8,82,74997,FOMC Interest Rate Decision,standard_pinned_report,expected_event_name,consistent,,consistent,,consistent,,"1,75-2,00%","1,75-2,00%","1,75-2,00%"
422,EMPLOYMENT,2018-08-03T07:30:00-05:00,July 2018,July,compatible_month,month=7,707,75751,Non-Farm Employment Change,standard_pinned_report,expected_event_name,consistent,,consistent,,consistent,,190 k,157 k,213 k
424,PPI,2018-08-09T07:30:00-05:00,July 2018,July,compatible_month,month=7,703,75535,Producer Price Index,standard_pinned_report,expected_event_name,consistent,,consistent,,consistent,,"0,2% m/m","0,0% m/m","0,3% m/m"
425,CPI,2018-08-10T07:30:00-05:00,July 2018,July,compatible_month,month=7,699,75475,Consumer Price Index,standard_pinned_report,expected_event_name,consistent,,consistent,,consistent,,"0,2% m/m","0,2% m/m","0,1% m/m"
2471,RETAIL_SALES,2018-08-15T07:30:00-05:00,July 2018,July,compatible_month,month=7,696,76693,Retail Sales,standard_pinned_report,expected_event_name,consistent,,consistent,,consistent,,"0,1% m/m","0,5% m/m","0,5% m/m"
2472,DURABLE_GOODS,2018-08-24T07:30:00-05:00,July 2018,July,compatible_month,month=7,59,76717,Durable Goods Orders - pre..,standard_pinned_report,expected_event_name,consistent,,consistent,,consistent,,"-0,8% m/m","-1,7% m/m","0,8% m/m"
1806,GDP,2018-08-29T07:30:00-05:00,Q2 2018 Second,2Q,compatible_quarter,quarter=2,690,73825,GDP (Annualized) - rev..,standard_pinned_report,expected_event_name,consistent,,consistent,,consistent,,"4,1%","4,2%","2,2%"
1807,PCE,2018-08-30T07:30:00-05:00,July 2018,July,compatible_month,month=7,694,75079,Personal Consumption Expenditures,standard_pinned_report,expected_event_name,consistent,,consistent,,consistent,,"0,3% m/m","0,4% m/m","0,4% m/m"
426,EMPLOYMENT,2018-09-07T07:30:00-05:00,August 2018,August,compatible_month,month=8,707,75758,Non-Farm Employment Change,standard_pinned_report,expected_event_name,consistent,,consistent,,consistent,,190 k,201 k,157 k
428,PPI,2018-09-12T07:30:00-05:00,August 2018,August,compatible_month,month=8,703,75540,Producer Price Index,standard_pinned_report,expected_event_name,consistent,,consistent,,consistent,,"0,2% m/m","-0,1% m/m","0,0% m/m"
429,CPI,2018-09-13T07:30:00-05:00,August 2018,August,compatible_month,month=8,699,75480,Consumer Price Index,standard_pinned_report,expected_event_name,consistent,,consistent,,consistent,,"0,3% m/m","0,2% m/m","0,2% m/m"
2473,RETAIL_SALES,2018-09-14T07:30:00-05:00,August 2018,August,compatible_month,month=8,696,76697,Retail Sales,standard_pinned_report,expected_event_name,consistent,,consistent,,consistent,,"0,4% m/m","0,1% m/m","0,5% m/m"
2199,FOMC,2018-09-26T13:00:00-05:00,FOMC 2018-09-26,September,compatible_fomc_month,official_date_month=9,82,74998,FOMC Interest Rate Decision,standard_pinned_report,expected_event_name,consistent,,consistent,,consistent,,"2,00-2,25%","2,00-2,25%","1,75-2,00%"
2474,DURABLE_GOODS,2018-09-27T07:30:00-05:00,August 2018,August,compatible_month,month=8,59,76718,Durable Goods Orders - pre..,standard_pinned_report,expected_event_name,consistent,,consistent,,consistent,,2% m/m,"4,5% m/m","-1,7% m/m"
1808,GDP,2018-09-27T07:30:00-05:00,Q2 2018 Third,2Q,compatible_quarter,quarter=2,690,73830,GDP (Annualized) - fin..,standard_pinned_report,expected_event_name,consistent,,consistent,,consistent,,"4,2%","4,2%","2,2%"
1809,PCE,2018-09-28T07:30:00-05:00,August 2018,August,compatible_month,month=8,694,75086,Personal Consumption Expenditures,standard_pinned_report,expected_event_name,consistent,,consistent,,consistent,,"0,3% m/m","0,3% m/m","0,4% m/m"
430,EMPLOYMENT,2018-10-05T07:30:00-05:00,September 2018,September,compatible_month,month=9,707,75765,Non-Farm Employment Change,standard_pinned_report,expected_event_name,consistent,,consistent,,consistent,,180 k,134 k,201 k
431,PPI,2018-10-10T07:30:00-05:00,September 2018,September,compatible_month,month=9,703,75545,Producer Price Index,standard_pinned_report,expected_event_name,consistent,,consistent,,consistent,,"0,2% m/m","0,2% m/m","-0,1% m/m"
432,CPI,2018-10-11T07:30:00-05:00,September 2018,September,compatible_month,month=9,699,75485,Consumer Price Index,standard_pinned_report,expected_event_name,consistent,,consistent,,consistent,,"0,2% m/m","0,1% m/m","0,2% m/m"
2475,RETAIL_SALES,2018-10-15T07:30:00-05:00,September 2018,September,compatible_month,month=9,696,76701,Retail Sales,standard_pinned_report,expected_event_name,consistent,,consistent,,consistent,,"0,6% m/m","0,1% m/m","0,1% m/m"
2476,DURABLE_GOODS,2018-10-25T07:30:00-05:00,September 2018,September,compatible_month,month=9,59,76719,Durable Goods Orders - pre..,standard_pinned_report,expected_event_name,consistent,,consistent,,consistent,,-1% m/m,"0,8% m/m","4,4% m/m"
1810,GDP,2018-10-26T07:30:00-05:00,Q3 2018 Advance,3Q,compatible_quarter,quarter=3,690,73835,GDP (Annualized) - pre..,standard_pinned_report,expected_event_name,consistent,,consistent,,consistent,,"3,3%","3,5%","4,2%"
1811,PCE,2018-10-29T07:30:00-05:00,September 2018,September,compatible_month,month=9,694,75093,Personal Consumption Expenditures,standard_pinned_report,expected_event_name,consistent,,consistent,,consistent,,"0,4% m/m","0,4% m/m","0,3% m/m"
434,EMPLOYMENT,2018-11-02T07:30:00-05:00,October 2018,October,compatible_month,month=10,707,75772,Non-Farm Employment Change,standard_pinned_report,expected_event_name,consistent,,consistent,,consistent,,190 k,250 k,134 k
2200,FOMC,2018-11-08T13:00:00-06:00,FOMC 2018-11-08,November,compatible_fomc_month,official_date_month=11,82,74999,FOMC Interest Rate Decision,standard_pinned_report,expected_event_name,consistent,,consistent,,consistent,,"2,00-2,25%","2,00-2,25%","2,00-2,25%"
436,PPI,2018-11-09T07:30:00-06:00,October 2018,October,compatible_month,month=10,703,75550,Producer Price Index,standard_pinned_report,expected_event_name,consistent,,consistent,,consistent,,"0,2% m/m","0,6% m/m","0,2% m/m"
437,CPI,2018-11-14T07:30:00-06:00,October 2018,October,compatible_month,month=10,699,75490,Consumer Price Index,standard_pinned_report,expected_event_name,consistent,,consistent,,consistent,,"0,3% m/m","0,3% m/m","0,1% m/m"
2477,RETAIL_SALES,2018-11-15T07:30:00-06:00,October 2018,October,compatible_month,month=10,696,76705,Retail Sales,standard_pinned_report,expected_event_name,consistent,,consistent,,consistent,,"0,5% m/m","0,8% m/m","0,1% m/m"
2478,DURABLE_GOODS,2018-11-21T07:30:00-06:00,October 2018,October,compatible_month,month=10,59,76720,Durable Goods Orders - pre..,standard_pinned_report,expected_event_name,consistent,,consistent,,consistent,,"-2,5% m/m","-4,4% m/m","0,7% m/m"
1812,GDP,2018-11-28T07:30:00-06:00,Q3 2018 Second,3Q,compatible_quarter,quarter=3,690,73840,GDP (Annualized) - rev..,standard_pinned_report,expected_event_name,consistent,,consistent,,consistent,,"3,5%","3,5%","4,2%"
1813,PCE,2018-11-29T07:30:00-06:00,October 2018,October,compatible_month,month=10,694,75100,Personal Consumption Expenditures,standard_pinned_report,expected_event_name,consistent,,consistent,,consistent,,"0,4% m/m","0,6% m/m","0,4% m/m"
438,EMPLOYMENT,2018-12-07T07:30:00-06:00,November 2018,November,compatible_month,month=11,707,75779,Non-Farm Employment Change,standard_pinned_report,expected_event_name,consistent,,consistent,,consistent,,200 k,155 k,250 k
440,PPI,2018-12-11T07:30:00-06:00,November 2018,November,compatible_month,month=11,703,75555,Producer Price Index,standard_pinned_report,expected_event_name,consistent,,consistent,,consistent,,"0,0% m/m","0,1% m/m","0,6% m/m"
441,CPI,2018-12-12T07:30:00-06:00,November 2018,November,compatible_month,month=11,699,75495,Consumer Price Index,standard_pinned_report,expected_event_name,consistent,,consistent,,consistent,,"0,0% m/m","0,0% m/m","0,3% m/m"
2479,RETAIL_SALES,2018-12-14T07:30:00-06:00,November 2018,November,compatible_month,month=11,696,76709,Retail Sales,standard_pinned_report,expected_event_name,consistent,,consistent,,consistent,,"0,2% m/m","0,2% m/m","0,8% m/m"
2201,FOMC,2018-12-19T13:00:00-06:00,FOMC 2018-12-19,December,compatible_fomc_month,official_date_month=12,82,75000,FOMC Interest Rate Decision,standard_pinned_report,expected_event_name,consistent,,consistent,,consistent,,"2,25-2,50%","2,25-2,50%","2,00-2,25%"
2480,DURABLE_GOODS,2018-12-21T07:30:00-06:00,November 2018,November,compatible_month,month=11,59,76721,Durable Goods Orders - pre..,standard_pinned_report,expected_event_name,consistent,,consistent,,consistent,,"1,6% m/m","0,8% m/m","-4,3% m/m"
1814,GDP,2018-12-21T07:30:00-06:00,Q3 2018 Third,3Q,compatible_quarter,quarter=3,690,73845,GDP (Annualized) - fin..,standard_pinned_report,expected_event_name,consistent,,consistent,,consistent,,"3,5%","3,4%","4,2%"
1815,PCE,2018-12-21T09:00:00-06:00,November 2018,November,compatible_month,month=11,694,75107,Personal Consumption Expenditures,standard_pinned_report,expected_event_name,consistent,,consistent,,consistent,,"0,3% m/m","0,4% m/m","0,6% m/m"
442,EMPLOYMENT,2019-01-04T07:30:00-06:00,December 2018,December,compatible_month,month=12,707,83913,Non-Farm Employment Change,standard_pinned_report,expected_event_name,consistent,,consistent,,consistent,,178 k,312 k,155 k
444,CPI,2019-01-11T07:30:00-06:00,December 2018,December,compatible_month,month=12,699,83712,Consumer Price Index,standard_pinned_report,expected_event_name,consistent,,consistent,,consistent,,"-0,1% m/m","-0,1% m/m","0,0% m/m"
445,PPI,2019-01-15T07:30:00-06:00,December 2018,December,compatible_month,month=12,703,83772,Producer Price Index,standard_pinned_report,expected_event_name,consistent,,consistent,,consistent,,"-0,1% m/m","-0,2% m/m","0,1% m/m"
2202,FOMC,2019-01-30T13:00:00-06:00,FOMC 2019-01-30,January,compatible_fomc_month,official_date_month=1,82,83506,FOMC Interest Rate Decision,standard_pinned_report,expected_event_name,consistent,,consistent,,consistent,,"2,25-2,50%","2,25-2,50%","2,25-2,50%"
446,EMPLOYMENT,2019-02-01T07:30:00-06:00,January 2019,January,compatible_month,month=1,707,84175,Non-Farm Employment Change,standard_pinned_report,expected_event_name,consistent,,consistent,,consistent,,165 k,304 k,312 k
448,CPI,2019-02-13T07:30:00-06:00,January 2019,January,compatible_month,month=1,699,83717,Consumer Price Index,standard_pinned_report,expected_event_name,consistent,,consistent,,consistent,,"0,1% m/m","0,0% m/m","-0,1% m/m"
449,PPI,2019-02-14T07:30:00-06:00,January 2019,January,compatible_month,month=1,703,83777,Producer Price Index,standard_pinned_report,expected_event_name,consistent,,consistent,,consistent,,"0,1% m/m","-0,1% m/m","-0,2% m/m"
2481,RETAIL_SALES,2019-02-14T07:30:00-06:00,December 2018,December,compatible_month,month=12,696,88440,Retail Sales,standard_pinned_report,expected_event_name,consistent,,consistent,,consistent,,"0,2% m/m","-1,2% m/m","0,2% m/m"
2482,DURABLE_GOODS,2019-02-21T07:30:00-06:00,December 2018,December,compatible_month,month=12,59,88546,Durable Goods Orders - pre..,standard_pinned_report,expected_event_name,consistent,,consistent,,consistent,,"1,5% m/m","1,2% m/m","0,7% m/m"
1816,GDP,2019-02-28T07:30:00-06:00,Q4 2018 Initial,4Q,compatible_quarter,quarter=4,690,89440,GDP (Annualized) - pre..,standard_pinned_report,expected_event_name,consistent,,consistent,,consistent,,"2,3%","2,6%","3,4%"
1817,PCE,2019-03-01T07:30:00-06:00,December 2018,December,compatible_month,month=12,694,89489,Personal Consumption Expenditures,standard_pinned_report,expected_event_name,consistent,,consistent,,consistent,,"0,3% m/m","-0,5% m/m","0,4% m/m"
450,EMPLOYMENT,2019-03-08T07:30:00-06:00,February 2019,February,compatible_month,month=2,707,84182,Non-Farm Employment Change,standard_pinned_report,expected_event_name,consistent,,consistent,,consistent,,180 k,20 k,304 k
2483,RETAIL_SALES,2019-03-11T07:30:00-05:00,January 2019,January,compatible_month,month=1,696,89078,Retail Sales,standard_pinned_report,expected_event_name,consistent,,consistent,,consistent,,"-0,1% m/m","0,2% m/m","-1,2% m/m"
451,CPI,2019-03-12T07:30:00-05:00,February 2019,February,compatible_month,month=2,699,83722,Consumer Price Index,standard_pinned_report,expected_event_name,consistent,,consistent,,consistent,,"0,2% m/m","0,2% m/m","0,0% m/m"
2484,DURABLE_GOODS,2019-03-13T07:30:00-05:00,January 2019,January,compatible_month,month=1,59,89079,Durable Goods Orders - pre..,standard_pinned_report,expected_event_name,consistent,,consistent,,consistent,,"-0,5% m/m","0,4% m/m","1,2% m/m"
452,PPI,2019-03-13T07:30:00-05:00,February 2019,February,compatible_month,month=2,703,83782,Producer Price Index,standard_pinned_report,expected_event_name,consistent,,consistent,,consistent,,"0,2% m/m","0,1% m/m","-0,1% m/m"
2203,FOMC,2019-03-20T13:00:00-05:00,FOMC 2019-03-20,March,compatible_fomc_month,official_date_month=3,82,83507,FOMC Interest Rate Decision,standard_pinned_report,expected_event_name,consistent,,consistent,,consistent,,"2,25-2,50%","2,25-2,50%","2,25-2,50%"
1818,GDP,2019-03-28T07:30:00-05:00,Q4 2018 Third,4Q,compatible_quarter,quarter=4,690,89810,GDP (Annualized) - fin..,standard_pinned_report,expected_event_name,consistent,,consistent,,consistent,,"2,5%","2,2%","3,4%"
1819,PCE,2019-03-29T07:30:00-05:00,January 2019,January,compatible_month,month=1,694,89495,Personal Consumption Expenditures,standard_pinned_report,expected_event_name,consistent,,consistent,,consistent,,"0,3% m/m","0,1% m/m","-0,5% m/m"
2485,RETAIL_SALES,2019-04-01T07:30:00-05:00,February 2019,February,compatible_month,month=2,696,89705,Retail Sales,standard_pinned_report,expected_event_name,consistent,,consistent,,consistent,,"0,3% m/m","-0,2% m/m","0,2% m/m"
2486,DURABLE_GOODS,2019-04-02T07:30:00-05:00,February 2019,February,compatible_month,month=2,59,89707,Durable Goods Orders - pre..,standard_pinned_report,expected_event_name,consistent,,consistent,,consistent,,"-1,2% m/m","-1,6% m/m","0,3% m/m"
455,EMPLOYMENT,2019-04-05T07:30:00-05:00,March 2019,March,compatible_month,month=3,707,84189,Non-Farm Employment Change,standard_pinned_report,expected_event_name,consistent,,consistent,,consistent,,180 k,196 k,20 k
457,CPI,2019-04-10T07:30:00-05:00,March 2019,March,compatible_month,month=3,699,83727,Consumer Price Index,standard_pinned_report,expected_event_name,consistent,,consistent,,consistent,,"0,3% m/m","0,4% m/m","0,2% m/m"
458,PPI,2019-04-11T07:30:00-05:00,March 2019,March,compatible_month,month=3,703,83787,Producer Price Index,standard_pinned_report,expected_event_name,consistent,,consistent,,consistent,,"0,3% m/m","0,6% m/m","0,1% m/m"
2487,RETAIL_SALES,2019-04-18T07:30:00-05:00,March 2019,March,compatible_month,month=3,696,89784,Retail Sales,standard_pinned_report,expected_event_name,consistent,,consistent,,consistent,,"0,9% m/m","1,6% m/m","-0,2% m/m"
2488,DURABLE_GOODS,2019-04-25T07:30:00-05:00,March 2019,March,compatible_month,month=3,59,86576,Durable Goods Orders - pre..,standard_pinned_report,expected_event_name,consistent,,consistent,,consistent,,"0,8% m/m","2,7% m/m","-1,6% m/m"
1820,GDP,2019-04-26T07:30:00-05:00,Q1 2019 Advance,1Q,compatible_quarter,quarter=1,690,82517,GDP (Annualized) - pre..,standard_pinned_report,expected_event_name,consistent,,consistent,,consistent,,"2,1%","3,2%","2,6%"
1821,PCE,2019-04-29T07:30:00-05:00,March 2019,March,compatible_month,month=3,694,89952,Personal Consumption Expenditures,standard_pinned_report,expected_event_name,consistent,,consistent,,consistent,,"0,6% m/m","0,9% m/m","0,1% m/m"
2204,FOMC,2019-05-01T13:00:00-05:00,FOMC 2019-05-01,May,compatible_fomc_month,official_date_month=5,82,83508,FOMC Interest Rate Decision,standard_pinned_report,expected_event_name,consistent,,consistent,,consistent,,"2,25-2,50%","2,25-2,50%","2,25-2,50%"
459,EMPLOYMENT,2019-05-03T07:30:00-05:00,April 2019,April,compatible_month,month=4,707,84196,Non-Farm Employment Change,standard_pinned_report,expected_event_name,consistent,,consistent,,consistent,,185 k,263 k,196 k
461,PPI,2019-05-09T07:30:00-05:00,April 2019,April,compatible_month,month=4,703,83792,Producer Price Index,standard_pinned_report,expected_event_name,consistent,,consistent,,consistent,,"0,2% m/m","0,2% m/m","0,6% m/m"
462,CPI,2019-05-10T07:30:00-05:00,April 2019,April,compatible_month,month=4,699,83732,Consumer Price Index,standard_pinned_report,expected_event_name,consistent,,consistent,,consistent,,"0,4% m/m","0,3% m/m","0,4% m/m"
2489,RETAIL_SALES,2019-05-15T07:30:00-05:00,April 2019,April,compatible_month,month=4,696,86516,Retail Sales,standard_pinned_report,expected_event_name,consistent,,consistent,,consistent,,"0,2% m/m","-0,2% m/m","1,6% m/m"
2490,DURABLE_GOODS,2019-05-24T07:30:00-05:00,April 2019,April,compatible_month,month=4,59,86578,Durable Goods Orders - pre..,standard_pinned_report,expected_event_name,consistent,,consistent,,consistent,,-2% m/m,"-2,1% m/m","2,6% m/m"
1822,GDP,2019-05-30T07:30:00-05:00,Q1 2019 Second,1Q,compatible_quarter,quarter=1,690,82522,GDP (Annualized) - rev..,standard_pinned_report,expected_event_name,consistent,,consistent,,consistent,,"3,2%","3,1%","2,2%"
1823,PCE,2019-05-31T07:30:00-05:00,April 2019,April,compatible_month,month=4,694,90121,Personal Consumption Expenditures,standard_pinned_report,expected_event_name,consistent,,consistent,,consistent,,"0,2% m/m","0,3% m/m","0,1% m/m"
463,EMPLOYMENT,2019-06-07T07:30:00-05:00,May 2019,May,compatible_month,month=5,707,84203,Non-Farm Employment Change,standard_pinned_report,expected_event_name,consistent,,consistent,,consistent,,185 k,75 k,263 k
465,PPI,2019-06-11T07:30:00-05:00,May 2019,May,compatible_month,month=5,703,83797,Producer Price Index,standard_pinned_report,expected_event_name,consistent,,consistent,,consistent,,"0,2% m/m","0,1% m/m","0,2% m/m"
466,CPI,2019-06-12T07:30:00-05:00,May 2019,May,compatible_month,month=5,699,83737,Consumer Price Index,standard_pinned_report,expected_event_name,consistent,,consistent,,consistent,,"0,1% m/m","0,1% m/m","0,3% m/m"
2491,RETAIL_SALES,2019-06-14T07:30:00-05:00,May 2019,May,compatible_month,month=5,696,86520,Retail Sales,standard_pinned_report,expected_event_name,consistent,,consistent,,consistent,,"0,6% m/m","0,5% m/m","-0,2% m/m"
2205,FOMC,2019-06-19T13:00:00-05:00,FOMC 2019-06-19,June,compatible_fomc_month,official_date_month=6,82,83509,FOMC Interest Rate Decision,standard_pinned_report,expected_event_name,consistent,,consistent,,consistent,,"2,25-2,50%","2,25-2,50%","2,25-2,50%"
2492,DURABLE_GOODS,2019-06-26T07:30:00-05:00,May 2019,May,compatible_month,month=5,59,86580,Durable Goods Orders - pre..,standard_pinned_report,expected_event_name,consistent,,consistent,,consistent,,"0,0% m/m","-1,3% m/m","-2,1% m/m"
1824,GDP,2019-06-27T07:30:00-05:00,Q1 2019 Third,1Q,compatible_quarter,quarter=1,690,82527,GDP (Annualized) - fin..,standard_pinned_report,expected_event_name,consistent,,consistent,,consistent,,"3,1%","3,1%","2,2%"
1825,PCE,2019-06-28T07:30:00-05:00,May 2019,May,compatible_month,month=5,694,90336,Personal Consumption Expenditures,standard_pinned_report,expected_event_name,consistent,,consistent,,consistent,,"0,4% m/m","0,4% m/m","0,3% m/m"
467,EMPLOYMENT,2019-07-05T07:30:00-05:00,June 2019,June,compatible_month,month=6,707,84210,Non-Farm Employment Change,standard_pinned_report,expected_event_name,consistent,,consistent,,consistent,,160 k,224 k,75 k
469,CPI,2019-07-11T07:30:00-05:00,June 2019,June,compatible_month,month=6,699,83742,Consumer Price Index,standard_pinned_report,expected_event_name,consistent,,consistent,,consistent,,"0,0% m/m","0,1% m/m","0,1% m/m"
470,PPI,2019-07-12T07:30:00-05:00,June 2019,June,compatible_month,month=6,703,83802,Producer Price Index,standard_pinned_report,expected_event_name,consistent,,consistent,,consistent,,"0,0% m/m","0,1% m/m","0,1% m/m"
2493,RETAIL_SALES,2019-07-16T07:30:00-05:00,June 2019,June,compatible_month,month=6,696,86524,Retail Sales,standard_pinned_report,expected_event_name,consistent,,consistent,,consistent,,"0,1% m/m","0,4% m/m","0,5% m/m"
2494,DURABLE_GOODS,2019-07-25T07:30:00-05:00,June 2019,June,compatible_month,month=6,59,86582,Durable Goods Orders - pre..,standard_pinned_report,expected_event_name,consistent,,consistent,,consistent,,"0,7% m/m","2,0% m/m","-1,3% m/m"
1826,GDP,2019-07-26T07:30:00-05:00,Q2 2019 Advance,2Q,compatible_quarter,quarter=2,690,82532,GDP (Annualized) - pre..,standard_pinned_report,expected_event_name,consistent,,consistent,,consistent,,"1,8%","2,1%","3,1%"
1827,PCE,2019-07-30T07:30:00-05:00,June 2019,June,compatible_month,month=6,694,90708,Personal Consumption Expenditures,standard_pinned_report,expected_event_name,consistent,,consistent,,consistent,,"0,3% m/m","0,3% m/m","0,4% m/m"
2206,FOMC,2019-07-31T13:00:00-05:00,FOMC 2019-07-31,July,compatible_fomc_month,official_date_month=7,82,83510,FOMC Interest Rate Decision,standard_pinned_report,expected_event_name,consistent,,consistent,,consistent,,"2,00-2,25%","2,00-2,25%","2,25-2,50%"
471,EMPLOYMENT,2019-08-02T07:30:00-05:00,July 2019,July,compatible_month,month=7,707,84217,Non-Farm Employment Change,standard_pinned_report,expected_event_name,consistent,,consistent,,consistent,,162 k,164 k,224 k
473,PPI,2019-08-09T07:30:00-05:00,July 2019,July,compatible_month,month=7,703,83807,Producer Price Index,standard_pinned_report,expected_event_name,consistent,,consistent,,consistent,,"0,2% m/m","0,2% m/m","0,1% m/m"
474,CPI,2019-08-13T07:30:00-05:00,July 2019,July,compatible_month,month=7,699,83747,Consumer Price Index,standard_pinned_report,expected_event_name,consistent,,consistent,,consistent,,"0,3% m/m","0,3% m/m","0,1% m/m"
2495,RETAIL_SALES,2019-08-15T07:30:00-05:00,July 2019,July,compatible_month,month=7,696,86528,Retail Sales,standard_pinned_report,expected_event_name,consistent,,consistent,,consistent,,"0,3% m/m","0,7% m/m","0,4% m/m"
2496,DURABLE_GOODS,2019-08-26T07:30:00-05:00,July 2019,July,compatible_month,month=7,59,86584,Durable Goods Orders - pre..,standard_pinned_report,expected_event_name,consistent,,consistent,,consistent,,"1,1% m/m","2,1% m/m","1,9% m/m"
1828,GDP,2019-08-29T07:30:00-05:00,Q2 2019 Second,2Q,compatible_quarter,quarter=2,690,82537,GDP (Annualized) - rev..,standard_pinned_report,expected_event_name,consistent,,consistent,,consistent,,"2,1%","2,0%","3,1%"
1829,PCE,2019-08-30T07:30:00-05:00,July 2019,July,compatible_month,month=7,694,90791,Personal Consumption Expenditures,standard_pinned_report,expected_event_name,consistent,,consistent,,consistent,,"0,5% m/m","0,6% m/m","0,3% m/m"
475,EMPLOYMENT,2019-09-06T07:30:00-05:00,August 2019,August,compatible_month,month=8,707,84224,Non-Farm Employment Change,standard_pinned_report,expected_event_name,consistent,,consistent,,consistent,,160 k,130 k,164 k
477,PPI,2019-09-11T07:30:00-05:00,August 2019,August,compatible_month,month=8,703,83812,Producer Price Index,standard_pinned_report,expected_event_name,consistent,,consistent,,consistent,,"0,1% m/m","0,1% m/m","0,2% m/m"
478,CPI,2019-09-12T07:30:00-05:00,August 2019,August,compatible_month,month=8,699,83752,Consumer Price Index,standard_pinned_report,expected_event_name,consistent,,consistent,,consistent,,"0,1% m/m","0,1% m/m","0,3% m/m"
2497,RETAIL_SALES,2019-09-13T07:30:00-05:00,August 2019,August,compatible_month,month=8,696,86532,Retail Sales,standard_pinned_report,expected_event_name,consistent,,consistent,,consistent,,"0,2% m/m","0,4% m/m","0,7% m/m"
2207,FOMC,2019-09-18T13:00:00-05:00,FOMC 2019-09-18,September,compatible_fomc_month,official_date_month=9,82,83511,FOMC Interest Rate Decision,standard_pinned_report,expected_event_name,consistent,,consistent,,consistent,,"1,75-2,00%","1,75-2,00%","2,00-2,25%"
1830,GDP,2019-09-26T07:30:00-05:00,Q2 2019 Third,2Q,compatible_quarter,quarter=2,690,82542,GDP (Annualized) - fin..,standard_pinned_report,expected_event_name,consistent,,consistent,,consistent,,"2,0%","2,0%","3,1%"
2498,DURABLE_GOODS,2019-09-27T07:30:00-05:00,August 2019,August,compatible_month,month=8,59,86586,Durable Goods Orders - pre..,standard_pinned_report,expected_event_name,consistent,,consistent,,consistent,,"-1,2% m/m","0,2% m/m",2% m/m
1831,PCE,2019-09-27T07:30:00-05:00,August 2019,August,compatible_month,month=8,694,90941,Personal Consumption Expenditures,standard_pinned_report,expected_event_name,consistent,,consistent,,consistent,,"0,3% m/m","0,1% m/m","0,6% m/m"
479,EMPLOYMENT,2019-10-04T07:30:00-05:00,September 2019,September,compatible_month,month=9,707,84231,Non-Farm Employment Change,standard_pinned_report,expected_event_name,consistent,,consistent,,consistent,,145 k,136 k,130 k
480,PPI,2019-10-08T07:30:00-05:00,September 2019,September,compatible_month,month=9,703,83817,Producer Price Index,standard_pinned_report,expected_event_name,consistent,,consistent,,consistent,,"0,1% m/m","-0,3% m/m","0,1% m/m"
482,CPI,2019-10-10T07:30:00-05:00,September 2019,September,compatible_month,month=9,699,83757,Consumer Price Index,standard_pinned_report,expected_event_name,consistent,,consistent,,consistent,,"0,1% m/m","0,0% m/m","0,1% m/m"
2499,RETAIL_SALES,2019-10-16T07:30:00-05:00,September 2019,September,compatible_month,month=9,696,86536,Retail Sales,standard_pinned_report,expected_event_name,consistent,,consistent,,consistent,,"0,3% m/m","-0,3% m/m","0,4% m/m"
2500,DURABLE_GOODS,2019-10-24T07:30:00-05:00,September 2019,September,compatible_month,month=9,59,86588,Durable Goods Orders - pre..,standard_pinned_report,expected_event_name,consistent,,consistent,,consistent,,"-0,7% m/m","-1,1% m/m","0,2% m/m"
1832,GDP,2019-10-30T07:30:00-05:00,Q3 2019 Advance,3Q,compatible_quarter,quarter=3,690,82547,GDP (Annualized) - pre..,standard_pinned_report,expected_event_name,consistent,,consistent,,consistent,,"1,7%","1,9%","2,0%"
2208,FOMC,2019-10-30T13:00:00-05:00,FOMC 2019-10-30,October,compatible_fomc_month,official_date_month=10,82,83512,FOMC Interest Rate Decision,standard_pinned_report,expected_event_name,consistent,,consistent,,consistent,,"1,50-1,75%","1,50-1,75%","1,75-2,00%"
1833,PCE,2019-10-31T07:30:00-05:00,September 2019,September,compatible_month,month=9,694,90960,Personal Consumption Expenditures,standard_pinned_report,expected_event_name,consistent,,consistent,,consistent,,"0,2% m/m","0,2% m/m","0,1% m/m"
483,EMPLOYMENT,2019-11-01T07:30:00-05:00,October 2019,October,compatible_month,month=10,707,84238,Non-Farm Employment Change,standard_pinned_report,expected_event_name,consistent,,consistent,,consistent,,85 k,128 k,136 k
485,CPI,2019-11-13T07:30:00-06:00,October 2019,October,compatible_month,month=10,699,83762,Consumer Price Index,standard_pinned_report,expected_event_name,consistent,,consistent,,consistent,,"0,3% m/m","0,4% m/m","0,0% m/m"
486,PPI,2019-11-14T07:30:00-06:00,October 2019,October,compatible_month,month=10,703,83822,Producer Price Index,standard_pinned_report,expected_event_name,consistent,,consistent,,consistent,,"0,3% m/m","0,4% m/m","-0,3% m/m"
2501,RETAIL_SALES,2019-11-15T07:30:00-06:00,October 2019,October,compatible_month,month=10,696,86540,Retail Sales,standard_pinned_report,expected_event_name,consistent,,consistent,,consistent,,"0,2% m/m","0,3% m/m","-0,3% m/m"
2502,DURABLE_GOODS,2019-11-27T07:30:00-06:00,October 2019,October,compatible_month,month=10,59,86590,Durable Goods Orders - pre..,standard_pinned_report,expected_event_name,consistent,,consistent,,consistent,,"-0,8% m/m","0,6% m/m","-1,2% m/m"
1834,GDP,2019-11-27T07:30:00-06:00,Q3 2019 Second,3Q,compatible_quarter,quarter=3,690,82552,GDP (Annualized) - rev..,standard_pinned_report,expected_event_name,consistent,,consistent,,consistent,,"1,9%","2,1%","2,0%"
1835,PCE,2019-11-27T09:00:00-06:00,October 2019,October,compatible_month,month=10,694,90966,Personal Consumption Expenditures,standard_pinned_report,expected_event_name,consistent,,consistent,,consistent,,"0,3% m/m","0,3% m/m","0,2% m/m"
487,EMPLOYMENT,2019-12-06T07:30:00-06:00,November 2019,November,compatible_month,month=11,707,84245,Non-Farm Employment Change,standard_pinned_report,expected_event_name,consistent,,consistent,,consistent,,180 k,266 k,128 k
488,CPI,2019-12-11T07:30:00-06:00,November 2019,November,compatible_month,month=11,699,83767,Consumer Price Index,standard_pinned_report,expected_event_name,consistent,,consistent,,consistent,,"0,2% m/m","0,3% m/m","0,4% m/m"
2209,FOMC,2019-12-11T13:00:00-06:00,FOMC 2019-12-11,December,compatible_fomc_month,official_date_month=12,82,83513,FOMC Interest Rate Decision,standard_pinned_report,expected_event_name,consistent,,consistent,,consistent,,"1,50-1,75%","1,50-1,75%","1,50-1,75%"
489,PPI,2019-12-12T07:30:00-06:00,November 2019,November,compatible_month,month=11,703,83827,Producer Price Index,standard_pinned_report,expected_event_name,consistent,,consistent,,consistent,,"0,2% m/m","0,0% m/m","0,4% m/m"
2503,RETAIL_SALES,2019-12-13T07:30:00-06:00,November 2019,November,compatible_month,month=11,696,86544,Retail Sales,standard_pinned_report,expected_event_name,consistent,,consistent,,consistent,,"0,4% m/m","0,2% m/m","0,3% m/m"
1836,GDP,2019-12-20T07:30:00-06:00,Q3 2019 Third,3Q,compatible_quarter,quarter=3,690,82557,GDP (Annualized) - fin..,standard_pinned_report,expected_event_name,consistent,,consistent,,consistent,,"2,1%","2,1%","2,0%"
1837,PCE,2019-12-20T09:00:00-06:00,November 2019,November,compatible_month,month=11,694,90972,Personal Consumption Expenditures,standard_pinned_report,expected_event_name,consistent,,consistent,,consistent,,"0,4% m/m","0,4% m/m","0,3% m/m"
2504,DURABLE_GOODS,2019-12-23T07:30:00-06:00,November 2019,November,compatible_month,month=11,59,95766,Durable Goods Orders - pre..,standard_pinned_report,expected_event_name,consistent,,consistent,,consistent,,"1,5% m/m","-2,0% m/m","0,5% m/m"
491,EMPLOYMENT,2020-01-10T07:30:00-06:00,December 2019,December,compatible_month,month=12,707,91621,Non-Farm Employment Change,standard_pinned_report,expected_event_name,consistent,,consistent,,consistent,,164 k,145 k,266 k
492,CPI,2020-01-14T07:30:00-06:00,December 2019,December,compatible_month,month=12,699,91492,Consumer Price Index,standard_pinned_report,expected_event_name,consistent,,consistent,,consistent,,"0,3% m/m","0,2% m/m","0,3% m/m"
493,PPI,2020-01-15T07:30:00-06:00,December 2019,December,compatible_month,month=12,703,91552,Producer Price Index,standard_pinned_report,expected_event_name,consistent,,consistent,,consistent,,"0,2% m/m","0,1% m/m","0,0% m/m"
2505,RETAIL_SALES,2020-01-16T07:30:00-06:00,December 2019,December,compatible_month,month=12,696,95201,Retail Sales,standard_pinned_report,expected_event_name,consistent,,consistent,,consistent,,"0,3% m/m","0,3% m/m","0,2% m/m"
2506,DURABLE_GOODS,2020-01-28T07:30:00-06:00,December 2019,December,compatible_month,month=12,59,95258,Durable Goods Orders - pre..,standard_pinned_report,expected_event_name,consistent,,consistent,,consistent,,"0,5% m/m","2,4% m/m","-2,1% m/m"
2210,FOMC,2020-01-29T13:00:00-06:00,FOMC 2020-01-29,January,compatible_fomc_month,official_date_month=1,82,92408,FOMC Interest Rate Decision,standard_pinned_report,expected_event_name,consistent,,consistent,,consistent,,"1,50-1,75%","1,50-1,75%","1,50-1,75%"
1838,GDP,2020-01-30T07:30:00-06:00,Q4 2019 Advance,4Q,compatible_quarter,quarter=4,690,98235,GDP (Annualized) - pre..,standard_pinned_report,expected_event_name,consistent,,consistent,,consistent,,"2,1%","2,1%","2,1%"
1839,PCE,2020-01-31T07:30:00-06:00,December 2019,December,compatible_month,month=12,694,92550,Personal Consumption Expenditures,standard_pinned_report,expected_event_name,consistent,,consistent,,consistent,,"0,3% m/m","0,3% m/m","0,4% m/m"
495,EMPLOYMENT,2020-02-07T07:30:00-06:00,January 2020,January,compatible_month,month=1,707,91628,Non-Farm Employment Change,standard_pinned_report,expected_event_name,consistent,,consistent,,consistent,,160 k,225 k,145 k
497,CPI,2020-02-13T07:30:00-06:00,January 2020,January,compatible_month,month=1,699,91497,Consumer Price Index,standard_pinned_report,expected_event_name,consistent,,consistent,,consistent,,"0,2% m/m","0,1% m/m","0,2% m/m"
2507,RETAIL_SALES,2020-02-14T07:30:00-06:00,January 2020,January,compatible_month,month=1,696,95205,Retail Sales,standard_pinned_report,expected_event_name,consistent,,consistent,,consistent,,"0,3% m/m","0,3% m/m","0,3% m/m"
498,PPI,2020-02-19T07:30:00-06:00,January 2020,January,compatible_month,month=1,703,91557,Producer Price Index,standard_pinned_report,expected_event_name,consistent,,consistent,,consistent,,"0,1% m/m","0,5% m/m","0,1% m/m"
2508,DURABLE_GOODS,2020-02-27T07:30:00-06:00,January 2020,January,compatible_month,month=1,59,95259,Durable Goods Orders - pre..,standard_pinned_report,expected_event_name,consistent,,consistent,,consistent,,"-1,5% m/m","-0,2% m/m","2,4% m/m"
1840,GDP,2020-02-27T07:30:00-06:00,Q4 2019 Second,4Q,compatible_quarter,quarter=4,690,98240,GDP (Annualized) - rev..,standard_pinned_report,expected_event_name,consistent,,consistent,,consistent,,"2,1%","2,1%","2,1%"
1841,PCE,2020-02-28T07:30:00-06:00,January 2020,January,compatible_month,month=1,694,92556,Personal Consumption Expenditures,standard_pinned_report,expected_event_name,consistent,,consistent,,consistent,,"0,3% m/m","0,2% m/m","0,3% m/m"
2211,FOMC,2020-03-03T09:00:00-06:00,FOMC 2020-03-03,March,compatible_fomc_month,official_date_month=3,82,98040,FOMC Interest Rate Decision,standard_pinned_report,expected_event_name,missing,,consistent,,consistent,,,"1,00-1,25%","1,50-1,75%"
499,EMPLOYMENT,2020-03-06T07:30:00-06:00,February 2020,February,compatible_month,month=2,707,91635,Non-Farm Employment Change,standard_pinned_report,expected_event_name,consistent,,consistent,,consistent,,175 k,273 k,225 k
500,CPI,2020-03-11T07:30:00-05:00,February 2020,February,compatible_month,month=2,699,91502,Consumer Price Index,standard_pinned_report,expected_event_name,consistent,,consistent,,consistent,,"0,0% m/m","0,1% m/m","0,1% m/m"
501,PPI,2020-03-12T07:30:00-05:00,February 2020,February,compatible_month,month=2,703,91562,Producer Price Index,standard_pinned_report,expected_event_name,consistent,,consistent,,consistent,,"-0,1% m/m","-0,6% m/m","0,5% m/m"
2212,FOMC,2020-03-15T16:00:00-05:00,FOMC 2020-03-15,March,compatible_fomc_month,official_date_month=3,82,98158,FOMC Interest Rate Decision,standard_pinned_report,expected_event_name,missing,,consistent,,consistent,,,"0-0,25%","1,00-1,25%"
2509,RETAIL_SALES,2020-03-17T07:30:00-05:00,February 2020,February,compatible_month,month=2,696,95209,Retail Sales,standard_pinned_report,expected_event_name,consistent,,consistent,,consistent,,"0,2% m/m","-0,5% m/m","0,3% m/m"
2510,DURABLE_GOODS,2020-03-25T07:30:00-05:00,February 2020,February,compatible_month,month=2,59,95260,Durable Goods Orders - pre..,standard_pinned_report,expected_event_name,consistent,,consistent,,consistent,,"-0,8% m/m","1,2% m/m","-0,2% m/m"
1842,GDP,2020-03-26T07:30:00-05:00,Q4 2019 Third,4Q,compatible_quarter,quarter=4,690,98582,GDP (Annualized) - fin..,standard_pinned_report,expected_event_name,consistent,,consistent,,consistent,,"2,1%","2,1%","2,1%"
1843,PCE,2020-03-27T07:30:00-05:00,February 2020,February,compatible_month,month=2,694,92562,Personal Consumption Expenditures,standard_pinned_report,expected_event_name,consistent,,consistent,,consistent,,"0,2% m/m","0,2% m/m","0,2% m/m"
504,EMPLOYMENT,2020-04-03T07:30:00-05:00,March 2020,March,compatible_month,month=3,707,91642,Non-Farm Employment Change,standard_pinned_report,expected_event_name,consistent,,consistent,,consistent,,-100 k,-701 k,273 k
506,PPI,2020-04-09T07:30:00-05:00,March 2020,March,compatible_month,month=3,703,91567,Producer Price Index,standard_pinned_report,expected_event_name,consistent,,consistent,,consistent,,"-0,4% m/m","-0,2% m/m","-0,6% m/m"
507,CPI,2020-04-10T07:30:00-05:00,March 2020,March,compatible_month,month=3,699,91507,Consumer Price Index,standard_pinned_report,expected_event_name,consistent,,consistent,,consistent,,"-0,3% m/m","-0,4% m/m","0,1% m/m"
2511,RETAIL_SALES,2020-04-15T07:30:00-05:00,March 2020,March,compatible_month,month=3,696,95213,Retail Sales,standard_pinned_report,expected_event_name,consistent,,consistent,,consistent,,"-8,0% m/m","-8,7% m/m","-0,5% m/m"
2512,DURABLE_GOODS,2020-04-24T07:30:00-05:00,March 2020,March,compatible_month,month=3,59,95261,Durable Goods Orders - pre..,standard_pinned_report,expected_event_name,consistent,,consistent,,consistent,,"-11,9% m/m","-14,4% m/m","1,2% m/m"
1844,GDP,2020-04-29T07:30:00-05:00,Q1 2020 Advance,1Q,compatible_quarter,quarter=1,690,92433,GDP (Annualized) - pre..,standard_pinned_report,expected_event_name,consistent,,consistent,,consistent,,"-4,0%","-4,8%","2,1%"
2214,FOMC,2020-04-29T13:00:00-05:00,FOMC 2020-04-29,April,compatible_fomc_month,official_date_month=4,82,92410,FOMC Interest Rate Decision,standard_pinned_report,expected_event_name,consistent,,consistent,,consistent,,"0-0,25%","0-0,25%","1,00-1,25%"
1845,PCE,2020-04-30T07:30:00-05:00,March 2020,March,compatible_month,month=3,694,92568,Personal Consumption Expenditures,standard_pinned_report,expected_event_name,consistent,,consistent,,consistent,,"-5,0% m/m","-7,5% m/m","0,2% m/m"
508,EMPLOYMENT,2020-05-08T07:30:00-05:00,April 2020,April,compatible_month,month=4,707,91649,Non-Farm Employment Change,standard_pinned_report,expected_event_name,consistent,,consistent,,consistent,,-22000 k,-20500 k,-701 k
509,CPI,2020-05-12T07:30:00-05:00,April 2020,April,compatible_month,month=4,699,91512,Consumer Price Index,standard_pinned_report,expected_event_name,consistent,,consistent,,consistent,,"-0,7% m/m","-0,8% m/m","-0,4% m/m"
510,PPI,2020-05-13T07:30:00-05:00,April 2020,April,compatible_month,month=4,703,91572,Producer Price Index,standard_pinned_report,expected_event_name,consistent,,consistent,,consistent,,"-0,5% m/m","-1,3% m/m","-0,2% m/m"
2513,RETAIL_SALES,2020-05-15T07:30:00-05:00,April 2020,April,compatible_month,month=4,696,95217,Retail Sales,standard_pinned_report,expected_event_name,consistent,,consistent,,consistent,,"-11,9% m/m","-16,4% m/m","-8,7% m/m"
2514,DURABLE_GOODS,2020-05-28T07:30:00-05:00,April 2020,April,compatible_month,month=4,59,95262,Durable Goods Orders - pre..,standard_pinned_report,expected_event_name,consistent,,consistent,,consistent,,"-18,5% m/m","-17,2% m/m","-14,7% m/m"
1846,GDP,2020-05-28T07:30:00-05:00,Q1 2020 Second,1Q,compatible_quarter,quarter=1,690,92438,GDP (Annualized) - rev..,standard_pinned_report,expected_event_name,consistent,,consistent,,consistent,,"-4,8%","-5,0%","2,1%"
1847,PCE,2020-05-29T07:30:00-05:00,April 2020,April,compatible_month,month=4,694,92574,Personal Consumption Expenditures,standard_pinned_report,expected_event_name,consistent,,consistent,,consistent,,"-12,5% m/m","-13,6% m/m","-7,5% m/m"
512,EMPLOYMENT,2020-06-05T07:30:00-05:00,May 2020,May,compatible_month,month=5,707,91656,Non-Farm Employment Change,standard_pinned_report,expected_event_name,consistent,,consistent,,consistent,,-8000 k,2509 k,-20500 k
514,CPI,2020-06-10T07:30:00-05:00,May 2020,May,compatible_month,month=5,699,91517,Consumer Price Index,standard_pinned_report,expected_event_name,consistent,,consistent,,consistent,,"0,0% m/m","-0,1% m/m","-0,8% m/m"
2215,FOMC,2020-06-10T13:00:00-05:00,FOMC 2020-06-10,June,compatible_fomc_month,official_date_month=6,82,92411,FOMC Interest Rate Decision,standard_pinned_report,expected_event_name,consistent,,consistent,,consistent,,"0-0,25%","0-0,25%","0-0,25%"
515,PPI,2020-06-11T07:30:00-05:00,May 2020,May,compatible_month,month=5,703,91577,Producer Price Index,standard_pinned_report,expected_event_name,consistent,,consistent,,consistent,,"0,1% m/m","0,4% m/m","-1,3% m/m"
2515,RETAIL_SALES,2020-06-16T07:30:00-05:00,May 2020,May,compatible_month,month=5,696,95221,Retail Sales,standard_pinned_report,expected_event_name,consistent,,consistent,,consistent,,"8,0% m/m","17,7% m/m","-16,4% m/m"
2516,DURABLE_GOODS,2020-06-25T07:30:00-05:00,May 2020,May,compatible_month,month=5,59,95263,Durable Goods Orders - pre..,standard_pinned_report,expected_event_name,consistent,,consistent,,consistent,,"10,6% m/m","15,8% m/m","-17,7% m/m"
1848,GDP,2020-06-25T07:30:00-05:00,Q1 2020 Third,1Q,compatible_quarter,quarter=1,690,92443,GDP (Annualized) - fin..,standard_pinned_report,expected_event_name,consistent,,consistent,,consistent,,"-5,0%","-5,0%","2,1%"
1849,PCE,2020-06-26T07:30:00-05:00,May 2020,May,compatible_month,month=5,694,92580,Personal Consumption Expenditures,standard_pinned_report,expected_event_name,consistent,,consistent,,consistent,,"9,0% m/m","8,2% m/m","-13,6% m/m"
516,EMPLOYMENT,2020-07-02T07:30:00-05:00,June 2020,June,compatible_month,month=6,707,91663,Non-Farm Employment Change,standard_pinned_report,expected_event_name,consistent,,consistent,,consistent,,3000 k,4800 k,2509 k
518,PPI,2020-07-10T07:30:00-05:00,June 2020,June,compatible_month,month=6,703,91582,Producer Price Index,standard_pinned_report,expected_event_name,consistent,,consistent,,consistent,,"0,4% m/m","-0,2% m/m","0,4% m/m"
519,CPI,2020-07-14T07:30:00-05:00,June 2020,June,compatible_month,month=6,699,91522,Consumer Price Index,standard_pinned_report,expected_event_name,consistent,,consistent,,consistent,,"0,5% m/m","0,6% m/m","-0,1% m/m"
2517,RETAIL_SALES,2020-07-16T07:30:00-05:00,June 2020,June,compatible_month,month=6,696,95225,Retail Sales,standard_pinned_report,expected_event_name,consistent,,consistent,,consistent,,"5,0% m/m","7,5% m/m","17,7% m/m"
2518,DURABLE_GOODS,2020-07-27T07:30:00-05:00,June 2020,June,compatible_month,month=6,59,95264,Durable Goods Orders - pre..,standard_pinned_report,expected_event_name,consistent,,consistent,,consistent,,"7,2% m/m","7,3% m/m","15,7% m/m"
2216,FOMC,2020-07-29T13:00:00-05:00,FOMC 2020-07-29,July,compatible_fomc_month,official_date_month=7,82,92412,FOMC Interest Rate Decision,standard_pinned_report,expected_event_name,consistent,,consistent,,consistent,,"0-0,25%","0-0,25%","0-0,25%"
1850,GDP,2020-07-30T07:30:00-05:00,Q2 2020 Advance,2Q,compatible_quarter,quarter=2,690,92448,GDP (Annualized) - pre..,standard_pinned_report,expected_event_name,consistent,,consistent,,consistent,,"-34,1%","-32,9%","-5,0%"
1851,PCE,2020-07-31T07:30:00-05:00,June 2020,June,compatible_month,month=6,694,92586,Personal Consumption Expenditures,standard_pinned_report,expected_event_name,consistent,,consistent,,consistent,,"5,5% m/m","5,6% m/m","8,2% m/m"
520,EMPLOYMENT,2020-08-07T07:30:00-05:00,July 2020,July,compatible_month,month=7,707,91670,Non-Farm Employment Change,standard_pinned_report,expected_event_name,consistent,,consistent,,consistent,,1580 k,1763 k,4800 k
522,PPI,2020-08-11T07:30:00-05:00,July 2020,July,compatible_month,month=7,703,91587,Producer Price Index,standard_pinned_report,expected_event_name,consistent,,consistent,,consistent,,"0,3% m/m","0,6% m/m","-0,2% m/m"
523,CPI,2020-08-12T07:30:00-05:00,July 2020,July,compatible_month,month=7,699,91527,Consumer Price Index,standard_pinned_report,expected_event_name,consistent,,consistent,,consistent,,"0,3% m/m","0,6% m/m","0,6% m/m"
2519,RETAIL_SALES,2020-08-14T07:30:00-05:00,July 2020,July,compatible_month,month=7,696,95229,Retail Sales,standard_pinned_report,expected_event_name,consistent,,consistent,,consistent,,"1,8% m/m","1,2% m/m","7,5% m/m"
2520,DURABLE_GOODS,2020-08-26T07:30:00-05:00,July 2020,July,compatible_month,month=7,59,95265,Durable Goods Orders - pre..,standard_pinned_report,expected_event_name,consistent,,consistent,,consistent,,"4,3% m/m","11,2% m/m","7,6% m/m"
1852,GDP,2020-08-27T07:30:00-05:00,Q2 2020 Second,2Q,compatible_quarter,quarter=2,690,92453,GDP (Annualized) - rev..,standard_pinned_report,expected_event_name,consistent,,consistent,,consistent,,"-32,5%","-31,7%","-5,0%"
1853,PCE,2020-08-28T07:30:00-05:00,July 2020,July,compatible_month,month=7,694,92592,Personal Consumption Expenditures,standard_pinned_report,expected_event_name,consistent,,consistent,,consistent,,"1,5% m/m","1,9% m/m","5,6% m/m"
524,EMPLOYMENT,2020-09-04T07:30:00-05:00,August 2020,August,compatible_month,month=8,707,91677,Non-Farm Employment Change,standard_pinned_report,expected_event_name,consistent,,consistent,,consistent,,1400 k,1371 k,1763 k
526,PPI,2020-09-10T07:30:00-05:00,August 2020,August,compatible_month,month=8,703,91592,Producer Price Index,standard_pinned_report,expected_event_name,consistent,,consistent,,consistent,,"0,2% m/m","0,3% m/m","0,6% m/m"
527,CPI,2020-09-11T07:30:00-05:00,August 2020,August,compatible_month,month=8,699,91532,Consumer Price Index,standard_pinned_report,expected_event_name,consistent,,consistent,,consistent,,"0,3% m/m","0,4% m/m","0,6% m/m"
2521,RETAIL_SALES,2020-09-16T07:30:00-05:00,August 2020,August,compatible_month,month=8,696,95233,Retail Sales,standard_pinned_report,expected_event_name,consistent,,consistent,,consistent,,"1,0% m/m","0,6% m/m","1,2% m/m"
2217,FOMC,2020-09-16T13:00:00-05:00,FOMC 2020-09-16,September,compatible_fomc_month,official_date_month=9,82,92413,FOMC Interest Rate Decision,standard_pinned_report,expected_event_name,consistent,,consistent,,consistent,,"0-0,25%","0-0,25%","0-0,25%"
2522,DURABLE_GOODS,2020-09-25T07:30:00-05:00,August 2020,August,compatible_month,month=8,59,95266,Durable Goods Orders - pre..,standard_pinned_report,expected_event_name,consistent,,consistent,,consistent,,"1,5% m/m","0,4% m/m","11,4% m/m"
1854,GDP,2020-09-30T07:30:00-05:00,Q2 2020 Third,2Q,compatible_quarter,quarter=2,690,92458,GDP (Annualized) - fin..,standard_pinned_report,expected_event_name,consistent,,consistent,,consistent,,"-31,7%","-31,4%","-5,0%"
1855,PCE,2020-10-01T07:30:00-05:00,August 2020,August,compatible_month,month=8,694,92598,Personal Consumption Expenditures,standard_pinned_report,expected_event_name,consistent,,consistent,,consistent,,"0,8% m/m","1,0% m/m","1,9% m/m"
528,EMPLOYMENT,2020-10-02T07:30:00-05:00,September 2020,September,compatible_month,month=9,707,91684,Non-Farm Employment Change,standard_pinned_report,expected_event_name,consistent,,consistent,,consistent,,850 k,661 k,1371 k
530,CPI,2020-10-13T07:30:00-05:00,September 2020,September,compatible_month,month=9,699,91537,Consumer Price Index,standard_pinned_report,expected_event_name,consistent,,consistent,,consistent,,"0,2% m/m","0,2% m/m","0,4% m/m"
531,PPI,2020-10-14T07:30:00-05:00,September 2020,September,compatible_month,month=9,703,91597,Producer Price Index,standard_pinned_report,expected_event_name,consistent,,consistent,,consistent,,"0,2% m/m","0,4% m/m","0,3% m/m"
2523,RETAIL_SALES,2020-10-16T07:30:00-05:00,September 2020,September,compatible_month,month=9,696,95237,Retail Sales,standard_pinned_report,expected_event_name,consistent,,consistent,,consistent,,"0,7% m/m","1,9% m/m","0,6% m/m"
2524,DURABLE_GOODS,2020-10-27T07:30:00-05:00,September 2020,September,compatible_month,month=9,59,95267,Durable Goods Orders - pre..,standard_pinned_report,expected_event_name,consistent,,consistent,,consistent,,"0,5% m/m","1,9% m/m","0,5% m/m"
1856,GDP,2020-10-29T07:30:00-05:00,Q3 2020 Advance,3Q,compatible_quarter,quarter=3,690,92463,GDP (Annualized) - pre..,standard_pinned_report,expected_event_name,consistent,,consistent,,consistent,,"31,0%","33,1%","-31,4%"
1857,PCE,2020-10-30T07:30:00-05:00,September 2020,September,compatible_month,month=9,694,92604,Personal Consumption Expenditures,standard_pinned_report,expected_event_name,consistent,,consistent,,consistent,,"1,0% m/m","1,4% m/m","1,0% m/m"
2218,FOMC,2020-11-05T13:00:00-06:00,FOMC 2020-11-05,November,compatible_fomc_month,official_date_month=11,82,92414,FOMC Interest Rate Decision,standard_pinned_report,expected_event_name,consistent,,consistent,,consistent,,"0-0,25%","0-0,25%","0-0,25%"
532,EMPLOYMENT,2020-11-06T07:30:00-06:00,October 2020,October,compatible_month,month=10,707,91691,Non-Farm Employment Change,standard_pinned_report,expected_event_name,consistent,,consistent,,consistent,,600 k,638 k,661 k
534,CPI,2020-11-12T07:30:00-06:00,October 2020,October,compatible_month,month=10,699,91542,Consumer Price Index,standard_pinned_report,expected_event_name,consistent,,consistent,,consistent,,"0,2% m/m","0,0% m/m","0,2% m/m"
535,PPI,2020-11-13T07:30:00-06:00,October 2020,October,compatible_month,month=10,703,91602,Producer Price Index,standard_pinned_report,expected_event_name,consistent,,consistent,,consistent,,"0,2% m/m","0,3% m/m","0,4% m/m"
2525,RETAIL_SALES,2020-11-17T07:30:00-06:00,October 2020,October,compatible_month,month=10,696,95241,Retail Sales,standard_pinned_report,expected_event_name,consistent,,consistent,,consistent,,"0,5% m/m","0,3% m/m","1,9% m/m"
2526,DURABLE_GOODS,2020-11-25T07:30:00-06:00,October 2020,October,compatible_month,month=10,59,95268,Durable Goods Orders - pre..,standard_pinned_report,expected_event_name,consistent,,consistent,,consistent,,"0,9% m/m","1,3% m/m","1,9% m/m"
1858,GDP,2020-11-25T07:30:00-06:00,Q3 2020 Second,3Q,compatible_quarter,quarter=3,690,92468,GDP (Annualized) - rev..,standard_pinned_report,expected_event_name,consistent,,consistent,,consistent,,"33,2%","33,1%","-31,4%"
1859,PCE,2020-11-25T09:00:00-06:00,October 2020,October,compatible_month,month=10,694,92610,Personal Consumption Expenditures,standard_pinned_report,expected_event_name,consistent,,consistent,,consistent,,"0,4% m/m","0,5% m/m","1,4% m/m"
536,EMPLOYMENT,2020-12-04T07:30:00-06:00,November 2020,November,compatible_month,month=11,707,91698,Non-Farm Employment Change,standard_pinned_report,expected_event_name,consistent,,consistent,,consistent,,469 k,245 k,638 k
538,CPI,2020-12-10T07:30:00-06:00,November 2020,November,compatible_month,month=11,699,91547,Consumer Price Index,standard_pinned_report,expected_event_name,consistent,,consistent,,consistent,,"0,1% m/m","0,2% m/m","0,0% m/m"
539,PPI,2020-12-11T07:30:00-06:00,November 2020,November,compatible_month,month=11,703,91607,Producer Price Index,standard_pinned_report,expected_event_name,consistent,,consistent,,consistent,,"0,2% m/m","0,1% m/m","0,3% m/m"
2527,RETAIL_SALES,2020-12-16T07:30:00-06:00,November 2020,November,compatible_month,month=11,696,95245,Retail Sales,standard_pinned_report,expected_event_name,consistent,,consistent,,consistent,,"-0,3% m/m","-1,1% m/m","0,3% m/m"
2219,FOMC,2020-12-16T13:00:00-06:00,FOMC 2020-12-16,December,compatible_fomc_month,official_date_month=12,82,92415,FOMC Interest Rate Decision,standard_pinned_report,expected_event_name,consistent,,consistent,,consistent,,"0-0,25%","0-0,25%","0-0,25%"
1860,GDP,2020-12-22T07:30:00-06:00,Q3 2020 Third,3Q,compatible_quarter,quarter=3,690,92473,GDP (Annualized) - fin..,standard_pinned_report,expected_event_name,consistent,,consistent,,consistent,,"33,1%","33,4%","-31,4%"
2528,DURABLE_GOODS,2020-12-23T07:30:00-06:00,November 2020,November,compatible_month,month=11,59,95269,Durable Goods Orders - pre..,standard_pinned_report,expected_event_name,consistent,,consistent,,consistent,,"0,6% m/m","0,9% m/m","1,3% m/m"
1861,PCE,2020-12-23T07:30:00-06:00,November 2020,November,compatible_month,month=11,694,92616,Personal Consumption Expenditures,standard_pinned_report,expected_event_name,consistent,,consistent,,consistent,,"-0,2% m/m","-0,4% m/m","0,5% m/m"
540,EMPLOYMENT,2021-01-08T07:30:00-06:00,December 2020,December,compatible_month,month=12,707,100195,Non-Farm Employment Change,standard_pinned_report,expected_event_name,consistent,,consistent,,consistent,,100 k,-140 k,245 k
542,CPI,2021-01-13T07:30:00-06:00,December 2020,December,compatible_month,month=12,699,100067,Consumer Price Index,standard_pinned_report,expected_event_name,consistent,,consistent,,consistent,,"0,4% m/m","0,4% m/m","0,2% m/m"
543,PPI,2021-01-15T07:30:00-06:00,December 2020,December,compatible_month,month=12,703,100127,Producer Price Index,standard_pinned_report,expected_event_name,consistent,,consistent,,consistent,,"0,3% m/m","0,3% m/m","0,1% m/m"
2529,RETAIL_SALES,2021-01-15T07:30:00-06:00,December 2020,December,compatible_month,month=12,696,100715,Retail Sales,standard_pinned_report,expected_event_name,consistent,,consistent,,consistent,,"0,0% m/m","-0,7% m/m","-1,1% m/m"
2530,DURABLE_GOODS,2021-01-27T07:30:00-06:00,December 2020,December,compatible_month,month=12,59,100642,Durable Goods Orders - pre..,standard_pinned_report,expected_event_name,consistent,,consistent,,consistent,,"0,9% m/m","0,2% m/m","1,0% m/m"
2220,FOMC,2021-01-27T13:00:00-06:00,FOMC 2021-01-27,January,compatible_fomc_month,official_date_month=1,82,100552,FOMC Interest Rate Decision,standard_pinned_report,expected_event_name,consistent,,consistent,,consistent,,"0-0,25%","0-0,25%","0-0,25%"
1862,GDP,2021-01-28T07:30:00-06:00,Q4 2020 Advance,4Q,compatible_quarter,quarter=4,690,99782,GDP (Annualized) - pre..,standard_pinned_report,expected_event_name,consistent,,consistent,,consistent,,"4,0%","4,0%","33,4%"
1863,PCE,2021-01-29T07:30:00-06:00,December 2020,December,compatible_month,month=12,694,101601,Personal Consumption Expenditures,standard_pinned_report,expected_event_name,consistent,,consistent,,consistent,,"-0,4% m/m","-0,2% m/m","-0,4% m/m"
544,EMPLOYMENT,2021-02-05T07:30:00-06:00,January 2021,January,compatible_month,month=1,707,100203,Non-Farm Employment Change,standard_pinned_report,expected_event_name,consistent,,consistent,,consistent,,50 k,49 k,-140 k
546,CPI,2021-02-10T07:30:00-06:00,January 2021,January,compatible_month,month=1,699,100072,Consumer Price Index,standard_pinned_report,expected_event_name,consistent,,consistent,,consistent,,"0,3% m/m","0,3% m/m","0,4% m/m"
547,PPI,2021-02-17T07:30:00-06:00,January 2021,January,compatible_month,month=1,703,100132,Producer Price Index,standard_pinned_report,expected_event_name,consistent,,consistent,,consistent,,"0,4% m/m","1,3% m/m","0,3% m/m"
2531,RETAIL_SALES,2021-02-17T07:30:00-06:00,January 2021,January,compatible_month,month=1,696,100719,Retail Sales,standard_pinned_report,expected_event_name,consistent,,consistent,,consistent,,"1,1% m/m","5,3% m/m","-0,7% m/m"
2532,DURABLE_GOODS,2021-02-25T07:30:00-06:00,January 2021,January,compatible_month,month=1,59,100643,Durable Goods Orders - pre..,standard_pinned_report,expected_event_name,consistent,,consistent,,consistent,,"1,1% m/m","3,4% m/m","0,5% m/m"
1864,GDP,2021-02-25T07:30:00-06:00,Q4 2020 Second,4Q,compatible_quarter,quarter=4,690,99787,GDP (Annualized) - rev..,standard_pinned_report,expected_event_name,consistent,,consistent,,consistent,,"4,0%","4,1%","33,4%"
1865,PCE,2021-02-26T07:30:00-06:00,January 2021,January,compatible_month,month=1,694,101607,Personal Consumption Expenditures,standard_pinned_report,expected_event_name,consistent,,consistent,,consistent,,"2,5% m/m","2,4% m/m","-0,2% m/m"
548,EMPLOYMENT,2021-03-05T07:30:00-06:00,February 2021,February,compatible_month,month=2,707,100211,Non-Farm Employment Change,standard_pinned_report,expected_event_name,consistent,,consistent,,consistent,,182 k,379 k,49 k
549,CPI,2021-03-10T07:30:00-06:00,February 2021,February,compatible_month,month=2,699,100077,Consumer Price Index,standard_pinned_report,expected_event_name,consistent,,consistent,,consistent,,"0,4% m/m","0,4% m/m","0,3% m/m"
551,PPI,2021-03-12T07:30:00-06:00,February 2021,February,compatible_month,month=2,703,100137,Producer Price Index,standard_pinned_report,expected_event_name,consistent,,consistent,,consistent,,"0,4% m/m","0,5% m/m","1,3% m/m"
2533,RETAIL_SALES,2021-03-16T07:30:00-05:00,February 2021,February,compatible_month,month=2,696,100723,Retail Sales,standard_pinned_report,expected_event_name,consistent,,consistent,,consistent,,"-0,5% m/m","-3,0% m/m","5,3% m/m"
2221,FOMC,2021-03-17T13:00:00-05:00,FOMC 2021-03-17,March,compatible_fomc_month,official_date_month=3,82,100553,FOMC Interest Rate Decision,standard_pinned_report,expected_event_name,consistent,,consistent,,consistent,,"0-0,25%","0-0,25%","0-0,25%"
2534,DURABLE_GOODS,2021-03-24T07:30:00-05:00,February 2021,February,compatible_month,month=2,59,100644,Durable Goods Orders - pre..,standard_pinned_report,expected_event_name,consistent,,consistent,,consistent,,"0,8% m/m","-1,1% m/m","3,4% m/m"
1866,GDP,2021-03-25T07:30:00-05:00,Q4 2020 Third,4Q,compatible_quarter,quarter=4,690,99792,GDP (Annualized) - fin..,standard_pinned_report,expected_event_name,consistent,,consistent,,consistent,,"4,1%","4,3%","33,4%"
1867,PCE,2021-03-26T07:30:00-05:00,February 2021,February,compatible_month,month=2,694,101613,Personal Consumption Expenditures,standard_pinned_report,expected_event_name,consistent,,consistent,,consistent,,"-0,7% m/m","-1,0% m/m","2,4% m/m"
553,EMPLOYMENT,2021-04-02T07:30:00-05:00,March 2021,March,compatible_month,month=3,707,100219,Non-Farm Employment Change,standard_pinned_report,expected_event_name,consistent,,consistent,,consistent,,630 k,916 k,379 k
555,PPI,2021-04-09T07:30:00-05:00,March 2021,March,compatible_month,month=3,703,100142,Producer Price Index,standard_pinned_report,expected_event_name,consistent,,consistent,,consistent,,"0,5% m/m","1,0% m/m","0,5% m/m"
556,CPI,2021-04-13T07:30:00-05:00,March 2021,March,compatible_month,month=3,699,100082,Consumer Price Index,standard_pinned_report,expected_event_name,consistent,,consistent,,consistent,,"0,5% m/m","0,6% m/m","0,4% m/m"
2535,RETAIL_SALES,2021-04-15T07:30:00-05:00,March 2021,March,compatible_month,month=3,696,100727,Retail Sales,standard_pinned_report,expected_event_name,consistent,,consistent,,consistent,,"4,7% m/m","9,8% m/m","-3,0% m/m"
2536,DURABLE_GOODS,2021-04-26T07:30:00-05:00,March 2021,March,compatible_month,month=3,59,100645,Durable Goods Orders - pre..,standard_pinned_report,expected_event_name,consistent,,consistent,,consistent,,"2,5% m/m","0,5% m/m","-1,2% m/m"
2222,FOMC,2021-04-28T13:00:00-05:00,FOMC 2021-04-28,April,compatible_fomc_month,official_date_month=4,82,100554,FOMC Interest Rate Decision,standard_pinned_report,expected_event_name,consistent,,consistent,,consistent,,"0-0,25%","0-0,25%","0-0,25%"
1868,GDP,2021-04-29T07:30:00-05:00,Q1 2021 Advance,1Q,compatible_quarter,quarter=1,690,99797,GDP (Annualized) - pre..,standard_pinned_report,expected_event_name,consistent,,consistent,,consistent,,"6,5%","6,4%","4,3%"
1869,PCE,2021-04-30T07:30:00-05:00,March 2021,March,compatible_month,month=3,694,101619,Personal Consumption Expenditures,standard_pinned_report,expected_event_name,consistent,,consistent,,consistent,,"4,2% m/m","4,2% m/m","-1,0% m/m"
557,EMPLOYMENT,2021-05-07T07:30:00-05:00,April 2021,April,compatible_month,month=4,707,100227,Non-Farm Employment Change,standard_pinned_report,expected_event_name,consistent,,consistent,,consistent,,978 k,266 k,916 k
559,CPI,2021-05-12T07:30:00-05:00,April 2021,April,compatible_month,month=4,699,100087,Consumer Price Index,standard_pinned_report,expected_event_name,consistent,,consistent,,consistent,,"0,2% m/m","0,8% m/m","0,6% m/m"
560,PPI,2021-05-13T07:30:00-05:00,April 2021,April,compatible_month,month=4,703,100147,Producer Price Index,standard_pinned_report,expected_event_name,consistent,,consistent,,consistent,,"0,3% m/m","0,6% m/m","1,0% m/m"
2537,RETAIL_SALES,2021-05-14T07:30:00-05:00,April 2021,April,compatible_month,month=4,696,100731,Retail Sales,standard_pinned_report,expected_event_name,consistent,,consistent,,consistent,,"1,0% m/m","0,0% m/m","9,8% m/m"
2538,DURABLE_GOODS,2021-05-27T07:30:00-05:00,April 2021,April,compatible_month,month=4,59,100646,Durable Goods Orders - pre..,standard_pinned_report,expected_event_name,consistent,,consistent,,consistent,,"0,8% m/m","-1,3% m/m","0,8% m/m"
1870,GDP,2021-05-27T07:30:00-05:00,Q1 2021 Second,1Q,compatible_quarter,quarter=1,690,99802,GDP (Annualized) - rev..,standard_pinned_report,expected_event_name,consistent,,consistent,,consistent,,"6,5%","6,4%","4,3%"
1871,PCE,2021-05-28T07:30:00-05:00,April 2021,April,compatible_month,month=4,694,101625,Personal Consumption Expenditures,standard_pinned_report,expected_event_name,consistent,,consistent,,consistent,,"0,5% m/m","0,5% m/m","4,2% m/m"
561,EMPLOYMENT,2021-06-04T07:30:00-05:00,May 2021,May,compatible_month,month=5,707,100235,Non-Farm Employment Change,standard_pinned_report,expected_event_name,consistent,,consistent,,consistent,,660 k,559 k,266 k
563,CPI,2021-06-10T07:30:00-05:00,May 2021,May,compatible_month,month=5,699,100092,Consumer Price Index,standard_pinned_report,expected_event_name,consistent,,consistent,,consistent,,"0,4% m/m","0,6% m/m","0,8% m/m"
564,PPI,2021-06-15T07:30:00-05:00,May 2021,May,compatible_month,month=5,703,100152,Producer Price Index,standard_pinned_report,expected_event_name,consistent,,consistent,,consistent,,"0,6% m/m","0,8% m/m","0,6% m/m"
2539,RETAIL_SALES,2021-06-15T07:30:00-05:00,May 2021,May,compatible_month,month=5,696,100735,Retail Sales,standard_pinned_report,expected_event_name,consistent,,consistent,,consistent,,"-0,8% m/m","-1,3% m/m","0,0% m/m"
2223,FOMC,2021-06-16T13:00:00-05:00,FOMC 2021-06-16,June,compatible_fomc_month,official_date_month=6,82,100555,FOMC Interest Rate Decision,standard_pinned_report,expected_event_name,consistent,,consistent,,consistent,,"0-0,25%","0-0,25%","0-0,25%"
2540,DURABLE_GOODS,2021-06-24T07:30:00-05:00,May 2021,May,compatible_month,month=5,59,100647,Durable Goods Orders - pre..,standard_pinned_report,expected_event_name,consistent,,consistent,,consistent,,"2,7% m/m","2,3% m/m","-1,3% m/m"
1872,GDP,2021-06-24T07:30:00-05:00,Q1 2021 Third,1Q,compatible_quarter,quarter=1,690,99807,GDP (Annualized) - fin..,standard_pinned_report,expected_event_name,consistent,,consistent,,consistent,,"6,4%","6,4%","4,3%"
1873,PCE,2021-06-25T07:30:00-05:00,May 2021,May,compatible_month,month=5,694,101631,Personal Consumption Expenditures,standard_pinned_report,expected_event_name,consistent,,consistent,,consistent,,"0,4% m/m","0,0% m/m","0,5% m/m"
565,EMPLOYMENT,2021-07-02T07:30:00-05:00,June 2021,June,compatible_month,month=6,707,100243,Non-Farm Employment Change,standard_pinned_report,expected_event_name,consistent,,consistent,,consistent,,700 k,850 k,559 k
567,CPI,2021-07-13T07:30:00-05:00,June 2021,June,compatible_month,month=6,699,100097,Consumer Price Index,standard_pinned_report,expected_event_name,consistent,,consistent,,consistent,,"0,5% m/m","0,9% m/m","0,6% m/m"
568,PPI,2021-07-14T07:30:00-05:00,June 2021,June,compatible_month,month=6,703,100157,Producer Price Index,standard_pinned_report,expected_event_name,consistent,,consistent,,consistent,,"0,6% m/m","1,0% m/m","0,8% m/m"
2541,RETAIL_SALES,2021-07-16T07:30:00-05:00,June 2021,June,compatible_month,month=6,696,100739,Retail Sales,standard_pinned_report,expected_event_name,consistent,,consistent,,consistent,,"-0,4% m/m","0,6% m/m","-1,3% m/m"
2542,DURABLE_GOODS,2021-07-27T07:30:00-05:00,June 2021,June,compatible_month,month=6,59,100648,Durable Goods Orders - pre..,standard_pinned_report,expected_event_name,consistent,,consistent,,consistent,,"2,1% m/m","0,8% m/m","2,3% m/m"
2224,FOMC,2021-07-28T13:00:00-05:00,FOMC 2021-07-28,July,compatible_fomc_month,official_date_month=7,82,100556,FOMC Interest Rate Decision,standard_pinned_report,expected_event_name,consistent,,consistent,,consistent,,"0-0,25%","0-0,25%","0-0,25%"
1874,GDP,2021-07-29T07:30:00-05:00,Q2 2021 Advance,2Q,compatible_quarter,quarter=2,690,99812,GDP (Annualized) - pre..,standard_pinned_report,expected_event_name,consistent,,consistent,,consistent,,"8,5%","6,5%","6,4%"
1875,PCE,2021-07-30T07:30:00-05:00,June 2021,June,compatible_month,month=6,694,101637,Personal Consumption Expenditures,standard_pinned_report,expected_event_name,consistent,,consistent,,consistent,,"0,7% m/m","1,0% m/m","0,0% m/m"
569,EMPLOYMENT,2021-08-06T07:30:00-05:00,July 2021,July,compatible_month,month=7,707,100251,Non-Farm Employment Change,standard_pinned_report,expected_event_name,consistent,,consistent,,consistent,,900 k,943 k,850 k
571,CPI,2021-08-11T07:30:00-05:00,July 2021,July,compatible_month,month=7,699,100102,Consumer Price Index,standard_pinned_report,expected_event_name,consistent,,consistent,,consistent,,"0,5% m/m","0,5% m/m","0,9% m/m"
572,PPI,2021-08-12T07:30:00-05:00,July 2021,July,compatible_month,month=7,703,100162,Producer Price Index,standard_pinned_report,expected_event_name,consistent,,consistent,,consistent,,"0,6% m/m","1,0% m/m","1,0% m/m"
2543,RETAIL_SALES,2021-08-17T07:30:00-05:00,July 2021,July,compatible_month,month=7,696,100743,Retail Sales,standard_pinned_report,expected_event_name,consistent,,consistent,,consistent,,"-0,2% m/m","-1,1% m/m","0,6% m/m"
2544,DURABLE_GOODS,2021-08-25T07:30:00-05:00,July 2021,July,compatible_month,month=7,59,100649,Durable Goods Orders - pre..,standard_pinned_report,expected_event_name,consistent,,consistent,,consistent,,"-0,3% m/m","-0,1% m/m","0,9% m/m"
1876,GDP,2021-08-26T07:30:00-05:00,Q2 2021 Second,2Q,compatible_quarter,quarter=2,690,99817,GDP (Annualized) - rev..,standard_pinned_report,expected_event_name,consistent,,consistent,,consistent,,"6,7%","6,6%","6,4%"
1877,PCE,2021-08-27T07:30:00-05:00,July 2021,July,compatible_month,month=7,694,101643,Personal Consumption Expenditures,standard_pinned_report,expected_event_name,consistent,,consistent,,consistent,,"0,3% m/m","0,3% m/m","1,0% m/m"
573,EMPLOYMENT,2021-09-03T07:30:00-05:00,August 2021,August,compatible_month,month=8,707,100259,Non-Farm Employment Change,standard_pinned_report,expected_event_name,consistent,,consistent,,consistent,,750 k,235 k,943 k
575,PPI,2021-09-10T07:30:00-05:00,August 2021,August,compatible_month,month=8,703,100172,Producer Price Index,standard_pinned_report,expected_event_name,consistent,,consistent,,consistent,,"0,6% m/m","0,7% m/m","1,0% m/m"
576,CPI,2021-09-14T07:30:00-05:00,August 2021,August,compatible_month,month=8,699,100107,Consumer Price Index,standard_pinned_report,expected_event_name,consistent,,consistent,,consistent,,"0,4% m/m","0,3% m/m","0,5% m/m"
2545,RETAIL_SALES,2021-09-16T07:30:00-05:00,August 2021,August,compatible_month,month=8,696,100747,Retail Sales,standard_pinned_report,expected_event_name,consistent,,consistent,,consistent,,-1% m/m,"0,7% m/m","-1,1% m/m"
2225,FOMC,2021-09-22T13:00:00-05:00,FOMC 2021-09-22,September,compatible_fomc_month,official_date_month=9,82,100557,FOMC Interest Rate Decision,standard_pinned_report,expected_event_name,consistent,,consistent,,consistent,,"0-0,25%","0-0,25%","0-0,25%"
2546,DURABLE_GOODS,2021-09-27T07:30:00-05:00,August 2021,August,compatible_month,month=8,59,100650,Durable Goods Orders - pre..,standard_pinned_report,expected_event_name,consistent,,consistent,,consistent,,"0,6% m/m","1,8% m/m","-0,1% m/m"
1878,GDP,2021-09-30T07:30:00-05:00,Q2 2021 Third,2Q,compatible_quarter,quarter=2,690,99822,GDP (Annualized) - fin..,standard_pinned_report,expected_event_name,consistent,,consistent,,consistent,,"6,6%","6,7%","6,3%"
1879,PCE,2021-10-01T07:30:00-05:00,August 2021,August,compatible_month,month=8,694,101649,Personal Consumption Expenditures,standard_pinned_report,expected_event_name,consistent,,consistent,,consistent,,"0,6% m/m","0,8% m/m","0,3% m/m"
577,EMPLOYMENT,2021-10-08T07:30:00-05:00,September 2021,September,compatible_month,month=9,707,100267,Non-Farm Employment Change,standard_pinned_report,expected_event_name,consistent,,consistent,,consistent,,500 k,194 k,235 k
579,CPI,2021-10-13T07:30:00-05:00,September 2021,September,compatible_month,month=9,699,100112,Consumer Price Index,standard_pinned_report,expected_event_name,consistent,,consistent,,consistent,,"0,3% m/m","0,4% m/m","0,3% m/m"
580,PPI,2021-10-14T07:30:00-05:00,September 2021,September,compatible_month,month=9,703,100167,Producer Price Index,standard_pinned_report,expected_event_name,consistent,,consistent,,consistent,,"0,6% m/m","0,5% m/m","0,7% m/m"
2547,RETAIL_SALES,2021-10-15T07:30:00-05:00,September 2021,September,compatible_month,month=9,696,100751,Retail Sales,standard_pinned_report,expected_event_name,consistent,,consistent,,consistent,,"-0,2% m/m","0,7% m/m","0,7% m/m"
2548,DURABLE_GOODS,2021-10-27T07:30:00-05:00,September 2021,September,compatible_month,month=9,59,100651,Durable Goods Orders - pre..,standard_pinned_report,expected_event_name,consistent,,consistent,,consistent,,-1% m/m,"-0,4% m/m","1,8% m/m"
1880,GDP,2021-10-28T07:30:00-05:00,Q3 2021 Advance,3Q,compatible_quarter,quarter=3,690,99827,GDP (Annualized) - pre..,standard_pinned_report,expected_event_name,consistent,,consistent,,consistent,,"2,7%","2,0%","6,7%"
1881,PCE,2021-10-29T07:30:00-05:00,September 2021,September,compatible_month,month=9,694,101655,Personal Consumption Expenditures,standard_pinned_report,expected_event_name,consistent,,consistent,,consistent,,"0,5% m/m","0,6% m/m","0,8% m/m"
2226,FOMC,2021-11-03T13:00:00-05:00,FOMC 2021-11-03,November,compatible_fomc_month,official_date_month=11,82,100558,FOMC Interest Rate Decision,standard_pinned_report,expected_event_name,consistent,,consistent,,consistent,,"0-0,25%","0-0,25%","0-0,25%"
581,EMPLOYMENT,2021-11-05T07:30:00-05:00,October 2021,October,compatible_month,month=10,707,100275,Non-Farm Employment Change,standard_pinned_report,expected_event_name,consistent,,consistent,,consistent,,450 k,531 k,194 k
582,PPI,2021-11-09T07:30:00-06:00,October 2021,October,compatible_month,month=10,703,100182,Producer Price Index,standard_pinned_report,expected_event_name,consistent,,consistent,,consistent,,"0,6% m/m","0,6% m/m","0,5% m/m"
583,CPI,2021-11-10T07:30:00-06:00,October 2021,October,compatible_month,month=10,699,100117,Consumer Price Index,standard_pinned_report,expected_event_name,consistent,,consistent,,consistent,,"0,6% m/m","0,9% m/m","0,4% m/m"
2549,RETAIL_SALES,2021-11-16T07:30:00-06:00,October 2021,October,compatible_month,month=10,696,100755,Retail Sales,standard_pinned_report,expected_event_name,consistent,,consistent,,consistent,,"1,4% m/m","1,7% m/m","0,7% m/m"
2550,DURABLE_GOODS,2021-11-24T07:30:00-06:00,October 2021,October,compatible_month,month=10,59,100652,Durable Goods Orders - pre..,standard_pinned_report,expected_event_name,consistent,,consistent,,consistent,,"0,3% m/m","-0,5% m/m","-0,3% m/m"
1882,GDP,2021-11-24T07:30:00-06:00,Q3 2021 Second,3Q,compatible_quarter,quarter=3,690,99832,GDP (Annualized) - rev..,standard_pinned_report,expected_event_name,consistent,,consistent,,consistent,,"2,2%","2,1%","6,7%"
1883,PCE,2021-11-24T07:30:00-06:00,October 2021,October,compatible_month,month=10,694,101661,Personal Consumption Expenditures,standard_pinned_report,expected_event_name,consistent,,consistent,,consistent,,1% m/m,"1,3% m/m","0,6% m/m"
585,EMPLOYMENT,2021-12-03T07:30:00-06:00,November 2021,November,compatible_month,month=11,707,100283,Non-Farm Employment Change,standard_pinned_report,expected_event_name,consistent,,consistent,,consistent,,550 k,210 k,531 k
587,CPI,2021-12-10T07:30:00-06:00,November 2021,November,compatible_month,month=11,699,100122,Consumer Price Index,standard_pinned_report,expected_event_name,consistent,,consistent,,consistent,,"0,7% m/m","0,8% m/m","0,9% m/m"
588,PPI,2021-12-14T07:30:00-06:00,November 2021,November,compatible_month,month=11,703,100177,Producer Price Index,standard_pinned_report,expected_event_name,consistent,,consistent,,consistent,,"0,5% m/m","0,8% m/m","0,6% m/m"
2551,RETAIL_SALES,2021-12-15T07:30:00-06:00,November 2021,November,compatible_month,month=11,696,100759,Retail Sales,standard_pinned_report,expected_event_name,consistent,,consistent,,consistent,,"0,8% m/m","0,3% m/m","1,7% m/m"
2227,FOMC,2021-12-15T13:00:00-06:00,FOMC 2021-12-15,December,compatible_fomc_month,official_date_month=12,82,100559,FOMC Interest Rate Decision,standard_pinned_report,expected_event_name,consistent,,consistent,,consistent,,"0-0,25%","0-0,25%","0-0,25%"
1884,GDP,2021-12-22T07:30:00-06:00,Q3 2021 Third,3Q,compatible_quarter,quarter=3,690,99837,GDP (Annualized) - fin..,standard_pinned_report,expected_event_name,consistent,,consistent,,consistent,,"2,1%","2,3%","6,7%"
2552,DURABLE_GOODS,2021-12-23T07:30:00-06:00,November 2021,November,compatible_month,month=11,59,100653,Durable Goods Orders - pre..,standard_pinned_report,expected_event_name,consistent,,consistent,,consistent,,"1,6% m/m","2,5% m/m","-0,4% m/m"
1885,PCE,2021-12-23T07:30:00-06:00,November 2021,November,compatible_month,month=11,694,101667,Personal Consumption Expenditures,standard_pinned_report,expected_event_name,consistent,,consistent,,consistent,,"0,6% m/m","0,6% m/m","1,3% m/m"
590,EMPLOYMENT,2022-01-07T07:30:00-06:00,December 2021,December,compatible_month,month=12,707,110156,Non-Farm Employment Change,standard_pinned_report,expected_event_name,consistent,,consistent,,consistent,,400 k,199 k,210 k
591,CPI,2022-01-12T07:30:00-06:00,December 2021,December,compatible_month,month=12,699,109894,Consumer Price Index,standard_pinned_report,expected_event_name,consistent,,consistent,,consistent,,"0,4% m/m","0,5% m/m","0,8% m/m"
592,PPI,2022-01-13T07:30:00-06:00,December 2021,December,compatible_month,month=12,703,109954,Producer Price Index,standard_pinned_report,expected_event_name,consistent,,consistent,,consistent,,"0,4% m/m","0,2% m/m","0,8% m/m"
2553,RETAIL_SALES,2022-01-14T07:30:00-06:00,December 2021,December,compatible_month,month=12,696,110568,Retail Sales,standard_pinned_report,expected_event_name,consistent,,consistent,,consistent,,"0,0% m/m","-1,9% m/m","0,3% m/m"
2228,FOMC,2022-01-26T13:00:00-06:00,FOMC 2022-01-26,January,compatible_fomc_month,official_date_month=1,82,100560,FOMC Interest Rate Decision,standard_pinned_report,expected_event_name,consistent,,consistent,,consistent,,"0-0,25%","0-0,25%","0-0,25%"
2554,DURABLE_GOODS,2022-01-27T07:30:00-06:00,December 2021,December,compatible_month,month=12,59,110635,Durable Goods Orders - pre..,standard_pinned_report,expected_event_name,consistent,,consistent,,consistent,,"-0,5% m/m","-0,9% m/m","2,6% m/m"
1886,GDP,2022-01-27T07:30:00-06:00,Q4 2021 Advance,4Q,compatible_quarter,quarter=4,690,108329,GDP (Annualized) - pre..,standard_pinned_report,expected_event_name,consistent,,consistent,,consistent,,"5,5%","6,9%","2,3%"
1887,PCE,2022-01-28T07:30:00-06:00,December 2021,December,compatible_month,month=12,694,108389,Personal Consumption Expenditures,standard_pinned_report,expected_event_name,consistent,,consistent,,consistent,,"-0,5% m/m","-0,6% m/m","0,6% m/m"
594,EMPLOYMENT,2022-02-04T07:30:00-06:00,January 2022,January,compatible_month,month=1,707,110164,Non-Farm Employment Change,standard_pinned_report,expected_event_name,consistent,,consistent,,consistent,,150 k,467 k,199 k
595,CPI,2022-02-10T07:30:00-06:00,January 2022,January,compatible_month,month=1,699,109899,Consumer Price Index,standard_pinned_report,expected_event_name,consistent,,consistent,,consistent,,"0,5% m/m","0,6% m/m","0,5% m/m"
596,PPI,2022-02-15T07:30:00-06:00,January 2022,January,compatible_month,month=1,703,109959,Producer Price Index,standard_pinned_report,expected_event_name,consistent,,consistent,,consistent,,"0,5% m/m",1% m/m,"0,2% m/m"
2555,RETAIL_SALES,2022-02-16T07:30:00-06:00,January 2022,January,compatible_month,month=1,696,110572,Retail Sales,standard_pinned_report,expected_event_name,consistent,,consistent,,consistent,,"1,9% m/m","3,8% m/m","-1,9% m/m"
1888,GDP,2022-02-24T07:30:00-06:00,Q4 2021 Second,4Q,compatible_quarter,quarter=4,690,108334,GDP (Annualized) - rev..,standard_pinned_report,expected_event_name,consistent,,consistent,,consistent,,"6,9%",7%,"2,3%"
2556,DURABLE_GOODS,2022-02-25T07:30:00-06:00,January 2022,January,compatible_month,month=1,59,110636,Durable Goods Orders - pre..,standard_pinned_report,expected_event_name,consistent,,consistent,,consistent,,"0,7% m/m","1,6% m/m","-0,7% m/m"
1889,PCE,2022-02-25T07:30:00-06:00,January 2022,January,compatible_month,month=1,694,108395,Personal Consumption Expenditures,standard_pinned_report,expected_event_name,consistent,,consistent,,consistent,,"1,5% m/m","2,1% m/m","-0,6% m/m"
597,EMPLOYMENT,2022-03-04T07:30:00-06:00,February 2022,February,compatible_month,month=2,707,110172,Non-Farm Employment Change,standard_pinned_report,expected_event_name,consistent,,consistent,,consistent,,440 k,678 k,467 k
599,CPI,2022-03-10T07:30:00-06:00,February 2022,February,compatible_month,month=2,699,109904,Consumer Price Index,standard_pinned_report,expected_event_name,consistent,,consistent,,consistent,,"0,8% m/m","0,8% m/m","0,6% m/m"
600,PPI,2022-03-15T07:30:00-05:00,February 2022,February,compatible_month,month=2,703,109964,Producer Price Index,standard_pinned_report,expected_event_name,consistent,,consistent,,consistent,,"0,9% m/m","0,8% m/m",1% m/m
2557,RETAIL_SALES,2022-03-16T07:30:00-05:00,February 2022,February,compatible_month,month=2,696,110576,Retail Sales,standard_pinned_report,expected_event_name,consistent,,consistent,,consistent,,"0,4% m/m","0,3% m/m","3,8% m/m"
2229,FOMC,2022-03-16T13:00:00-05:00,FOMC 2022-03-16,March,compatible_fomc_month,official_date_month=3,82,109608,FOMC Interest Rate Decision,standard_pinned_report,expected_event_name,consistent,,consistent,,consistent,,"0,25-0,50%","0,25-0,50%","0-0,25%"
2558,DURABLE_GOODS,2022-03-24T07:30:00-05:00,February 2022,February,compatible_month,month=2,59,110637,Durable Goods Orders - pre..,standard_pinned_report,expected_event_name,consistent,,consistent,,consistent,,"-0,5% m/m","-2,2% m/m","1,6% m/m"
1890,GDP,2022-03-30T07:30:00-05:00,Q4 2021 Third,4Q,compatible_quarter,quarter=4,690,108339,GDP (Annualized) - fin..,standard_pinned_report,expected_event_name,consistent,,consistent,,consistent,,7%,"6,9%","2,3%"
1891,PCE,2022-03-31T07:30:00-05:00,February 2022,February,compatible_month,month=2,694,108401,Personal Consumption Expenditures,standard_pinned_report,expected_event_name,consistent,,consistent,,consistent,,"0,5% m/m","0,2% m/m","2,1% m/m"
602,EMPLOYMENT,2022-04-01T07:30:00-05:00,March 2022,March,compatible_month,month=3,707,110180,Non-Farm Employment Change,standard_pinned_report,expected_event_name,consistent,,consistent,,consistent,,475 k,431 k,678 k
603,CPI,2022-04-12T07:30:00-05:00,March 2022,March,compatible_month,month=3,699,109909,Consumer Price Index,standard_pinned_report,expected_event_name,consistent,,consistent,,consistent,,"1,2% m/m","1,2% m/m","0,8% m/m"
604,PPI,2022-04-13T07:30:00-05:00,March 2022,March,compatible_month,month=3,703,109969,Producer Price Index,standard_pinned_report,expected_event_name,consistent,,consistent,,consistent,,"1,1% m/m","1,4% m/m","0,8% m/m"
2559,RETAIL_SALES,2022-04-14T07:30:00-05:00,March 2022,March,compatible_month,month=3,696,110580,Retail Sales,standard_pinned_report,expected_event_name,consistent,,consistent,,consistent,,"0,6% m/m","0,5% m/m","0,3% m/m"
2560,DURABLE_GOODS,2022-04-26T07:30:00-05:00,March 2022,March,compatible_month,month=3,59,110638,Durable Goods Orders - pre..,standard_pinned_report,expected_event_name,consistent,,consistent,,consistent,,1% m/m,"0,8% m/m","-2,1% m/m"
1892,GDP,2022-04-28T07:30:00-05:00,Q1 2022 Advance,1Q,compatible_quarter,quarter=1,690,108344,GDP (Annualized) - pre..,standard_pinned_report,expected_event_name,consistent,,consistent,,consistent,,"1,1%","-1,4%","6,9%"
1893,PCE,2022-04-29T07:30:00-05:00,March 2022,March,compatible_month,month=3,694,108407,Personal Consumption Expenditures,standard_pinned_report,expected_event_name,consistent,,consistent,,consistent,,"0,6% m/m","1,1% m/m","0,2% m/m"
2230,FOMC,2022-05-04T13:00:00-05:00,FOMC 2022-05-04,May,compatible_fomc_month,official_date_month=5,82,109609,FOMC Interest Rate Decision,standard_pinned_report,expected_event_name,consistent,,consistent,,consistent,,"0,75-1,00%","0,75-1,00%","0,25-0,50%"
607,EMPLOYMENT,2022-05-06T07:30:00-05:00,April 2022,April,compatible_month,month=4,707,110188,Non-Farm Employment Change,standard_pinned_report,expected_event_name,consistent,,consistent,,consistent,,385 k,428 k,431 k
608,CPI,2022-05-11T07:30:00-05:00,April 2022,April,compatible_month,month=4,699,109914,Consumer Price Index,standard_pinned_report,expected_event_name,consistent,,consistent,,consistent,,"0,2% m/m","0,3% m/m","1,2% m/m"
609,PPI,2022-05-12T07:30:00-05:00,April 2022,April,compatible_month,month=4,703,109974,Producer Price Index,standard_pinned_report,expected_event_name,consistent,,consistent,,consistent,,"0,5% m/m","0,5% m/m","1,4% m/m"
2561,RETAIL_SALES,2022-05-17T07:30:00-05:00,April 2022,April,compatible_month,month=4,696,110584,Retail Sales,standard_pinned_report,expected_event_name,consistent,,consistent,,consistent,,"0,9% m/m","0,9% m/m","0,5% m/m"
2562,DURABLE_GOODS,2022-05-25T07:30:00-05:00,April 2022,April,compatible_month,month=4,59,110639,Durable Goods Orders - pre..,standard_pinned_report,expected_event_name,consistent,,consistent,,consistent,,"0,5% m/m","0,4% m/m","1,1% m/m"
1894,GDP,2022-05-26T07:30:00-05:00,Q1 2022 Second,1Q,compatible_quarter,quarter=1,690,108349,GDP (Annualized) - rev..,standard_pinned_report,expected_event_name,consistent,,consistent,,consistent,,"-1,4%","-1,5%","6,9%"
1895,PCE,2022-05-27T07:30:00-05:00,April 2022,April,compatible_month,month=4,694,108413,Personal Consumption Expenditures,standard_pinned_report,expected_event_name,consistent,,consistent,,consistent,,"0,7% m/m","0,9% m/m","1,1% m/m"
611,EMPLOYMENT,2022-06-03T07:30:00-05:00,May 2022,May,compatible_month,month=5,707,110196,Non-Farm Employment Change,standard_pinned_report,expected_event_name,consistent,,consistent,,consistent,,320 k,390 k,428 k
612,CPI,2022-06-10T07:30:00-05:00,May 2022,May,compatible_month,month=5,699,109919,Consumer Price Index,standard_pinned_report,expected_event_name,consistent,,consistent,,consistent,,"0,7% m/m",1% m/m,"0,3% m/m"
613,PPI,2022-06-14T07:30:00-05:00,May 2022,May,compatible_month,month=5,703,109979,Producer Price Index,standard_pinned_report,expected_event_name,consistent,,consistent,,consistent,,"0,8% m/m","0,8% m/m","0,5% m/m"
2563,RETAIL_SALES,2022-06-15T07:30:00-05:00,May 2022,May,compatible_month,month=5,696,110588,Retail Sales,standard_pinned_report,expected_event_name,consistent,,consistent,,consistent,,"0,2% m/m","-0,3% m/m","0,9% m/m"
2231,FOMC,2022-06-15T13:00:00-05:00,FOMC 2022-06-15,June,compatible_fomc_month,official_date_month=6,82,109610,FOMC Interest Rate Decision,standard_pinned_report,expected_event_name,consistent,,consistent,,consistent,,"1,50-1,75%","1,50-1,75%","0,75-1,00%"
2564,DURABLE_GOODS,2022-06-27T07:30:00-05:00,May 2022,May,compatible_month,month=5,59,110640,Durable Goods Orders - pre..,standard_pinned_report,expected_event_name,consistent,,consistent,,consistent,,"0,0% m/m","0,7% m/m","0,5% m/m"
1896,GDP,2022-06-29T07:30:00-05:00,Q1 2022 Third,1Q,compatible_quarter,quarter=1,690,108354,GDP (Annualized) - fin..,standard_pinned_report,expected_event_name,consistent,,consistent,,consistent,,"-1,5%","-1,6%","6,9%"
1897,PCE,2022-06-30T07:30:00-05:00,May 2022,May,compatible_month,month=5,694,108419,Personal Consumption Expenditures,standard_pinned_report,expected_event_name,consistent,,consistent,,consistent,,"0,4% m/m","0,2% m/m","0,9% m/m"
615,EMPLOYMENT,2022-07-08T07:30:00-05:00,June 2022,June,compatible_month,month=6,707,110204,Non-Farm Employment Change,standard_pinned_report,expected_event_name,consistent,,consistent,,consistent,,270 k,372 k,390 k
616,CPI,2022-07-13T07:30:00-05:00,June 2022,June,compatible_month,month=6,699,109924,Consumer Price Index,standard_pinned_report,expected_event_name,consistent,,consistent,,consistent,,"1,1% m/m","1,3% m/m",1% m/m
617,PPI,2022-07-14T07:30:00-05:00,June 2022,June,compatible_month,month=6,703,109984,Producer Price Index,standard_pinned_report,expected_event_name,consistent,,consistent,,consistent,,"0,8% m/m","1,1% m/m","0,8% m/m"
2565,RETAIL_SALES,2022-07-15T07:30:00-05:00,June 2022,June,compatible_month,month=6,696,110592,Retail Sales,standard_pinned_report,expected_event_name,consistent,,consistent,,consistent,,"0,8% m/m",1% m/m,"-0,3% m/m"
2566,DURABLE_GOODS,2022-07-27T07:30:00-05:00,June 2022,June,compatible_month,month=6,59,110641,Durable Goods Orders - pre..,standard_pinned_report,expected_event_name,consistent,,consistent,,consistent,,"-0,4% m/m","1,9% m/m","0,8% m/m"
2232,FOMC,2022-07-27T13:00:00-05:00,FOMC 2022-07-27,July,compatible_fomc_month,official_date_month=7,82,109611,FOMC Interest Rate Decision,standard_pinned_report,expected_event_name,consistent,,consistent,,consistent,,"2,25-2,50%","2,25-2,50%","1,50-1,75%"
1898,GDP,2022-07-28T07:30:00-05:00,Q2 2022 Advance,2Q,compatible_quarter,quarter=2,690,108359,GDP (Annualized) - pre..,standard_pinned_report,expected_event_name,consistent,,consistent,,consistent,,"0,5%","-0,9%","-1,6%"
1899,PCE,2022-07-29T07:30:00-05:00,June 2022,June,compatible_month,month=6,694,108425,Personal Consumption Expenditures,standard_pinned_report,expected_event_name,consistent,,consistent,,consistent,,"0,9% m/m","1,1% m/m","0,2% m/m"
619,EMPLOYMENT,2022-08-05T07:30:00-05:00,July 2022,July,compatible_month,month=7,707,110212,Non-Farm Employment Change,standard_pinned_report,expected_event_name,consistent,,consistent,,consistent,,250 k,528 k,372 k
620,CPI,2022-08-10T07:30:00-05:00,July 2022,July,compatible_month,month=7,699,109929,Consumer Price Index,standard_pinned_report,expected_event_name,consistent,,missing,,consistent,,"0,2% m/m",,"1,3% m/m"
621,PPI,2022-08-11T07:30:00-05:00,July 2022,July,compatible_month,month=7,703,109989,Producer Price Index,standard_pinned_report,expected_event_name,consistent,,consistent,,consistent,,"0,3% m/m","-0,5% m/m","1,1% m/m"
2567,RETAIL_SALES,2022-08-17T07:30:00-05:00,July 2022,July,compatible_month,month=7,696,110596,Retail Sales,standard_pinned_report,expected_event_name,consistent,,missing,,consistent,,"0,1% m/m",,1% m/m
2568,DURABLE_GOODS,2022-08-24T07:30:00-05:00,July 2022,July,compatible_month,month=7,59,110642,Durable Goods Orders - pre..,standard_pinned_report,expected_event_name,consistent,,missing,,consistent,,"0,5% m/m",,2% m/m
1900,GDP,2022-08-25T07:30:00-05:00,Q2 2022 Second,2Q,compatible_quarter,quarter=2,690,108364,GDP (Annualized) - rev..,standard_pinned_report,expected_event_name,consistent,,consistent,,consistent,,"-0,8%","-0,6%","-1,6%"
1901,PCE,2022-08-26T07:30:00-05:00,July 2022,July,compatible_month,month=7,694,108431,Personal Consumption Expenditures,standard_pinned_report,expected_event_name,consistent,,consistent,,consistent,,"0,4% m/m","0,1% m/m","1,1% m/m"
623,EMPLOYMENT,2022-09-02T07:30:00-05:00,August 2022,August,compatible_month,month=8,707,110220,Non-Farm Employment Change,standard_pinned_report,expected_event_name,consistent,,consistent,,consistent,,300 k,315 k,528 k
624,CPI,2022-09-13T07:30:00-05:00,August 2022,August,compatible_month,month=8,699,109934,Consumer Price Index,standard_pinned_report,expected_event_name,consistent,,consistent,,missing,,"-0,1% m/m","0,1% m/m",
625,PPI,2022-09-14T07:30:00-05:00,August 2022,August,compatible_month,month=8,703,109994,Producer Price Index,standard_pinned_report,expected_event_name,consistent,,consistent,,consistent,,"-0,1% m/m","-0,1% m/m","-0,5% m/m"
2569,RETAIL_SALES,2022-09-15T07:30:00-05:00,August 2022,August,compatible_month,month=8,696,110600,Retail Sales,standard_pinned_report,expected_event_name,missing,,consistent,,missing,,,"0,3% m/m",
2233,FOMC,2022-09-21T13:00:00-05:00,FOMC 2022-09-21,September,compatible_fomc_month,official_date_month=9,82,109612,FOMC Interest Rate Decision,standard_pinned_report,expected_event_name,consistent,,consistent,,consistent,,"3,00-3,25%","3,00-3,25%","2,25-2,50%"
2570,DURABLE_GOODS,2022-09-27T07:30:00-05:00,August 2022,August,compatible_month,month=8,59,110643,Durable Goods Orders - pre..,standard_pinned_report,expected_event_name,consistent,,consistent,,consistent,,"-0,5% m/m","-0,2% m/m","-0,1% m/m"
1902,GDP,2022-09-29T07:30:00-05:00,Q2 2022 Third,2Q,compatible_quarter,quarter=2,690,108369,GDP (Annualized) - fin..,standard_pinned_report,expected_event_name,consistent,,consistent,,consistent,,"-0,6%","-0,6%","-1,6%"
1903,PCE,2022-09-30T07:30:00-05:00,August 2022,August,compatible_month,month=8,694,108437,Personal Consumption Expenditures,standard_pinned_report,expected_event_name,consistent,,consistent,,consistent,,"0,2% m/m","0,4% m/m","0,1% m/m"
627,EMPLOYMENT,2022-10-07T07:30:00-05:00,September 2022,September,compatible_month,month=9,707,110228,Non-Farm Employment Change,standard_pinned_report,expected_event_name,consistent,,consistent,,consistent,,250 k,263 k,315 k
628,PPI,2022-10-12T07:30:00-05:00,September 2022,September,compatible_month,month=9,703,109999,Producer Price Index,standard_pinned_report,expected_event_name,consistent,,consistent,,consistent,,"0,2% m/m","0,4% m/m","-0,1% m/m"
629,CPI,2022-10-13T07:30:00-05:00,September 2022,September,compatible_month,month=9,699,109939,Consumer Price Index,standard_pinned_report,expected_event_name,consistent,,consistent,,consistent,,"0,2% m/m","0,4% m/m","0,1% m/m"
2571,RETAIL_SALES,2022-10-14T07:30:00-05:00,September 2022,September,compatible_month,month=9,696,110604,Retail Sales,standard_pinned_report,expected_event_name,consistent,,missing,,consistent,,"0,2% m/m",,"0,3% m/m"
2572,DURABLE_GOODS,2022-10-27T07:30:00-05:00,September 2022,September,compatible_month,month=9,59,110644,Durable Goods Orders - pre..,standard_pinned_report,expected_event_name,consistent,,consistent,,consistent,,"0,5% m/m","0,4% m/m","-0,2% m/m"
1904,GDP,2022-10-27T07:30:00-05:00,Q3 2022 Advance,3Q,compatible_quarter,quarter=3,690,108374,GDP (Annualized) - pre..,standard_pinned_report,expected_event_name,consistent,,consistent,,consistent,,"2,4%","2,6%","-0,6%"
1905,PCE,2022-10-28T07:30:00-05:00,September 2022,September,compatible_month,month=9,694,108443,Personal Consumption Expenditures,standard_pinned_report,expected_event_name,consistent,,consistent,,consistent,,"0,5% m/m","0,6% m/m","0,4% m/m"
2234,FOMC,2022-11-02T13:00:00-05:00,FOMC 2022-11-02,November,compatible_fomc_month,official_date_month=11,82,109613,FOMC Interest Rate Decision,standard_pinned_report,expected_event_name,consistent,,consistent,,consistent,,"3,75-4,00%","3,75-4,00%","3,00-3,25%"
631,EMPLOYMENT,2022-11-04T07:30:00-05:00,October 2022,October,compatible_month,month=10,707,110236,Non-Farm Employment Change,standard_pinned_report,expected_event_name,consistent,,consistent,,consistent,,200 k,261 k,263 k
632,CPI,2022-11-10T07:30:00-06:00,October 2022,October,compatible_month,month=10,699,109944,Consumer Price Index,standard_pinned_report,expected_event_name,consistent,,consistent,,consistent,,"0,6% m/m","0,4% m/m","0,4% m/m"
633,PPI,2022-11-15T07:30:00-06:00,October 2022,October,compatible_month,month=10,703,110004,Producer Price Index,standard_pinned_report,expected_event_name,consistent,,consistent,,consistent,,"0,5% m/m","0,2% m/m","0,4% m/m"
2573,RETAIL_SALES,2022-11-16T07:30:00-06:00,October 2022,October,compatible_month,month=10,696,110608,Retail Sales,standard_pinned_report,expected_event_name,consistent,,consistent,,missing,,"0,9% m/m","1,3% m/m",
2574,DURABLE_GOODS,2022-11-23T07:30:00-06:00,October 2022,October,compatible_month,month=10,59,110645,Durable Goods Orders - pre..,standard_pinned_report,expected_event_name,consistent,,consistent,,consistent,,"0,4% m/m",1% m/m,"0,4% m/m"
1906,GDP,2022-11-30T07:30:00-06:00,Q3 2022 Second,3Q,compatible_quarter,quarter=3,690,108379,GDP (Annualized) - rev..,standard_pinned_report,expected_event_name,consistent,,consistent,,consistent,,"2,7%","2,9%","-0,6%"
1907,PCE,2022-12-01T07:30:00-06:00,October 2022,October,compatible_month,month=10,694,108449,Personal Consumption Expenditures,standard_pinned_report,expected_event_name,consistent,,consistent,,consistent,,"0,6% m/m","0,8% m/m","0,6% m/m"
635,EMPLOYMENT,2022-12-02T07:30:00-06:00,November 2022,November,compatible_month,month=11,707,110244,Non-Farm Employment Change,standard_pinned_report,expected_event_name,consistent,,consistent,,consistent,,200 k,263 k,261 k
636,PPI,2022-12-09T07:30:00-06:00,November 2022,November,compatible_month,month=11,703,110009,Producer Price Index,standard_pinned_report,expected_event_name,consistent,,consistent,,consistent,,"0,2% m/m","0,3% m/m","0,2% m/m"
637,CPI,2022-12-13T07:30:00-06:00,November 2022,November,compatible_month,month=11,699,109949,Consumer Price Index,standard_pinned_report,expected_event_name,consistent,,consistent,,consistent,,"0,3% m/m","0,1% m/m","0,4% m/m"
2235,FOMC,2022-12-14T13:00:00-06:00,FOMC 2022-12-14,December,compatible_fomc_month,official_date_month=12,82,109614,FOMC Interest Rate Decision,standard_pinned_report,expected_event_name,consistent,,consistent,,consistent,,"4,25-4,50%","4,25-4,50%","3,75-4,00%"
2575,RETAIL_SALES,2022-12-15T07:30:00-06:00,November 2022,November,compatible_month,month=11,696,110612,Retail Sales,standard_pinned_report,expected_event_name,consistent,,consistent,,consistent,,"-0,2% m/m","-0,6% m/m","1,3% m/m"
1908,GDP,2022-12-22T07:30:00-06:00,Q3 2022 Third,3Q,compatible_quarter,quarter=3,690,108384,GDP (Annualized) - fin..,standard_pinned_report,expected_event_name,consistent,,consistent,,consistent,,"2,9%","3,2%","-0,6%"
2576,DURABLE_GOODS,2022-12-23T07:30:00-06:00,November 2022,November,compatible_month,month=11,59,110646,Durable Goods Orders - pre..,standard_pinned_report,expected_event_name,consistent,,consistent,,consistent,,"-0,8% m/m","-2,1% m/m","1,1% m/m"
1909,PCE,2022-12-23T07:30:00-06:00,November 2022,November,compatible_month,month=11,694,108455,Personal Consumption Expenditures,standard_pinned_report,expected_event_name,consistent,,consistent,,consistent,,"0,2% m/m","0,1% m/m","0,8% m/m"
639,EMPLOYMENT,2023-01-06T07:30:00-06:00,December 2022,December,compatible_month,month=12,707,118480,Non-Farm Employment Change,standard_pinned_report,expected_event_name,consistent,,consistent,,consistent,,200 k,223 k,263 k
640,CPI,2023-01-12T07:30:00-06:00,December 2022,December,compatible_month,month=12,699,118265,Consumer Price Index,standard_pinned_report,expected_event_name,consistent,,consistent,,consistent,,"0,0% m/m","-0,1% m/m","0,1% m/m"
641,PPI,2023-01-18T07:30:00-06:00,December 2022,December,compatible_month,month=12,703,118325,Producer Price Index,standard_pinned_report,expected_event_name,consistent,,consistent,,consistent,,"-0,1% m/m","-0,5% m/m","0,3% m/m"
2577,RETAIL_SALES,2023-01-18T07:30:00-06:00,December 2022,December,compatible_month,month=12,696,118627,Retail Sales,standard_pinned_report,expected_event_name,consistent,,consistent,,consistent,,"-0,8% m/m","-1,1% m/m","-0,6% m/m"
2578,DURABLE_GOODS,2023-01-26T07:30:00-06:00,December 2022,December,compatible_month,month=12,59,118686,Durable Goods Orders - pre..,standard_pinned_report,expected_event_name,consistent,,consistent,,consistent,,"2,5% m/m","5,6% m/m","-2,1% m/m"
1910,GDP,2023-01-26T07:30:00-06:00,Q4 2022 Advance,4Q,compatible_quarter,quarter=4,690,117035,GDP (Annualized) - pre..,standard_pinned_report,expected_event_name,consistent,,consistent,,consistent,,"2,6%","2,9%","3,2%"
1911,PCE,2023-01-27T07:30:00-06:00,December 2022,December,compatible_month,month=12,694,116903,Personal Consumption Expenditures,standard_pinned_report,expected_event_name,consistent,,consistent,,consistent,,"-0,1% m/m","-0,2% m/m","0,1% m/m"
2236,FOMC,2023-02-01T13:00:00-06:00,FOMC 2023-02-01,February,compatible_fomc_month,official_date_month=2,82,109615,FOMC Interest Rate Decision,standard_pinned_report,expected_event_name,consistent,,consistent,,consistent,,"4,50-4,75%","4,50-4,75%","4,25-4,50 %%"
643,EMPLOYMENT,2023-02-03T07:30:00-06:00,January 2023,January,compatible_month,month=1,707,118488,Non-Farm Employment Change,standard_pinned_report,expected_event_name,consistent,,consistent,,consistent,,185 k,517 k,223 k
644,CPI,2023-02-14T07:30:00-06:00,January 2023,January,compatible_month,month=1,699,118270,Consumer Price Index,standard_pinned_report,expected_event_name,consistent,,missing,,consistent,,"0,5% m/m",,"-0,1% m/m"
2579,RETAIL_SALES,2023-02-15T07:30:00-06:00,January 2023,January,compatible_month,month=1,696,118631,Retail Sales,standard_pinned_report,expected_event_name,consistent,,missing,,consistent,,1% m/m,,"-1,1% m/m"
645,PPI,2023-02-16T07:30:00-06:00,January 2023,January,compatible_month,month=1,703,118330,Producer Price Index,standard_pinned_report,expected_event_name,consistent,,consistent,,consistent,,"0,4% m/m","0,7% m/m","-0,5% m/m"
1912,GDP,2023-02-23T07:30:00-06:00,Q4 2022 Second,4Q,compatible_quarter,quarter=4,690,117040,GDP (Annualized) - rev..,standard_pinned_report,expected_event_name,consistent,,consistent,,consistent,,"2,9%","2,7%","3,2%"
1913,PCE,2023-02-24T07:30:00-06:00,January 2023,January,compatible_month,month=1,694,116909,Personal Consumption Expenditures,standard_pinned_report,expected_event_name,consistent,,consistent,,consistent,,"1,2% m/m","1,8% m/m","-0,2% m/m"
2580,DURABLE_GOODS,2023-02-27T07:30:00-06:00,January 2023,January,compatible_month,month=1,59,118687,Durable Goods Orders - pre..,standard_pinned_report,expected_event_name,consistent,,consistent,,consistent,,"-3,9% m/m","-4,5% m/m","5,6% m/m"
647,EMPLOYMENT,2023-03-10T07:30:00-06:00,February 2023,February,compatible_month,month=2,707,118496,Non-Farm Employment Change,standard_pinned_report,expected_event_name,consistent,,consistent,,consistent,,205 k,311 k,517 k
648,CPI,2023-03-14T07:30:00-05:00,February 2023,February,compatible_month,month=2,699,118275,Consumer Price Index,standard_pinned_report,expected_event_name,consistent,,consistent,,consistent,,"0,4% m/m","0,4% m/m","0,5% m/m"
649,PPI,2023-03-15T07:30:00-05:00,February 2023,February,compatible_month,month=2,703,118335,Producer Price Index,standard_pinned_report,expected_event_name,consistent,,consistent,,consistent,,"0,3% m/m","-0,1% m/m","0,7% m/m"
2581,RETAIL_SALES,2023-03-15T07:30:00-05:00,February 2023,February,compatible_month,month=2,696,118635,Retail Sales,standard_pinned_report,expected_event_name,consistent,,consistent,,consistent,,"-0,3% m/m","-0,4% m/m",3% m/m
2237,FOMC,2023-03-22T13:00:00-05:00,FOMC 2023-03-22,March,compatible_fomc_month,official_date_month=3,82,116621,FOMC Interest Rate Decision,standard_pinned_report,expected_event_name,consistent,,consistent,,consistent,,"4,75-5,00%","4,75-5,00%","4,50-4,75%"
2582,DURABLE_GOODS,2023-03-24T07:30:00-05:00,February 2023,February,compatible_month,month=2,59,118688,Durable Goods Orders - pre..,standard_pinned_report,expected_event_name,consistent,,consistent,,consistent,,"0,6% m/m",-1% m/m,"-4,5% m/m"
1914,GDP,2023-03-30T07:30:00-05:00,Q4 2022 Third,4Q,compatible_quarter,quarter=4,690,117045,GDP (Annualized) - fin..,standard_pinned_report,expected_event_name,consistent,,consistent,,consistent,,"2,7%","2,6%","3,2%"
1915,PCE,2023-03-31T07:30:00-05:00,February 2023,February,compatible_month,month=2,694,116915,Personal Consumption Expenditures,standard_pinned_report,expected_event_name,consistent,,consistent,,consistent,,"0,3% m/m","0,2% m/m","1,8% m/m"
652,EMPLOYMENT,2023-04-07T07:30:00-05:00,March 2023,March,compatible_month,month=3,707,118504,Non-Farm Employment Change,standard_pinned_report,expected_event_name,consistent,,consistent,,consistent,,240 k,236 k,311 k
653,CPI,2023-04-12T07:30:00-05:00,March 2023,March,compatible_month,month=3,699,118280,Consumer Price Index,standard_pinned_report,expected_event_name,consistent,,consistent,,consistent,,"0,2% m/m","0,1% m/m","0,4% m/m"
654,PPI,2023-04-13T07:30:00-05:00,March 2023,March,compatible_month,month=3,703,118340,Producer Price Index,standard_pinned_report,expected_event_name,consistent,,consistent,,consistent,,"0,0% m/m","-0,5% m/m","-0,1% m/m"
2583,RETAIL_SALES,2023-04-14T07:30:00-05:00,March 2023,March,compatible_month,month=3,696,118639,Retail Sales,standard_pinned_report,expected_event_name,consistent,,consistent,,consistent,,"-0,4% m/m",-1% m/m,"-0,4% m/m"
2584,DURABLE_GOODS,2023-04-26T07:30:00-05:00,March 2023,March,compatible_month,month=3,59,118689,Durable Goods Orders - pre..,standard_pinned_report,expected_event_name,consistent,,consistent,,consistent,,"0,8% m/m","3,2% m/m",-1% m/m
1916,GDP,2023-04-27T07:30:00-05:00,Q1 2023 Advance,1Q,compatible_quarter,quarter=1,690,117050,GDP (Annualized) - pre..,standard_pinned_report,expected_event_name,consistent,,consistent,,consistent,,2%,"1,1%","2,6%"
1917,PCE,2023-04-28T07:30:00-05:00,March 2023,March,compatible_month,month=3,694,116921,Personal Consumption Expenditures,standard_pinned_report,expected_event_name,consistent,,missing,,consistent,,"-0,1% m/m",,"0,2% m/m"
2238,FOMC,2023-05-03T13:00:00-05:00,FOMC 2023-05-03,May,compatible_fomc_month,official_date_month=5,82,116622,FOMC Interest Rate Decision,standard_pinned_report,expected_event_name,consistent,,consistent,,consistent,,"5,00-5,25%","5,00-5,25%","4,75-5,00%"
656,EMPLOYMENT,2023-05-05T07:30:00-05:00,April 2023,April,compatible_month,month=4,707,118512,Non-Farm Employment Change,standard_pinned_report,expected_event_name,consistent,,consistent,,consistent,,180 k,253 k,236 k
657,CPI,2023-05-10T07:30:00-05:00,April 2023,April,compatible_month,month=4,699,118285,Consumer Price Index,standard_pinned_report,expected_event_name,consistent,,consistent,,consistent,,"0,4% m/m","0,4% m/m","0,1% m/m"
658,PPI,2023-05-11T07:30:00-05:00,April 2023,April,compatible_month,month=4,703,118345,Producer Price Index,standard_pinned_report,expected_event_name,consistent,,consistent,,consistent,,"0,3% m/m","0,2% m/m","-0,5% m/m"
2585,RETAIL_SALES,2023-05-16T07:30:00-05:00,April 2023,April,compatible_month,month=4,696,118643,Retail Sales,standard_pinned_report,expected_event_name,consistent,,consistent,,consistent,,"0,8% m/m","0,4% m/m",-1% m/m
1918,GDP,2023-05-25T07:30:00-05:00,Q1 2023 Second,1Q,compatible_quarter,quarter=1,690,117055,GDP (Annualized) - rev..,standard_pinned_report,expected_event_name,consistent,,consistent,,consistent,,"1,1%","1,3%","2,6%"
2586,DURABLE_GOODS,2023-05-26T07:30:00-05:00,April 2023,April,compatible_month,month=4,59,118690,Durable Goods Orders - pre..,standard_pinned_report,expected_event_name,consistent,,consistent,,consistent,,-1% m/m,"1,1% m/m","3,2% m/m"
1919,PCE,2023-05-26T07:30:00-05:00,April 2023,April,compatible_month,month=4,694,116927,Personal Consumption Expenditures,standard_pinned_report,expected_event_name,consistent,,consistent,,missing,,"0,3% m/m","0,8% m/m",
660,EMPLOYMENT,2023-06-02T07:30:00-05:00,May 2023,May,compatible_month,month=5,707,118520,Non-Farm Employment Change,standard_pinned_report,expected_event_name,consistent,,consistent,,consistent,,190 k,339 k,253 k
661,CPI,2023-06-13T07:30:00-05:00,May 2023,May,compatible_month,month=5,699,118290,Consumer Price Index,standard_pinned_report,expected_event_name,consistent,,consistent,,consistent,,"0,2% m/m","0,1% m/m","0,4% m/m"
662,PPI,2023-06-14T07:30:00-05:00,May 2023,May,compatible_month,month=5,703,118350,Producer Price Index,standard_pinned_report,expected_event_name,consistent,,consistent,,consistent,,"-0,1% m/m","-0,3% m/m","0,2% m/m"
2239,FOMC,2023-06-14T13:00:00-05:00,FOMC 2023-06-14,June,compatible_fomc_month,official_date_month=6,82,116623,FOMC Interest Rate Decision,standard_pinned_report,expected_event_name,consistent,,consistent,,consistent,,"5,00-5,25%","5,00-5,25%","5,00-5,25%"
2587,RETAIL_SALES,2023-06-15T07:30:00-05:00,May 2023,May,compatible_month,month=5,696,118647,Retail Sales,standard_pinned_report,expected_event_name,consistent,,consistent,,consistent,,"-0,1% m/m","0,3% m/m","0,4% m/m"
2588,DURABLE_GOODS,2023-06-27T07:30:00-05:00,May 2023,May,compatible_month,month=5,59,118691,Durable Goods Orders - pre..,standard_pinned_report,expected_event_name,consistent,,consistent,,consistent,,"-1,1% m/m","1,7% m/m","1,1% m/m"
1920,GDP,2023-06-29T07:30:00-05:00,Q1 2023 Third,1Q,compatible_quarter,quarter=1,690,117060,GDP (Annualized) - fin..,standard_pinned_report,expected_event_name,consistent,,consistent,,consistent,,"1,4%",2%,"2,6%"
1921,PCE,2023-06-30T07:30:00-05:00,May 2023,May,compatible_month,month=5,694,116933,Personal Consumption Expenditures,standard_pinned_report,expected_event_name,consistent,,consistent,,consistent,,"0,2% m/m","0,1% m/m","0,8% m/m"
664,EMPLOYMENT,2023-07-07T07:30:00-05:00,June 2023,June,compatible_month,month=6,707,118528,Non-Farm Employment Change,standard_pinned_report,expected_event_name,consistent,,consistent,,consistent,,225 k,209 k,339 k
665,CPI,2023-07-12T07:30:00-05:00,June 2023,June,compatible_month,month=6,699,118295,Consumer Price Index,standard_pinned_report,expected_event_name,consistent,,consistent,,consistent,,"0,3% m/m","0,2% m/m","0,1% m/m"
666,PPI,2023-07-13T07:30:00-05:00,June 2023,June,compatible_month,month=6,703,118355,Producer Price Index,standard_pinned_report,expected_event_name,consistent,,consistent,,consistent,,"0,2% m/m","0,1% m/m","-0,3% m/m"
2589,RETAIL_SALES,2023-07-18T07:30:00-05:00,June 2023,June,compatible_month,month=6,696,118651,Retail Sales,standard_pinned_report,expected_event_name,consistent,,consistent,,consistent,,"0,5% m/m","0,2% m/m","0,3% m/m"
2240,FOMC,2023-07-26T13:00:00-05:00,FOMC 2023-07-26,July,compatible_fomc_month,official_date_month=7,82,116624,FOMC Interest Rate Decision,standard_pinned_report,expected_event_name,consistent,,consistent,,consistent,,"5,25-5,50%","5,25-5,50%","5,00-5,25%"
2590,DURABLE_GOODS,2023-07-27T07:30:00-05:00,June 2023,June,compatible_month,month=6,59,118692,Durable Goods Orders - pre..,standard_pinned_report,expected_event_name,consistent,,consistent,,consistent,,"0,6% m/m","4,7% m/m","1,8% m/m"
1922,GDP,2023-07-27T07:30:00-05:00,Q2 2023 Advance,2Q,compatible_quarter,quarter=2,690,117065,GDP (Annualized) - pre..,standard_pinned_report,expected_event_name,consistent,,consistent,,consistent,,"1,7%","2,4%",2%
1923,PCE,2023-07-28T07:30:00-05:00,June 2023,June,compatible_month,month=6,694,116939,Personal Consumption Expenditures,standard_pinned_report,expected_event_name,consistent,,consistent,,consistent,,"0,4% m/m","0,5% m/m","0,1% m/m"
668,EMPLOYMENT,2023-08-04T07:30:00-05:00,July 2023,July,compatible_month,month=7,707,118536,Non-Farm Employment Change,standard_pinned_report,expected_event_name,consistent,,consistent,,consistent,,200 k,187 k,209 k
669,CPI,2023-08-10T07:30:00-05:00,July 2023,July,compatible_month,month=7,699,118300,Consumer Price Index,standard_pinned_report,expected_event_name,consistent,,consistent,,consistent,,"0,2% m/m","0,2% m/m","0,2% m/m"
670,PPI,2023-08-11T07:30:00-05:00,July 2023,July,compatible_month,month=7,703,118360,Producer Price Index,standard_pinned_report,expected_event_name,consistent,,consistent,,consistent,,"0,2% m/m","0,3% m/m","0,1% m/m"
2591,RETAIL_SALES,2023-08-15T07:30:00-05:00,July 2023,July,compatible_month,month=7,696,118655,Retail Sales,standard_pinned_report,expected_event_name,consistent,,consistent,,consistent,,"0,4% m/m","0,7% m/m","0,2% m/m"
2592,DURABLE_GOODS,2023-08-24T07:30:00-05:00,July 2023,July,compatible_month,month=7,59,118693,Durable Goods Orders - pre..,standard_pinned_report,expected_event_name,consistent,,consistent,,consistent,,"-4,1% m/m","-5,2% m/m","4,6% m/m"
1924,GDP,2023-08-30T07:30:00-05:00,Q2 2023 Second,2Q,compatible_quarter,quarter=2,690,117070,GDP (Annualized) - rev..,standard_pinned_report,expected_event_name,consistent,,consistent,,consistent,,"2,4%","2,1%",2%
1925,PCE,2023-08-31T07:30:00-05:00,July 2023,July,compatible_month,month=7,694,116945,Personal Consumption Expenditures,standard_pinned_report,expected_event_name,consistent,,consistent,,consistent,,"0,6% m/m","0,8% m/m","0,5% m/m"
672,EMPLOYMENT,2023-09-01T07:30:00-05:00,August 2023,August,compatible_month,month=8,707,118544,Non-Farm Employment Change,standard_pinned_report,expected_event_name,consistent,,consistent,,consistent,,170 k,187 k,187 k
673,CPI,2023-09-13T07:30:00-05:00,August 2023,August,compatible_month,month=8,699,118305,Consumer Price Index,standard_pinned_report,expected_event_name,consistent,,consistent,,consistent,,"0,6% m/m","0,6% m/m","0,2% m/m"
674,PPI,2023-09-14T07:30:00-05:00,August 2023,August,compatible_month,month=8,703,118365,Producer Price Index,standard_pinned_report,expected_event_name,consistent,,consistent,,consistent,,"0,4% m/m","0,7% m/m","0,3% m/m"
2593,RETAIL_SALES,2023-09-14T07:30:00-05:00,August 2023,August,compatible_month,month=8,696,118659,Retail Sales,standard_pinned_report,expected_event_name,consistent,,consistent,,consistent,,"0,2% m/m","0,6% m/m","0,7% m/m"
2241,FOMC,2023-09-20T13:00:00-05:00,FOMC 2023-09-20,September,compatible_fomc_month,official_date_month=9,82,116625,FOMC Interest Rate Decision,standard_pinned_report,expected_event_name,consistent,,consistent,,consistent,,"5,25-5,50%","5,25-5,50%","5,25-5,50%"
2594,DURABLE_GOODS,2023-09-27T07:30:00-05:00,August 2023,August,compatible_month,month=8,59,118694,Durable Goods Orders - pre..,standard_pinned_report,expected_event_name,consistent,,consistent,,consistent,,"-0,5% m/m","0,2% m/m","-5,2% m/m"
1926,GDP,2023-09-28T07:30:00-05:00,Q2 2023 Third,2Q,compatible_quarter,quarter=2,690,117075,GDP (Annualized) - fin..,standard_pinned_report,expected_event_name,consistent,,consistent,,consistent,,"2,1%","2,1%",2%
1927,PCE,2023-09-29T07:30:00-05:00,August 2023,August,compatible_month,month=8,694,116951,Personal Consumption Expenditures,standard_pinned_report,expected_event_name,consistent,,consistent,,consistent,,"0,5% m/m","0,4% m/m","0,8% m/m"
676,EMPLOYMENT,2023-10-06T07:30:00-05:00,September 2023,September,compatible_month,month=9,707,118552,Non-Farm Employment Change,standard_pinned_report,expected_event_name,consistent,,consistent,,consistent,,170 k,336 k,187 k
677,PPI,2023-10-11T07:30:00-05:00,September 2023,September,compatible_month,month=9,703,118370,Producer Price Index,standard_pinned_report,expected_event_name,consistent,,consistent,,consistent,,"0,3% m/m","0,5% m/m","0,7% m/m"
678,CPI,2023-10-12T07:30:00-05:00,September 2023,September,compatible_month,month=9,699,118310,Consumer Price Index,standard_pinned_report,expected_event_name,consistent,,consistent,,consistent,,"0,3% m/m","0,4% m/m","0,6% m/m"
2595,RETAIL_SALES,2023-10-17T07:30:00-05:00,September 2023,September,compatible_month,month=9,696,118663,Retail Sales,standard_pinned_report,expected_event_name,consistent,,consistent,,consistent,,"0,3% m/m","0,7% m/m","0,6% m/m"
2596,DURABLE_GOODS,2023-10-26T07:30:00-05:00,September 2023,September,compatible_month,month=9,59,118695,Durable Goods Orders - pre..,standard_pinned_report,expected_event_name,consistent,,consistent,,consistent,,"1,7% m/m","4,7% m/m","0,1% m/m"
1928,GDP,2023-10-26T07:30:00-05:00,Q3 2023 Advance,3Q,compatible_quarter,quarter=3,690,117080,GDP (Annualized) - pre..,standard_pinned_report,expected_event_name,consistent,,consistent,,consistent,,"4,3%","4,9%","2,1%"
1929,PCE,2023-10-27T07:30:00-05:00,September 2023,September,compatible_month,month=9,694,116957,Personal Consumption Expenditures,standard_pinned_report,expected_event_name,consistent,,consistent,,consistent,,"0,5% m/m","0,7% m/m","0,4% m/m"
2242,FOMC,2023-11-01T13:00:00-05:00,FOMC 2023-11-01,November,compatible_fomc_month,official_date_month=11,82,116626,FOMC Interest Rate Decision,standard_pinned_report,expected_event_name,consistent,,consistent,,consistent,,"5,25-5,50%","5,25-5,50%","5,25-5,50%"
680,EMPLOYMENT,2023-11-03T07:30:00-05:00,October 2023,October,compatible_month,month=10,707,118560,Non-Farm Employment Change,standard_pinned_report,expected_event_name,consistent,,consistent,,consistent,,180 k,150 k,336 k
681,CPI,2023-11-14T07:30:00-06:00,October 2023,October,compatible_month,month=10,699,118315,Consumer Price Index,standard_pinned_report,expected_event_name,consistent,,missing,,consistent,,"0,1% m/m",,"0,4% m/m"
682,PPI,2023-11-15T07:30:00-06:00,October 2023,October,compatible_month,month=10,703,118375,Producer Price Index,standard_pinned_report,expected_event_name,consistent,,consistent,,consistent,,"0,1% m/m","-0,5% m/m","0,5% m/m"
2597,RETAIL_SALES,2023-11-15T07:30:00-06:00,October 2023,October,compatible_month,month=10,696,118667,Retail Sales,standard_pinned_report,expected_event_name,consistent,,consistent,,consistent,,"-0,3% m/m","-0,1% m/m","0,7% m/m"
2598,DURABLE_GOODS,2023-11-22T07:30:00-06:00,October 2023,October,compatible_month,month=10,59,118696,Durable Goods Orders - pre..,standard_pinned_report,expected_event_name,consistent,,consistent,,consistent,,"-3,1% m/m","-5,4% m/m","4,6% m/m"
1930,GDP,2023-11-29T07:30:00-06:00,Q3 2023 Second,3Q,compatible_quarter,quarter=3,690,117085,GDP (Annualized) - rev..,standard_pinned_report,expected_event_name,consistent,,consistent,,consistent,,5%,"5,2%","2,1%"
1931,PCE,2023-11-30T07:30:00-06:00,October 2023,October,compatible_month,month=10,694,116963,Personal Consumption Expenditures,standard_pinned_report,expected_event_name,consistent,,consistent,,consistent,,"0,2% m/m","0,2% m/m","0,7% m/m"
683,JOLTS,2023-12-05T09:00:00-06:00,October 2023,October,compatible_month,month=10,1371,124631,JOLTS Job Openings,standard_pinned_report,expected_event_name,consistent,,consistent,,consistent,,"9,3 mn","8,73 mn","9,55 mn"
684,EMPLOYMENT,2023-12-08T07:30:00-06:00,November 2023,November,compatible_month,month=11,707,118568,Non-Farm Employment Change,standard_pinned_report,expected_event_name,consistent,,consistent,,consistent,,180 k,199 k,150 k
685,CPI,2023-12-12T07:30:00-06:00,November 2023,November,compatible_month,month=11,699,118320,Consumer Price Index,standard_pinned_report,expected_event_name,missing,,consistent,,missing,,,"0,1% m/m",
686,PPI,2023-12-13T07:30:00-06:00,November 2023,November,compatible_month,month=11,703,118380,Producer Price Index,standard_pinned_report,expected_event_name,consistent,,missing,,consistent,,"0,1% m/m",,"-0,5% m/m"
2243,FOMC,2023-12-13T13:00:00-06:00,FOMC 2023-12-13,December,compatible_fomc_month,official_date_month=12,82,116627,FOMC Interest Rate Decision,standard_pinned_report,expected_event_name,consistent,,consistent,,consistent,,"5,25-5,50%","5,25-5,50%","5,25-5,50%"
2599,RETAIL_SALES,2023-12-14T07:30:00-06:00,November 2023,November,compatible_month,month=11,696,118671,Retail Sales,standard_pinned_report,expected_event_name,consistent,,consistent,,consistent,,"-0,1% m/m","0,3% m/m","-0,1% m/m"
1932,GDP,2023-12-21T07:30:00-06:00,Q3 2023 Third,3Q,compatible_quarter,quarter=3,690,117090,GDP (Annualized) - fin..,standard_pinned_report,expected_event_name,consistent,,consistent,,consistent,,"5,2%","4,9%","2,1%"
2600,DURABLE_GOODS,2023-12-22T07:30:00-06:00,November 2023,November,compatible_month,month=11,59,118697,Durable Goods Orders - pre..,standard_pinned_report,expected_event_name,consistent,,consistent,,consistent,,"2,3% m/m","5,4% m/m","-5,4% m/m"
1933,PCE,2023-12-22T07:30:00-06:00,November 2023,November,compatible_month,month=11,694,116969,Personal Consumption Expenditures,standard_pinned_report,expected_event_name,consistent,,consistent,,consistent,,"0,3% m/m","0,2% m/m","0,2% m/m"
687,JOLTS,2024-01-03T09:00:00-06:00,November 2023,November,compatible_month,month=11,1371,127578,JOLTS Job Openings,standard_pinned_report,expected_event_name,consistent,,consistent,,consistent,,"8,85 mn","8,79 mn","8,73 mn"
688,EMPLOYMENT,2024-01-05T07:30:00-06:00,December 2023,December,compatible_month,month=12,707,127793,Non-Farm Employment Change,standard_pinned_report,expected_event_name,consistent,,consistent,,consistent,,170 k,216 k,199 k
689,CPI,2024-01-11T07:30:00-06:00,December 2023,December,compatible_month,month=12,699,126154,Consumer Price Index,standard_pinned_report,expected_event_name,consistent,,consistent,,consistent,,"0,2% m/m","0,3% m/m","0,1% m/m"
690,PPI,2024-01-12T07:30:00-06:00,December 2023,December,compatible_month,month=12,703,126214,Producer Price Index,standard_pinned_report,expected_event_name,consistent,,consistent,,missing,,"0,1% m/m","-0,1% m/m",
2601,RETAIL_SALES,2024-01-17T07:30:00-06:00,December 2023,December,compatible_month,month=12,696,129882,Retail Sales,standard_pinned_report,expected_event_name,consistent,,consistent,,consistent,,"0,4% m/m","0,6% m/m","0,3% m/m"
2602,DURABLE_GOODS,2024-01-25T07:30:00-06:00,December 2023,December,compatible_month,month=12,59,129941,Durable Goods Orders - pre..,standard_pinned_report,expected_event_name,consistent,,missing,,consistent,,1% m/m,,"5,4% m/m"
1934,GDP,2024-01-25T07:30:00-06:00,Q4 2023 Advance,4Q,compatible_quarter,quarter=4,690,127651,GDP (Annualized) - pre..,standard_pinned_report,expected_event_name,consistent,,consistent,,consistent,,2%,"3,3%","4,9%"
1935,PCE,2024-01-26T07:30:00-06:00,December 2023,December,compatible_month,month=12,694,126409,Personal Consumption Expenditures,standard_pinned_report,expected_event_name,consistent,,consistent,,consistent,,"0,4% m/m","0,7% m/m","0,2% m/m"
691,JOLTS,2024-01-30T09:00:00-06:00,December 2023,December,compatible_month,month=12,1371,127579,JOLTS Job Openings,standard_pinned_report,expected_event_name,consistent,,consistent,,consistent,,"8,75 mn","9,03 mn","8,79 mn"
2244,FOMC,2024-01-31T13:00:00-06:00,FOMC 2024-01-31,January,compatible_fomc_month,official_date_month=1,82,116628,FOMC Interest Rate Decision,standard_pinned_report,expected_event_name,consistent,,consistent,,consistent,,"5,25-5,50%","5,25-5,50%","5,25-5,50%"
692,EMPLOYMENT,2024-02-02T07:30:00-06:00,January 2024,January,compatible_month,month=1,707,127801,Non-Farm Employment Change,standard_pinned_report,expected_event_name,consistent,,consistent,,consistent,,180 k,353 k,216 k
693,CPI,2024-02-13T07:30:00-06:00,January 2024,January,compatible_month,month=1,699,126159,Consumer Price Index,standard_pinned_report,expected_event_name,consistent,,consistent,,consistent,,"0,2% m/m","0,3% m/m","0,3% m/m"
2603,RETAIL_SALES,2024-02-15T07:30:00-06:00,January 2024,January,compatible_month,month=1,696,129886,Retail Sales,standard_pinned_report,expected_event_name,consistent,,consistent,,consistent,,"-0,1% m/m","-0,8% m/m","0,6% m/m"
694,PPI,2024-02-16T07:30:00-06:00,January 2024,January,compatible_month,month=1,703,126219,Producer Price Index,standard_pinned_report,expected_event_name,consistent,,consistent,,consistent,,"0,1% m/m","0,3% m/m","-0,1% m/m"
2604,DURABLE_GOODS,2024-02-27T07:30:00-06:00,January 2024,January,compatible_month,month=1,59,129942,Durable Goods Orders - pre..,standard_pinned_report,expected_event_name,consistent,,consistent,,missing,,"-4,5% m/m","-6,1% m/m",
1936,GDP,2024-02-28T07:30:00-06:00,Q4 2023 Second,4Q,compatible_quarter,quarter=4,690,127656,GDP (Annualized) - rev..,standard_pinned_report,expected_event_name,consistent,,consistent,,consistent,,"3,3%","3,2%","4,9%"
1937,PCE,2024-02-29T07:30:00-06:00,January 2024,January,compatible_month,month=1,694,126415,Personal Consumption Expenditures,standard_pinned_report,expected_event_name,consistent,,consistent,,consistent,,"0,2% m/m","0,2% m/m","0,7% m/m"
695,JOLTS,2024-03-06T09:00:00-06:00,January 2024,January,compatible_month,month=1,1371,127580,JOLTS Job Openings,standard_pinned_report,expected_event_name,consistent,,consistent,,consistent,,"8,9 mn","8,863 mn","9,03 mn"
696,EMPLOYMENT,2024-03-08T07:30:00-06:00,February 2024,February,compatible_month,month=2,707,127809,Non-Farm Employment Change,standard_pinned_report,expected_event_name,consistent,,consistent,,consistent,,200 k,275 k,353 k
697,CPI,2024-03-12T07:30:00-05:00,February 2024,February,compatible_month,month=2,699,126164,Consumer Price Index,standard_pinned_report,expected_event_name,consistent,,consistent,,consistent,,"0,4% m/m","0,4% m/m","0,3% m/m"
698,PPI,2024-03-14T07:30:00-05:00,February 2024,February,compatible_month,month=2,703,126224,Producer Price Index,standard_pinned_report,expected_event_name,consistent,,consistent,,consistent,,"0,3% m/m","0,6% m/m","0,3% m/m"
2605,RETAIL_SALES,2024-03-14T07:30:00-05:00,February 2024,February,compatible_month,month=2,696,129890,Retail Sales,standard_pinned_report,expected_event_name,consistent,,consistent,,consistent,,"0,8% m/m","0,6% m/m","-0,8% m/m"
2245,FOMC,2024-03-20T13:00:00-05:00,FOMC 2024-03-20,March,compatible_fomc_month,official_date_month=3,82,126401,FOMC Interest Rate Decision,standard_pinned_report,expected_event_name,consistent,,consistent,,consistent,,"5,25-5,50%","5,25-5,50%","5,25-5,50%"
2606,DURABLE_GOODS,2024-03-26T07:30:00-05:00,February 2024,February,compatible_month,month=2,59,129943,Durable Goods Orders - pre..,standard_pinned_report,expected_event_name,consistent,,consistent,,consistent,,"1,2% m/m","1,4% m/m","-6,2% m/m"
1938,GDP,2024-03-28T07:30:00-05:00,Q4 2023 Third,4Q,compatible_quarter,quarter=4,690,127661,GDP (Annualized) - fin..,standard_pinned_report,expected_event_name,consistent,,consistent,,consistent,,"3,2%","3,4%","4,9%"
1939,PCE,2024-03-29T07:30:00-05:00,February 2024,February,compatible_month,month=2,694,126421,Personal Consumption Expenditures,standard_pinned_report,expected_event_name,consistent,,consistent,,consistent,,"0,5% m/m","0,8% m/m","0,2% m/m"
700,JOLTS,2024-04-02T09:00:00-05:00,February 2024,February,compatible_month,month=2,1371,127581,JOLTS Job Openings,standard_pinned_report,expected_event_name,consistent,,consistent,,consistent,,"8,75 mn","8,756 mn","8,863 mn"
701,EMPLOYMENT,2024-04-05T07:30:00-05:00,March 2024,March,compatible_month,month=3,707,127817,Non-Farm Employment Change,standard_pinned_report,expected_event_name,consistent,,consistent,,consistent,,200 k,303 k,275 k
702,CPI,2024-04-10T07:30:00-05:00,March 2024,March,compatible_month,month=3,699,126169,Consumer Price Index,standard_pinned_report,expected_event_name,consistent,,consistent,,consistent,,"0,3% m/m","0,4% m/m","0,4% m/m"
703,PPI,2024-04-11T07:30:00-05:00,March 2024,March,compatible_month,month=3,703,126229,Producer Price Index,standard_pinned_report,expected_event_name,consistent,,consistent,,consistent,,"0,3% m/m","0,2% m/m","0,6% m/m"
2607,RETAIL_SALES,2024-04-15T07:30:00-05:00,March 2024,March,compatible_month,month=3,696,129894,Retail Sales,standard_pinned_report,expected_event_name,consistent,,consistent,,consistent,,"0,3% m/m","0,7% m/m","0,6% m/m"
2608,DURABLE_GOODS,2024-04-24T07:30:00-05:00,March 2024,March,compatible_month,month=3,59,129944,Durable Goods Orders - pre..,standard_pinned_report,expected_event_name,consistent,,consistent,,consistent,,"2,5% m/m","2,6% m/m","1,3% m/m"
1940,GDP,2024-04-25T07:30:00-05:00,Q1 2024 Advance,1Q,compatible_quarter,quarter=1,690,127666,GDP (Annualized) - pre..,standard_pinned_report,expected_event_name,consistent,,consistent,,consistent,,"2,4%","1,6%","3,4%"
1941,PCE,2024-04-26T07:30:00-05:00,March 2024,March,compatible_month,month=3,694,126427,Personal Consumption Expenditures,standard_pinned_report,expected_event_name,consistent,,consistent,,consistent,,"0,6% m/m","0,8% m/m","0,8% m/m"
704,JOLTS,2024-05-01T09:00:00-05:00,March 2024,March,compatible_month,month=3,1371,127582,JOLTS Job Openings,standard_pinned_report,expected_event_name,consistent,,consistent,,consistent,,"8,686 mn","8,488 mn","8,756 mn"
2246,FOMC,2024-05-01T13:00:00-05:00,FOMC 2024-05-01,May,compatible_fomc_month,official_date_month=5,82,126402,FOMC Interest Rate Decision,standard_pinned_report,expected_event_name,consistent,,consistent,,consistent,,"5,25-5,50%","5,25-5,50%","5,25-5,50%"
705,EMPLOYMENT,2024-05-03T07:30:00-05:00,April 2024,April,compatible_month,month=4,707,127825,Non-Farm Employment Change,standard_pinned_report,expected_event_name,consistent,,consistent,,consistent,,245 k,175 k,303 k
706,PPI,2024-05-14T07:30:00-05:00,April 2024,April,compatible_month,month=4,703,126234,Producer Price Index,standard_pinned_report,expected_event_name,consistent,,consistent,,consistent,,"0,3% m/m","0,5% m/m","0,2% m/m"
707,CPI,2024-05-15T07:30:00-05:00,April 2024,April,compatible_month,month=4,699,126174,Consumer Price Index,standard_pinned_report,expected_event_name,consistent,,consistent,,consistent,,"0,4% m/m","0,3% m/m","0,4% m/m"
2609,RETAIL_SALES,2024-05-15T07:30:00-05:00,April 2024,April,compatible_month,month=4,696,129898,Retail Sales,standard_pinned_report,expected_event_name,consistent,,consistent,,consistent,,"0,4% m/m","0,0% m/m","0,7% m/m"
2610,DURABLE_GOODS,2024-05-24T07:30:00-05:00,April 2024,April,compatible_month,month=4,59,129945,Durable Goods Orders - pre..,standard_pinned_report,expected_event_name,consistent,,consistent,,consistent,,"-0,6% m/m","0,7% m/m","2,6% m/m"
1942,GDP,2024-05-30T07:30:00-05:00,Q1 2024 Second,1Q,compatible_quarter,quarter=1,690,127671,GDP (Annualized) - rev..,standard_pinned_report,expected_event_name,consistent,,consistent,,consistent,,"1,3%","1,3%","3,4%"
1943,PCE,2024-05-31T07:30:00-05:00,April 2024,April,compatible_month,month=4,694,126433,Personal Consumption Expenditures,standard_pinned_report,expected_event_name,consistent,,consistent,,consistent,,"0,3% m/m","0,2% m/m","0,8% m/m"
708,JOLTS,2024-06-04T09:00:00-05:00,April 2024,April,compatible_month,month=4,1371,127583,JOLTS Job Openings,standard_pinned_report,expected_event_name,consistent,,consistent,,consistent,,"8,355 mn","8,059 mn","8,488 mn"
709,EMPLOYMENT,2024-06-07T07:30:00-05:00,May 2024,May,compatible_month,month=5,707,127833,Non-Farm Employment Change,standard_pinned_report,expected_event_name,consistent,,consistent,,consistent,,185 k,272 k,175 k
710,CPI,2024-06-12T07:30:00-05:00,May 2024,May,compatible_month,month=5,699,126179,Consumer Price Index,standard_pinned_report,expected_event_name,consistent,,missing,,consistent,,"0,1% m/m",,"0,3% m/m"
2247,FOMC,2024-06-12T13:00:00-05:00,FOMC 2024-06-12,June,compatible_fomc_month,official_date_month=6,82,126403,FOMC Interest Rate Decision,standard_pinned_report,expected_event_name,consistent,,consistent,,consistent,,"5,25-5,50%","5,25-5,50%","5,25-5,50%"
711,PPI,2024-06-13T07:30:00-05:00,May 2024,May,compatible_month,month=5,703,126239,Producer Price Index,standard_pinned_report,expected_event_name,consistent,,consistent,,consistent,,"0,1% m/m","-0,2% m/m","0,5% m/m"
2611,RETAIL_SALES,2024-06-18T07:30:00-05:00,May 2024,May,compatible_month,month=5,696,129902,Retail Sales,standard_pinned_report,expected_event_name,consistent,,consistent,,consistent,,"0,2% m/m","0,1% m/m","0,0% m/m"
2612,DURABLE_GOODS,2024-06-27T07:30:00-05:00,May 2024,May,compatible_month,month=5,59,129946,Durable Goods Orders - pre..,standard_pinned_report,expected_event_name,consistent,,consistent,,consistent,,"-0,1% m/m","0,1% m/m","0,6% m/m"
1944,GDP,2024-06-27T07:30:00-05:00,Q1 2024 Third,1Q,compatible_quarter,quarter=1,690,127676,GDP (Annualized) - fin..,standard_pinned_report,expected_event_name,consistent,,consistent,,consistent,,"1,4%","1,4%","3,4%"
1945,PCE,2024-06-28T07:30:00-05:00,May 2024,May,compatible_month,month=5,694,126439,Personal Consumption Expenditures,standard_pinned_report,expected_event_name,consistent,,consistent,,consistent,,"0,3% m/m","0,2% m/m","0,2% m/m"
712,JOLTS,2024-07-02T09:00:00-05:00,May 2024,May,compatible_month,month=5,1371,127584,JOLTS Job Openings,standard_pinned_report,expected_event_name,consistent,,consistent,,consistent,,"7,91 mn","8,14 mn","8,059 mn"
713,EMPLOYMENT,2024-07-05T07:30:00-05:00,June 2024,June,compatible_month,month=6,707,127841,Non-Farm Employment Change,standard_pinned_report,expected_event_name,consistent,,consistent,,consistent,,190 k,206 k,272 k
714,CPI,2024-07-11T07:30:00-05:00,June 2024,June,compatible_month,month=6,699,126184,Consumer Price Index,standard_pinned_report,expected_event_name,consistent,,consistent,,missing,,"0,1% m/m","-0,1% m/m",
715,PPI,2024-07-12T07:30:00-05:00,June 2024,June,compatible_month,month=6,703,126244,Producer Price Index,standard_pinned_report,expected_event_name,consistent,,consistent,,consistent,,"0,1% m/m","0,2% m/m","-0,2% m/m"
2613,RETAIL_SALES,2024-07-16T07:30:00-05:00,June 2024,June,compatible_month,month=6,696,129906,Retail Sales,standard_pinned_report,expected_event_name,consistent,,missing,,consistent,,"-0,3% m/m",,"0,1% m/m"
2614,DURABLE_GOODS,2024-07-25T07:30:00-05:00,June 2024,June,compatible_month,month=6,59,129947,Durable Goods Orders - pre..,standard_pinned_report,expected_event_name,consistent,,consistent,,consistent,,"0,3% m/m","-6,6% m/m","0,1% m/m"
1946,GDP,2024-07-25T07:30:00-05:00,Q2 2024 Advance,2Q,compatible_quarter,quarter=2,690,127681,GDP (Annualized) - pre..,standard_pinned_report,expected_event_name,consistent,,consistent,,consistent,,2%,"2,8%","1,4%"
1947,PCE,2024-07-26T07:30:00-05:00,June 2024,June,compatible_month,month=6,694,126445,Personal Consumption Expenditures,standard_pinned_report,expected_event_name,consistent,,consistent,,consistent,,"0,3% m/m","0,3% m/m","0,2% m/m"
716,JOLTS,2024-07-30T09:00:00-05:00,June 2024,June,compatible_month,month=6,1371,127585,JOLTS Job Openings,standard_pinned_report,expected_event_name,consistent,,consistent,,consistent,,"8,0 mn","8,184 mn","8,14 mn"
2248,FOMC,2024-07-31T13:00:00-05:00,FOMC 2024-07-31,July,compatible_fomc_month,official_date_month=7,82,126404,FOMC Interest Rate Decision,standard_pinned_report,expected_event_name,consistent,,consistent,,consistent,,"5,25-5,50%","5,25-5,50%","5,25-5,50%"
717,EMPLOYMENT,2024-08-02T07:30:00-05:00,July 2024,July,compatible_month,month=7,707,127849,Non-Farm Employment Change,standard_pinned_report,expected_event_name,consistent,,consistent,,consistent,,175 k,114 k,206 k
718,PPI,2024-08-13T07:30:00-05:00,July 2024,July,compatible_month,month=7,703,126249,Producer Price Index,standard_pinned_report,expected_event_name,consistent,,consistent,,consistent,,"0,2% m/m","0,1% m/m","0,2% m/m"
719,CPI,2024-08-14T07:30:00-05:00,July 2024,July,compatible_month,month=7,699,126189,Consumer Price Index,standard_pinned_report,expected_event_name,consistent,,consistent,,consistent,,"0,2% m/m","0,2% m/m","-0,1% m/m"
2615,RETAIL_SALES,2024-08-15T07:30:00-05:00,July 2024,July,compatible_month,month=7,696,129910,Retail Sales,standard_pinned_report,expected_event_name,consistent,,consistent,,missing,,"0,3% m/m",1% m/m,
2616,DURABLE_GOODS,2024-08-26T07:30:00-05:00,July 2024,July,compatible_month,month=7,59,129948,Durable Goods Orders - pre..,standard_pinned_report,expected_event_name,consistent,,consistent,,consistent,,5% m/m,"9,9% m/m","-6,7% m/m"
1948,GDP,2024-08-29T07:30:00-05:00,Q2 2024 Second,2Q,compatible_quarter,quarter=2,690,127686,GDP (Annualized) - rev..,standard_pinned_report,expected_event_name,consistent,,consistent,,consistent,,"2,8%",3%,"1,4%"
1949,PCE,2024-08-30T07:30:00-05:00,July 2024,July,compatible_month,month=7,694,126451,Personal Consumption Expenditures,standard_pinned_report,expected_event_name,consistent,,consistent,,consistent,,"0,5% m/m","0,5% m/m","0,3% m/m"
720,JOLTS,2024-09-04T09:00:00-05:00,July 2024,July,compatible_month,month=7,1371,127586,JOLTS Job Openings,standard_pinned_report,expected_event_name,consistent,,consistent,,consistent,,"8,100 mn","7,673 mn","8,184 mn"
721,EMPLOYMENT,2024-09-06T07:30:00-05:00,August 2024,August,compatible_month,month=8,707,127857,Non-Farm Employment Change,standard_pinned_report,expected_event_name,consistent,,consistent,,consistent,,160 k,142 k,114 k
722,CPI,2024-09-11T07:30:00-05:00,August 2024,August,compatible_month,month=8,699,126194,Consumer Price Index,standard_pinned_report,expected_event_name,consistent,,consistent,,consistent,,"0,2% m/m","0,2% m/m","0,2% m/m"
723,PPI,2024-09-12T07:30:00-05:00,August 2024,August,compatible_month,month=8,703,126254,Producer Price Index,standard_pinned_report,expected_event_name,consistent,,consistent,,consistent,,"0,1% m/m","0,2% m/m","0,1% m/m"
2617,RETAIL_SALES,2024-09-17T07:30:00-05:00,August 2024,August,compatible_month,month=8,696,129914,Retail Sales,standard_pinned_report,expected_event_name,consistent,,consistent,,consistent,,"-0,2% m/m","0,1% m/m",1% m/m
2249,FOMC,2024-09-18T13:00:00-05:00,FOMC 2024-09-18,September,compatible_fomc_month,official_date_month=9,82,126405,FOMC Interest Rate Decision,standard_pinned_report,expected_event_name,consistent,,consistent,,consistent,,"5,00-5,25%","4,75-5,00%","5,25-5,50%"
2618,DURABLE_GOODS,2024-09-26T07:30:00-05:00,August 2024,August,compatible_month,month=8,59,129949,Durable Goods Orders - pre..,standard_pinned_report,expected_event_name,consistent,,consistent,,consistent,,"-2,6% m/m","0,0% m/m","9,8% m/m"
1950,GDP,2024-09-26T07:30:00-05:00,Q2 2024 Third,2Q,compatible_quarter,quarter=2,690,127691,GDP (Annualized) - fin..,standard_pinned_report,expected_event_name,consistent,,consistent,,consistent,,"2,9%","3,0%","1,4%"
1951,PCE,2024-09-27T07:30:00-05:00,August 2024,August,compatible_month,month=8,694,126457,Personal Consumption Expenditures,standard_pinned_report,expected_event_name,consistent,,consistent,,consistent,,"0,3% m/m","0,2% m/m","0,5% m/m"
724,JOLTS,2024-10-01T09:00:00-05:00,August 2024,August,compatible_month,month=8,1371,127587,JOLTS Job Openings,standard_pinned_report,expected_event_name,consistent,,consistent,,consistent,,"7,655 mn","8,04 mn","7,673 mn"
725,EMPLOYMENT,2024-10-04T07:30:00-05:00,September 2024,September,compatible_month,month=9,707,127865,Non-Farm Employment Change,standard_pinned_report,expected_event_name,consistent,,consistent,,consistent,,140 k,254 k,142 k
726,CPI,2024-10-10T07:30:00-05:00,September 2024,September,compatible_month,month=9,699,126199,Consumer Price Index,standard_pinned_report,expected_event_name,consistent,,consistent,,consistent,,"0,1% m/m","0,2% m/m","0,2% m/m"
727,PPI,2024-10-11T07:30:00-05:00,September 2024,September,compatible_month,month=9,703,126259,Producer Price Index,standard_pinned_report,expected_event_name,consistent,,missing,,consistent,,"0,1% m/m",,"0,2% m/m"
2619,RETAIL_SALES,2024-10-17T07:30:00-05:00,September 2024,September,compatible_month,month=9,696,129918,Retail Sales,standard_pinned_report,expected_event_name,consistent,,consistent,,consistent,,"0,3% m/m","0,4% m/m","0,1% m/m"
2620,DURABLE_GOODS,2024-10-25T07:30:00-05:00,September 2024,September,compatible_month,month=9,59,129950,Durable Goods Orders - pre..,standard_pinned_report,expected_event_name,consistent,,consistent,,missing,,"-1,1% m/m","-0,8% m/m",
728,JOLTS,2024-10-29T09:00:00-05:00,September 2024,September,compatible_month,month=9,1371,127588,JOLTS Job Openings,standard_pinned_report,expected_event_name,consistent,,consistent,,consistent,,"7,99 mn","7,443 mn","8,04 mn"
1952,GDP,2024-10-30T07:30:00-05:00,Q3 2024 Advance,3Q,compatible_quarter,quarter=3,690,127696,GDP (Annualized) - pre..,standard_pinned_report,expected_event_name,consistent,,consistent,,consistent,,"3,0%","2,8%","3,0%"
1953,PCE,2024-10-31T07:30:00-05:00,September 2024,September,compatible_month,month=9,694,126463,Personal Consumption Expenditures,standard_pinned_report,expected_event_name,consistent,,consistent,,consistent,,"0,4% m/m","0,5% m/m","0,2% m/m"
729,EMPLOYMENT,2024-11-01T07:30:00-05:00,October 2024,October,compatible_month,month=10,707,127873,Non-Farm Employment Change,standard_pinned_report,expected_event_name,consistent,,consistent,,consistent,,115 k,12 k,254 k
2250,FOMC,2024-11-07T13:00:00-06:00,FOMC 2024-11-07,November,compatible_fomc_month,official_date_month=11,82,126406,FOMC Interest Rate Decision,standard_pinned_report,expected_event_name,consistent,,consistent,,consistent,,"4,50-4,75%","4,50-4,75%","4,75-5,00%"
730,CPI,2024-11-13T07:30:00-06:00,October 2024,October,compatible_month,month=10,699,126204,Consumer Price Index,standard_pinned_report,expected_event_name,consistent,,consistent,,consistent,,"0,2% m/m","0,2% m/m","0,2% m/m"
731,PPI,2024-11-14T07:30:00-06:00,October 2024,October,compatible_month,month=10,703,126264,Producer Price Index,standard_pinned_report,expected_event_name,consistent,,consistent,,missing,,"0,2% m/m","0,2% m/m",
2621,RETAIL_SALES,2024-11-15T07:30:00-06:00,October 2024,October,compatible_month,month=10,696,129922,Retail Sales,standard_pinned_report,expected_event_name,consistent,,consistent,,consistent,,"0,3% m/m","0,4% m/m","0,4% m/m"
2622,DURABLE_GOODS,2024-11-27T07:30:00-06:00,October 2024,October,compatible_month,month=10,59,129951,Durable Goods Orders - pre..,standard_pinned_report,expected_event_name,consistent,,consistent,,consistent,,"0,5% m/m","0,2% m/m","-0,7% m/m"
1954,GDP,2024-11-27T07:30:00-06:00,Q3 2024 Second,3Q,compatible_quarter,quarter=3,690,127701,GDP (Annualized) - rev..,standard_pinned_report,expected_event_name,consistent,,consistent,,consistent,,"2,8%","2,8%","3,0%"
1955,PCE,2024-11-27T09:00:00-06:00,October 2024,October,compatible_month,month=10,694,126469,Personal Consumption Expenditures,standard_pinned_report,expected_event_name,consistent,,consistent,,consistent,,"0,3% m/m","0,4% m/m","0,5% m/m"
732,JOLTS,2024-12-03T09:00:00-06:00,October 2024,October,compatible_month,month=10,1371,127589,JOLTS Job Openings,standard_pinned_report,expected_event_name,consistent,,consistent,,consistent,,"7,48 mn","7,744 mn","7,443 mn"
733,EMPLOYMENT,2024-12-06T07:30:00-06:00,November 2024,November,compatible_month,month=11,707,127881,Non-Farm Employment Change,standard_pinned_report,expected_event_name,consistent,,consistent,,consistent,,195 k,227 k,12 k
734,CPI,2024-12-11T07:30:00-06:00,November 2024,November,compatible_month,month=11,699,126209,Consumer Price Index,standard_pinned_report,expected_event_name,consistent,,consistent,,consistent,,"0,3% m/m","0,3% m/m","0,2% m/m"
735,PPI,2024-12-12T07:30:00-06:00,November 2024,November,compatible_month,month=11,703,126269,Producer Price Index,standard_pinned_report,expected_event_name,consistent,,consistent,,consistent,,"0,2% m/m","0,4% m/m","0,2% m/m"
2623,RETAIL_SALES,2024-12-17T07:30:00-06:00,November 2024,November,compatible_month,month=11,696,129926,Retail Sales,standard_pinned_report,expected_event_name,consistent,,consistent,,consistent,,"0,5% m/m","0,7% m/m","0,4% m/m"
2251,FOMC,2024-12-18T13:00:00-06:00,FOMC 2024-12-18,December,compatible_fomc_month,official_date_month=12,82,126407,FOMC Interest Rate Decision,standard_pinned_report,expected_event_name,consistent,,consistent,,consistent,,"4,25-4,50%","4,25-4,50%","4,50-4,75%"
1956,GDP,2024-12-19T07:30:00-06:00,Q3 2024 Third,3Q,compatible_quarter,quarter=3,690,127706,GDP (Annualized) - fin..,standard_pinned_report,expected_event_name,consistent,,consistent,,consistent,,"2,8%","3,1%","3,0%"
1957,PCE,2024-12-20T07:30:00-06:00,November 2024,November,compatible_month,month=11,694,126475,Personal Consumption Expenditures,standard_pinned_report,expected_event_name,consistent,,consistent,,consistent,,"0,5% m/m","0,4% m/m","0,4% m/m"
2624,DURABLE_GOODS,2024-12-23T07:30:00-06:00,November 2024,November,compatible_month,month=11,59,129952,Durable Goods Orders - pre..,standard_pinned_report,expected_event_name,consistent,,consistent,,consistent,,"-0,2% m/m","-1,1% m/m","0,3% m/m"
736,JOLTS,2025-01-07T09:00:00-06:00,November 2024,November,compatible_month,month=11,1371,138355,JOLTS Job Openings,standard_pinned_report,expected_event_name,consistent,,consistent,,consistent,,"7,7 mn","8,098 mn","7,744 mn"
737,EMPLOYMENT,2025-01-10T07:30:00-06:00,December 2024,December,compatible_month,month=12,707,137745,Non-Farm Employment Change,standard_pinned_report,expected_event_name,consistent,,consistent,,consistent,,160 k,256 k,227 k
738,PPI,2025-01-14T07:30:00-06:00,December 2024,December,compatible_month,month=12,703,137677,Producer Price Index,standard_pinned_report,expected_event_name,consistent,,consistent,,consistent,,"0,3% m/m","0,2% m/m","0,4% m/m"
739,CPI,2025-01-15T07:30:00-06:00,December 2024,December,compatible_month,month=12,699,137617,Consumer Price Index,standard_pinned_report,expected_event_name,consistent,,consistent,,consistent,,"0,4% m/m","0,4% m/m","0,3% m/m"
2625,RETAIL_SALES,2025-01-16T07:30:00-06:00,December 2024,December,compatible_month,month=12,696,138615,Retail Sales,standard_pinned_report,expected_event_name,consistent,,consistent,,consistent,,"0,6% m/m","0,4% m/m","0,7% m/m"
2626,DURABLE_GOODS,2025-01-28T07:30:00-06:00,December 2024,December,compatible_month,month=12,59,138674,Durable Goods Orders - pre..,standard_pinned_report,expected_event_name,consistent,,consistent,,consistent,,"0,6% m/m","-2,2% m/m","-1,2% m/m"
2252,FOMC,2025-01-29T13:00:00-06:00,FOMC 2025-01-29,January,compatible_fomc_month,official_date_month=1,82,127714,FOMC Interest Rate Decision,standard_pinned_report,expected_event_name,consistent,,consistent,,consistent,,"4,25-4,50%","4,25-4,50%","4,25-4,50%"
1958,GDP,2025-01-30T07:30:00-06:00,Q4 2024 Advance,4Q,compatible_quarter,quarter=4,690,134727,GDP (Annualized) - pre..,standard_pinned_report,expected_event_name,consistent,,consistent,,consistent,,"2,6%","2,3%","3,1%"
1959,PCE,2025-01-31T07:30:00-06:00,December 2024,December,compatible_month,month=12,694,137848,Personal Consumption Expenditures,standard_pinned_report,expected_event_name,consistent,,consistent,,consistent,,"0,5% m/m","0,7% m/m","0,4% m/m"
740,JOLTS,2025-02-04T09:00:00-06:00,December 2024,December,compatible_month,month=12,1371,138356,JOLTS Job Openings,standard_pinned_report,expected_event_name,consistent,,consistent,,consistent,,"8,01 mn","7,6 mn","8,098 mn"
741,EMPLOYMENT,2025-02-07T07:30:00-06:00,January 2025,January,compatible_month,month=1,707,137753,Non-Farm Employment Change,standard_pinned_report,expected_event_name,consistent,,consistent,,consistent,,170 k,143 k,256 k
742,CPI,2025-02-12T07:30:00-06:00,January 2025,January,compatible_month,month=1,699,137622,Consumer Price Index,standard_pinned_report,expected_event_name,consistent,,consistent,,consistent,,"0,3% m/m","0,5% m/m","0,4% m/m"
743,PPI,2025-02-13T07:30:00-06:00,January 2025,January,compatible_month,month=1,703,137682,Producer Price Index,standard_pinned_report,expected_event_name,consistent,,consistent,,consistent,,"0,3% m/m","0,4% m/m","0,2% m/m"
2627,RETAIL_SALES,2025-02-14T07:30:00-06:00,January 2025,January,compatible_month,month=1,696,138619,Retail Sales,standard_pinned_report,expected_event_name,consistent,,consistent,,consistent,,"-0,1% m/m","-0,9% m/m","0,4% m/m"
2628,DURABLE_GOODS,2025-02-27T07:30:00-06:00,January 2025,January,compatible_month,month=1,59,138675,Durable Goods Orders - pre..,standard_pinned_report,expected_event_name,consistent,,consistent,,consistent,,2% m/m,"3,1% m/m","-2,2% m/m"
1960,GDP,2025-02-27T07:30:00-06:00,Q4 2024 Second,4Q,compatible_quarter,quarter=4,690,134732,GDP (Annualized) - rev..,standard_pinned_report,expected_event_name,consistent,,consistent,,consistent,,"2,3%","2,3%","3,1%"
1961,PCE,2025-02-28T07:30:00-06:00,January 2025,January,compatible_month,month=1,694,137854,Personal Consumption Expenditures,standard_pinned_report,expected_event_name,consistent,,consistent,,consistent,,"0,1% m/m","-0,2% m/m","0,7% m/m"
744,EMPLOYMENT,2025-03-07T07:30:00-06:00,February 2025,February,compatible_month,month=2,707,137761,Non-Farm Employment Change,standard_pinned_report,expected_event_name,consistent,,consistent,,consistent,,160 k,151 k,143 k
745,JOLTS,2025-03-11T09:00:00-05:00,January 2025,January,compatible_month,month=1,1371,138357,JOLTS Job Openings,standard_pinned_report,expected_event_name,consistent,,consistent,,consistent,,"7,63 mn","7,74 mn","7,6 mn"
746,CPI,2025-03-12T07:30:00-05:00,February 2025,February,compatible_month,month=2,699,137627,Consumer Price Index,standard_pinned_report,expected_event_name,consistent,,consistent,,consistent,,"0,3% m/m","0,2% m/m","0,5% m/m"
747,PPI,2025-03-13T07:30:00-05:00,February 2025,February,compatible_month,month=2,703,137687,Producer Price Index,standard_pinned_report,expected_event_name,consistent,,consistent,,consistent,,"0,3% m/m","0,0% m/m","0,4% m/m"
2629,RETAIL_SALES,2025-03-17T07:30:00-05:00,February 2025,February,compatible_month,month=2,696,138623,Retail Sales,standard_pinned_report,expected_event_name,consistent,,consistent,,consistent,,"0,6% m/m","0,2% m/m","-0,9% m/m"
2253,FOMC,2025-03-19T13:00:00-05:00,FOMC 2025-03-19,March,compatible_fomc_month,official_date_month=3,82,135333,FOMC Interest Rate Decision,standard_pinned_report,expected_event_name,consistent,,consistent,,consistent,,"4,25-4,50%","4,25-4,50%","4,25-4,50%"
2630,DURABLE_GOODS,2025-03-26T07:30:00-05:00,February 2025,February,compatible_month,month=2,59,138676,Durable Goods Orders - pre..,standard_pinned_report,expected_event_name,consistent,,consistent,,consistent,,-1% m/m,"0,9% m/m","3,2% m/m"
1962,GDP,2025-03-27T07:30:00-05:00,Q4 2024 Third,4Q,compatible_quarter,quarter=4,690,134737,GDP (Annualized) - fin..,standard_pinned_report,expected_event_name,consistent,,consistent,,consistent,,"2,3%","2,4%","3,1%"
1963,PCE,2025-03-28T07:30:00-05:00,February 2025,February,compatible_month,month=2,694,137860,Personal Consumption Expenditures,standard_pinned_report,expected_event_name,consistent,,consistent,,consistent,,"0,5% m/m","0,4% m/m","-0,2% m/m"
749,JOLTS,2025-04-01T09:00:00-05:00,February 2025,February,compatible_month,month=2,1371,138358,JOLTS Job Openings,standard_pinned_report,expected_event_name,consistent,,consistent,,consistent,,"7,616 mn","7,568 mn","7,74 mn"
750,EMPLOYMENT,2025-04-04T07:30:00-05:00,March 2025,March,compatible_month,month=3,707,137769,Non-Farm Employment Change,standard_pinned_report,expected_event_name,consistent,,consistent,,consistent,,135 k,228 k,151 k
751,CPI,2025-04-10T07:30:00-05:00,March 2025,March,compatible_month,month=3,699,137632,Consumer Price Index,standard_pinned_report,expected_event_name,consistent,,consistent,,consistent,,"0,1% m/m","-0,1% m/m","0,2% m/m"
752,PPI,2025-04-11T07:30:00-05:00,March 2025,March,compatible_month,month=3,703,137692,Producer Price Index,standard_pinned_report,expected_event_name,consistent,,consistent,,consistent,,"0,2% m/m","-0,4% m/m","0,0% m/m"
2631,RETAIL_SALES,2025-04-16T07:30:00-05:00,March 2025,March,compatible_month,month=3,696,138627,Retail Sales,standard_pinned_report,expected_event_name,consistent,,consistent,,consistent,,"1,3% m/m","1,4% m/m","0,2% m/m"
2632,DURABLE_GOODS,2025-04-24T07:30:00-05:00,March 2025,March,compatible_month,month=3,59,138677,Durable Goods Orders - pre..,standard_pinned_report,expected_event_name,consistent,,consistent,,consistent,,2% m/m,"9,2% m/m",1% m/m
753,JOLTS,2025-04-29T09:00:00-05:00,March 2025,March,compatible_month,month=3,1371,138359,JOLTS Job Openings,standard_pinned_report,expected_event_name,consistent,,consistent,,consistent,,"7,48 mn","7,192 mn","7,568 mn"
1964,GDP,2025-04-30T07:30:00-05:00,Q1 2025 Advance,1Q,compatible_quarter,quarter=1,690,134742,GDP (Annualized) - pre..,standard_pinned_report,expected_event_name,consistent,,consistent,,consistent,,"0,3%","-0,3%","2,4%"
1965,PCE,2025-04-30T09:00:00-05:00,March 2025,March,compatible_month,month=3,694,137866,Personal Consumption Expenditures,standard_pinned_report,expected_event_name,consistent,,consistent,,consistent,,"0,5% m/m","0,7% m/m","0,4% m/m"
754,EMPLOYMENT,2025-05-02T07:30:00-05:00,April 2025,April,compatible_month,month=4,707,137777,Non-Farm Employment Change,standard_pinned_report,expected_event_name,consistent,,consistent,,consistent,,130 k,177 k,228 k
2254,FOMC,2025-05-07T13:00:00-05:00,FOMC 2025-05-07,May,compatible_fomc_month,official_date_month=5,82,135334,FOMC Interest Rate Decision,standard_pinned_report,expected_event_name,consistent,,consistent,,consistent,,"4,25-4,50%","4,25-4,50%","4,25-4,50%"
755,CPI,2025-05-13T07:30:00-05:00,April 2025,April,compatible_month,month=4,699,137637,Consumer Price Index,standard_pinned_report,expected_event_name,consistent,,consistent,,consistent,,"0,3% m/m","0,2% m/m","-0,1% m/m"
756,PPI,2025-05-15T07:30:00-05:00,April 2025,April,compatible_month,month=4,703,137697,Producer Price Index,standard_pinned_report,expected_event_name,consistent,,consistent,,consistent,,"0,2% m/m","-0,5% m/m","-0,4% m/m"
2633,RETAIL_SALES,2025-05-15T07:30:00-05:00,April 2025,April,compatible_month,month=4,696,138631,Retail Sales,standard_pinned_report,expected_event_name,consistent,,consistent,,consistent,,"0,0% m/m","0,1% m/m","1,4% m/m"
2634,DURABLE_GOODS,2025-05-27T07:30:00-05:00,April 2025,April,compatible_month,month=4,59,138678,Durable Goods Orders - pre..,standard_pinned_report,expected_event_name,consistent,,consistent,,consistent,,"-7,8% m/m","-6,3% m/m","9,2% m/m"
1966,GDP,2025-05-29T07:30:00-05:00,Q1 2025 Second,1Q,compatible_quarter,quarter=1,690,134747,GDP (Annualized) - rev..,standard_pinned_report,expected_event_name,consistent,,consistent,,consistent,,"-0,3%","-0,2%","2,4%"
1967,PCE,2025-05-30T07:30:00-05:00,April 2025,April,compatible_month,month=4,694,137872,Personal Consumption Expenditures,standard_pinned_report,expected_event_name,consistent,,consistent,,consistent,,"0,2% m/m","0,2% m/m","0,7% m/m"
757,JOLTS,2025-06-03T09:00:00-05:00,April 2025,April,compatible_month,month=4,1371,138360,JOLTS Job Openings,standard_pinned_report,expected_event_name,consistent,,consistent,,consistent,,"7,1 mn","7,391 mn","7,192 mn"
758,EMPLOYMENT,2025-06-06T07:30:00-05:00,May 2025,May,compatible_month,month=5,707,137785,Non-Farm Employment Change,standard_pinned_report,expected_event_name,consistent,,consistent,,consistent,,130 k,139 k,177 k
759,CPI,2025-06-11T07:30:00-05:00,May 2025,May,compatible_month,month=5,699,137642,Consumer Price Index,standard_pinned_report,expected_event_name,consistent,,consistent,,consistent,,"0,2% m/m","0,1% m/m","0,2% m/m"
760,PPI,2025-06-12T07:30:00-05:00,May 2025,May,compatible_month,month=5,703,137702,Producer Price Index,standard_pinned_report,expected_event_name,consistent,,consistent,,consistent,,"0,2% m/m","0,1% m/m","-0,5% m/m"
2635,RETAIL_SALES,2025-06-17T07:30:00-05:00,May 2025,May,compatible_month,month=5,696,138635,Retail Sales,standard_pinned_report,expected_event_name,consistent,,consistent,,consistent,,"-0,7% m/m","-0,9% m/m","0,1% m/m"
2255,FOMC,2025-06-18T13:00:00-05:00,FOMC 2025-06-18,June,compatible_fomc_month,official_date_month=6,82,135335,FOMC Interest Rate Decision,standard_pinned_report,expected_event_name,consistent,,consistent,,consistent,,"4,25-4,50%","4,25-4,50%","4,25-4,50%"
2636,DURABLE_GOODS,2025-06-26T07:30:00-05:00,May 2025,May,compatible_month,month=5,59,138679,Durable Goods Orders - pre..,standard_pinned_report,expected_event_name,consistent,,consistent,,consistent,,"6,8% m/m","16,4% m/m","-6,3% m/m"
1968,GDP,2025-06-26T07:30:00-05:00,Q1 2025 Third,1Q,compatible_quarter,quarter=1,690,134752,GDP (Annualized) - fin..,standard_pinned_report,expected_event_name,consistent,,consistent,,consistent,,"-0,2%","-0,5%","2,4%"
1969,PCE,2025-06-27T07:30:00-05:00,May 2025,May,compatible_month,month=5,694,137878,Personal Consumption Expenditures,standard_pinned_report,expected_event_name,consistent,,consistent,,consistent,,"0,1% m/m","-0,1% m/m","0,2% m/m"
761,JOLTS,2025-07-01T09:00:00-05:00,May 2025,May,compatible_month,month=5,1371,138361,JOLTS Job Openings,standard_pinned_report,expected_event_name,consistent,,consistent,,consistent,,"7,3 mn","7,769 mn","7,391 mn"
762,EMPLOYMENT,2025-07-03T07:30:00-05:00,June 2025,June,compatible_month,month=6,707,137793,Non-Farm Employment Change,standard_pinned_report,expected_event_name,consistent,,consistent,,consistent,,110 k,147 k,139 k
763,CPI,2025-07-15T07:30:00-05:00,June 2025,June,compatible_month,month=6,699,137647,Consumer Price Index,standard_pinned_report,expected_event_name,consistent,,consistent,,consistent,,"0,3% m/m","0,3% m/m","0,1% m/m"
764,PPI,2025-07-16T07:30:00-05:00,June 2025,June,compatible_month,month=6,703,137707,Producer Price Index,standard_pinned_report,expected_event_name,consistent,,consistent,,consistent,,"0,2% m/m","0,0% m/m","0,1% m/m"
2637,RETAIL_SALES,2025-07-17T07:30:00-05:00,June 2025,June,compatible_month,month=6,696,138639,Retail Sales,standard_pinned_report,expected_event_name,consistent,,consistent,,consistent,,"0,1% m/m","0,6% m/m","-0,9% m/m"
2638,DURABLE_GOODS,2025-07-25T07:30:00-05:00,June 2025,June,compatible_month,month=6,59,138680,Durable Goods Orders - pre..,standard_pinned_report,expected_event_name,consistent,,consistent,,consistent,,"-10,5% m/m","-9,3% m/m","16,4% m/m"
765,JOLTS,2025-07-29T09:00:00-05:00,June 2025,June,compatible_month,month=6,1371,138362,JOLTS Job Openings,standard_pinned_report,expected_event_name,consistent,,consistent,,consistent,,"7,5 mn","7,437 mn","7,769 mn"
1970,GDP,2025-07-30T07:30:00-05:00,Q2 2025 Advance,2Q,compatible_quarter,quarter=2,690,134757,GDP (Annualized) - pre..,standard_pinned_report,expected_event_name,consistent,,consistent,,consistent,,"2,4%","3,0%","-0,5%"
2256,FOMC,2025-07-30T13:00:00-05:00,FOMC 2025-07-30,July,compatible_fomc_month,official_date_month=7,82,135336,FOMC Interest Rate Decision,standard_pinned_report,expected_event_name,consistent,,consistent,,consistent,,"4,25-4,50%","4,25-4,50%","4,25-4,50%"
1971,PCE,2025-07-31T07:30:00-05:00,June 2025,June,compatible_month,month=6,694,137884,Personal Consumption Expenditures,standard_pinned_report,expected_event_name,consistent,,consistent,,consistent,,"0,4% m/m","0,3% m/m","-0,1% m/m"
766,EMPLOYMENT,2025-08-01T07:30:00-05:00,July 2025,July,compatible_month,month=7,707,137801,Non-Farm Employment Change,standard_pinned_report,expected_event_name,consistent,,consistent,,consistent,,110 k,73 k,147 k
767,CPI,2025-08-12T07:30:00-05:00,July 2025,July,compatible_month,month=7,699,137652,Consumer Price Index,standard_pinned_report,expected_event_name,consistent,,consistent,,consistent,,"0,2% m/m","0,2% m/m","0,3% m/m"
768,PPI,2025-08-14T07:30:00-05:00,July 2025,July,compatible_month,month=7,703,137712,Producer Price Index,standard_pinned_report,expected_event_name,consistent,,consistent,,consistent,,"0,2% m/m","0,9% m/m","0,0% m/m"
2639,RETAIL_SALES,2025-08-15T07:30:00-05:00,July 2025,July,compatible_month,month=7,696,138643,Retail Sales,standard_pinned_report,expected_event_name,consistent,,consistent,,consistent,,"0,5% m/m","0,5% m/m","0,6% m/m"
2640,DURABLE_GOODS,2025-08-26T07:30:00-05:00,July 2025,July,compatible_month,month=7,59,138681,Durable Goods Orders - pre..,standard_pinned_report,expected_event_name,consistent,,consistent,,consistent,,"-3,9% m/m","-2,8% m/m","-9,4% m/m"
1972,GDP,2025-08-28T07:30:00-05:00,Q2 2025 Second,2Q,compatible_quarter,quarter=2,690,134762,GDP (Annualized) - rev..,standard_pinned_report,expected_event_name,consistent,,consistent,,consistent,,"3,1%","3,3%","-0,5%"
1973,PCE,2025-08-29T07:30:00-05:00,July 2025,July,compatible_month,month=7,694,137890,Personal Consumption Expenditures,standard_pinned_report,expected_event_name,consistent,,consistent,,consistent,,"0,5% m/m","0,5% m/m","0,3% m/m"
769,JOLTS,2025-09-03T09:00:00-05:00,July 2025,July,compatible_month,month=7,1371,138363,JOLTS Job Openings,standard_pinned_report,expected_event_name,consistent,,consistent,,consistent,,"7,377 mn","7,181 mn","7,437 mn"
770,EMPLOYMENT,2025-09-05T07:30:00-05:00,August 2025,August,compatible_month,month=8,707,137809,Non-Farm Employment Change,standard_pinned_report,expected_event_name,consistent,,consistent,,consistent,,75 k,22 k,73 k
771,PPI,2025-09-10T07:30:00-05:00,August 2025,August,compatible_month,month=8,703,137717,Producer Price Index,standard_pinned_report,expected_event_name,consistent,,consistent,,consistent,,"0,3% m/m","-0,1% m/m","0,9% m/m"
772,CPI,2025-09-11T07:30:00-05:00,August 2025,August,compatible_month,month=8,699,137657,Consumer Price Index,standard_pinned_report,expected_event_name,consistent,,consistent,,consistent,,"0,3% m/m","0,4% m/m","0,2% m/m"
2641,RETAIL_SALES,2025-09-16T07:30:00-05:00,August 2025,August,compatible_month,month=8,696,138647,Retail Sales,standard_pinned_report,expected_event_name,consistent,,consistent,,consistent,,"0,2% m/m","0,6% m/m","0,5% m/m"
2257,FOMC,2025-09-17T13:00:00-05:00,FOMC 2025-09-17,September,compatible_fomc_month,official_date_month=9,82,135337,FOMC Interest Rate Decision,standard_pinned_report,expected_event_name,consistent,,consistent,,consistent,,"4,00-4,25%","4,00-4,25%","4,25-4,50%"
2642,DURABLE_GOODS,2025-09-25T07:30:00-05:00,August 2025,August,compatible_month,month=8,59,138682,Durable Goods Orders - pre..,standard_pinned_report,expected_event_name,consistent,,consistent,,consistent,,"-0,5% m/m","2,9% m/m","-2,8% m/m"
1974,GDP,2025-09-25T07:30:00-05:00,Q2 2025 Third,2Q,compatible_quarter,quarter=2,690,134767,GDP (Annualized) - fin..,standard_pinned_report,expected_event_name,consistent,,consistent,,consistent,,"3,3%","3,8%","-0,5%"
1975,PCE,2025-09-26T07:30:00-05:00,August 2025,August,compatible_month,month=8,694,137896,Personal Consumption Expenditures,standard_pinned_report,expected_event_name,consistent,,consistent,,consistent,,"0,5% m/m","0,6% m/m","0,5% m/m"
773,JOLTS,2025-09-30T09:00:00-05:00,August 2025,August,compatible_month,month=8,1371,138364,JOLTS Job Openings,standard_pinned_report,expected_event_name,consistent,,consistent,,consistent,,"7,185 mn","7,227 mn","7,181 mn"
774,CPI,2025-10-24T07:30:00-05:00,September 2025,September,compatible_month,month=9,699,137662,Consumer Price Index,standard_pinned_report,expected_event_name,consistent,,consistent,,consistent,,"0,4% m/m","0,3% m/m","0,4% m/m"
2258,FOMC,2025-10-29T13:00:00-05:00,FOMC 2025-10-29,October,compatible_fomc_month,official_date_month=10,82,135338,FOMC Interest Rate Decision,standard_pinned_report,expected_event_name,consistent,,consistent,,consistent,,"3,75-4,00%","3,75-4,00%","4,00-4,25%"
775,EMPLOYMENT,2025-11-20T07:30:00-06:00,September 2025,September,compatible_month,month=9,707,143689,Non-Farm Employment Change,standard_pinned_report,expected_event_name,consistent,,consistent,,consistent,,55 k,119 k,22 k
776,PPI,2025-11-25T07:30:00-06:00,September 2025,September,compatible_month,month=9,703,143718,Producer Price Index,standard_pinned_report,expected_event_name,consistent,,consistent,,consistent,,"0,3% m/m","0,3% m/m","-0,1% m/m"
2643,RETAIL_SALES,2025-11-25T07:30:00-06:00,September 2025,September,compatible_month,month=9,696,143793,Retail Sales,standard_pinned_report,expected_event_name,consistent,,consistent,,consistent,,"0,4% m/m","0,2% m/m","0,6% m/m"
2644,DURABLE_GOODS,2025-11-26T07:30:00-06:00,September 2025,September,compatible_month,month=9,59,143799,Durable Goods Orders - pre..,standard_pinned_report,expected_event_name,consistent,,consistent,,consistent,,"0,3% m/m","0,5% m/m","2,9% m/m"
1976,PCE,2025-12-05T09:00:00-06:00,September 2025,September,compatible_month,month=9,694,144519,Personal Consumption Expenditures,standard_pinned_report,expected_event_name,consistent,,consistent,,consistent,,"0,4% m/m","0,3% m/m","0,6% m/m"
777,JOLTS,2025-12-09T09:00:00-06:00,October 2025,October,compatible_month,month=10,1371,145254,JOLTS Job Openings,standard_pinned_report,expected_event_name,consistent,,consistent,,consistent,,"7,15 mn","7,67 mn","7,658 mn"
2259,FOMC,2025-12-10T13:00:00-06:00,FOMC 2025-12-10,December,compatible_fomc_month,official_date_month=12,82,135339,FOMC Interest Rate Decision,standard_pinned_report,expected_event_name,consistent,,consistent,,consistent,,"3,50-3,75%","3,50-3,75%","3,75-4,00%"
778,EMPLOYMENT,2025-12-16T07:30:00-06:00,November 2025,November,compatible_month,month=11,707,143734,Non-Farm Employment Change,standard_pinned_report,expected_event_name,consistent,,consistent,,consistent,,50 k,64 k,-105 k
2645,RETAIL_SALES,2025-12-16T07:30:00-06:00,October 2025,October,compatible_month,month=10,696,146182,Retail Sales,standard_pinned_report,expected_event_name,consistent,,consistent,,consistent,,"0,1% m/m","0,0% m/m","0,2% m/m"
779,CPI,2025-12-18T07:30:00-06:00,November 2025,November,compatible_month,month=11,698,137671,Consumer Price Index,known_cpi_698_exception,expected_event_name,unexpected_qualifier,"expected=['m/m'];actual='y/y';raw='3,1% y/y'",unexpected_qualifier,"expected=['m/m'];actual='y/y';raw='2,7% y/y'",unexpected_qualifier,expected=['m/m'];actual='y/y';raw='3% y/y',"3,1% y/y","2,7% y/y",3% y/y
2646,DURABLE_GOODS,2025-12-23T07:30:00-06:00,October 2025,October,compatible_month,month=10,59,146271,Durable Goods Orders - pre..,standard_pinned_report,expected_event_name,consistent,,consistent,,consistent,,"-1,5% m/m","-2,2% m/m","0,5% m/m"
1977,GDP,2025-12-23T07:30:00-06:00,Q3 2025 Initial,3Q,compatible_quarter,quarter=3,690,145984,GDP (Annualized) - pre..,standard_pinned_report,expected_event_name,consistent,,consistent,,consistent,,"3,2%","4,3%","3,8%"
780,JOLTS,2026-01-07T09:00:00-06:00,November 2025,November,compatible_month,month=11,1371,147601,JOLTS Job Openings,standard_pinned_report,expected_event_name,consistent,,consistent,,consistent,,"7,6 mn","7,146 mn","7,67 mn"
781,EMPLOYMENT,2026-01-09T07:30:00-06:00,December 2025,December,compatible_month,month=12,707,148054,Non-Farm Employment Change,standard_pinned_report,expected_event_name,consistent,,consistent,,consistent,,60 k,50 k,64 k
782,CPI,2026-01-13T07:30:00-06:00,December 2025,December,compatible_month,month=12,699,145751,Consumer Price Index,standard_pinned_report,expected_event_name,consistent,,consistent,,missing,,"0,3% m/m","0,3% m/m",
783,PPI,2026-01-14T07:30:00-06:00,November 2025,November,compatible_month,month=11,703,148826,Producer Price Index,standard_pinned_report,expected_event_name,consistent,,consistent,,consistent,,"0,3% m/m","0,2% m/m","0,1% m/m"
2647,RETAIL_SALES,2026-01-14T07:30:00-06:00,November 2025,November,compatible_month,month=11,696,147839,Retail Sales,standard_pinned_report,expected_event_name,consistent,,consistent,,consistent,,"0,4% m/m","0,6% m/m","0,0% m/m"
1978,GDP,2026-01-22T07:30:00-06:00,Q3 2025 Updated,3Q,compatible_quarter,quarter=3,690,146640,GDP (Annualized) - rev..,standard_pinned_report,expected_event_name,consistent,,consistent,,consistent,,"4,3%","4,4%","3,8%"
1979,PCE,2026-01-22T09:00:00-06:00,October and November 2025,November,mismatch_month,official_month=10;oanda_month=11,694,148841,Personal Consumption Expenditures,standard_pinned_report,expected_event_name,consistent,,consistent,,consistent,,"0,5% m/m","0,5% m/m","0,5% m/m"
2648,DURABLE_GOODS,2026-01-26T07:30:00-06:00,November 2025,November,compatible_month,month=11,59,147832,Durable Goods Orders - pre..,standard_pinned_report,expected_event_name,consistent,,consistent,,consistent,,"3,7% m/m","5,3% m/m","-2,2% m/m"
2260,FOMC,2026-01-28T13:00:00-06:00,FOMC 2026-01-28,January,compatible_fomc_month,official_date_month=1,82,135340,FOMC Interest Rate Decision,standard_pinned_report,expected_event_name,consistent,,consistent,,consistent,,"3,50-3,75%","3,50-3,75%","3,50-3,75%"
784,PPI,2026-01-30T07:30:00-06:00,December 2025,December,compatible_month,month=12,703,148032,Producer Price Index,standard_pinned_report,expected_event_name,consistent,,consistent,,consistent,,"0,2% m/m","0,5% m/m","0,2% m/m"
785,JOLTS,2026-02-05T09:00:00-06:00,December 2025,December,compatible_month,month=12,1371,149053,JOLTS Job Openings,standard_pinned_report,expected_event_name,consistent,,consistent,,consistent,,"7,2 mn","6,542 mn","7,146 mn"
2649,RETAIL_SALES,2026-02-10T07:30:00-06:00,December 2025,December,compatible_month,month=12,696,148916,Retail Sales,standard_pinned_report,expected_event_name,consistent,,consistent,,consistent,,"0,4% m/m","0,0% m/m","0,6% m/m"
786,EMPLOYMENT,2026-02-11T07:30:00-06:00,January 2026,January,compatible_month,month=1,707,146043,Non-Farm Employment Change,standard_pinned_report,expected_event_name,consistent,,consistent,,consistent,,70 k,130 k,50 k
787,CPI,2026-02-13T07:30:00-06:00,January 2026,January,compatible_month,month=1,699,145756,Consumer Price Index,standard_pinned_report,expected_event_name,consistent,,consistent,,consistent,,"0,3% m/m","0,2% m/m","0,3% m/m"
2650,DURABLE_GOODS,2026-02-18T07:30:00-06:00,December 2025,December,compatible_month,month=12,59,149547,Durable Goods Orders - pre..,standard_pinned_report,expected_event_name,consistent,,consistent,,consistent,,"-1,9% m/m","-1,4% m/m","5,3% m/m"
1980,GDP,2026-02-20T07:30:00-06:00,Q4 2025 Advance,4Q,compatible_quarter,quarter=4,690,149437,GDP (Annualized) - pre..,standard_pinned_report,expected_event_name,consistent,,consistent,,consistent,,3%,"1,4%","4,4%"
1981,PCE,2026-02-20T07:30:00-06:00,December 2025,December,compatible_month,month=12,694,148876,Personal Consumption Expenditures,standard_pinned_report,expected_event_name,consistent,,consistent,,consistent,,"0,4% m/m","0,4% m/m","0,5% m/m"
788,PPI,2026-02-27T07:30:00-06:00,January 2026,January,compatible_month,month=1,703,145816,Producer Price Index,standard_pinned_report,expected_event_name,consistent,,consistent,,consistent,,"0,3% m/m","0,5% m/m","0,5% m/m"
789,EMPLOYMENT,2026-03-06T07:30:00-06:00,February 2026,February,compatible_month,month=2,707,146051,Non-Farm Employment Change,standard_pinned_report,expected_event_name,consistent,,consistent,,consistent,,60 k,-92 k,130 k
2651,RETAIL_SALES,2026-03-06T07:30:00-06:00,January 2026,January,compatible_month,month=1,696,149772,Retail Sales,standard_pinned_report,expected_event_name,consistent,,consistent,,consistent,,"-0,3% m/m","-0,2% m/m","0,0% m/m"
790,CPI,2026-03-11T07:30:00-05:00,February 2026,February,compatible_month,month=2,699,145761,Consumer Price Index,standard_pinned_report,expected_event_name,consistent,,consistent,,consistent,,"0,3% m/m","0,3% m/m","0,2% m/m"
2652,DURABLE_GOODS,2026-03-13T07:30:00-05:00,January 2026,January,compatible_month,month=1,59,149777,Durable Goods Orders - pre..,standard_pinned_report,expected_event_name,consistent,,consistent,,consistent,,"1,1% m/m","0,0% m/m","-1,4% m/m"
1982,GDP,2026-03-13T07:30:00-05:00,Q4 2025 Second,4Q,compatible_quarter,quarter=4,690,149442,GDP (Annualized) - rev..,standard_pinned_report,expected_event_name,consistent,,consistent,,consistent,,"1,4%","0,7%","4,4%"
1983,PCE,2026-03-13T07:30:00-05:00,January 2026,January,compatible_month,month=1,694,145262,Personal Consumption Expenditures,standard_pinned_report,expected_event_name,consistent,,consistent,,consistent,,"0,3% m/m","0,4% m/m","0,4% m/m"
791,JOLTS,2026-03-13T09:00:00-05:00,January 2026,January,compatible_month,month=1,1371,149594,JOLTS Job Openings,standard_pinned_report,expected_event_name,consistent,,consistent,,consistent,,"6,7 mn","6,946 mn","6,542 mn"
792,PPI,2026-03-18T07:30:00-05:00,February 2026,February,compatible_month,month=2,703,145821,Producer Price Index,standard_pinned_report,expected_event_name,consistent,,consistent,,consistent,,"0,3% m/m","0,7% m/m","0,5% m/m"
2261,FOMC,2026-03-18T13:00:00-05:00,FOMC 2026-03-18,March,compatible_fomc_month,official_date_month=3,82,135341,FOMC Interest Rate Decision,standard_pinned_report,expected_event_name,consistent,,consistent,,consistent,,"3,50-3,75%","3,50-3,75%","3,50-3,75%"
793,JOLTS,2026-03-31T09:00:00-05:00,February 2026,February,compatible_month,month=2,1371,149595,JOLTS Job Openings,standard_pinned_report,expected_event_name,consistent,,consistent,,consistent,,"6,92 mn","6,882 mn","6,946 mn"
2653,RETAIL_SALES,2026-04-01T07:30:00-05:00,February 2026,February,compatible_month,month=2,696,150518,Retail Sales,standard_pinned_report,expected_event_name,consistent,,consistent,,consistent,,"0,5% m/m","0,6% m/m","-0,2% m/m"
794,EMPLOYMENT,2026-04-03T07:30:00-05:00,March 2026,March,compatible_month,month=3,707,146059,Non-Farm Employment Change,standard_pinned_report,expected_event_name,consistent,,consistent,,consistent,,60 k,178 k,-92 k
2654,DURABLE_GOODS,2026-04-07T07:30:00-05:00,February 2026,February,compatible_month,month=2,59,150530,Durable Goods Orders - pre..,standard_pinned_report,expected_event_name,consistent,,consistent,,missing,,-1% m/m,"-1,4% m/m",
1984,GDP,2026-04-09T07:30:00-05:00,Q4 2025 Third,4Q,compatible_quarter,quarter=4,690,149447,GDP (Annualized) - fin..,standard_pinned_report,expected_event_name,consistent,,consistent,,consistent,,"0,7%","0,5%","4,4%"
1985,PCE,2026-04-09T07:30:00-05:00,February 2026,February,compatible_month,month=2,694,145268,Personal Consumption Expenditures,standard_pinned_report,expected_event_name,consistent,,consistent,,consistent,,"0,5% m/m","0,5% m/m","0,4% m/m"
795,CPI,2026-04-10T07:30:00-05:00,March 2026,March,compatible_month,month=3,699,145766,Consumer Price Index,standard_pinned_report,expected_event_name,consistent,,consistent,,consistent,,"0,9% m/m","0,9% m/m","0,3% m/m"
796,PPI,2026-04-14T07:30:00-05:00,March 2026,March,compatible_month,month=3,703,145826,Producer Price Index,standard_pinned_report,expected_event_name,consistent,,consistent,,consistent,,"1,1% m/m","0,5% m/m","0,7% m/m"
2655,RETAIL_SALES,2026-04-21T07:30:00-05:00,March 2026,March,compatible_month,month=3,696,150523,Retail Sales,standard_pinned_report,expected_event_name,consistent,,consistent,,consistent,,"1,4% m/m","1,7% m/m","0,6% m/m"
2656,DURABLE_GOODS,2026-04-29T07:30:00-05:00,March 2026,March,compatible_month,month=3,59,150532,Durable Goods Orders - pre..,standard_pinned_report,expected_event_name,consistent,,consistent,,consistent,,"0,5% m/m","0,8% m/m","-1,3% m/m"
2262,FOMC,2026-04-29T13:00:00-05:00,FOMC 2026-04-29,April,compatible_fomc_month,official_date_month=4,82,135342,FOMC Interest Rate Decision,standard_pinned_report,expected_event_name,consistent,,consistent,,consistent,,"3,50-3,75%","3,50-3,75%","3,50-3,75%"
1986,GDP,2026-04-30T07:30:00-05:00,Q1 2026 Advance,1Q,compatible_quarter,quarter=1,690,149613,GDP (Annualized) - pre..,standard_pinned_report,expected_event_name,consistent,,consistent,,consistent,,"2,3%",2%,"0,5%"
1987,PCE,2026-04-30T07:30:00-05:00,March 2026,March,compatible_month,month=3,694,145274,Personal Consumption Expenditures,standard_pinned_report,expected_event_name,consistent,,consistent,,consistent,,"0,9% m/m","0,9% m/m","0,5% m/m"
798,JOLTS,2026-05-05T09:00:00-05:00,March 2026,March,compatible_month,month=3,1371,150503,JOLTS Job Openings,standard_pinned_report,expected_event_name,consistent,,consistent,,consistent,,"6,835 mn","6,866 mn","6,882 mn"
799,EMPLOYMENT,2026-05-08T07:30:00-05:00,April 2026,April,compatible_month,month=4,707,146067,Non-Farm Employment Change,standard_pinned_report,expected_event_name,consistent,,consistent,,consistent,,62 k,115 k,178 k
800,CPI,2026-05-12T07:30:00-05:00,April 2026,April,compatible_month,month=4,699,145771,Consumer Price Index,standard_pinned_report,expected_event_name,consistent,,consistent,,consistent,,"0,6% m/m","0,6% m/m","0,9% m/m"
801,PPI,2026-05-13T07:30:00-05:00,April 2026,April,compatible_month,month=4,703,145831,Producer Price Index,standard_pinned_report,expected_event_name,consistent,,consistent,,consistent,,"0,5% m/m","1,4% m/m","0,5% m/m"
2657,RETAIL_SALES,2026-05-14T07:30:00-05:00,April 2026,April,compatible_month,month=4,696,146219,Retail Sales,standard_pinned_report,expected_event_name,consistent,,consistent,,consistent,,"0,5% m/m","0,5% m/m","1,7% m/m"
2658,DURABLE_GOODS,2026-05-28T07:30:00-05:00,April 2026,April,compatible_month,month=4,59,146276,Durable Goods Orders - pre..,standard_pinned_report,expected_event_name,consistent,,consistent,,consistent,,"3,4% m/m","7,9% m/m","0,8% m/m"
1988,GDP,2026-05-28T07:30:00-05:00,Q1 2026 Second,1Q,compatible_quarter,quarter=1,690,149731,GDP (Annualized) - rev..,standard_pinned_report,expected_event_name,consistent,,consistent,,consistent,,2%,"1,6%","0,5%"
1989,PCE,2026-05-28T07:30:00-05:00,April 2026,April,compatible_month,month=4,694,145280,Personal Consumption Expenditures,standard_pinned_report,expected_event_name,consistent,,consistent,,consistent,,"0,5% m/m","0,5% m/m","0,9% m/m"
802,JOLTS,2026-06-02T09:00:00-05:00,April 2026,April,compatible_month,month=4,1371,150504,JOLTS Job Openings,standard_pinned_report,expected_event_name,consistent,,consistent,,consistent,,"6,88 mn","7,618 mn","6,866 mn"
803,EMPLOYMENT,2026-06-05T07:30:00-05:00,May 2026,May,compatible_month,month=5,707,146075,Non-Farm Employment Change,standard_pinned_report,expected_event_name,consistent,,consistent,,consistent,,85 k,172 k,115 k
804,CPI,2026-06-10T07:30:00-05:00,May 2026,May,compatible_month,month=5,699,145776,Consumer Price Index,standard_pinned_report,expected_event_name,consistent,,consistent,,consistent,,"0,5% m/m","0,5% m/m","0,6% m/m"
805,PPI,2026-06-11T07:30:00-05:00,May 2026,May,compatible_month,month=5,703,145836,Producer Price Index,standard_pinned_report,expected_event_name,consistent,,consistent,,consistent,,"0,7% m/m","1,1% m/m","1,4% m/m"
2659,RETAIL_SALES,2026-06-17T07:30:00-05:00,May 2026,May,compatible_month,month=5,696,146224,Retail Sales,standard_pinned_report,expected_event_name,consistent,,consistent,,consistent,,"0,5% m/m","0,9% m/m","0,5% m/m"
2263,FOMC,2026-06-17T13:00:00-05:00,FOMC 2026-06-17,June,compatible_fomc_month,official_date_month=6,82,135343,FOMC Interest Rate Decision,standard_pinned_report,expected_event_name,consistent,,consistent,,consistent,,"3,50-3,75%","3,50-3,75%","3,50-3,75%"
2660,DURABLE_GOODS,2026-06-25T07:30:00-05:00,May 2026,May,compatible_month,month=5,59,146277,Durable Goods Orders - pre..,standard_pinned_report,expected_event_name,consistent,,consistent,,consistent,,"-4,4% m/m","-4,5% m/m",8% m/m
1990,GDP,2026-06-25T07:30:00-05:00,Q1 2026 Third,1Q,compatible_quarter,quarter=1,690,149736,GDP (Annualized) - fin..,standard_pinned_report,expected_event_name,consistent,,consistent,,consistent,,"1,6%","2,1%","0,5%"
1991,PCE,2026-06-25T07:30:00-05:00,May 2026,May,compatible_month,month=5,694,145286,Personal Consumption Expenditures,standard_pinned_report,expected_event_name,consistent,,consistent,,consistent,,"0,6% m/m","0,7% m/m","0,5% m/m"
806,JOLTS,2026-06-30T09:00:00-05:00,May 2026,May,compatible_month,month=5,1371,150505,JOLTS Job Openings,standard_pinned_report,expected_event_name,consistent,,consistent,,consistent,,"7,3 mn","7,594 mn","7,618 mn"
807,EMPLOYMENT,2026-07-02T07:30:00-05:00,June 2026,June,compatible_month,month=6,707,146083,Non-Farm Employment Change,standard_pinned_report,expected_event_name,consistent,,consistent,,consistent,,110 k,57 k,172 k
808,CPI,2026-07-14T07:30:00-05:00,June 2026,June,compatible_month,month=6,699,145781,Consumer Price Index,standard_pinned_report,expected_event_name,consistent,,consistent,,consistent,,"-0,1% m/m","-0,4% m/m","0,5% m/m"
809,PPI,2026-07-15T07:30:00-05:00,June 2026,June,compatible_month,month=6,703,145841,Producer Price Index,standard_pinned_report,expected_event_name,consistent,,consistent,,consistent,,"0,0% m/m","-0,3% m/m","1,1% m/m"
2661,RETAIL_SALES,2026-07-16T07:30:00-05:00,June 2026,June,compatible_month,month=6,696,146229,Retail Sales,standard_pinned_report,expected_event_name,consistent,,consistent,,consistent,,"0,2% m/m","0,2% m/m","0,9% m/m"
2662,DURABLE_GOODS,2026-07-27T07:30:00-05:00,June 2026,June,compatible_month,month=6,59,146278,Durable Goods Orders - pre..,standard_pinned_report,expected_event_name,consistent,,consistent,,consistent,,"2,5% m/m","0,3% m/m","-4,5% m/m"
2264,FOMC,2026-07-29T13:00:00-05:00,FOMC 2026-07-29,July,compatible_fomc_month,official_date_month=7,82,135344,FOMC Interest Rate Decision,standard_pinned_report,expected_event_name,consistent,,consistent,,consistent,,"3,50-3,75%","3,50-3,75%","3,50-3,75%"
1992,GDP,2026-07-30T07:30:00-05:00,Q2 2026 Advance,2Q,compatible_quarter,quarter=2,690,149741,GDP (Annualized) - pre..,standard_pinned_report,expected_event_name,consistent,,consistent,,consistent,,"2,1%","1,5%","2,1%"
810,JOLTS,2026-08-04T09:00:00-05:00,June 2026,June,compatible_month,month=6,1371,150506,JOLTS Job Openings,standard_pinned_report,expected_event_name,consistent,,consistent,,consistent,,"7,45 mn","7,359 mn","7,594 mn"
811,EMPLOYMENT,2026-08-07T07:30:00-05:00,July 2026,July,compatible_month,month=7,707,146091,Non-Farm Employment Change,standard_pinned_report,expected_event_name,consistent,,consistent,,consistent,,80 k,-23 k,57 k
812,CPI,2026-08-12T07:30:00-05:00,July 2026,July,compatible_month,month=7,699,145786,Consumer Price Index,standard_pinned_report,expected_event_name,consistent,,consistent,,consistent,,"0,1% m/m","0,1% m/m","-0,4% m/m"
813,PPI,2026-08-13T07:30:00-05:00,July 2026,July,compatible_month,month=7,703,145846,Producer Price Index,standard_pinned_report,expected_event_name,consistent,,consistent,,consistent,,"0,2% m/m","0,0% m/m","-0,3% m/m"
2663,RETAIL_SALES,2026-08-14T07:30:00-05:00,July 2026,July,compatible_month,month=7,696,146234,Retail Sales,standard_pinned_report,expected_event_name,consistent,,consistent,,consistent,,"0,1% m/m","-0,6% m/m","0,2% m/m"
