event_family,official_event_timestamp_utc,official_release_date,official_source_agency,official_reference_period,oanda_date,oanda_event,oanda_report_id,oanda_event_id,oanda_period,oanda_priority,oanda_actual,oanda_forecast,oanda_previous,oanda_timestamp,forecast_present,previous_present,actual_present,match_rule,source_file
PPI,2011-07-14T07:30:00-05:00,2011-07-14,BLS,June 2011,2011-07-14 14:30,Producer Price Index,703,24462,June,2,-0.4% m/m,-0.1% m/m,0.2% m/m,1310646600,1,1,1,pinned_report_and_event_name,EconomicCalendar/raw/oanda/daily/2011-07-14.json
RETAIL_SALES,2011-07-14T07:30:00-05:00,2011-07-14,CENSUS,June 2011,2011-07-14 14:30,Retail Sales,696,24144,June,3,0.1% m/m,,-0.2% m/m,1310646600,0,1,1,pinned_report_and_event_name,EconomicCalendar/raw/oanda/daily/2011-07-14.json
CPI,2011-07-15T07:30:00-05:00,2011-07-15,BLS,June 2011,2011-07-15 14:30,Consumer Price Index,699,24290,June,3,-0.2% m/m,-0.1% m/m,0.2% m/m,1310733000,1,1,1,pinned_report_and_event_name,EconomicCalendar/raw/oanda/daily/2011-07-15.json
DURABLE_GOODS,2011-07-27T07:30:00-05:00,2011-07-27,CENSUS,June 2011,2011-07-27 14:30,Durable Goods Orders - pre..,59,4333,June,3,-2.1% m/m,0.3% m/m,2.1% m/m,1311769800,1,1,1,pinned_report_and_event_name,EconomicCalendar/raw/oanda/daily/2011-07-27.json
GDP,2011-07-29T07:30:00-05:00,2011-07-29,BEA,Q2 2011 Advance,2011-07-29 14:30,GDP (Annualized) - pre..,690,23812,2Q,3,1.3%,1.9%,1.9%,1311942600,1,1,1,pinned_report_and_event_name,EconomicCalendar/raw/oanda/daily/2011-07-29.json
PCE,2011-08-02T07:30:00-05:00,2011-08-02,BEA,June 2011,2011-08-02 14:30,Personal Consumption Expenditures,694,24035,June,2,-0.2% m/m,0.2% m/m,,1312288200,1,0,1,pinned_report_and_event_name,EconomicCalendar/raw/oanda/daily/2011-08-02.json
EMPLOYMENT,2011-08-05T07:30:00-05:00,2011-08-05,BLS,July 2011,2011-08-05 14:30,Non-Farm Employment Change,707,24661,July,3,117 k,90 k,18 k,1312547400,1,1,1,pinned_report_and_event_name,EconomicCalendar/raw/oanda/daily/2011-08-05.json
FOMC,2011-08-09T13:15:00-05:00,2011-08-09,FEDERAL_RESERVE,FOMC 2011-08-09,2011-08-09 20:18,FOMC Interest Rate Decision,82,7007,August,3,0.25%,0.25%,0.25%,1312913880,1,1,1,pinned_report_and_event_name,EconomicCalendar/raw/oanda/daily/2011-08-09.json
RETAIL_SALES,2011-08-12T07:30:00-05:00,2011-08-12,CENSUS,July 2011,2011-08-12 14:30,Retail Sales,696,24149,July,3,0.5% m/m,0.5% m/m,0.1% m/m,1313152200,1,1,1,pinned_report_and_event_name,EconomicCalendar/raw/oanda/daily/2011-08-12.json
PPI,2011-08-17T07:30:00-05:00,2011-08-17,BLS,July 2011,2011-08-17 14:30,Producer Price Index,703,24466,July,2,0.2% m/m,,-0.4% m/m,1313584200,0,1,1,pinned_report_and_event_name,EconomicCalendar/raw/oanda/daily/2011-08-17.json
CPI,2011-08-18T07:30:00-05:00,2011-08-18,BLS,July 2011,2011-08-18 14:30,Consumer Price Index,699,24294,July,3,0.5% m/m,0.2% m/m,-0.2% m/m,1313670600,1,1,1,pinned_report_and_event_name,EconomicCalendar/raw/oanda/daily/2011-08-18.json
DURABLE_GOODS,2011-08-24T07:30:00-05:00,2011-08-24,CENSUS,July 2011,2011-08-24 14:30,Durable Goods Orders - pre..,59,4343,July,3,4% m/m,1.9% m/m,-1.9% m/m,1314189000,1,1,1,pinned_report_and_event_name,EconomicCalendar/raw/oanda/daily/2011-08-24.json
GDP,2011-08-26T07:30:00-05:00,2011-08-26,BEA,Q2 2011 Second,2011-08-26 14:30,GDP (Annualized) - rev..,690,23815,2Q,3,1%,1.1%,0.4%,1314361800,1,1,1,pinned_report_and_event_name,EconomicCalendar/raw/oanda/daily/2011-08-26.json
PCE,2011-08-29T07:30:00-05:00,2011-08-29,BEA,July 2011,2011-08-29 14:30,Personal Consumption Expenditures,694,24040,July,2,0.8% m/m,0.4% m/m,-0.2% m/m,1314621000,1,1,1,pinned_report_and_event_name,EconomicCalendar/raw/oanda/daily/2011-08-29.json
EMPLOYMENT,2011-09-02T07:30:00-05:00,2011-09-02,BLS,August 2011,2011-09-02 14:30,Non-Farm Employment Change,707,24666,August,3,,75 k,117 k,1314966600,1,1,0,pinned_report_and_event_name,EconomicCalendar/raw/oanda/daily/2011-09-02.json
PPI,2011-09-14T07:30:00-05:00,2011-09-14,BLS,August 2011,2011-09-14 14:30,Producer Price Index,703,24470,August,2,,-0.1% m/m,0.2% m/m,1316003400,1,1,0,pinned_report_and_event_name,EconomicCalendar/raw/oanda/daily/2011-09-14.json
RETAIL_SALES,2011-09-14T07:30:00-05:00,2011-09-14,CENSUS,August 2011,2011-09-14 14:30,Retail Sales,696,24154,August,3,,0.2% m/m,0.5% m/m,1316003400,1,1,0,pinned_report_and_event_name,EconomicCalendar/raw/oanda/daily/2011-09-14.json
CPI,2011-09-15T07:30:00-05:00,2011-09-15,BLS,August 2011,2011-09-15 14:30,Consumer Price Index,699,24298,August,3,0.4% m/m,0.2% m/m,0.5% m/m,1316089800,1,1,1,pinned_report_and_event_name,EconomicCalendar/raw/oanda/daily/2011-09-15.json
FOMC,2011-09-21T13:15:00-05:00,2011-09-21,FEDERAL_RESERVE,FOMC 2011-09-21,2011-09-21 20:22,FOMC Interest Rate Decision,82,7014,September,3,0.25%,0.25%,0.25%,1316629320,1,1,1,pinned_report_and_event_name,EconomicCalendar/raw/oanda/daily/2011-09-21.json
DURABLE_GOODS,2011-09-28T07:30:00-05:00,2011-09-28,CENSUS,August 2011,2011-09-28 14:30,Durable Goods Orders - pre..,59,4353,August,3,-0.1% m/m,-0.6% m/m,4.1% m/m,1317213000,1,1,1,pinned_report_and_event_name,EconomicCalendar/raw/oanda/daily/2011-09-28.json
GDP,2011-09-29T07:30:00-05:00,2011-09-29,BEA,Q2 2011 Third,2011-09-29 14:30,GDP (Annualized) - fin..,690,23820,2Q,3,1.3%,1.2%,0.4%,1317299400,1,1,1,pinned_report_and_event_name,EconomicCalendar/raw/oanda/daily/2011-09-29.json
PCE,2011-09-30T07:30:00-05:00,2011-09-30,BEA,August 2011,2011-09-30 14:30,Personal Consumption Expenditures,694,24045,August,2,0.2% m/m,0.2% m/m,0.8% m/m,1317385800,1,1,1,pinned_report_and_event_name,EconomicCalendar/raw/oanda/daily/2011-09-30.json
EMPLOYMENT,2011-10-07T07:30:00-05:00,2011-10-07,BLS,September 2011,2011-10-07 14:30,Non-Farm Employment Change,707,24671,September,3,103 k,60 k,,1317990600,1,0,1,pinned_report_and_event_name,EconomicCalendar/raw/oanda/daily/2011-10-07.json
RETAIL_SALES,2011-10-14T07:30:00-05:00,2011-10-14,CENSUS,September 2011,2011-10-14 14:30,Retail Sales,696,24159,September,3,1.1% m/m,0.6% m/m,,1318595400,1,0,1,pinned_report_and_event_name,EconomicCalendar/raw/oanda/daily/2011-10-14.json
PPI,2011-10-18T07:30:00-05:00,2011-10-18,BLS,September 2011,2011-10-18 14:30,Producer Price Index,703,24474,September,2,0.8% m/m,0.2% m/m,,1318941000,1,0,1,pinned_report_and_event_name,EconomicCalendar/raw/oanda/daily/2011-10-18.json
CPI,2011-10-19T07:30:00-05:00,2011-10-19,BLS,September 2011,2011-10-19 14:30,Consumer Price Index,699,24302,September,3,0.3% m/m,0.3% m/m,0.4% m/m,1319027400,1,1,1,pinned_report_and_event_name,EconomicCalendar/raw/oanda/daily/2011-10-19.json
DURABLE_GOODS,2011-10-26T07:30:00-05:00,2011-10-26,CENSUS,September 2011,2011-10-26 14:30,Durable Goods Orders - pre..,59,4363,September,3,-0.8% m/m,-0.7% m/m,-0.1% m/m,1319632200,1,1,1,pinned_report_and_event_name,EconomicCalendar/raw/oanda/daily/2011-10-26.json
GDP,2011-10-27T07:30:00-05:00,2011-10-27,BEA,Q3 2011 Advance,2011-10-27 14:30,GDP (Annualized) - pre..,690,23813,3Q,3,2.5%,2.5%,1.3%,1319718600,1,1,1,pinned_report_and_event_name,EconomicCalendar/raw/oanda/daily/2011-10-27.json
PCE,2011-10-28T07:30:00-05:00,2011-10-28,BEA,September 2011,2011-10-28 14:30,Personal Consumption Expenditures,694,24050,September,2,0.6% m/m,0.5% m/m,0.2% m/m,1319805000,1,1,1,pinned_report_and_event_name,EconomicCalendar/raw/oanda/daily/2011-10-28.json
FOMC,2011-11-02T11:30:00-05:00,2011-11-02,FEDERAL_RESERVE,FOMC 2011-11-02,2011-11-02 17:30,FOMC Interest Rate Decision,82,7026,November,3,0.25%,0.25%,0.25%,1320251400,1,1,1,pinned_report_and_event_name,EconomicCalendar/raw/oanda/daily/2011-11-02.json
EMPLOYMENT,2011-11-04T07:30:00-05:00,2011-11-04,BLS,October 2011,2011-11-04 13:30,Non-Farm Employment Change,707,24676,October,3,80 k,95 k,103 k,1320409800,1,1,1,pinned_report_and_event_name,EconomicCalendar/raw/oanda/daily/2011-11-04.json
PPI,2011-11-15T07:30:00-06:00,2011-11-15,BLS,October 2011,2011-11-15 14:30,Producer Price Index,703,24478,October,2,-0.3% m/m,0.1% m/m,0.8% m/m,1321363800,1,1,1,pinned_report_and_event_name,EconomicCalendar/raw/oanda/daily/2011-11-15.json
RETAIL_SALES,2011-11-15T07:30:00-06:00,2011-11-15,CENSUS,October 2011,2011-11-15 14:30,Retail Sales,696,24164,October,3,0.5% m/m,0.2% m/m,1.1% m/m,1321363800,1,1,1,pinned_report_and_event_name,EconomicCalendar/raw/oanda/daily/2011-11-15.json
CPI,2011-11-16T07:30:00-06:00,2011-11-16,BLS,October 2011,2011-11-16 14:30,Consumer Price Index,699,24306,October,3,-0.1% m/m,,0.3% m/m,1321450200,0,1,1,pinned_report_and_event_name,EconomicCalendar/raw/oanda/daily/2011-11-16.json
GDP,2011-11-22T07:30:00-06:00,2011-11-22,BEA,Q3 2011 Second,2011-11-22 14:30,GDP (Annualized) - rev..,690,23816,3Q,3,2%,2.5%,1.3%,1321968600,1,1,1,pinned_report_and_event_name,EconomicCalendar/raw/oanda/daily/2011-11-22.json
DURABLE_GOODS,2011-11-23T07:30:00-06:00,2011-11-23,CENSUS,October 2011,2011-11-23 14:30,Durable Goods Orders - pre..,59,4373,October,3,-0.7% m/m,-0.9% m/m,-0.6% m/m,1322055000,1,1,1,pinned_report_and_event_name,EconomicCalendar/raw/oanda/daily/2011-11-23.json
PCE,2011-11-23T07:30:00-06:00,2011-11-23,BEA,October 2011,2011-11-23 14:30,Personal Consumption Expenditures,694,24055,October,2,0.1% m/m,0.3% m/m,0.6% m/m,1322055000,1,1,1,pinned_report_and_event_name,EconomicCalendar/raw/oanda/daily/2011-11-23.json
EMPLOYMENT,2011-12-02T07:30:00-06:00,2011-12-02,BLS,November 2011,2011-12-02 14:30,Non-Farm Employment Change,707,24681,November,3,120 k,125 k,80 k,1322832600,1,1,1,pinned_report_and_event_name,EconomicCalendar/raw/oanda/daily/2011-12-02.json
RETAIL_SALES,2011-12-13T07:30:00-06:00,2011-12-13,CENSUS,November 2011,2011-12-13 14:30,Retail Sales,696,24169,November,3,0.2% m/m,0.5% m/m,0.5% m/m,1323783000,1,1,1,pinned_report_and_event_name,EconomicCalendar/raw/oanda/daily/2011-12-13.json
FOMC,2011-12-13T13:15:00-06:00,2011-12-13,FEDERAL_RESERVE,FOMC 2011-12-13,2011-12-13 20:13,FOMC Interest Rate Decision,82,7030,December,3,0.25%,0.25%,0.25%,1323803580,1,1,1,pinned_report_and_event_name,EconomicCalendar/raw/oanda/daily/2011-12-13.json
PPI,2011-12-15T07:30:00-06:00,2011-12-15,BLS,November 2011,2011-12-15 14:30,Producer Price Index,703,24482,November,2,0.3% m/m,0.2% m/m,-0.3% m/m,1323955800,1,1,1,pinned_report_and_event_name,EconomicCalendar/raw/oanda/daily/2011-12-15.json
CPI,2011-12-16T07:30:00-06:00,2011-12-16,BLS,November 2011,2011-12-16 14:30,Consumer Price Index,699,24310,November,3,,0.1% m/m,-0.1% m/m,1324042200,1,1,0,pinned_report_and_event_name,EconomicCalendar/raw/oanda/daily/2011-12-16.json
GDP,2011-12-22T07:30:00-06:00,2011-12-22,BEA,Q3 2011 Third,2011-12-22 14:30,GDP (Annualized) - fin..,690,23821,3Q,3,1.8%,2%,1.3%,1324560600,1,1,1,pinned_report_and_event_name,EconomicCalendar/raw/oanda/daily/2011-12-22.json
DURABLE_GOODS,2011-12-23T07:30:00-06:00,2011-12-23,CENSUS,November 2011,2011-12-23 14:30,Durable Goods Orders - pre..,59,4382,November,3,3.8% m/m,2% m/m,-0.5% m/m,1324647000,1,1,1,pinned_report_and_event_name,EconomicCalendar/raw/oanda/daily/2011-12-23.json
PCE,2011-12-23T07:30:00-06:00,2011-12-23,BEA,November 2011,2011-12-23 14:30,Personal Consumption Expenditures,694,24060,November,2,0.1% m/m,0.3% m/m,0.1% m/m,1324647000,1,1,1,pinned_report_and_event_name,EconomicCalendar/raw/oanda/daily/2011-12-23.json
EMPLOYMENT,2012-01-06T07:30:00-06:00,2012-01-06,BLS,December 2011,2012-01-06 14:30,Non-Farm Employment Change,707,24686,December,3,200 k,150 k,120 k,1325856600,1,1,1,pinned_report_and_event_name,EconomicCalendar/raw/oanda/daily/2012-01-06.json
RETAIL_SALES,2012-01-12T07:30:00-06:00,2012-01-12,CENSUS,December 2011,2012-01-12 14:30,Retail Sales,696,24174,December,3,0.1% m/m,0.3% m/m,0.2% m/m,1326375000,1,1,1,pinned_report_and_event_name,EconomicCalendar/raw/oanda/daily/2012-01-12.json
PPI,2012-01-18T07:30:00-06:00,2012-01-18,BLS,December 2011,2012-01-18 14:30,Producer Price Index,703,24486,December,2,-0.1% m/m,0.1% m/m,0.3% m/m,1326893400,1,1,1,pinned_report_and_event_name,EconomicCalendar/raw/oanda/daily/2012-01-18.json
CPI,2012-01-19T07:30:00-06:00,2012-01-19,BLS,December 2011,2012-01-19 14:30,Consumer Price Index,699,24314,December,3,,0.1% m/m,,1326979800,1,0,0,pinned_report_and_event_name,EconomicCalendar/raw/oanda/daily/2012-01-19.json
FOMC,2012-01-25T11:30:00-06:00,2012-01-25,FEDERAL_RESERVE,FOMC 2012-01-25,2012-01-25 18:27,FOMC Interest Rate Decision,82,6984,January,3,0.25%,0.25%,0.25%,1327512420,1,1,1,pinned_report_and_event_name,EconomicCalendar/raw/oanda/daily/2012-01-25.json
DURABLE_GOODS,2012-01-26T07:30:00-06:00,2012-01-26,CENSUS,December 2011,2012-01-26 14:30,Durable Goods Orders - pre..,59,4393,December,3,3% m/m,2% m/m,3.7% m/m,1327584600,1,1,1,pinned_report_and_event_name,EconomicCalendar/raw/oanda/daily/2012-01-26.json
GDP,2012-01-27T07:30:00-06:00,2012-01-27,BEA,Q4 2011 Advance,2012-01-27 14:30,GDP (Annualized) - pre..,690,23822,4Q,3,2.8%,3%,1.8%,1327671000,1,1,1,pinned_report_and_event_name,EconomicCalendar/raw/oanda/daily/2012-01-27.json
PCE,2012-01-30T07:30:00-06:00,2012-01-30,BEA,December 2011,2012-01-30 14:30,Personal Consumption Expenditures,694,24065,December,2,,0.1% m/m,0.1% m/m,1327930200,1,1,0,pinned_report_and_event_name,EconomicCalendar/raw/oanda/daily/2012-01-30.json
EMPLOYMENT,2012-02-03T07:30:00-06:00,2012-02-03,BLS,January 2012,2012-02-03 14:30,Non-Farm Employment Change,707,24634,January,3,243 k,155 k,200 k,1328275800,1,1,1,pinned_report_and_event_name,EconomicCalendar/raw/oanda/daily/2012-02-03.json
RETAIL_SALES,2012-02-14T07:30:00-06:00,2012-02-14,CENSUS,January 2012,2012-02-14 14:30,Retail Sales,696,24124,January,3,0.4% m/m,0.6% m/m,0.1% m/m,1329226200,1,1,1,pinned_report_and_event_name,EconomicCalendar/raw/oanda/daily/2012-02-14.json
PPI,2012-02-16T07:30:00-06:00,2012-02-16,BLS,January 2012,2012-02-16 14:30,Producer Price Index,703,24446,January,2,0.1% m/m,0.4% m/m,-0.1% m/m,1329399000,1,1,1,pinned_report_and_event_name,EconomicCalendar/raw/oanda/daily/2012-02-16.json
CPI,2012-02-17T07:30:00-06:00,2012-02-17,BLS,January 2012,2012-02-17 14:30,Consumer Price Index,699,24274,January,3,0.2% m/m,0.3% m/m,,1329485400,1,0,1,pinned_report_and_event_name,EconomicCalendar/raw/oanda/daily/2012-02-17.json
DURABLE_GOODS,2012-02-28T07:30:00-06:00,2012-02-28,CENSUS,January 2012,2012-02-28 14:30,Durable Goods Orders - pre..,59,4291,January,3,-4% m/m,"-0,9% m/m",3% m/m,1330435800,1,1,1,pinned_report_and_event_name,EconomicCalendar/raw/oanda/daily/2012-02-28.json
GDP,2012-02-29T07:30:00-06:00,2012-02-29,BEA,Q4 2011 Second,2012-02-29 14:30,GDP (Annualized) - rev..,690,23823,4Q,3,3%,2.8%,1.8%,1330522200,1,1,1,pinned_report_and_event_name,EconomicCalendar/raw/oanda/daily/2012-02-29.json
PCE,2012-03-01T07:30:00-06:00,2012-03-01,BEA,January 2012,2012-03-01 14:30,Personal Consumption Expenditures,694,24014,January,2,0.2% m/m,0.4% m/m,,1330608600,1,0,1,pinned_report_and_event_name,EconomicCalendar/raw/oanda/daily/2012-03-01.json
EMPLOYMENT,2012-03-09T07:30:00-06:00,2012-03-09,BLS,February 2012,2012-03-09 14:30,Non-Farm Employment Change,707,24638,February,3,227 k,210 k,243 k,1331299800,1,1,1,pinned_report_and_event_name,EconomicCalendar/raw/oanda/daily/2012-03-09.json
RETAIL_SALES,2012-03-13T07:30:00-05:00,2012-03-13,CENSUS,February 2012,2012-03-13 13:30,Retail Sales,696,24128,February,3,1.1% m/m,1% m/m,0.4% m/m,1331641800,1,1,1,pinned_report_and_event_name,EconomicCalendar/raw/oanda/daily/2012-03-13.json
FOMC,2012-03-13T13:15:00-05:00,2012-03-13,FEDERAL_RESERVE,FOMC 2012-03-13,2012-03-13 19:15,FOMC Interest Rate Decision,82,6990,March,3,0.25%,0.25%,0.25%,1331662500,1,1,1,pinned_report_and_event_name,EconomicCalendar/raw/oanda/daily/2012-03-13.json
PPI,2012-03-15T07:30:00-05:00,2012-03-15,BLS,February 2012,2012-03-15 13:30,Producer Price Index,703,24449,February,2,0.4% m/m,0.4% m/m,0.1% m/m,1331814600,1,1,1,pinned_report_and_event_name,EconomicCalendar/raw/oanda/daily/2012-03-15.json
CPI,2012-03-16T07:30:00-05:00,2012-03-16,BLS,February 2012,2012-03-16 13:30,Consumer Price Index,699,24277,February,3,0.4% m/m,0.4% m/m,0.2% m/m,1331901000,1,1,1,pinned_report_and_event_name,EconomicCalendar/raw/oanda/daily/2012-03-16.json
DURABLE_GOODS,2012-03-28T07:30:00-05:00,2012-03-28,CENSUS,February 2012,2012-03-28 14:30,Durable Goods Orders - pre..,59,4299,February,3,"2,2% m/m",3% m/m,"-3,7% m/m",1332937800,1,1,1,pinned_report_and_event_name,EconomicCalendar/raw/oanda/daily/2012-03-28.json
GDP,2012-03-29T07:30:00-05:00,2012-03-29,BEA,Q4 2011 Third,2012-03-29 14:30,GDP (Annualized) - fin..,690,23824,4Q,3,3%,3%,1.8%,1333024200,1,1,1,pinned_report_and_event_name,EconomicCalendar/raw/oanda/daily/2012-03-29.json
PCE,2012-03-30T07:30:00-05:00,2012-03-30,BEA,February 2012,2012-03-30 14:30,Personal Consumption Expenditures,694,24019,February,2,0.8% m/m,0.5% m/m,0.2% m/m,1333110600,1,1,1,pinned_report_and_event_name,EconomicCalendar/raw/oanda/daily/2012-03-30.json
EMPLOYMENT,2012-04-06T07:30:00-05:00,2012-04-06,BLS,March 2012,2012-04-06 14:30,Non-Farm Employment Change,707,24643,March,3,120 k,200 k,227 k,1333715400,1,1,1,pinned_report_and_event_name,EconomicCalendar/raw/oanda/daily/2012-04-06.json
PPI,2012-04-12T07:30:00-05:00,2012-04-12,BLS,March 2012,2012-04-12 14:30,Producer Price Index,703,24452,March,2,,0.3% m/m,0.4% m/m,1334233800,1,1,0,pinned_report_and_event_name,EconomicCalendar/raw/oanda/daily/2012-04-12.json
CPI,2012-04-13T07:30:00-05:00,2012-04-13,BLS,March 2012,2012-04-13 14:30,Consumer Price Index,699,24280,March,3,0.3% m/m,0.3% m/m,0.4% m/m,1334320200,1,1,1,pinned_report_and_event_name,EconomicCalendar/raw/oanda/daily/2012-04-13.json
RETAIL_SALES,2012-04-16T07:30:00-05:00,2012-04-16,CENSUS,March 2012,2012-04-16 14:30,Retail Sales,696,24132,March,3,0.8% m/m,0.3% m/m,1.1% m/m,1334579400,1,1,1,pinned_report_and_event_name,EconomicCalendar/raw/oanda/daily/2012-04-16.json
DURABLE_GOODS,2012-04-25T07:30:00-05:00,2012-04-25,CENSUS,March 2012,2012-04-25 14:30,Durable Goods Orders - pre..,59,4307,March,3,"-4,2% m/m","-1,5% m/m","2,4% m/m",1335357000,1,1,1,pinned_report_and_event_name,EconomicCalendar/raw/oanda/daily/2012-04-25.json
FOMC,2012-04-25T11:30:00-05:00,2012-04-25,FEDERAL_RESERVE,FOMC 2012-04-25,2012-04-25 18:30,FOMC Interest Rate Decision,82,6995,April,3,0.25%,0.25%,0.25%,1335371400,1,1,1,pinned_report_and_event_name,EconomicCalendar/raw/oanda/daily/2012-04-25.json
GDP,2012-04-27T07:30:00-05:00,2012-04-27,BEA,Q1 2012 Advance,2012-04-27 14:30,GDP (Annualized) - pre..,690,23825,1Q,3,"2,2%","2,5%",3%,1335529800,1,1,1,pinned_report_and_event_name,EconomicCalendar/raw/oanda/daily/2012-04-27.json
PCE,2012-04-30T07:30:00-05:00,2012-04-30,BEA,March 2012,2012-04-30 14:30,Personal Consumption Expenditures,694,24023,March,2,0.3% m/m,0.5% m/m,0.8% m/m,1335789000,1,1,1,pinned_report_and_event_name,EconomicCalendar/raw/oanda/daily/2012-04-30.json
EMPLOYMENT,2012-05-04T07:30:00-05:00,2012-05-04,BLS,April 2012,2012-05-04 14:30,Non-Farm Employment Change,707,24647,April,3,115 k,170 k,120 k,1336134600,1,1,1,pinned_report_and_event_name,EconomicCalendar/raw/oanda/daily/2012-05-04.json
PPI,2012-05-11T07:30:00-05:00,2012-05-11,BLS,April 2012,2012-05-11 14:30,Producer Price Index,703,24455,April,2,-0.2% m/m,,,1336739400,0,0,1,pinned_report_and_event_name,EconomicCalendar/raw/oanda/daily/2012-05-11.json
CPI,2012-05-15T07:30:00-05:00,2012-05-15,BLS,April 2012,2012-05-15 14:30,Consumer Price Index,699,24283,April,3,,0.1% m/m,0.3% m/m,1337085000,1,1,0,pinned_report_and_event_name,EconomicCalendar/raw/oanda/daily/2012-05-15.json
RETAIL_SALES,2012-05-15T07:30:00-05:00,2012-05-15,CENSUS,April 2012,2012-05-15 14:30,Retail Sales,696,24136,April,3,0.1% m/m,0.2% m/m,0.8% m/m,1337085000,1,1,1,pinned_report_and_event_name,EconomicCalendar/raw/oanda/daily/2012-05-15.json
DURABLE_GOODS,2012-05-24T07:30:00-05:00,2012-05-24,CENSUS,April 2012,2012-05-24 14:30,Durable Goods Orders - pre..,59,4316,April,3,"0,2% m/m","0,5% m/m",-4% m/m,1337862600,1,1,1,pinned_report_and_event_name,EconomicCalendar/raw/oanda/daily/2012-05-24.json
GDP,2012-05-31T07:30:00-05:00,2012-05-31,BEA,Q1 2012 Second,2012-05-31 14:30,GDP (Annualized) - rev..,690,23826,1Q,3,"1,9%","1,9%",3%,1338467400,1,1,1,pinned_report_and_event_name,EconomicCalendar/raw/oanda/daily/2012-05-31.json
EMPLOYMENT,2012-06-01T07:30:00-05:00,2012-06-01,BLS,May 2012,2012-06-01 14:30,Non-Farm Employment Change,707,24651,May,3,69 k,150 k,115 k,1338553800,1,1,1,pinned_report_and_event_name,EconomicCalendar/raw/oanda/daily/2012-06-01.json
PCE,2012-06-01T07:30:00-05:00,2012-06-01,BEA,April 2012,2012-06-01 14:30,Personal Consumption Expenditures,694,24027,April,2,0.3% m/m,0.3% m/m,0.3% m/m,1338553800,1,1,1,pinned_report_and_event_name,EconomicCalendar/raw/oanda/daily/2012-06-01.json
PPI,2012-06-13T07:30:00-05:00,2012-06-13,BLS,May 2012,2012-06-13 14:30,Producer Price Index,703,24459,May,2,-1% m/m,-0.6% m/m,-0.2% m/m,1339590600,1,1,1,pinned_report_and_event_name,EconomicCalendar/raw/oanda/daily/2012-06-13.json
RETAIL_SALES,2012-06-13T07:30:00-05:00,2012-06-13,CENSUS,May 2012,2012-06-13 14:30,Retail Sales,696,24140,May,3,-0.2% m/m,-0.2% m/m,0.1% m/m,1339590600,1,1,1,pinned_report_and_event_name,EconomicCalendar/raw/oanda/daily/2012-06-13.json
CPI,2012-06-14T07:30:00-05:00,2012-06-14,BLS,May 2012,2012-06-14 14:30,Consumer Price Index,699,24287,May,3,-0.3% m/m,-0.2% m/m,,1339677000,1,0,1,pinned_report_and_event_name,EconomicCalendar/raw/oanda/daily/2012-06-14.json
FOMC,2012-06-20T11:30:00-05:00,2012-06-20,FEDERAL_RESERVE,FOMC 2012-06-20,2012-06-20 18:30,FOMC Interest Rate Decision,82,7000,June,3,0.25%,0.25%,0.25%,1340209800,1,1,1,pinned_report_and_event_name,EconomicCalendar/raw/oanda/daily/2012-06-20.json
DURABLE_GOODS,2012-06-27T07:30:00-05:00,2012-06-27,CENSUS,May 2012,2012-06-27 14:30,Durable Goods Orders - pre..,59,4326,May,3,"1,1% m/m","0,4% m/m",,1340800200,1,0,1,pinned_report_and_event_name,EconomicCalendar/raw/oanda/daily/2012-06-27.json
GDP,2012-06-28T07:30:00-05:00,2012-06-28,BEA,Q1 2012 Third,2012-06-28 14:30,GDP (Annualized) - fin..,690,23827,1Q,3,"1,9%","1,9%",3%,1340886600,1,1,1,pinned_report_and_event_name,EconomicCalendar/raw/oanda/daily/2012-06-28.json
PCE,2012-06-29T07:30:00-05:00,2012-06-29,BEA,May 2012,2012-06-29 14:30,Personal Consumption Expenditures,694,24031,May,2,,,0.3% m/m,1340973000,0,1,0,pinned_report_and_event_name,EconomicCalendar/raw/oanda/daily/2012-06-29.json
EMPLOYMENT,2012-07-06T07:30:00-05:00,2012-07-06,BLS,June 2012,2012-07-06 14:30,Non-Farm Employment Change,707,24657,June,3,80 k,90 k,69 k,1341577800,1,1,1,pinned_report_and_event_name,EconomicCalendar/raw/oanda/daily/2012-07-06.json
PPI,2012-07-13T07:30:00-05:00,2012-07-13,BLS,June 2012,2012-07-13 14:30,Producer Price Index,703,24463,June,2,0.1% m/m,-0.6% m/m,-1% m/m,1342182600,1,1,1,pinned_report_and_event_name,EconomicCalendar/raw/oanda/daily/2012-07-13.json
RETAIL_SALES,2012-07-16T07:30:00-05:00,2012-07-16,CENSUS,June 2012,2012-07-16 14:30,Retail Sales,696,24145,June,3,-0.5% m/m,0.2% m/m,-0.2% m/m,1342441800,1,1,1,pinned_report_and_event_name,EconomicCalendar/raw/oanda/daily/2012-07-16.json
CPI,2012-07-17T07:30:00-05:00,2012-07-17,BLS,June 2012,2012-07-17 14:30,Consumer Price Index,699,24291,June,3,,,-0.3% m/m,1342528200,0,1,0,pinned_report_and_event_name,EconomicCalendar/raw/oanda/daily/2012-07-17.json
DURABLE_GOODS,2012-07-26T07:30:00-05:00,2012-07-26,CENSUS,June 2012,2012-07-26 14:30,Durable Goods Orders - pre..,59,4335,June,3,"1,6% m/m","0,4% m/m","1,3% m/m",1343305800,1,1,1,pinned_report_and_event_name,EconomicCalendar/raw/oanda/daily/2012-07-26.json
GDP,2012-07-27T07:30:00-05:00,2012-07-27,BEA,Q2 2012 Advance,2012-07-27 14:30,GDP (Annualized) - pre..,690,23828,2Q,3,"1,5%","1,4%","1,9%",1343392200,1,1,1,pinned_report_and_event_name,EconomicCalendar/raw/oanda/daily/2012-07-27.json
PCE,2012-07-31T07:30:00-05:00,2012-07-31,BEA,June 2012,2012-07-31 14:30,Personal Consumption Expenditures,694,24036,June,2,,0.1% m/m,,1343737800,1,0,0,pinned_report_and_event_name,EconomicCalendar/raw/oanda/daily/2012-07-31.json
FOMC,2012-08-01T13:15:00-05:00,2012-08-01,FEDERAL_RESERVE,FOMC 2012-08-01,2012-08-01 20:14,FOMC Interest Rate Decision,82,7008,August,3,0.25%,0.25%,0.25%,1343844840,1,1,1,pinned_report_and_event_name,EconomicCalendar/raw/oanda/daily/2012-08-01.json
EMPLOYMENT,2012-08-03T07:30:00-05:00,2012-08-03,BLS,July 2012,2012-08-03 14:30,Non-Farm Employment Change,707,24662,July,3,163 k,100 k,80 k,1343997000,1,1,1,pinned_report_and_event_name,EconomicCalendar/raw/oanda/daily/2012-08-03.json
PPI,2012-08-14T07:30:00-05:00,2012-08-14,BLS,July 2012,2012-08-14 14:30,Producer Price Index,703,24467,July,2,0.3% m/m,0.2% m/m,0.1% m/m,1344947400,1,1,1,pinned_report_and_event_name,EconomicCalendar/raw/oanda/daily/2012-08-14.json
RETAIL_SALES,2012-08-14T07:30:00-05:00,2012-08-14,CENSUS,July 2012,2012-08-14 14:30,Retail Sales,696,24150,July,3,0.8% m/m,0.3% m/m,-0.5% m/m,1344947400,1,1,1,pinned_report_and_event_name,EconomicCalendar/raw/oanda/daily/2012-08-14.json
CPI,2012-08-15T07:30:00-05:00,2012-08-15,BLS,July 2012,2012-08-15 14:30,Consumer Price Index,699,24295,July,3,,0.2% m/m,,1345033800,1,0,0,pinned_report_and_event_name,EconomicCalendar/raw/oanda/daily/2012-08-15.json
DURABLE_GOODS,2012-08-24T07:30:00-05:00,2012-08-24,CENSUS,July 2012,2012-08-24 14:30,Durable Goods Orders - pre..,59,4346,July,3,"4,2% m/m","2,4% m/m","1,3% m/m",1345811400,1,1,1,pinned_report_and_event_name,EconomicCalendar/raw/oanda/daily/2012-08-24.json
GDP,2012-08-29T07:30:00-05:00,2012-08-29,BEA,Q2 2012 Second,2012-08-29 14:30,GDP (Annualized) - rev..,690,23829,2Q,3,"1,7%","1,7%",2%,1346243400,1,1,1,pinned_report_and_event_name,EconomicCalendar/raw/oanda/daily/2012-08-29.json
PCE,2012-08-30T07:30:00-05:00,2012-08-30,BEA,July 2012,2012-08-30 14:30,Personal Consumption Expenditures,694,24041,July,2,0.4% m/m,0.4% m/m,,1346329800,1,0,1,pinned_report_and_event_name,EconomicCalendar/raw/oanda/daily/2012-08-30.json
EMPLOYMENT,2012-09-07T07:30:00-05:00,2012-09-07,BLS,August 2012,2012-09-07 14:30,Non-Farm Employment Change,707,24667,August,3,96 k,125 k,163 k,1347021000,1,1,1,pinned_report_and_event_name,EconomicCalendar/raw/oanda/daily/2012-09-07.json
PPI,2012-09-13T07:30:00-05:00,2012-09-13,BLS,August 2012,2012-09-13 14:30,Producer Price Index,703,24471,August,2,1.7% m/m,1.1% m/m,0.3% m/m,1347539400,1,1,1,pinned_report_and_event_name,EconomicCalendar/raw/oanda/daily/2012-09-13.json
FOMC,2012-09-13T11:30:00-05:00,2012-09-13,FEDERAL_RESERVE,FOMC 2012-09-13,2012-09-13 18:30,FOMC Interest Rate Decision,82,7015,September,3,0.25%,0.25%,0.25%,1347553800,1,1,1,pinned_report_and_event_name,EconomicCalendar/raw/oanda/daily/2012-09-13.json
CPI,2012-09-14T07:30:00-05:00,2012-09-14,BLS,August 2012,2012-09-14 14:30,Consumer Price Index,699,24299,August,3,0.6% m/m,0.5% m/m,,1347625800,1,0,1,pinned_report_and_event_name,EconomicCalendar/raw/oanda/daily/2012-09-14.json
RETAIL_SALES,2012-09-14T07:30:00-05:00,2012-09-14,CENSUS,August 2012,2012-09-14 14:30,Retail Sales,696,24155,August,3,0.9% m/m,0.7% m/m,0.8% m/m,1347625800,1,1,1,pinned_report_and_event_name,EconomicCalendar/raw/oanda/daily/2012-09-14.json
DURABLE_GOODS,2012-09-27T07:30:00-05:00,2012-09-27,CENSUS,August 2012,2012-09-27 14:30,Durable Goods Orders - pre..,59,4356,August,3,"-13,2% m/m","-4,5% m/m","4,1% m/m",1348749000,1,1,1,pinned_report_and_event_name,EconomicCalendar/raw/oanda/daily/2012-09-27.json
GDP,2012-09-27T07:30:00-05:00,2012-09-27,BEA,Q2 2012 Third,2012-09-27 14:30,GDP (Annualized) - fin..,690,23830,2Q,3,"1,3%","1,7%",2%,1348749000,1,1,1,pinned_report_and_event_name,EconomicCalendar/raw/oanda/daily/2012-09-27.json
PCE,2012-09-28T07:30:00-05:00,2012-09-28,BEA,August 2012,2012-09-28 14:30,Personal Consumption Expenditures,694,24046,August,2,0.5% m/m,0.4% m/m,0.4% m/m,1348835400,1,1,1,pinned_report_and_event_name,EconomicCalendar/raw/oanda/daily/2012-09-28.json
EMPLOYMENT,2012-10-05T07:30:00-05:00,2012-10-05,BLS,September 2012,2012-10-05 14:30,Non-Farm Employment Change,707,24672,September,3,114 k,112 k,96 k,1349440200,1,1,1,pinned_report_and_event_name,EconomicCalendar/raw/oanda/daily/2012-10-05.json
PPI,2012-10-12T07:30:00-05:00,2012-10-12,BLS,September 2012,2012-10-12 14:30,Producer Price Index,703,24475,September,2,1.1% m/m,0.7% m/m,1.7% m/m,1350045000,1,1,1,pinned_report_and_event_name,EconomicCalendar/raw/oanda/daily/2012-10-12.json
RETAIL_SALES,2012-10-15T07:30:00-05:00,2012-10-15,CENSUS,September 2012,2012-10-15 14:30,Retail Sales,696,24160,September,3,1.1% m/m,0.8% m/m,0.9% m/m,1350304200,1,1,1,pinned_report_and_event_name,EconomicCalendar/raw/oanda/daily/2012-10-15.json
CPI,2012-10-16T07:30:00-05:00,2012-10-16,BLS,September 2012,2012-10-16 14:30,Consumer Price Index,699,24303,September,3,0.6% m/m,0.5% m/m,0.6% m/m,1350390600,1,1,1,pinned_report_and_event_name,EconomicCalendar/raw/oanda/daily/2012-10-16.json
FOMC,2012-10-24T13:15:00-05:00,2012-10-24,FEDERAL_RESERVE,FOMC 2012-10-24,2012-10-24 20:15,FOMC Interest Rate Decision,82,7021,October,3,0.25%,0.25%,0.25%,1351102500,1,1,1,pinned_report_and_event_name,EconomicCalendar/raw/oanda/daily/2012-10-24.json
DURABLE_GOODS,2012-10-25T07:30:00-05:00,2012-10-25,CENSUS,September 2012,2012-10-25 14:30,Durable Goods Orders - pre..,59,4366,September,3,"9,9% m/m",7% m/m,"-13,2% m/m",1351168200,1,1,1,pinned_report_and_event_name,EconomicCalendar/raw/oanda/daily/2012-10-25.json
GDP,2012-10-26T07:30:00-05:00,2012-10-26,BEA,Q3 2012 Advance,2012-10-26 14:30,GDP (Annualized) - pre..,690,23831,3Q,3,2%,"1,9%","1,3%",1351254600,1,1,1,pinned_report_and_event_name,EconomicCalendar/raw/oanda/daily/2012-10-26.json
PCE,2012-10-29T07:30:00-05:00,2012-10-29,BEA,September 2012,2012-10-29 13:30,Personal Consumption Expenditures,694,24051,September,2,0.8% m/m,0.6% m/m,0.5% m/m,1351513800,1,1,1,pinned_report_and_event_name,EconomicCalendar/raw/oanda/daily/2012-10-29.json
EMPLOYMENT,2012-11-02T07:30:00-05:00,2012-11-02,BLS,October 2012,2012-11-02 13:30,Non-Farm Employment Change,707,24677,October,3,171 k,125 k,114 k,1351859400,1,1,1,pinned_report_and_event_name,EconomicCalendar/raw/oanda/daily/2012-11-02.json
PPI,2012-11-14T07:30:00-06:00,2012-11-14,BLS,October 2012,2012-11-14 14:30,Producer Price Index,703,24479,October,2,-0.2% m/m,"0,2% m/m",1.1% m/m,1352899800,1,1,1,pinned_report_and_event_name,EconomicCalendar/raw/oanda/daily/2012-11-14.json
RETAIL_SALES,2012-11-14T07:30:00-06:00,2012-11-14,CENSUS,October 2012,2012-11-14 14:30,Retail Sales,696,24165,October,3,-0.3% m/m,"-0,2% m/m",1.1% m/m,1352899800,1,1,1,pinned_report_and_event_name,EconomicCalendar/raw/oanda/daily/2012-11-14.json
CPI,2012-11-15T07:30:00-06:00,2012-11-15,BLS,October 2012,2012-11-15 14:30,Consumer Price Index,699,24307,October,3,0.1% m/m,"0,1% m/m",0.6% m/m,1352986200,1,1,1,pinned_report_and_event_name,EconomicCalendar/raw/oanda/daily/2012-11-15.json
DURABLE_GOODS,2012-11-27T07:30:00-06:00,2012-11-27,CENSUS,October 2012,2012-11-27 14:30,Durable Goods Orders - pre..,59,4376,October,3,,"-0,5% m/m","9,8% m/m",1354023000,1,1,0,pinned_report_and_event_name,EconomicCalendar/raw/oanda/daily/2012-11-27.json
GDP,2012-11-29T07:30:00-06:00,2012-11-29,BEA,Q3 2012 Second,2012-11-29 14:30,GDP (Annualized) - rev..,690,23832,3Q,3,"2,7%","2,8%","1,3%",1354195800,1,1,1,pinned_report_and_event_name,EconomicCalendar/raw/oanda/daily/2012-11-29.json
PCE,2012-11-30T07:30:00-06:00,2012-11-30,BEA,October 2012,2012-11-30 14:30,Personal Consumption Expenditures,694,24056,October,2,"-0,2% m/m","0,1% m/m",0.8% m/m,1354282200,1,1,1,pinned_report_and_event_name,EconomicCalendar/raw/oanda/daily/2012-11-30.json
EMPLOYMENT,2012-12-07T07:30:00-06:00,2012-12-07,BLS,November 2012,2012-12-07 14:30,Non-Farm Employment Change,707,24682,November,3,146 k,100 k,171 k,1354887000,1,1,1,pinned_report_and_event_name,EconomicCalendar/raw/oanda/daily/2012-12-07.json
FOMC,2012-12-12T11:30:00-06:00,2012-12-12,FEDERAL_RESERVE,FOMC 2012-12-12,2012-12-12 18:30,FOMC Interest Rate Decision,82,7032,December,3,"0-0,25%","0-0,25%","0-0,25%",1355333400,1,1,1,pinned_report_and_event_name,EconomicCalendar/raw/oanda/daily/2012-12-12.json
PPI,2012-12-13T07:30:00-06:00,2012-12-13,BLS,November 2012,2012-12-13 14:30,Producer Price Index,703,24483,November,2,"-0,8% m/m","-0,5% m/m","-0,2% m/m",1355405400,1,1,1,pinned_report_and_event_name,EconomicCalendar/raw/oanda/daily/2012-12-13.json
RETAIL_SALES,2012-12-13T07:30:00-06:00,2012-12-13,CENSUS,November 2012,2012-12-13 14:30,Retail Sales,696,24170,November,3,"0,3% m/m","0,5% m/m","-0,3% m/m",1355405400,1,1,1,pinned_report_and_event_name,EconomicCalendar/raw/oanda/daily/2012-12-13.json
CPI,2012-12-14T07:30:00-06:00,2012-12-14,BLS,November 2012,2012-12-14 14:30,Consumer Price Index,699,24311,November,3,"-0,3% m/m","-0,2% m/m","0,1% m/m",1355491800,1,1,1,pinned_report_and_event_name,EconomicCalendar/raw/oanda/daily/2012-12-14.json
GDP,2012-12-20T07:30:00-06:00,2012-12-20,BEA,Q3 2012 Third,2012-12-20 14:30,GDP (Annualized) - fin..,690,23833,3Q,3,"3,1%","2,7%","1,3%",1356010200,1,1,1,pinned_report_and_event_name,EconomicCalendar/raw/oanda/daily/2012-12-20.json
DURABLE_GOODS,2012-12-21T07:30:00-06:00,2012-12-21,CENSUS,November 2012,2012-12-21 14:30,Durable Goods Orders - pre..,59,33223,November,3,"0,7% m/m","0,2% m/m","0,5% m/m",1356096600,1,1,1,pinned_report_and_event_name,EconomicCalendar/raw/oanda/daily/2012-12-21.json
PCE,2012-12-21T07:30:00-06:00,2012-12-21,BEA,November 2012,2012-12-21 14:30,Personal Consumption Expenditures,694,24061,November,2,"0,4% m/m","0,4% m/m","-0,2% m/m",1356096600,1,1,1,pinned_report_and_event_name,EconomicCalendar/raw/oanda/daily/2012-12-21.json
EMPLOYMENT,2013-01-04T07:30:00-06:00,2013-01-04,BLS,December 2012,2013-01-04 14:30,Non-Farm Employment Change,707,33236,December,3,155 k,150 k,146 k,1357306200,1,1,1,pinned_report_and_event_name,EconomicCalendar/raw/oanda/daily/2013-01-04.json
PPI,2013-01-15T07:30:00-06:00,2013-01-15,BLS,December 2012,2013-01-15 14:30,Producer Price Index,703,33986,December,2,"-0,2% m/m","-0,1% m/m","-0,8% m/m",1358256600,1,1,1,pinned_report_and_event_name,EconomicCalendar/raw/oanda/daily/2013-01-15.json
RETAIL_SALES,2013-01-15T07:30:00-06:00,2013-01-15,CENSUS,December 2012,2013-01-15 14:30,Retail Sales,696,34135,December,3,"0,5% m/m","0,2% m/m","0,3% m/m",1358256600,1,1,1,pinned_report_and_event_name,EconomicCalendar/raw/oanda/daily/2013-01-15.json
CPI,2013-01-16T07:30:00-06:00,2013-01-16,BLS,December 2012,2013-01-16 14:30,Consumer Price Index,699,33971,December,3,,"0,1% m/m","-0,3% m/m",1358343000,1,1,0,pinned_report_and_event_name,EconomicCalendar/raw/oanda/daily/2013-01-16.json
DURABLE_GOODS,2013-01-28T07:30:00-06:00,2013-01-28,CENSUS,December 2012,2013-01-28 14:30,Durable Goods Orders - pre..,59,34590,December,3,"4,6% m/m","1,7% m/m","0,8% m/m",1359379800,1,1,1,pinned_report_and_event_name,EconomicCalendar/raw/oanda/daily/2013-01-28.json
GDP,2013-01-30T07:30:00-06:00,2013-01-30,BEA,Q4 2012 Advance,2013-01-30 14:30,GDP (Annualized) - pre..,690,33188,4Q,3,"-0,1%","1,1%","3,1%",1359552600,1,1,1,pinned_report_and_event_name,EconomicCalendar/raw/oanda/daily/2013-01-30.json
FOMC,2013-01-30T13:15:00-06:00,2013-01-30,FEDERAL_RESERVE,FOMC 2013-01-30,2013-01-30 20:15,FOMC Interest Rate Decision,82,6985,January,3,"0-0,25%","0-0,25%","0-0,25%",1359573300,1,1,1,pinned_report_and_event_name,EconomicCalendar/raw/oanda/daily/2013-01-30.json
PCE,2013-01-31T07:30:00-06:00,2013-01-31,BEA,December 2012,2013-01-31 14:30,Personal Consumption Expenditures,694,33888,December,2,"0,2% m/m","0,3% m/m","0,4% m/m",1359639000,1,1,1,pinned_report_and_event_name,EconomicCalendar/raw/oanda/daily/2013-01-31.json
EMPLOYMENT,2013-02-01T07:30:00-06:00,2013-02-01,BLS,January 2013,2013-02-01 14:30,Non-Farm Employment Change,707,34049,January,3,157 k,160 k,155 k,1359725400,1,1,1,pinned_report_and_event_name,EconomicCalendar/raw/oanda/daily/2013-02-01.json
RETAIL_SALES,2013-02-13T07:30:00-06:00,2013-02-13,CENSUS,January 2013,2013-02-13 14:30,Retail Sales,696,34167,January,3,"0,1% m/m","0,1% m/m","0,5% m/m",1360762200,1,1,1,pinned_report_and_event_name,EconomicCalendar/raw/oanda/daily/2013-02-13.json
PPI,2013-02-20T07:30:00-06:00,2013-02-20,BLS,January 2013,2013-02-20 14:30,Producer Price Index,703,33991,January,2,"0,2% m/m","0,3% m/m","-0,2% m/m",1361367000,1,1,1,pinned_report_and_event_name,EconomicCalendar/raw/oanda/daily/2013-02-20.json
CPI,2013-02-21T07:30:00-06:00,2013-02-21,BLS,January 2013,2013-02-21 14:30,Consumer Price Index,699,33976,January,3,,"0,1% m/m",,1361453400,1,0,0,pinned_report_and_event_name,EconomicCalendar/raw/oanda/daily/2013-02-21.json
DURABLE_GOODS,2013-02-27T07:30:00-06:00,2013-02-27,CENSUS,January 2013,2013-02-27 14:30,Durable Goods Orders - pre..,59,34592,January,3,"-5,2% m/m","-3,9% m/m","4,3% m/m",1361971800,1,1,1,pinned_report_and_event_name,EconomicCalendar/raw/oanda/daily/2013-02-27.json
GDP,2013-02-28T07:30:00-06:00,2013-02-28,BEA,Q4 2012 Second,2013-02-28 14:30,GDP (Annualized) - rev..,690,33195,4Q,3,"0,1%","0,5%","3,1%",1362058200,1,1,1,pinned_report_and_event_name,EconomicCalendar/raw/oanda/daily/2013-02-28.json
PCE,2013-03-01T07:30:00-06:00,2013-03-01,BEA,January 2013,2013-03-01 14:30,Personal Consumption Expenditures,694,33892,January,2,"0,2% m/m","0,2% m/m","0,2% m/m",1362144600,1,1,1,pinned_report_and_event_name,EconomicCalendar/raw/oanda/daily/2013-03-01.json
EMPLOYMENT,2013-03-08T07:30:00-06:00,2013-03-08,BLS,February 2013,2013-03-08 14:30,Non-Farm Employment Change,707,34055,February,3,236 k,160 k,157 k,1362749400,1,1,1,pinned_report_and_event_name,EconomicCalendar/raw/oanda/daily/2013-03-08.json
RETAIL_SALES,2013-03-13T07:30:00-05:00,2013-03-13,CENSUS,February 2013,2013-03-13 13:30,Retail Sales,696,34170,February,3,"1,1% m/m","0,5% m/m","0,1% m/m",1363177800,1,1,1,pinned_report_and_event_name,EconomicCalendar/raw/oanda/daily/2013-03-13.json
PPI,2013-03-14T07:30:00-05:00,2013-03-14,BLS,February 2013,2013-03-14 13:30,Producer Price Index,703,33996,February,2,"0,7% m/m","0,7% m/m","0,2% m/m",1363264200,1,1,1,pinned_report_and_event_name,EconomicCalendar/raw/oanda/daily/2013-03-14.json
CPI,2013-03-15T07:30:00-05:00,2013-03-15,BLS,February 2013,2013-03-15 13:30,Consumer Price Index,699,33981,February,3,"0,7% m/m","0,5% m/m",,1363350600,1,0,1,pinned_report_and_event_name,EconomicCalendar/raw/oanda/daily/2013-03-15.json
FOMC,2013-03-20T13:00:00-05:00,2013-03-20,FEDERAL_RESERVE,FOMC 2013-03-20,2013-03-20 19:00,FOMC Interest Rate Decision,82,6991,March,3,"0-0,25%","0-0,25%","0-0,25%",1363802400,1,1,1,pinned_report_and_event_name,EconomicCalendar/raw/oanda/daily/2013-03-20.json
DURABLE_GOODS,2013-03-26T07:30:00-05:00,2013-03-26,CENSUS,February 2013,2013-03-26 13:30,Durable Goods Orders - pre..,59,34594,February,3,"5,7% m/m","3,9% m/m","-4,9% m/m",1364301000,1,1,1,pinned_report_and_event_name,EconomicCalendar/raw/oanda/daily/2013-03-26.json
GDP,2013-03-28T07:30:00-05:00,2013-03-28,BEA,Q4 2012 Third,2013-03-28 13:30,GDP (Annualized) - fin..,690,33196,4Q,3,"0,4%","0,4%","3,1%",1364473800,1,1,1,pinned_report_and_event_name,EconomicCalendar/raw/oanda/daily/2013-03-28.json
PCE,2013-03-29T07:30:00-05:00,2013-03-29,BEA,February 2013,2013-03-29 13:30,Personal Consumption Expenditures,694,36892,February,2,"0,7% m/m","0,6% m/m","0,2% m/m",1364560200,1,1,1,pinned_report_and_event_name,EconomicCalendar/raw/oanda/daily/2013-03-29.json
EMPLOYMENT,2013-04-05T07:30:00-05:00,2013-04-05,BLS,March 2013,2013-04-05 14:30,Non-Farm Employment Change,707,36940,March,3,88 k,200 k,236 k,1365165000,1,1,1,pinned_report_and_event_name,EconomicCalendar/raw/oanda/daily/2013-04-05.json
PPI,2013-04-12T07:30:00-05:00,2013-04-12,BLS,March 2013,2013-04-12 14:30,Producer Price Index,703,36982,March,2,"-0,6% m/m","-0,2% m/m","0,7% m/m",1365769800,1,1,1,pinned_report_and_event_name,EconomicCalendar/raw/oanda/daily/2013-04-12.json
RETAIL_SALES,2013-04-12T07:30:00-05:00,2013-04-12,CENSUS,March 2013,2013-04-12 14:30,Retail Sales,696,34173,March,3,"-0,4% m/m","0,0% m/m","1,1% m/m",1365769800,1,1,1,pinned_report_and_event_name,EconomicCalendar/raw/oanda/daily/2013-04-12.json
CPI,2013-04-16T07:30:00-05:00,2013-04-16,BLS,March 2013,2013-04-16 14:30,Consumer Price Index,699,37001,March,3,"-0,2% m/m","0,0% m/m","0,7% m/m",1366115400,1,1,1,pinned_report_and_event_name,EconomicCalendar/raw/oanda/daily/2013-04-16.json
DURABLE_GOODS,2013-04-24T07:30:00-05:00,2013-04-24,CENSUS,March 2013,2013-04-24 14:30,Durable Goods Orders - pre..,59,34596,March,3,"-5,7% m/m","-2,8% m/m","5,6% m/m",1366806600,1,1,1,pinned_report_and_event_name,EconomicCalendar/raw/oanda/daily/2013-04-24.json
GDP,2013-04-26T07:30:00-05:00,2013-04-26,BEA,Q1 2013 Advance,2013-04-26 14:30,GDP (Annualized) - pre..,690,36912,1Q,3,"2,5%","3,0%","-0,1%",1366979400,1,1,1,pinned_report_and_event_name,EconomicCalendar/raw/oanda/daily/2013-04-26.json
PCE,2013-04-29T07:30:00-05:00,2013-04-29,BEA,March 2013,2013-04-29 14:30,Personal Consumption Expenditures,694,36896,March,2,"0,2% m/m","0,1% m/m","0,7% m/m",1367238600,1,1,1,pinned_report_and_event_name,EconomicCalendar/raw/oanda/daily/2013-04-29.json
FOMC,2013-05-01T13:00:00-05:00,2013-05-01,FEDERAL_RESERVE,FOMC 2013-05-01,2013-05-01 20:00,FOMC Interest Rate Decision,82,6996,May,3,"0-0,25%","0-0,25%","0-0,25%",1367431200,1,1,1,pinned_report_and_event_name,EconomicCalendar/raw/oanda/daily/2013-05-01.json
EMPLOYMENT,2013-05-03T07:30:00-05:00,2013-05-03,BLS,April 2013,2013-05-03 14:30,Non-Farm Employment Change,707,37456,April,3,165 k,145 k,88 k,1367584200,1,1,1,pinned_report_and_event_name,EconomicCalendar/raw/oanda/daily/2013-05-03.json
RETAIL_SALES,2013-05-13T07:30:00-05:00,2013-05-13,CENSUS,April 2013,2013-05-13 14:30,Retail Sales,696,39201,April,3,"0,1% m/m","-0,3% m/m","-0,4% m/m",1368448200,1,1,1,pinned_report_and_event_name,EconomicCalendar/raw/oanda/daily/2013-05-13.json
PPI,2013-05-15T07:30:00-05:00,2013-05-15,BLS,April 2013,2013-05-15 14:30,Producer Price Index,703,38948,April,2,"-0,7% m/m","-0,6% m/m","-0,6% m/m",1368621000,1,1,1,pinned_report_and_event_name,EconomicCalendar/raw/oanda/daily/2013-05-15.json
CPI,2013-05-16T07:30:00-05:00,2013-05-16,BLS,April 2013,2013-05-16 14:30,Consumer Price Index,699,38909,April,3,"-0,4% m/m","-0,2% m/m","-0,2% m/m",1368707400,1,1,1,pinned_report_and_event_name,EconomicCalendar/raw/oanda/daily/2013-05-16.json
DURABLE_GOODS,2013-05-24T07:30:00-05:00,2013-05-24,CENSUS,April 2013,2013-05-24 14:30,Durable Goods Orders - pre..,59,39341,April,3,"3,3% m/m","1,5% m/m","-5,8% m/m",1369398600,1,1,1,pinned_report_and_event_name,EconomicCalendar/raw/oanda/daily/2013-05-24.json
GDP,2013-05-30T07:30:00-05:00,2013-05-30,BEA,Q1 2013 Second,2013-05-30 14:30,GDP (Annualized) - rev..,690,36916,1Q,3,"2,4%","2,5%","0,1%",1369917000,1,1,1,pinned_report_and_event_name,EconomicCalendar/raw/oanda/daily/2013-05-30.json
PCE,2013-05-31T07:30:00-05:00,2013-05-31,BEA,April 2013,2013-05-31 14:30,Personal Consumption Expenditures,694,38565,April,2,"-0,2% m/m","0,1% m/m","0,2% m/m",1370003400,1,1,1,pinned_report_and_event_name,EconomicCalendar/raw/oanda/daily/2013-05-31.json
EMPLOYMENT,2013-06-07T07:30:00-05:00,2013-06-07,BLS,May 2013,2013-06-07 14:30,Non-Farm Employment Change,707,38988,May,3,175 k,170 k,165 k,1370608200,1,1,1,pinned_report_and_event_name,EconomicCalendar/raw/oanda/daily/2013-06-07.json
RETAIL_SALES,2013-06-13T07:30:00-05:00,2013-06-13,CENSUS,May 2013,2013-06-13 14:30,Retail Sales,696,39204,May,3,"0,6% m/m","0,4% m/m","0,1% m/m",1371126600,1,1,1,pinned_report_and_event_name,EconomicCalendar/raw/oanda/daily/2013-06-13.json
PPI,2013-06-14T07:30:00-05:00,2013-06-14,BLS,May 2013,2013-06-14 14:30,Producer Price Index,703,38953,May,2,"0,5% m/m","0,1% m/m","-0,7% m/m",1371213000,1,1,1,pinned_report_and_event_name,EconomicCalendar/raw/oanda/daily/2013-06-14.json
CPI,2013-06-18T07:30:00-05:00,2013-06-18,BLS,May 2013,2013-06-18 14:30,Consumer Price Index,699,38914,May,3,"0,1% m/m","0,1% m/m","-0,4% m/m",1371558600,1,1,1,pinned_report_and_event_name,EconomicCalendar/raw/oanda/daily/2013-06-18.json
FOMC,2013-06-19T13:00:00-05:00,2013-06-19,FEDERAL_RESERVE,FOMC 2013-06-19,2013-06-19 20:00,FOMC Interest Rate Decision,82,7001,June,3,"0-0,25%","0-0,25%","0-0,25%",1371664800,1,1,1,pinned_report_and_event_name,EconomicCalendar/raw/oanda/daily/2013-06-19.json
DURABLE_GOODS,2013-06-25T07:30:00-05:00,2013-06-25,CENSUS,May 2013,2013-06-25 14:30,Durable Goods Orders - pre..,59,39342,May,3,"3,6% m/m",3% m/m,"3,5% m/m",1372163400,1,1,1,pinned_report_and_event_name,EconomicCalendar/raw/oanda/daily/2013-06-25.json
GDP,2013-06-26T07:30:00-05:00,2013-06-26,BEA,Q1 2013 Third,2013-06-26 14:30,GDP (Annualized) - fin..,690,37437,1Q,3,"1,8%","2,4%","0,4%",1372249800,1,1,1,pinned_report_and_event_name,EconomicCalendar/raw/oanda/daily/2013-06-26.json
PCE,2013-06-27T07:30:00-05:00,2013-06-27,BEA,May 2013,2013-06-27 14:30,Personal Consumption Expenditures,694,38569,May,2,"0,3% m/m","0,3% m/m","-0,2% m/m",1372336200,1,1,1,pinned_report_and_event_name,EconomicCalendar/raw/oanda/daily/2013-06-27.json
EMPLOYMENT,2013-07-05T07:30:00-05:00,2013-07-05,BLS,June 2013,2013-07-05 14:30,Non-Farm Employment Change,707,38994,June,3,195 k,165 k,175 k,1373027400,1,1,1,pinned_report_and_event_name,EconomicCalendar/raw/oanda/daily/2013-07-05.json
PPI,2013-07-12T07:30:00-05:00,2013-07-12,BLS,June 2013,2013-07-12 14:30,Producer Price Index,703,38958,June,2,"0,8% m/m","0,5% m/m","0,5% m/m",1373632200,1,1,1,pinned_report_and_event_name,EconomicCalendar/raw/oanda/daily/2013-07-12.json
RETAIL_SALES,2013-07-15T07:30:00-05:00,2013-07-15,CENSUS,June 2013,2013-07-15 14:30,Retail Sales,696,39207,June,3,"0,4% m/m","0,8% m/m","0,6% m/m",1373891400,1,1,1,pinned_report_and_event_name,EconomicCalendar/raw/oanda/daily/2013-07-15.json
CPI,2013-07-16T07:30:00-05:00,2013-07-16,BLS,June 2013,2013-07-16 14:30,Consumer Price Index,699,38919,June,3,"0,5% m/m","0,3% m/m","0,1% m/m",1373977800,1,1,1,pinned_report_and_event_name,EconomicCalendar/raw/oanda/daily/2013-07-16.json
DURABLE_GOODS,2013-07-25T07:30:00-05:00,2013-07-25,CENSUS,June 2013,2013-07-25 14:30,Durable Goods Orders - pre..,59,39343,June,3,"4,2% m/m","1,2% m/m","3,7% m/m",1374755400,1,1,1,pinned_report_and_event_name,EconomicCalendar/raw/oanda/daily/2013-07-25.json
GDP,2013-07-31T07:30:00-05:00,2013-07-31,BEA,Q2 2013 Advance,2013-07-31 14:30,GDP (Annualized) - pre..,690,36924,2Q,3,"1,7%","1,0%","1,8%",1375273800,1,1,1,pinned_report_and_event_name,EconomicCalendar/raw/oanda/daily/2013-07-31.json
FOMC,2013-07-31T13:00:00-05:00,2013-07-31,FEDERAL_RESERVE,FOMC 2013-07-31,2013-07-31 20:00,FOMC Interest Rate Decision,82,7003,July,3,"0-0,25%","0-0,25%","0-0,25%",1375293600,1,1,1,pinned_report_and_event_name,EconomicCalendar/raw/oanda/daily/2013-07-31.json
EMPLOYMENT,2013-08-02T07:30:00-05:00,2013-08-02,BLS,July 2013,2013-08-02 14:30,Non-Farm Employment Change,707,39000,July,3,162 k,184 k,195 k,1375446600,1,1,1,pinned_report_and_event_name,EconomicCalendar/raw/oanda/daily/2013-08-02.json
PCE,2013-08-02T07:30:00-05:00,2013-08-02,BEA,June 2013,2013-08-02 14:30,Personal Consumption Expenditures,694,38573,June,2,"0,5% m/m","0,5% m/m","0,3% m/m",1375446600,1,1,1,pinned_report_and_event_name,EconomicCalendar/raw/oanda/daily/2013-08-02.json
RETAIL_SALES,2013-08-13T07:30:00-05:00,2013-08-13,CENSUS,July 2013,2013-08-13 14:30,Retail Sales,696,39210,July,3,"0,2% m/m","0,4% m/m","0,4% m/m",1376397000,1,1,1,pinned_report_and_event_name,EconomicCalendar/raw/oanda/daily/2013-08-13.json
PPI,2013-08-14T07:30:00-05:00,2013-08-14,BLS,July 2013,2013-08-14 14:30,Producer Price Index,703,38963,July,2,"0,0% m/m","0,3% m/m","0,8% m/m",1376483400,1,1,1,pinned_report_and_event_name,EconomicCalendar/raw/oanda/daily/2013-08-14.json
CPI,2013-08-15T07:30:00-05:00,2013-08-15,BLS,July 2013,2013-08-15 14:30,Consumer Price Index,699,38924,July,3,"0,2% m/m","0,2% m/m","0,5% m/m",1376569800,1,1,1,pinned_report_and_event_name,EconomicCalendar/raw/oanda/daily/2013-08-15.json
DURABLE_GOODS,2013-08-26T07:30:00-05:00,2013-08-26,CENSUS,July 2013,2013-08-26 14:30,Durable Goods Orders - pre..,59,39344,July,3,"-7,3% m/m","-4,0% m/m","3,9% m/m",1377520200,1,1,1,pinned_report_and_event_name,EconomicCalendar/raw/oanda/daily/2013-08-26.json
GDP,2013-08-29T07:30:00-05:00,2013-08-29,BEA,Q2 2013 Second,2013-08-29 14:30,GDP (Annualized) - rev..,690,36928,2Q,3,"2,5%","1,7%","1,1%",1377779400,1,1,1,pinned_report_and_event_name,EconomicCalendar/raw/oanda/daily/2013-08-29.json
PCE,2013-08-30T07:30:00-05:00,2013-08-30,BEA,July 2013,2013-08-30 14:30,Personal Consumption Expenditures,694,38577,July,2,"0,1% m/m","0,2% m/m","0,5% m/m",1377865800,1,1,1,pinned_report_and_event_name,EconomicCalendar/raw/oanda/daily/2013-08-30.json
EMPLOYMENT,2013-09-06T07:30:00-05:00,2013-09-06,BLS,August 2013,2013-09-06 14:30,Non-Farm Employment Change,707,39006,August,3,169 k,180 k,162 k,1378470600,1,1,1,pinned_report_and_event_name,EconomicCalendar/raw/oanda/daily/2013-09-06.json
PPI,2013-09-13T07:30:00-05:00,2013-09-13,BLS,August 2013,2013-09-13 14:30,Producer Price Index,703,38968,August,2,"0,3% m/m","0,2% m/m","0,0% m/m",1379075400,1,1,1,pinned_report_and_event_name,EconomicCalendar/raw/oanda/daily/2013-09-13.json
RETAIL_SALES,2013-09-13T07:30:00-05:00,2013-09-13,CENSUS,August 2013,2013-09-13 14:30,Retail Sales,696,39213,August,3,"0,2% m/m","0,4% m/m","0,2% m/m",1379075400,1,1,1,pinned_report_and_event_name,EconomicCalendar/raw/oanda/daily/2013-09-13.json
CPI,2013-09-17T07:30:00-05:00,2013-09-17,BLS,August 2013,2013-09-17 14:30,Consumer Price Index,699,38929,August,3,"0,1% m/m","0,2% m/m","0,2% m/m",1379421000,1,1,1,pinned_report_and_event_name,EconomicCalendar/raw/oanda/daily/2013-09-17.json
FOMC,2013-09-18T13:00:00-05:00,2013-09-18,FEDERAL_RESERVE,FOMC 2013-09-18,2013-09-18 20:00,FOMC Interest Rate Decision,82,7016,September,3,"0-0,25%","0-0,25%","0-0,25%",1379527200,1,1,1,pinned_report_and_event_name,EconomicCalendar/raw/oanda/daily/2013-09-18.json
DURABLE_GOODS,2013-09-25T07:30:00-05:00,2013-09-25,CENSUS,August 2013,2013-09-25 14:30,Durable Goods Orders - pre..,59,39345,August,3,"0,1% m/m","0,0% m/m","-7,4% m/m",1380112200,1,1,1,pinned_report_and_event_name,EconomicCalendar/raw/oanda/daily/2013-09-25.json
GDP,2013-09-26T07:30:00-05:00,2013-09-26,BEA,Q2 2013 Third,2013-09-26 14:30,GDP (Annualized) - fin..,690,37441,2Q,3,"2,5%","2,5%","1,1%",1380198600,1,1,1,pinned_report_and_event_name,EconomicCalendar/raw/oanda/daily/2013-09-26.json
PCE,2013-09-27T07:30:00-05:00,2013-09-27,BEA,August 2013,2013-09-27 14:30,Personal Consumption Expenditures,694,38581,August,2,"0,3% m/m","0,3% m/m","0,1% m/m",1380285000,1,1,1,pinned_report_and_event_name,EconomicCalendar/raw/oanda/daily/2013-09-27.json
EMPLOYMENT,2013-10-22T07:30:00-05:00,2013-10-22,BLS,September 2013,2013-10-22 14:30,Non-Farm Employment Change,707,41702,September,3,148 k,180 k,169 k,1382445000,1,1,1,pinned_report_and_event_name,EconomicCalendar/raw/oanda/daily/2013-10-22.json
DURABLE_GOODS,2013-10-25T07:30:00-05:00,2013-10-25,CENSUS,September 2013,2013-10-25 14:30,Durable Goods Orders - pre..,59,39346,September,3,"3,7% m/m","1,9% m/m","0,2% m/m",1382704200,1,1,1,pinned_report_and_event_name,EconomicCalendar/raw/oanda/daily/2013-10-25.json
PPI,2013-10-29T07:30:00-05:00,2013-10-29,BLS,September 2013,2013-10-29 13:30,Producer Price Index,703,41707,September,2,"-0,1% m/m","0,2% m/m","0,3% m/m",1383049800,1,1,1,pinned_report_and_event_name,EconomicCalendar/raw/oanda/daily/2013-10-29.json
RETAIL_SALES,2013-10-29T07:30:00-05:00,2013-10-29,CENSUS,September 2013,2013-10-29 13:30,Retail Sales,696,41745,September,3,"-0,1% m/m","0,1% m/m","0,2% m/m",1383049800,1,1,1,pinned_report_and_event_name,EconomicCalendar/raw/oanda/daily/2013-10-29.json
CPI,2013-10-30T07:30:00-05:00,2013-10-30,BLS,September 2013,2013-10-30 13:30,Consumer Price Index,699,41714,September,3,"0,2% m/m","0,2% m/m","0,1% m/m",1383136200,1,1,1,pinned_report_and_event_name,EconomicCalendar/raw/oanda/daily/2013-10-30.json
FOMC,2013-10-30T13:00:00-05:00,2013-10-30,FEDERAL_RESERVE,FOMC 2013-10-30,2013-10-30 19:00,FOMC Interest Rate Decision,82,7022,October,3,"0-0,25%","0-0,25%","0-0,25%",1383156000,1,1,1,pinned_report_and_event_name,EconomicCalendar/raw/oanda/daily/2013-10-30.json
GDP,2013-11-07T07:30:00-06:00,2013-11-07,BEA,Q3 2013 Advance,2013-11-07 14:30,GDP (Annualized) - pre..,690,41779,3Q,3,"2,8%","1,9%","2,5%",1383831000,1,1,1,pinned_report_and_event_name,EconomicCalendar/raw/oanda/daily/2013-11-07.json
EMPLOYMENT,2013-11-08T07:30:00-06:00,2013-11-08,BLS,October 2013,2013-11-08 14:30,Non-Farm Employment Change,707,41718,October,3,204 k,125 k,148 k,1383917400,1,1,1,pinned_report_and_event_name,EconomicCalendar/raw/oanda/daily/2013-11-08.json
PCE,2013-11-08T07:30:00-06:00,2013-11-08,BEA,September 2013,2013-11-08 14:30,Personal Consumption Expenditures,694,41787,September,2,"0,2% m/m","0,2% m/m","0,3% m/m",1383917400,1,1,1,pinned_report_and_event_name,EconomicCalendar/raw/oanda/daily/2013-11-08.json
CPI,2013-11-20T07:30:00-06:00,2013-11-20,BLS,October 2013,2013-11-20 14:30,Consumer Price Index,699,41797,October,3,"-0,1% m/m","0,0% m/m","0,2% m/m",1384954200,1,1,1,pinned_report_and_event_name,EconomicCalendar/raw/oanda/daily/2013-11-20.json
RETAIL_SALES,2013-11-20T07:30:00-06:00,2013-11-20,CENSUS,October 2013,2013-11-20 14:30,Retail Sales,696,41750,October,3,"0,4% m/m","0,1% m/m","-0,1% m/m",1384954200,1,1,1,pinned_report_and_event_name,EconomicCalendar/raw/oanda/daily/2013-11-20.json
PPI,2013-11-21T07:30:00-06:00,2013-11-21,BLS,October 2013,2013-11-21 14:30,Producer Price Index,703,41790,October,2,"-0,2% m/m","-0,2% m/m","-0,1% m/m",1385040600,1,1,1,pinned_report_and_event_name,EconomicCalendar/raw/oanda/daily/2013-11-21.json
DURABLE_GOODS,2013-11-27T07:30:00-06:00,2013-11-27,CENSUS,October 2013,2013-11-27 14:30,Durable Goods Orders - pre..,59,39347,October,3,"-2,0% m/m","-1,9% m/m","3,8% m/m",1385559000,1,1,1,pinned_report_and_event_name,EconomicCalendar/raw/oanda/daily/2013-11-27.json
GDP,2013-12-05T07:30:00-06:00,2013-12-05,BEA,Q3 2013 Second,2013-12-05 14:30,GDP (Annualized) - rev..,690,41803,3Q,3,"3,6%","2,9%","2,5%",1386250200,1,1,1,pinned_report_and_event_name,EconomicCalendar/raw/oanda/daily/2013-12-05.json
EMPLOYMENT,2013-12-06T07:30:00-06:00,2013-12-06,BLS,November 2013,2013-12-06 14:30,Non-Farm Employment Change,707,39024,November,3,203 k,180 k,204 k,1386336600,1,1,1,pinned_report_and_event_name,EconomicCalendar/raw/oanda/daily/2013-12-06.json
PCE,2013-12-06T07:30:00-06:00,2013-12-06,BEA,October 2013,2013-12-06 14:30,Personal Consumption Expenditures,694,41807,October,2,"0,3% m/m","0,2% m/m","0,2% m/m",1386336600,1,1,1,pinned_report_and_event_name,EconomicCalendar/raw/oanda/daily/2013-12-06.json
RETAIL_SALES,2013-12-12T07:30:00-06:00,2013-12-12,CENSUS,November 2013,2013-12-12 14:30,Retail Sales,696,39222,November,3,"0,7% m/m","0,6% m/m","0,4% m/m",1386855000,1,1,1,pinned_report_and_event_name,EconomicCalendar/raw/oanda/daily/2013-12-12.json
PPI,2013-12-13T07:30:00-06:00,2013-12-13,BLS,November 2013,2013-12-13 14:30,Producer Price Index,703,38983,November,2,"-0,1% m/m",,"-0,2% m/m",1386941400,0,1,1,pinned_report_and_event_name,EconomicCalendar/raw/oanda/daily/2013-12-13.json
CPI,2013-12-17T07:30:00-06:00,2013-12-17,BLS,November 2013,2013-12-17 14:30,Consumer Price Index,699,38944,November,3,"0,0% m/m","0,1% m/m","-0,1% m/m",1387287000,1,1,1,pinned_report_and_event_name,EconomicCalendar/raw/oanda/daily/2013-12-17.json
FOMC,2013-12-18T13:00:00-06:00,2013-12-18,FEDERAL_RESERVE,FOMC 2013-12-18,2013-12-18 20:00,FOMC Interest Rate Decision,82,7033,December,3,"0-0,25%","0-0,25%","0-0,25%",1387393200,1,1,1,pinned_report_and_event_name,EconomicCalendar/raw/oanda/daily/2013-12-18.json
GDP,2013-12-20T07:30:00-06:00,2013-12-20,BEA,Q3 2013 Third,2013-12-20 14:30,GDP (Annualized) - fin..,690,40780,3Q,3,"4,1%","3,6%","2,5%",1387546200,1,1,1,pinned_report_and_event_name,EconomicCalendar/raw/oanda/daily/2013-12-20.json
PCE,2013-12-23T07:30:00-06:00,2013-12-23,BEA,November 2013,2013-12-23 14:30,Personal Consumption Expenditures,694,38593,November,2,"0,5% m/m","0,5% m/m","0,3% m/m",1387805400,1,1,1,pinned_report_and_event_name,EconomicCalendar/raw/oanda/daily/2013-12-23.json
DURABLE_GOODS,2013-12-24T07:30:00-06:00,2013-12-24,CENSUS,November 2013,2013-12-24 14:30,Durable Goods Orders - pre..,59,39348,November,3,"3,5% m/m",2% m/m,"-1,6% m/m",1387891800,1,1,1,pinned_report_and_event_name,EconomicCalendar/raw/oanda/daily/2013-12-24.json
EMPLOYMENT,2014-01-10T07:30:00-06:00,2014-01-10,BLS,December 2013,2014-01-10 14:30,Non-Farm Employment Change,707,43590,December,3,74 k,196 k,203 k,1389360600,1,1,1,pinned_report_and_event_name,EconomicCalendar/raw/oanda/daily/2014-01-10.json
RETAIL_SALES,2014-01-14T07:30:00-06:00,2014-01-14,CENSUS,December 2013,2014-01-14 14:30,Retail Sales,696,45333,December,3,"0,2% m/m","0,1% m/m","0,7% m/m",1389706200,1,1,1,pinned_report_and_event_name,EconomicCalendar/raw/oanda/daily/2014-01-14.json
PPI,2014-01-15T07:30:00-06:00,2014-01-15,BLS,December 2013,2014-01-15 14:30,Producer Price Index,703,43459,December,2,"0,4% m/m","0,4% m/m","-0,1% m/m",1389792600,1,1,1,pinned_report_and_event_name,EconomicCalendar/raw/oanda/daily/2014-01-15.json
CPI,2014-01-16T07:30:00-06:00,2014-01-16,BLS,December 2013,2014-01-16 14:30,Consumer Price Index,699,43401,December,3,"0,3% m/m","0,3% m/m","0,0% m/m",1389879000,1,1,1,pinned_report_and_event_name,EconomicCalendar/raw/oanda/daily/2014-01-16.json
DURABLE_GOODS,2014-01-28T07:30:00-06:00,2014-01-28,CENSUS,December 2013,2014-01-28 14:30,Durable Goods Orders - pre..,59,45392,December,3,"-4,3% m/m","1,8% m/m","3,4% m/m",1390915800,1,1,1,pinned_report_and_event_name,EconomicCalendar/raw/oanda/daily/2014-01-28.json
FOMC,2014-01-29T13:00:00-06:00,2014-01-29,FEDERAL_RESERVE,FOMC 2014-01-29,2014-01-29 20:00,FOMC Interest Rate Decision,82,43194,January,3,"0-0,25%","0-0,25%","0-0,25%",1391022000,1,1,1,pinned_report_and_event_name,EconomicCalendar/raw/oanda/daily/2014-01-29.json
GDP,2014-01-30T07:30:00-06:00,2014-01-30,BEA,Q4 2013 Advance,2014-01-30 14:30,GDP (Annualized) - pre..,690,43541,4Q,3,"3,2%","3,2%","4,1%",1391088600,1,1,1,pinned_report_and_event_name,EconomicCalendar/raw/oanda/daily/2014-01-30.json
PCE,2014-01-31T07:30:00-06:00,2014-01-31,BEA,December 2013,2014-01-31 14:30,Personal Consumption Expenditures,694,43204,December,2,"0,4% m/m","0,2% m/m","0,5% m/m",1391175000,1,1,1,pinned_report_and_event_name,EconomicCalendar/raw/oanda/daily/2014-01-31.json
EMPLOYMENT,2014-02-07T07:30:00-06:00,2014-02-07,BLS,January 2014,2014-02-07 14:30,Non-Farm Employment Change,707,43596,January,3,113 k,184 k,74 k,1391779800,1,1,1,pinned_report_and_event_name,EconomicCalendar/raw/oanda/daily/2014-02-07.json
RETAIL_SALES,2014-02-13T07:30:00-06:00,2014-02-13,CENSUS,January 2014,2014-02-13 14:30,Retail Sales,696,45336,January,3,"-0,4% m/m","0,0% m/m","0,2% m/m",1392298200,1,1,1,pinned_report_and_event_name,EconomicCalendar/raw/oanda/daily/2014-02-13.json
PPI,2014-02-19T07:30:00-06:00,2014-02-19,BLS,January 2014,2014-02-19 14:30,Producer Price Index,703,43464,January,2,"0,2% m/m","0,1% m/m","0,4% m/m",1392816600,1,1,1,pinned_report_and_event_name,EconomicCalendar/raw/oanda/daily/2014-02-19.json
CPI,2014-02-20T07:30:00-06:00,2014-02-20,BLS,January 2014,2014-02-20 14:30,Consumer Price Index,699,43406,January,3,"0,1% m/m","0,1% m/m","0,3% m/m",1392903000,1,1,1,pinned_report_and_event_name,EconomicCalendar/raw/oanda/daily/2014-02-20.json
DURABLE_GOODS,2014-02-27T07:30:00-06:00,2014-02-27,CENSUS,January 2014,2014-02-27 14:30,Durable Goods Orders - pre..,59,45394,January,3,-1% m/m,-1% m/m,"-4,2% m/m",1393507800,1,1,1,pinned_report_and_event_name,EconomicCalendar/raw/oanda/daily/2014-02-27.json
GDP,2014-02-28T07:30:00-06:00,2014-02-28,BEA,Q4 2013 Second,2014-02-28 14:30,GDP (Annualized) - rev..,690,43545,4Q,3,"2,4%","3,2%","4,1%",1393594200,1,1,1,pinned_report_and_event_name,EconomicCalendar/raw/oanda/daily/2014-02-28.json
PCE,2014-03-03T07:30:00-06:00,2014-03-03,BEA,January 2014,2014-03-03 14:30,Personal Consumption Expenditures,694,43208,January,2,"0,4% m/m","0,1% m/m","0,4% m/m",1393853400,1,1,1,pinned_report_and_event_name,EconomicCalendar/raw/oanda/daily/2014-03-03.json
EMPLOYMENT,2014-03-07T07:30:00-06:00,2014-03-07,BLS,February 2014,2014-03-07 14:30,Non-Farm Employment Change,707,43602,February,3,175 k,150 k,113 k,1394199000,1,1,1,pinned_report_and_event_name,EconomicCalendar/raw/oanda/daily/2014-03-07.json
RETAIL_SALES,2014-03-13T07:30:00-05:00,2014-03-13,CENSUS,February 2014,2014-03-13 13:30,Retail Sales,696,45339,February,3,"0,3% m/m","0,2% m/m","-0,4% m/m",1394713800,1,1,1,pinned_report_and_event_name,EconomicCalendar/raw/oanda/daily/2014-03-13.json
PPI,2014-03-14T07:30:00-05:00,2014-03-14,BLS,February 2014,2014-03-14 13:30,Producer Price Index,703,43469,February,2,"-0,1% m/m","0,2% m/m","0,2% m/m",1394800200,1,1,1,pinned_report_and_event_name,EconomicCalendar/raw/oanda/daily/2014-03-14.json
CPI,2014-03-18T07:30:00-05:00,2014-03-18,BLS,February 2014,2014-03-18 13:30,Consumer Price Index,699,43411,February,3,"0,1% m/m","0,1% m/m","0,1% m/m",1395145800,1,1,1,pinned_report_and_event_name,EconomicCalendar/raw/oanda/daily/2014-03-18.json
FOMC,2014-03-19T13:00:00-05:00,2014-03-19,FEDERAL_RESERVE,FOMC 2014-03-19,2014-03-19 19:00,FOMC Interest Rate Decision,82,43195,March,3,"0-0,25%","0-0,25%","0-0,25%",1395252000,1,1,1,pinned_report_and_event_name,EconomicCalendar/raw/oanda/daily/2014-03-19.json
DURABLE_GOODS,2014-03-26T07:30:00-05:00,2014-03-26,CENSUS,February 2014,2014-03-26 13:30,Durable Goods Orders - pre..,59,45396,February,3,"2,2% m/m","1,0% m/m","-1,0% m/m",1395837000,1,1,1,pinned_report_and_event_name,EconomicCalendar/raw/oanda/daily/2014-03-26.json
GDP,2014-03-27T07:30:00-05:00,2014-03-27,BEA,Q4 2013 Third,2014-03-27 13:30,GDP (Annualized) - fin..,690,43549,4Q,3,"2,6%","2,7%","4,1%",1395923400,1,1,1,pinned_report_and_event_name,EconomicCalendar/raw/oanda/daily/2014-03-27.json
PCE,2014-03-28T07:30:00-05:00,2014-03-28,BEA,February 2014,2014-03-28 13:30,Personal Consumption Expenditures,694,43212,February,2,"0,3% m/m","0,3% m/m","0,4% m/m",1396009800,1,1,1,pinned_report_and_event_name,EconomicCalendar/raw/oanda/daily/2014-03-28.json
EMPLOYMENT,2014-04-04T07:30:00-05:00,2014-04-04,BLS,March 2014,2014-04-04 14:30,Non-Farm Employment Change,707,43608,March,3,192 k,200 k,175 k,1396614600,1,1,1,pinned_report_and_event_name,EconomicCalendar/raw/oanda/daily/2014-04-04.json
PPI,2014-04-11T07:30:00-05:00,2014-04-11,BLS,March 2014,2014-04-11 14:30,Producer Price Index,703,43474,March,2,"0,5% m/m","0,1% m/m","-0,1% m/m",1397219400,1,1,1,pinned_report_and_event_name,EconomicCalendar/raw/oanda/daily/2014-04-11.json
RETAIL_SALES,2014-04-14T07:30:00-05:00,2014-04-14,CENSUS,March 2014,2014-04-14 14:30,Retail Sales,696,45342,March,3,"1,1% m/m","0,8% m/m","0,3% m/m",1397478600,1,1,1,pinned_report_and_event_name,EconomicCalendar/raw/oanda/daily/2014-04-14.json
CPI,2014-04-15T07:30:00-05:00,2014-04-15,BLS,March 2014,2014-04-15 14:30,Consumer Price Index,699,43416,March,3,"0,2% m/m","0,1% m/m","0,1% m/m",1397565000,1,1,1,pinned_report_and_event_name,EconomicCalendar/raw/oanda/daily/2014-04-15.json
DURABLE_GOODS,2014-04-24T07:30:00-05:00,2014-04-24,CENSUS,March 2014,2014-04-24 14:30,Durable Goods Orders - pre..,59,45398,March,3,"2,6% m/m","2,0% m/m","2,2% m/m",1398342600,1,1,1,pinned_report_and_event_name,EconomicCalendar/raw/oanda/daily/2014-04-24.json
GDP,2014-04-30T07:30:00-05:00,2014-04-30,BEA,Q1 2014 Advance,2014-04-30 14:30,GDP (Annualized) - pre..,690,43553,1Q,3,"0,1%","1,2%","3,2%",1398861000,1,1,1,pinned_report_and_event_name,EconomicCalendar/raw/oanda/daily/2014-04-30.json
FOMC,2014-04-30T13:00:00-05:00,2014-04-30,FEDERAL_RESERVE,FOMC 2014-04-30,2014-04-30 20:00,FOMC Interest Rate Decision,82,43196,April,3,"0-0,25%","0-0,25%","0-0,25%",1398880800,1,1,1,pinned_report_and_event_name,EconomicCalendar/raw/oanda/daily/2014-04-30.json
PCE,2014-05-01T07:30:00-05:00,2014-05-01,BEA,March 2014,2014-05-01 14:30,Personal Consumption Expenditures,694,43216,March,2,"0,9% m/m","0,6% m/m","0,3% m/m",1398947400,1,1,1,pinned_report_and_event_name,EconomicCalendar/raw/oanda/daily/2014-05-01.json
EMPLOYMENT,2014-05-02T07:30:00-05:00,2014-05-02,BLS,April 2014,2014-05-02 14:30,Non-Farm Employment Change,707,43614,April,3,288 k,210 k,192 k,1399033800,1,1,1,pinned_report_and_event_name,EconomicCalendar/raw/oanda/daily/2014-05-02.json
RETAIL_SALES,2014-05-13T07:30:00-05:00,2014-05-13,CENSUS,April 2014,2014-05-13 14:30,Retail Sales,696,45345,April,3,"0,1% m/m","0,4% m/m","1,1% m/m",1399984200,1,1,1,pinned_report_and_event_name,EconomicCalendar/raw/oanda/daily/2014-05-13.json
PPI,2014-05-14T07:30:00-05:00,2014-05-14,BLS,April 2014,2014-05-14 14:30,Producer Price Index,703,43479,April,2,"0,6% m/m","0,2% m/m","0,5% m/m",1400070600,1,1,1,pinned_report_and_event_name,EconomicCalendar/raw/oanda/daily/2014-05-14.json
CPI,2014-05-15T07:30:00-05:00,2014-05-15,BLS,April 2014,2014-05-15 14:30,Consumer Price Index,699,43421,April,3,"0,3% m/m","0,3% m/m","0,2% m/m",1400157000,1,1,1,pinned_report_and_event_name,EconomicCalendar/raw/oanda/daily/2014-05-15.json
DURABLE_GOODS,2014-05-27T07:30:00-05:00,2014-05-27,CENSUS,April 2014,2014-05-27 14:30,Durable Goods Orders - pre..,59,45400,April,3,"0,8% m/m","-0,5% m/m","2,9% m/m",1401193800,1,1,1,pinned_report_and_event_name,EconomicCalendar/raw/oanda/daily/2014-05-27.json
GDP,2014-05-29T07:30:00-05:00,2014-05-29,BEA,Q1 2014 Second,2014-05-29 14:30,GDP (Annualized) - rev..,690,43557,1Q,3,"-1,0%","0,1%","2,4%",1401366600,1,1,1,pinned_report_and_event_name,EconomicCalendar/raw/oanda/daily/2014-05-29.json
PCE,2014-05-30T07:30:00-05:00,2014-05-30,BEA,April 2014,2014-05-30 14:30,Personal Consumption Expenditures,694,43220,April,2,"-0,1% m/m","0,2% m/m","0,9% m/m",1401453000,1,1,1,pinned_report_and_event_name,EconomicCalendar/raw/oanda/daily/2014-05-30.json
EMPLOYMENT,2014-06-06T07:30:00-05:00,2014-06-06,BLS,May 2014,2014-06-06 14:30,Non-Farm Employment Change,707,43620,May,3,217 k,215 k,288 k,1402057800,1,1,1,pinned_report_and_event_name,EconomicCalendar/raw/oanda/daily/2014-06-06.json
RETAIL_SALES,2014-06-12T07:30:00-05:00,2014-06-12,CENSUS,May 2014,2014-06-12 14:30,Retail Sales,696,45348,May,3,"0,3% m/m","0,6% m/m","0,1% m/m",1402576200,1,1,1,pinned_report_and_event_name,EconomicCalendar/raw/oanda/daily/2014-06-12.json
PPI,2014-06-13T07:30:00-05:00,2014-06-13,BLS,May 2014,2014-06-13 14:30,Producer Price Index,703,43484,May,2,"-0,2% m/m","0,1% m/m","0,6% m/m",1402662600,1,1,1,pinned_report_and_event_name,EconomicCalendar/raw/oanda/daily/2014-06-13.json
CPI,2014-06-17T07:30:00-05:00,2014-06-17,BLS,May 2014,2014-06-17 14:30,Consumer Price Index,699,43426,May,3,"0,4% m/m","0,2% m/m","0,3% m/m",1403008200,1,1,1,pinned_report_and_event_name,EconomicCalendar/raw/oanda/daily/2014-06-17.json
FOMC,2014-06-18T13:00:00-05:00,2014-06-18,FEDERAL_RESERVE,FOMC 2014-06-18,2014-06-18 20:00,FOMC Interest Rate Decision,82,43197,June,3,"0-0,25%","0-0,25%","0-0,25%",1403114400,1,1,1,pinned_report_and_event_name,EconomicCalendar/raw/oanda/daily/2014-06-18.json
DURABLE_GOODS,2014-06-25T07:30:00-05:00,2014-06-25,CENSUS,May 2014,2014-06-25 14:30,Durable Goods Orders - pre..,59,45402,May,3,"-1,0% m/m","0,0% m/m","0,6% m/m",1403699400,1,1,1,pinned_report_and_event_name,EconomicCalendar/raw/oanda/daily/2014-06-25.json
GDP,2014-06-25T07:30:00-05:00,2014-06-25,BEA,Q1 2014 Third,2014-06-25 14:30,GDP (Annualized) - fin..,690,43561,1Q,3,"-2,9%","-1,0%","2,6%",1403699400,1,1,1,pinned_report_and_event_name,EconomicCalendar/raw/oanda/daily/2014-06-25.json
PCE,2014-06-26T07:30:00-05:00,2014-06-26,BEA,May 2014,2014-06-26 14:30,Personal Consumption Expenditures,694,43224,May,2,"0,2% m/m","0,4% m/m","-0,1% m/m",1403785800,1,1,1,pinned_report_and_event_name,EconomicCalendar/raw/oanda/daily/2014-06-26.json
EMPLOYMENT,2014-07-03T07:30:00-05:00,2014-07-03,BLS,June 2014,2014-07-03 14:30,Non-Farm Employment Change,707,43626,June,3,288 k,212 k,217 k,1404390600,1,1,1,pinned_report_and_event_name,EconomicCalendar/raw/oanda/daily/2014-07-03.json
RETAIL_SALES,2014-07-15T07:30:00-05:00,2014-07-15,CENSUS,June 2014,2014-07-15 14:30,Retail Sales,696,45351,June,3,"0,2% m/m","0,6% m/m","0,3% m/m",1405427400,1,1,1,pinned_report_and_event_name,EconomicCalendar/raw/oanda/daily/2014-07-15.json
PPI,2014-07-16T07:30:00-05:00,2014-07-16,BLS,June 2014,2014-07-16 14:30,Producer Price Index,703,43489,June,2,"0,4% m/m","0,2% m/m","-0,2% m/m",1405513800,1,1,1,pinned_report_and_event_name,EconomicCalendar/raw/oanda/daily/2014-07-16.json
CPI,2014-07-22T07:30:00-05:00,2014-07-22,BLS,June 2014,2014-07-22 14:30,Consumer Price Index,699,43431,June,3,"0,3% m/m","0,3% m/m","0,4% m/m",1406032200,1,1,1,pinned_report_and_event_name,EconomicCalendar/raw/oanda/daily/2014-07-22.json
DURABLE_GOODS,2014-07-25T07:30:00-05:00,2014-07-25,CENSUS,June 2014,2014-07-25 14:30,Durable Goods Orders - pre..,59,45404,June,3,"0,7% m/m","0,5% m/m","-0,9% m/m",1406291400,1,1,1,pinned_report_and_event_name,EconomicCalendar/raw/oanda/daily/2014-07-25.json
GDP,2014-07-30T07:30:00-05:00,2014-07-30,BEA,Q2 2014 Advance,2014-07-30 14:30,GDP (Annualized) - pre..,690,43565,2Q,3,"4,0%","3,0%","-2,9%",1406723400,1,1,1,pinned_report_and_event_name,EconomicCalendar/raw/oanda/daily/2014-07-30.json
FOMC,2014-07-30T13:00:00-05:00,2014-07-30,FEDERAL_RESERVE,FOMC 2014-07-30,2014-07-30 20:00,FOMC Interest Rate Decision,82,43198,July,3,"0-0,25%","0-0,25%","0-0,25%",1406743200,1,1,1,pinned_report_and_event_name,EconomicCalendar/raw/oanda/daily/2014-07-30.json
EMPLOYMENT,2014-08-01T07:30:00-05:00,2014-08-01,BLS,July 2014,2014-08-01 14:30,Non-Farm Employment Change,707,43632,July,3,209 k,233 k,288 k,1406896200,1,1,1,pinned_report_and_event_name,EconomicCalendar/raw/oanda/daily/2014-08-01.json
PCE,2014-08-01T07:30:00-05:00,2014-08-01,BEA,June 2014,2014-08-01 14:30,Personal Consumption Expenditures,694,43228,June,2,"0,4% m/m","0,4% m/m","0,2% m/m",1406896200,1,1,1,pinned_report_and_event_name,EconomicCalendar/raw/oanda/daily/2014-08-01.json
RETAIL_SALES,2014-08-13T07:30:00-05:00,2014-08-13,CENSUS,July 2014,2014-08-13 14:30,Retail Sales,696,45354,July,3,"0,0% m/m","0,3% m/m","0,2% m/m",1407933000,1,1,1,pinned_report_and_event_name,EconomicCalendar/raw/oanda/daily/2014-08-13.json
PPI,2014-08-15T07:30:00-05:00,2014-08-15,BLS,July 2014,2014-08-15 14:30,Producer Price Index,703,43494,July,2,"0,1% m/m","0,1% m/m","0,4% m/m",1408105800,1,1,1,pinned_report_and_event_name,EconomicCalendar/raw/oanda/daily/2014-08-15.json
CPI,2014-08-19T07:30:00-05:00,2014-08-19,BLS,July 2014,2014-08-19 14:30,Consumer Price Index,699,43436,July,3,"0,1% m/m","0,1% m/m","0,3% m/m",1408451400,1,1,1,pinned_report_and_event_name,EconomicCalendar/raw/oanda/daily/2014-08-19.json
DURABLE_GOODS,2014-08-26T07:30:00-05:00,2014-08-26,CENSUS,July 2014,2014-08-26 14:30,Durable Goods Orders - pre..,59,45406,July,3,"22,6% m/m","7,5% m/m","1,7% m/m",1409056200,1,1,1,pinned_report_and_event_name,EconomicCalendar/raw/oanda/daily/2014-08-26.json
GDP,2014-08-28T07:30:00-05:00,2014-08-28,BEA,Q2 2014 Second,2014-08-28 14:30,GDP (Annualized) - rev..,690,43569,2Q,3,"4,2%","4,0%","-2,1%",1409229000,1,1,1,pinned_report_and_event_name,EconomicCalendar/raw/oanda/daily/2014-08-28.json
PCE,2014-08-29T07:30:00-05:00,2014-08-29,BEA,July 2014,2014-08-29 14:30,Personal Consumption Expenditures,694,43232,July,2,"-0,1% m/m","0,2% m/m","0,4% m/m",1409315400,1,1,1,pinned_report_and_event_name,EconomicCalendar/raw/oanda/daily/2014-08-29.json
EMPLOYMENT,2014-09-05T07:30:00-05:00,2014-09-05,BLS,August 2014,2014-09-05 14:30,Non-Farm Employment Change,707,43638,August,3,142 k,225 k,209 k,1409920200,1,1,1,pinned_report_and_event_name,EconomicCalendar/raw/oanda/daily/2014-09-05.json
RETAIL_SALES,2014-09-12T07:30:00-05:00,2014-09-12,CENSUS,August 2014,2014-09-12 14:30,Retail Sales,696,45357,August,3,"0,6% m/m","0,6% m/m","0,0% m/m",1410525000,1,1,1,pinned_report_and_event_name,EconomicCalendar/raw/oanda/daily/2014-09-12.json
PPI,2014-09-16T07:30:00-05:00,2014-09-16,BLS,August 2014,2014-09-16 14:30,Producer Price Index,703,43499,August,2,"0,0% m/m","0,0% m/m","0,1% m/m",1410870600,1,1,1,pinned_report_and_event_name,EconomicCalendar/raw/oanda/daily/2014-09-16.json
CPI,2014-09-17T07:30:00-05:00,2014-09-17,BLS,August 2014,2014-09-17 14:30,Consumer Price Index,699,43441,August,3,"-0,2% m/m","0,0% m/m","0,1% m/m",1410957000,1,1,1,pinned_report_and_event_name,EconomicCalendar/raw/oanda/daily/2014-09-17.json
FOMC,2014-09-17T13:00:00-05:00,2014-09-17,FEDERAL_RESERVE,FOMC 2014-09-17,2014-09-17 20:00,FOMC Interest Rate Decision,82,43199,September,3,"0-0,25%","0-0,25%","0-0,25%",1410976800,1,1,1,pinned_report_and_event_name,EconomicCalendar/raw/oanda/daily/2014-09-17.json
DURABLE_GOODS,2014-09-25T07:30:00-05:00,2014-09-25,CENSUS,August 2014,2014-09-25 14:30,Durable Goods Orders - pre..,59,45408,August,3,"-18,2% m/m",-18% m/m,"22,5% m/m",1411648200,1,1,1,pinned_report_and_event_name,EconomicCalendar/raw/oanda/daily/2014-09-25.json
GDP,2014-09-26T07:30:00-05:00,2014-09-26,BEA,Q2 2014 Third,2014-09-26 14:30,GDP (Annualized) - fin..,690,43573,2Q,3,"4,6%","4,2%","-2,1%",1411734600,1,1,1,pinned_report_and_event_name,EconomicCalendar/raw/oanda/daily/2014-09-26.json
PCE,2014-09-29T07:30:00-05:00,2014-09-29,BEA,August 2014,2014-09-29 14:30,Personal Consumption Expenditures,694,43236,August,2,"0,5% m/m","0,4% m/m","-0,1% m/m",1411993800,1,1,1,pinned_report_and_event_name,EconomicCalendar/raw/oanda/daily/2014-09-29.json
EMPLOYMENT,2014-10-03T07:30:00-05:00,2014-10-03,BLS,September 2014,2014-10-03 14:30,Non-Farm Employment Change,707,43644,September,3,248 k,215 k,142 k,1412339400,1,1,1,pinned_report_and_event_name,EconomicCalendar/raw/oanda/daily/2014-10-03.json
PPI,2014-10-15T07:30:00-05:00,2014-10-15,BLS,September 2014,2014-10-15 14:30,Producer Price Index,703,43504,September,2,"-0,1% m/m","0,1% m/m","0,0% m/m",1413376200,1,1,1,pinned_report_and_event_name,EconomicCalendar/raw/oanda/daily/2014-10-15.json
RETAIL_SALES,2014-10-15T07:30:00-05:00,2014-10-15,CENSUS,September 2014,2014-10-15 14:30,Retail Sales,696,45360,September,3,"-0,3% m/m","-0,1% m/m","0,6% m/m",1413376200,1,1,1,pinned_report_and_event_name,EconomicCalendar/raw/oanda/daily/2014-10-15.json
CPI,2014-10-22T07:30:00-05:00,2014-10-22,BLS,September 2014,2014-10-22 14:30,Consumer Price Index,699,43446,September,3,"0,1% m/m","0,1% m/m","-0,2% m/m",1413981000,1,1,1,pinned_report_and_event_name,EconomicCalendar/raw/oanda/daily/2014-10-22.json
DURABLE_GOODS,2014-10-28T07:30:00-05:00,2014-10-28,CENSUS,September 2014,2014-10-28 13:30,Durable Goods Orders - pre..,59,45410,September,3,"-1,3% m/m","0,5% m/m","-18,4% m/m",1414499400,1,1,1,pinned_report_and_event_name,EconomicCalendar/raw/oanda/daily/2014-10-28.json
FOMC,2014-10-29T13:00:00-05:00,2014-10-29,FEDERAL_RESERVE,FOMC 2014-10-29,2014-10-29 19:00,FOMC Interest Rate Decision,82,43200,October,3,"0-0,25%","0-0,25%","0-0,25%",1414605600,1,1,1,pinned_report_and_event_name,EconomicCalendar/raw/oanda/daily/2014-10-29.json
GDP,2014-10-30T07:30:00-05:00,2014-10-30,BEA,Q3 2014 Advance,2014-10-30 13:30,GDP (Annualized) - pre..,690,43577,3Q,3,"3,5%","3,0%","4,6%",1414672200,1,1,1,pinned_report_and_event_name,EconomicCalendar/raw/oanda/daily/2014-10-30.json
PCE,2014-10-31T07:30:00-05:00,2014-10-31,BEA,September 2014,2014-10-31 13:30,Personal Consumption Expenditures,694,43240,September,2,"-0,2% m/m","0,3% m/m","0,5% m/m",1414758600,1,1,1,pinned_report_and_event_name,EconomicCalendar/raw/oanda/daily/2014-10-31.json
EMPLOYMENT,2014-11-07T07:30:00-06:00,2014-11-07,BLS,October 2014,2014-11-07 14:30,Non-Farm Employment Change,707,43650,October,3,214 k,231 k,248 k,1415367000,1,1,1,pinned_report_and_event_name,EconomicCalendar/raw/oanda/daily/2014-11-07.json
RETAIL_SALES,2014-11-14T07:30:00-06:00,2014-11-14,CENSUS,October 2014,2014-11-14 14:30,Retail Sales,696,45363,October,3,"0,3% m/m","0,2% m/m","-0,3% m/m",1415971800,1,1,1,pinned_report_and_event_name,EconomicCalendar/raw/oanda/daily/2014-11-14.json
PPI,2014-11-18T07:30:00-06:00,2014-11-18,BLS,October 2014,2014-11-18 14:30,Producer Price Index,703,43509,October,2,"0,2% m/m","-0,1% m/m","-0,1% m/m",1416317400,1,1,1,pinned_report_and_event_name,EconomicCalendar/raw/oanda/daily/2014-11-18.json
CPI,2014-11-20T07:30:00-06:00,2014-11-20,BLS,October 2014,2014-11-20 14:30,Consumer Price Index,699,43451,October,3,"0,0% m/m","-0,1% m/m","0,1% m/m",1416490200,1,1,1,pinned_report_and_event_name,EconomicCalendar/raw/oanda/daily/2014-11-20.json
GDP,2014-11-25T07:30:00-06:00,2014-11-25,BEA,Q3 2014 Second,2014-11-25 14:30,GDP (Annualized) - rev..,690,43581,3Q,3,"3,9%","3,5%","4,6%",1416922200,1,1,1,pinned_report_and_event_name,EconomicCalendar/raw/oanda/daily/2014-11-25.json
DURABLE_GOODS,2014-11-26T07:30:00-06:00,2014-11-26,CENSUS,October 2014,2014-11-26 14:30,Durable Goods Orders - pre..,59,45412,October,3,"0,4% m/m","-0,6% m/m","-1,1% m/m",1417008600,1,1,1,pinned_report_and_event_name,EconomicCalendar/raw/oanda/daily/2014-11-26.json
PCE,2014-11-26T07:30:00-06:00,2014-11-26,BEA,October 2014,2014-11-26 14:30,Personal Consumption Expenditures,694,43244,October,2,"0,2% m/m","0,3% m/m","-0,2% m/m",1417008600,1,1,1,pinned_report_and_event_name,EconomicCalendar/raw/oanda/daily/2014-11-26.json
EMPLOYMENT,2014-12-05T07:30:00-06:00,2014-12-05,BLS,November 2014,2014-12-05 14:30,Non-Farm Employment Change,707,43656,November,3,321 k,232 k,214 k,1417786200,1,1,1,pinned_report_and_event_name,EconomicCalendar/raw/oanda/daily/2014-12-05.json
RETAIL_SALES,2014-12-11T07:30:00-06:00,2014-12-11,CENSUS,November 2014,2014-12-11 14:30,Retail Sales,696,45366,November,3,"0,7% m/m","0,4% m/m","0,3% m/m",1418304600,1,1,1,pinned_report_and_event_name,EconomicCalendar/raw/oanda/daily/2014-12-11.json
PPI,2014-12-12T07:30:00-06:00,2014-12-12,BLS,November 2014,2014-12-12 14:30,Producer Price Index,703,43514,November,2,"-0,2% m/m","-0,1% m/m","0,2% m/m",1418391000,1,1,1,pinned_report_and_event_name,EconomicCalendar/raw/oanda/daily/2014-12-12.json
CPI,2014-12-17T07:30:00-06:00,2014-12-17,BLS,November 2014,2014-12-17 14:30,Consumer Price Index,699,43456,November,3,"-0,3% m/m","-0,1% m/m","0,0% m/m",1418823000,1,1,1,pinned_report_and_event_name,EconomicCalendar/raw/oanda/daily/2014-12-17.json
FOMC,2014-12-17T13:00:00-06:00,2014-12-17,FEDERAL_RESERVE,FOMC 2014-12-17,2014-12-17 20:00,FOMC Interest Rate Decision,82,43201,December,3,"0-0,25%","0-0,25%","0-0,25%",1418842800,1,1,1,pinned_report_and_event_name,EconomicCalendar/raw/oanda/daily/2014-12-17.json
DURABLE_GOODS,2014-12-23T07:30:00-06:00,2014-12-23,CENSUS,November 2014,2014-12-23 14:30,Durable Goods Orders - pre..,59,45414,November,3,"-0,7% m/m","1,8% m/m","0,3% m/m",1419341400,1,1,1,pinned_report_and_event_name,EconomicCalendar/raw/oanda/daily/2014-12-23.json
GDP,2014-12-23T07:30:00-06:00,2014-12-23,BEA,Q3 2014 Third,2014-12-23 14:30,GDP (Annualized) - fin..,690,43585,3Q,3,5%,"3,9%","4,6%",1419341400,1,1,1,pinned_report_and_event_name,EconomicCalendar/raw/oanda/daily/2014-12-23.json
PCE,2014-12-23T09:00:00-06:00,2014-12-23,BEA,November 2014,2014-12-23 16:00,Personal Consumption Expenditures,694,43248,November,2,"0,6% m/m","0,5% m/m","0,2% m/m",1419346800,1,1,1,pinned_report_and_event_name,EconomicCalendar/raw/oanda/daily/2014-12-23.json
EMPLOYMENT,2015-01-09T07:30:00-06:00,2015-01-09,BLS,December 2014,2015-01-09 14:30,Non-Farm Employment Change,707,50661,December,3,252 k,240 k,321 k,1420810200,1,1,1,pinned_report_and_event_name,EconomicCalendar/raw/oanda/daily/2015-01-09.json
RETAIL_SALES,2015-01-14T07:30:00-06:00,2015-01-14,CENSUS,December 2014,2015-01-14 14:30,Retail Sales,696,53014,December,3,"-0,9% m/m","-0,1% m/m","0,7% m/m",1421242200,1,1,1,pinned_report_and_event_name,EconomicCalendar/raw/oanda/daily/2015-01-14.json
PPI,2015-01-15T07:30:00-06:00,2015-01-15,BLS,December 2014,2015-01-15 14:30,Producer Price Index,703,50535,December,2,"-0,3% m/m","-0,4% m/m","-0,2% m/m",1421328600,1,1,1,pinned_report_and_event_name,EconomicCalendar/raw/oanda/daily/2015-01-15.json
CPI,2015-01-16T07:30:00-06:00,2015-01-16,BLS,December 2014,2015-01-16 14:30,Consumer Price Index,699,50477,December,3,"-0,4% m/m","-0,4% m/m","-0,3% m/m",1421415000,1,1,1,pinned_report_and_event_name,EconomicCalendar/raw/oanda/daily/2015-01-16.json
DURABLE_GOODS,2015-01-27T07:30:00-06:00,2015-01-27,CENSUS,December 2014,2015-01-27 14:30,Durable Goods Orders - pre..,59,53073,December,3,"-3,4% m/m","0,5% m/m","-0,9% m/m",1422365400,1,1,1,pinned_report_and_event_name,EconomicCalendar/raw/oanda/daily/2015-01-27.json
FOMC,2015-01-28T13:00:00-06:00,2015-01-28,FEDERAL_RESERVE,FOMC 2015-01-28,2015-01-28 20:00,FOMC Interest Rate Decision,82,50310,January,3,"0-0,25%","0-0,25%","0-0,25%",1422471600,1,1,1,pinned_report_and_event_name,EconomicCalendar/raw/oanda/daily/2015-01-28.json
GDP,2015-01-30T07:30:00-06:00,2015-01-30,BEA,Q4 2014 Advance,2015-01-30 14:30,GDP (Annualized) - pre..,690,50613,4Q,3,"2,6%",3%,5%,1422624600,1,1,1,pinned_report_and_event_name,EconomicCalendar/raw/oanda/daily/2015-01-30.json
PCE,2015-02-02T07:30:00-06:00,2015-02-02,BEA,December 2014,2015-02-02 14:30,Personal Consumption Expenditures,694,50320,December,2,"-0,3% m/m","-0,2% m/m","0,6% m/m",1422883800,1,1,1,pinned_report_and_event_name,EconomicCalendar/raw/oanda/daily/2015-02-02.json
EMPLOYMENT,2015-02-06T07:30:00-06:00,2015-02-06,BLS,January 2015,2015-02-06 14:30,Non-Farm Employment Change,707,50667,January,3,257 k,234 k,252 k,1423229400,1,1,1,pinned_report_and_event_name,EconomicCalendar/raw/oanda/daily/2015-02-06.json
RETAIL_SALES,2015-02-12T07:30:00-06:00,2015-02-12,CENSUS,January 2015,2015-02-12 14:30,Retail Sales,696,53017,January,3,"-0,8% m/m","-0,5% m/m","-0,9% m/m",1423747800,1,1,1,pinned_report_and_event_name,EconomicCalendar/raw/oanda/daily/2015-02-12.json
PPI,2015-02-18T07:30:00-06:00,2015-02-18,BLS,January 2015,2015-02-18 14:30,Producer Price Index,703,50540,January,2,"-0,8% m/m","-0,4% m/m","-0,3% m/m",1424266200,1,1,1,pinned_report_and_event_name,EconomicCalendar/raw/oanda/daily/2015-02-18.json
CPI,2015-02-26T07:30:00-06:00,2015-02-26,BLS,January 2015,2015-02-26 14:30,Consumer Price Index,699,50482,January,3,"-0,7% m/m","-0,6% m/m","-0,4% m/m",1424957400,1,1,1,pinned_report_and_event_name,EconomicCalendar/raw/oanda/daily/2015-02-26.json
DURABLE_GOODS,2015-02-26T07:30:00-06:00,2015-02-26,CENSUS,January 2015,2015-02-26 14:30,Durable Goods Orders - pre..,59,53075,January,3,"2,8% m/m","1,9% m/m","-3,3% m/m",1424957400,1,1,1,pinned_report_and_event_name,EconomicCalendar/raw/oanda/daily/2015-02-26.json
GDP,2015-02-27T07:30:00-06:00,2015-02-27,BEA,Q4 2014 Second,2015-02-27 14:30,GDP (Annualized) - rev..,690,50617,4Q,3,"2,2%","2,6%",5%,1425043800,1,1,1,pinned_report_and_event_name,EconomicCalendar/raw/oanda/daily/2015-02-27.json
PCE,2015-03-02T07:30:00-06:00,2015-03-02,BEA,January 2015,2015-03-02 14:30,Personal Consumption Expenditures,694,50324,January,2,"-0,2% m/m","-0,1% m/m","-0,3% m/m",1425303000,1,1,1,pinned_report_and_event_name,EconomicCalendar/raw/oanda/daily/2015-03-02.json
EMPLOYMENT,2015-03-06T07:30:00-06:00,2015-03-06,BLS,February 2015,2015-03-06 14:30,Non-Farm Employment Change,707,50673,February,3,295 k,240 k,257 k,1425648600,1,1,1,pinned_report_and_event_name,EconomicCalendar/raw/oanda/daily/2015-03-06.json
RETAIL_SALES,2015-03-12T07:30:00-05:00,2015-03-12,CENSUS,February 2015,2015-03-12 13:30,Retail Sales,696,53020,February,3,"-0,6% m/m","0,3% m/m","-0,8% m/m",1426163400,1,1,1,pinned_report_and_event_name,EconomicCalendar/raw/oanda/daily/2015-03-12.json
PPI,2015-03-13T07:30:00-05:00,2015-03-13,BLS,February 2015,2015-03-13 13:30,Producer Price Index,703,50545,February,2,"-0,5% m/m","0,3% m/m","-0,8% m/m",1426249800,1,1,1,pinned_report_and_event_name,EconomicCalendar/raw/oanda/daily/2015-03-13.json
FOMC,2015-03-18T13:00:00-05:00,2015-03-18,FEDERAL_RESERVE,FOMC 2015-03-18,2015-03-18 19:00,FOMC Interest Rate Decision,82,50311,March,3,"0-0,25%","0-0,25%","0-0,25%",1426701600,1,1,1,pinned_report_and_event_name,EconomicCalendar/raw/oanda/daily/2015-03-18.json
CPI,2015-03-24T07:30:00-05:00,2015-03-24,BLS,February 2015,2015-03-24 13:30,Consumer Price Index,699,50487,February,3,"0,2% m/m","0,2% m/m","-0,7% m/m",1427200200,1,1,1,pinned_report_and_event_name,EconomicCalendar/raw/oanda/daily/2015-03-24.json
DURABLE_GOODS,2015-03-25T07:30:00-05:00,2015-03-25,CENSUS,February 2015,2015-03-25 13:30,Durable Goods Orders - pre..,59,53077,February,3,"-1,4% m/m","0,4% m/m","2,8% m/m",1427286600,1,1,1,pinned_report_and_event_name,EconomicCalendar/raw/oanda/daily/2015-03-25.json
GDP,2015-03-27T07:30:00-05:00,2015-03-27,BEA,Q4 2014 Third,2015-03-27 13:30,GDP (Annualized) - fin..,690,57359,4Q,3,"2,2%","2,2%",5%,1427459400,1,1,1,pinned_report_and_event_name,EconomicCalendar/raw/oanda/daily/2015-03-27.json
PCE,2015-03-30T07:30:00-05:00,2015-03-30,BEA,February 2015,2015-03-30 14:30,Personal Consumption Expenditures,694,50328,February,2,"0,1% m/m","0,2% m/m","-0,2% m/m",1427718600,1,1,1,pinned_report_and_event_name,EconomicCalendar/raw/oanda/daily/2015-03-30.json
EMPLOYMENT,2015-04-03T07:30:00-05:00,2015-04-03,BLS,March 2015,2015-04-03 14:30,Non-Farm Employment Change,707,50679,March,3,126 k,244 k,295 k,1428064200,1,1,1,pinned_report_and_event_name,EconomicCalendar/raw/oanda/daily/2015-04-03.json
PPI,2015-04-14T07:30:00-05:00,2015-04-14,BLS,March 2015,2015-04-14 14:30,Producer Price Index,703,50550,March,2,"0,2% m/m","0,2% m/m","-0,5% m/m",1429014600,1,1,1,pinned_report_and_event_name,EconomicCalendar/raw/oanda/daily/2015-04-14.json
RETAIL_SALES,2015-04-14T07:30:00-05:00,2015-04-14,CENSUS,March 2015,2015-04-14 14:30,Retail Sales,696,53023,March,3,"0,9% m/m",1% m/m,"-0,6% m/m",1429014600,1,1,1,pinned_report_and_event_name,EconomicCalendar/raw/oanda/daily/2015-04-14.json
CPI,2015-04-17T07:30:00-05:00,2015-04-17,BLS,March 2015,2015-04-17 14:30,Consumer Price Index,699,50492,March,3,"0,2% m/m","0,2% m/m","0,2% m/m",1429273800,1,1,1,pinned_report_and_event_name,EconomicCalendar/raw/oanda/daily/2015-04-17.json
DURABLE_GOODS,2015-04-24T07:30:00-05:00,2015-04-24,CENSUS,March 2015,2015-04-24 14:30,Durable Goods Orders - pre..,59,53079,March,3,4% m/m,"0,8% m/m","-1,4% m/m",1429878600,1,1,1,pinned_report_and_event_name,EconomicCalendar/raw/oanda/daily/2015-04-24.json
GDP,2015-04-29T07:30:00-05:00,2015-04-29,BEA,Q1 2015 Advance,2015-04-29 14:30,GDP (Annualized) - pre..,690,50625,1Q,3,"0,2%",1%,"2,6%",1430310600,1,1,1,pinned_report_and_event_name,EconomicCalendar/raw/oanda/daily/2015-04-29.json
FOMC,2015-04-29T13:00:00-05:00,2015-04-29,FEDERAL_RESERVE,FOMC 2015-04-29,2015-04-29 20:00,FOMC Interest Rate Decision,82,50312,April,3,"0-0,25%","0-0,25%","0-0,25%",1430330400,1,1,1,pinned_report_and_event_name,EconomicCalendar/raw/oanda/daily/2015-04-29.json
PCE,2015-04-30T07:30:00-05:00,2015-04-30,BEA,March 2015,2015-04-30 14:30,Personal Consumption Expenditures,694,50332,March,2,"0,4% m/m","0,5% m/m","0,1% m/m",1430397000,1,1,1,pinned_report_and_event_name,EconomicCalendar/raw/oanda/daily/2015-04-30.json
EMPLOYMENT,2015-05-08T07:30:00-05:00,2015-05-08,BLS,April 2015,2015-05-08 14:30,Non-Farm Employment Change,707,50685,April,3,223 k,225 k,126 k,1431088200,1,1,1,pinned_report_and_event_name,EconomicCalendar/raw/oanda/daily/2015-05-08.json
RETAIL_SALES,2015-05-13T07:30:00-05:00,2015-05-13,CENSUS,April 2015,2015-05-13 14:30,Retail Sales,696,53026,April,3,"0,0% m/m","0,3% m/m","0,9% m/m",1431520200,1,1,1,pinned_report_and_event_name,EconomicCalendar/raw/oanda/daily/2015-05-13.json
PPI,2015-05-14T07:30:00-05:00,2015-05-14,BLS,April 2015,2015-05-14 14:30,Producer Price Index,703,50555,April,2,"-0,4% m/m","0,2% m/m","0,2% m/m",1431606600,1,1,1,pinned_report_and_event_name,EconomicCalendar/raw/oanda/daily/2015-05-14.json
CPI,2015-05-22T07:30:00-05:00,2015-05-22,BLS,April 2015,2015-05-22 14:30,Consumer Price Index,699,50497,April,3,"0,1% m/m","0,1% m/m","0,2% m/m",1432297800,1,1,1,pinned_report_and_event_name,EconomicCalendar/raw/oanda/daily/2015-05-22.json
DURABLE_GOODS,2015-05-26T07:30:00-05:00,2015-05-26,CENSUS,April 2015,2015-05-26 14:30,Durable Goods Orders - pre..,59,53081,April,3,"-0,5% m/m","-0,4% m/m","4,4% m/m",1432643400,1,1,1,pinned_report_and_event_name,EconomicCalendar/raw/oanda/daily/2015-05-26.json
GDP,2015-05-29T07:30:00-05:00,2015-05-29,BEA,Q1 2015 Second,2015-05-29 14:30,GDP (Annualized) - rev..,690,50629,1Q,3,"-0,7%","0,2%","2,2%",1432902600,1,1,1,pinned_report_and_event_name,EconomicCalendar/raw/oanda/daily/2015-05-29.json
PCE,2015-06-01T07:30:00-05:00,2015-06-01,BEA,April 2015,2015-06-01 14:30,Personal Consumption Expenditures,694,50336,April,2,"0,0% m/m","0,2% m/m","0,4% m/m",1433161800,1,1,1,pinned_report_and_event_name,EconomicCalendar/raw/oanda/daily/2015-06-01.json
EMPLOYMENT,2015-06-05T07:30:00-05:00,2015-06-05,BLS,May 2015,2015-06-05 14:30,Non-Farm Employment Change,707,50691,May,3,280 k,225 k,223 k,1433507400,1,1,1,pinned_report_and_event_name,EconomicCalendar/raw/oanda/daily/2015-06-05.json
RETAIL_SALES,2015-06-11T07:30:00-05:00,2015-06-11,CENSUS,May 2015,2015-06-11 14:30,Retail Sales,696,53029,May,3,"1,2% m/m","1,1% m/m","0,0% m/m",1434025800,1,1,1,pinned_report_and_event_name,EconomicCalendar/raw/oanda/daily/2015-06-11.json
PPI,2015-06-12T07:30:00-05:00,2015-06-12,BLS,May 2015,2015-06-12 14:30,Producer Price Index,703,50560,May,2,"0,5% m/m","0,4% m/m","-0,4% m/m",1434112200,1,1,1,pinned_report_and_event_name,EconomicCalendar/raw/oanda/daily/2015-06-12.json
FOMC,2015-06-17T13:00:00-05:00,2015-06-17,FEDERAL_RESERVE,FOMC 2015-06-17,2015-06-17 20:00,FOMC Interest Rate Decision,82,50313,June,3,"0-0,25%","0-0,25%","0-0,25%",1434564000,1,1,1,pinned_report_and_event_name,EconomicCalendar/raw/oanda/daily/2015-06-17.json
CPI,2015-06-18T07:30:00-05:00,2015-06-18,BLS,May 2015,2015-06-18 14:30,Consumer Price Index,699,50502,May,3,"0,4% m/m","0,5% m/m","0,1% m/m",1434630600,1,1,1,pinned_report_and_event_name,EconomicCalendar/raw/oanda/daily/2015-06-18.json
DURABLE_GOODS,2015-06-23T07:30:00-05:00,2015-06-23,CENSUS,May 2015,2015-06-23 14:30,Durable Goods Orders - pre..,59,53083,May,3,"-1,8% m/m","0,2% m/m",-1% m/m,1435062600,1,1,1,pinned_report_and_event_name,EconomicCalendar/raw/oanda/daily/2015-06-23.json
GDP,2015-06-24T07:30:00-05:00,2015-06-24,BEA,Q1 2015 Third,2015-06-24 14:30,GDP (Annualized) - fin..,690,50633,1Q,3,"-0,2%","-0,7%","2,2%",1435149000,1,1,1,pinned_report_and_event_name,EconomicCalendar/raw/oanda/daily/2015-06-24.json
PCE,2015-06-25T07:30:00-05:00,2015-06-25,BEA,May 2015,2015-06-25 14:30,Personal Consumption Expenditures,694,50340,May,2,"0,9% m/m","0,6% m/m","0,0% m/m",1435235400,1,1,1,pinned_report_and_event_name,EconomicCalendar/raw/oanda/daily/2015-06-25.json
EMPLOYMENT,2015-07-02T07:30:00-05:00,2015-07-02,BLS,June 2015,2015-07-02 14:30,Non-Farm Employment Change,707,50697,June,3,223 k,230 k,280 k,1435840200,1,1,1,pinned_report_and_event_name,EconomicCalendar/raw/oanda/daily/2015-07-02.json
RETAIL_SALES,2015-07-14T07:30:00-05:00,2015-07-14,CENSUS,June 2015,2015-07-14 14:30,Retail Sales,696,53032,June,3,"-0,3% m/m","0,2% m/m","1,2% m/m",1436877000,1,1,1,pinned_report_and_event_name,EconomicCalendar/raw/oanda/daily/2015-07-14.json
PPI,2015-07-15T07:30:00-05:00,2015-07-15,BLS,June 2015,2015-07-15 14:30,Producer Price Index,703,50565,June,2,"0,4% m/m","0,2% m/m","0,5% m/m",1436963400,1,1,1,pinned_report_and_event_name,EconomicCalendar/raw/oanda/daily/2015-07-15.json
CPI,2015-07-17T07:30:00-05:00,2015-07-17,BLS,June 2015,2015-07-17 14:30,Consumer Price Index,699,50507,June,3,"0,3% m/m","0,3% m/m","0,4% m/m",1437136200,1,1,1,pinned_report_and_event_name,EconomicCalendar/raw/oanda/daily/2015-07-17.json
DURABLE_GOODS,2015-07-27T07:30:00-05:00,2015-07-27,CENSUS,June 2015,2015-07-27 14:30,Durable Goods Orders - pre..,59,53085,June,3,"3,4% m/m",3% m/m,"-2,2% m/m",1438000200,1,1,1,pinned_report_and_event_name,EconomicCalendar/raw/oanda/daily/2015-07-27.json
FOMC,2015-07-29T13:00:00-05:00,2015-07-29,FEDERAL_RESERVE,FOMC 2015-07-29,2015-07-29 20:00,FOMC Interest Rate Decision,82,50314,July,3,"0-0,25%","0-0,25%","0-0,25%",1438192800,1,1,1,pinned_report_and_event_name,EconomicCalendar/raw/oanda/daily/2015-07-29.json
GDP,2015-07-30T07:30:00-05:00,2015-07-30,BEA,Q2 2015 Advance,2015-07-30 14:30,GDP (Annualized) - pre..,690,50637,2Q,3,"2,3%","2,6%","-0,2%",1438259400,1,1,1,pinned_report_and_event_name,EconomicCalendar/raw/oanda/daily/2015-07-30.json
PCE,2015-08-03T07:30:00-05:00,2015-08-03,BEA,June 2015,2015-08-03 14:30,Personal Consumption Expenditures,694,50344,June,2,"0,2% m/m","0,2% m/m","0,9% m/m",1438605000,1,1,1,pinned_report_and_event_name,EconomicCalendar/raw/oanda/daily/2015-08-03.json
EMPLOYMENT,2015-08-07T07:30:00-05:00,2015-08-07,BLS,July 2015,2015-08-07 14:30,Non-Farm Employment Change,707,50703,July,3,215 k,223 k,223 k,1438950600,1,1,1,pinned_report_and_event_name,EconomicCalendar/raw/oanda/daily/2015-08-07.json
RETAIL_SALES,2015-08-13T07:30:00-05:00,2015-08-13,CENSUS,July 2015,2015-08-13 14:30,Retail Sales,696,53035,July,3,"0,6% m/m","0,4% m/m","-0,3% m/m",1439469000,1,1,1,pinned_report_and_event_name,EconomicCalendar/raw/oanda/daily/2015-08-13.json
PPI,2015-08-14T07:30:00-05:00,2015-08-14,BLS,July 2015,2015-08-14 14:30,Producer Price Index,703,50570,July,2,"0,2% m/m","0,2% m/m","0,4% m/m",1439555400,1,1,1,pinned_report_and_event_name,EconomicCalendar/raw/oanda/daily/2015-08-14.json
CPI,2015-08-19T07:30:00-05:00,2015-08-19,BLS,July 2015,2015-08-19 14:30,Consumer Price Index,699,50512,July,3,"0,1% m/m","0,2% m/m","0,3% m/m",1439987400,1,1,1,pinned_report_and_event_name,EconomicCalendar/raw/oanda/daily/2015-08-19.json
DURABLE_GOODS,2015-08-26T07:30:00-05:00,2015-08-26,CENSUS,July 2015,2015-08-26 14:30,Durable Goods Orders - pre..,59,53087,July,3,2% m/m,"-0,4% m/m","3,4% m/m",1440592200,1,1,1,pinned_report_and_event_name,EconomicCalendar/raw/oanda/daily/2015-08-26.json
GDP,2015-08-27T07:30:00-05:00,2015-08-27,BEA,Q2 2015 Second,2015-08-27 14:30,GDP (Annualized) - rev..,690,50641,2Q,3,"3,7%","2,3%","0,6%",1440678600,1,1,1,pinned_report_and_event_name,EconomicCalendar/raw/oanda/daily/2015-08-27.json
PCE,2015-08-28T07:30:00-05:00,2015-08-28,BEA,July 2015,2015-08-28 14:30,Personal Consumption Expenditures,694,50348,July,2,"0,3% m/m","0,1% m/m","0,2% m/m",1440765000,1,1,1,pinned_report_and_event_name,EconomicCalendar/raw/oanda/daily/2015-08-28.json
EMPLOYMENT,2015-09-04T07:30:00-05:00,2015-09-04,BLS,August 2015,2015-09-04 14:30,Non-Farm Employment Change,707,50709,August,3,173 k,220 k,215 k,1441369800,1,1,1,pinned_report_and_event_name,EconomicCalendar/raw/oanda/daily/2015-09-04.json
PPI,2015-09-11T07:30:00-05:00,2015-09-11,BLS,August 2015,2015-09-11 14:30,Producer Price Index,703,50575,August,2,"0,0% m/m","-0,1% m/m","0,2% m/m",1441974600,1,1,1,pinned_report_and_event_name,EconomicCalendar/raw/oanda/daily/2015-09-11.json
RETAIL_SALES,2015-09-15T07:30:00-05:00,2015-09-15,CENSUS,August 2015,2015-09-15 14:30,Retail Sales,696,53038,August,3,"0,2% m/m","0,3% m/m","0,6% m/m",1442320200,1,1,1,pinned_report_and_event_name,EconomicCalendar/raw/oanda/daily/2015-09-15.json
CPI,2015-09-16T07:30:00-05:00,2015-09-16,BLS,August 2015,2015-09-16 14:30,Consumer Price Index,699,50517,August,3,"-0,1% m/m","0,0% m/m","0,1% m/m",1442406600,1,1,1,pinned_report_and_event_name,EconomicCalendar/raw/oanda/daily/2015-09-16.json
FOMC,2015-09-17T13:00:00-05:00,2015-09-17,FEDERAL_RESERVE,FOMC 2015-09-17,2015-09-17 20:00,FOMC Interest Rate Decision,82,50315,September,3,"0-0,25%","0-0,25%","0-0,25%",1442512800,1,1,1,pinned_report_and_event_name,EconomicCalendar/raw/oanda/daily/2015-09-17.json
DURABLE_GOODS,2015-09-24T07:30:00-05:00,2015-09-24,CENSUS,August 2015,2015-09-24 14:30,Durable Goods Orders - pre..,59,53089,August,3,-2% m/m,-2% m/m,"2,2% m/m",1443097800,1,1,1,pinned_report_and_event_name,EconomicCalendar/raw/oanda/daily/2015-09-24.json
GDP,2015-09-25T07:30:00-05:00,2015-09-25,BEA,Q2 2015 Third,2015-09-25 14:30,GDP (Annualized) - fin..,690,50645,2Q,3,"3,9%","3,7%","0,6%",1443184200,1,1,1,pinned_report_and_event_name,EconomicCalendar/raw/oanda/daily/2015-09-25.json
PCE,2015-09-28T07:30:00-05:00,2015-09-28,BEA,August 2015,2015-09-28 14:30,Personal Consumption Expenditures,694,50352,August,2,"0,4% m/m","0,3% m/m","0,3% m/m",1443443400,1,1,1,pinned_report_and_event_name,EconomicCalendar/raw/oanda/daily/2015-09-28.json
EMPLOYMENT,2015-10-02T07:30:00-05:00,2015-10-02,BLS,September 2015,2015-10-02 14:30,Non-Farm Employment Change,707,50715,September,3,142 k,200 k,173 k,1443789000,1,1,1,pinned_report_and_event_name,EconomicCalendar/raw/oanda/daily/2015-10-02.json
PPI,2015-10-14T07:30:00-05:00,2015-10-14,BLS,September 2015,2015-10-14 14:30,Producer Price Index,703,50580,September,2,"-0,5% m/m","-0,2% m/m","0,0% m/m",1444825800,1,1,1,pinned_report_and_event_name,EconomicCalendar/raw/oanda/daily/2015-10-14.json
RETAIL_SALES,2015-10-14T07:30:00-05:00,2015-10-14,CENSUS,September 2015,2015-10-14 14:30,Retail Sales,696,53041,September,3,"0,1% m/m","0,2% m/m","0,2% m/m",1444825800,1,1,1,pinned_report_and_event_name,EconomicCalendar/raw/oanda/daily/2015-10-14.json
CPI,2015-10-15T07:30:00-05:00,2015-10-15,BLS,September 2015,2015-10-15 14:30,Consumer Price Index,699,50522,September,3,"-0,2% m/m","-0,2% m/m","-0,1% m/m",1444912200,1,1,1,pinned_report_and_event_name,EconomicCalendar/raw/oanda/daily/2015-10-15.json
DURABLE_GOODS,2015-10-27T07:30:00-05:00,2015-10-27,CENSUS,September 2015,2015-10-27 13:30,Durable Goods Orders - pre..,59,53091,September,3,"-1,2% m/m","-1,2% m/m","-2,3% m/m",1445949000,1,1,1,pinned_report_and_event_name,EconomicCalendar/raw/oanda/daily/2015-10-27.json
FOMC,2015-10-28T13:00:00-05:00,2015-10-28,FEDERAL_RESERVE,FOMC 2015-10-28,2015-10-28 19:00,FOMC Interest Rate Decision,82,50316,October,3,"0-0,25%","0-0,25%","0-0,25%",1446055200,1,1,1,pinned_report_and_event_name,EconomicCalendar/raw/oanda/daily/2015-10-28.json
GDP,2015-10-29T07:30:00-05:00,2015-10-29,BEA,Q3 2015 Advance,2015-10-29 13:30,GDP (Annualized) - pre..,690,50649,3Q,3,"1,5%","1,6%","3,9%",1446121800,1,1,1,pinned_report_and_event_name,EconomicCalendar/raw/oanda/daily/2015-10-29.json
PCE,2015-10-30T07:30:00-05:00,2015-10-30,BEA,September 2015,2015-10-30 13:30,Personal Consumption Expenditures,694,50356,September,2,"0,1% m/m","0,2% m/m","0,4% m/m",1446208200,1,1,1,pinned_report_and_event_name,EconomicCalendar/raw/oanda/daily/2015-10-30.json
EMPLOYMENT,2015-11-06T07:30:00-06:00,2015-11-06,BLS,October 2015,2015-11-06 14:30,Non-Farm Employment Change,707,50721,October,3,271 k,180 k,142 k,1446816600,1,1,1,pinned_report_and_event_name,EconomicCalendar/raw/oanda/daily/2015-11-06.json
PPI,2015-11-13T07:30:00-06:00,2015-11-13,BLS,October 2015,2015-11-13 14:30,Producer Price Index,703,50585,October,2,"-0,4% m/m","0,1% m/m","-0,5% m/m",1447421400,1,1,1,pinned_report_and_event_name,EconomicCalendar/raw/oanda/daily/2015-11-13.json
RETAIL_SALES,2015-11-13T07:30:00-06:00,2015-11-13,CENSUS,October 2015,2015-11-13 14:30,Retail Sales,696,53044,October,3,"0,1% m/m","0,3% m/m","0,1% m/m",1447421400,1,1,1,pinned_report_and_event_name,EconomicCalendar/raw/oanda/daily/2015-11-13.json
CPI,2015-11-17T07:30:00-06:00,2015-11-17,BLS,October 2015,2015-11-17 14:30,Consumer Price Index,699,50527,October,3,"0,2% m/m","0,2% m/m","-0,2% m/m",1447767000,1,1,1,pinned_report_and_event_name,EconomicCalendar/raw/oanda/daily/2015-11-17.json
GDP,2015-11-24T07:30:00-06:00,2015-11-24,BEA,Q3 2015 Second,2015-11-24 14:30,GDP (Annualized) - rev..,690,50653,3Q,3,"2,1%","1,5%","3,9%",1448371800,1,1,1,pinned_report_and_event_name,EconomicCalendar/raw/oanda/daily/2015-11-24.json
DURABLE_GOODS,2015-11-25T07:30:00-06:00,2015-11-25,CENSUS,October 2015,2015-11-25 14:30,Durable Goods Orders - pre..,59,53093,October,3,3% m/m,"1,5% m/m","-1,2% m/m",1448458200,1,1,1,pinned_report_and_event_name,EconomicCalendar/raw/oanda/daily/2015-11-25.json
PCE,2015-11-25T07:30:00-06:00,2015-11-25,BEA,October 2015,2015-11-25 14:30,Personal Consumption Expenditures,694,50360,October,2,"0,1% m/m","0,3% m/m","0,1% m/m",1448458200,1,1,1,pinned_report_and_event_name,EconomicCalendar/raw/oanda/daily/2015-11-25.json
EMPLOYMENT,2015-12-04T07:30:00-06:00,2015-12-04,BLS,November 2015,2015-12-04 14:30,Non-Farm Employment Change,707,50727,November,3,211 k,200 k,271 k,1449235800,1,1,1,pinned_report_and_event_name,EconomicCalendar/raw/oanda/daily/2015-12-04.json
PPI,2015-12-11T07:30:00-06:00,2015-12-11,BLS,November 2015,2015-12-11 14:30,Producer Price Index,703,50590,November,2,"0,3% m/m","0,0% m/m","-0,4% m/m",1449840600,1,1,1,pinned_report_and_event_name,EconomicCalendar/raw/oanda/daily/2015-12-11.json
RETAIL_SALES,2015-12-11T07:30:00-06:00,2015-12-11,CENSUS,November 2015,2015-12-11 14:30,Retail Sales,696,53047,November,3,"0,2% m/m","0,3% m/m","0,1% m/m",1449840600,1,1,1,pinned_report_and_event_name,EconomicCalendar/raw/oanda/daily/2015-12-11.json
CPI,2015-12-15T07:30:00-06:00,2015-12-15,BLS,November 2015,2015-12-15 14:30,Consumer Price Index,699,50532,November,3,"0,0% m/m","0,0% m/m","0,2% m/m",1450186200,1,1,1,pinned_report_and_event_name,EconomicCalendar/raw/oanda/daily/2015-12-15.json
FOMC,2015-12-16T13:00:00-06:00,2015-12-16,FEDERAL_RESERVE,FOMC 2015-12-16,2015-12-16 20:00,FOMC Interest Rate Decision,82,50317,December,3,"0,25-0,50%","0,25-0,50%","0-0,25%",1450292400,1,1,1,pinned_report_and_event_name,EconomicCalendar/raw/oanda/daily/2015-12-16.json
GDP,2015-12-22T07:30:00-06:00,2015-12-22,BEA,Q3 2015 Third,2015-12-22 14:30,GDP (Annualized) - fin..,690,50657,3Q,3,"2,0%","2,1%","3,9%",1450791000,1,1,1,pinned_report_and_event_name,EconomicCalendar/raw/oanda/daily/2015-12-22.json
DURABLE_GOODS,2015-12-23T07:30:00-06:00,2015-12-23,CENSUS,November 2015,2015-12-23 14:30,Durable Goods Orders - pre..,59,53095,November,3,"0,0% m/m","-0,6% m/m","2,9% m/m",1450877400,1,1,1,pinned_report_and_event_name,EconomicCalendar/raw/oanda/daily/2015-12-23.json
PCE,2015-12-23T07:30:00-06:00,2015-12-23,BEA,November 2015,2015-12-23 14:30,Personal Consumption Expenditures,694,50364,November,2,"0,3% m/m","0,3% m/m","0,1% m/m",1450877400,1,1,1,pinned_report_and_event_name,EconomicCalendar/raw/oanda/daily/2015-12-23.json
EMPLOYMENT,2016-01-08T07:30:00-06:00,2016-01-08,BLS,December 2015,2016-01-08 14:30,Non-Farm Employment Change,707,59859,December,3,292 k,200 k,211 k,1452259800,1,1,1,pinned_report_and_event_name,EconomicCalendar/raw/oanda/daily/2016-01-08.json
PPI,2016-01-15T07:30:00-06:00,2016-01-15,BLS,December 2015,2016-01-15 14:30,Producer Price Index,703,59659,December,2,"-0,2% m/m","-0,1% m/m","0,3% m/m",1452864600,1,1,1,pinned_report_and_event_name,EconomicCalendar/raw/oanda/daily/2016-01-15.json
RETAIL_SALES,2016-01-15T07:30:00-06:00,2016-01-15,CENSUS,December 2015,2016-01-15 14:30,Retail Sales,696,60273,December,3,"-0,1% m/m","0,0% m/m","0,2% m/m",1452864600,1,1,1,pinned_report_and_event_name,EconomicCalendar/raw/oanda/daily/2016-01-15.json
CPI,2016-01-20T07:30:00-06:00,2016-01-20,BLS,December 2015,2016-01-20 14:30,Consumer Price Index,699,59599,December,3,"-0,1% m/m","0,0% m/m","0,0% m/m",1453296600,1,1,1,pinned_report_and_event_name,EconomicCalendar/raw/oanda/daily/2016-01-20.json
FOMC,2016-01-27T13:00:00-06:00,2016-01-27,FEDERAL_RESERVE,FOMC 2016-01-27,2016-01-27 20:00,FOMC Interest Rate Decision,82,56616,January,3,"0,25-0,50%","0,25-0,50%","0,25-0,50%",1453921200,1,1,1,pinned_report_and_event_name,EconomicCalendar/raw/oanda/daily/2016-01-27.json
DURABLE_GOODS,2016-01-28T07:30:00-06:00,2016-01-28,CENSUS,December 2015,2016-01-28 14:30,Durable Goods Orders - pre..,59,60340,December,3,"-5,1% m/m","-0,6% m/m","0,0% m/m",1453987800,1,1,1,pinned_report_and_event_name,EconomicCalendar/raw/oanda/daily/2016-01-28.json
GDP,2016-01-29T07:30:00-06:00,2016-01-29,BEA,Q4 2015 Advance,2016-01-29 14:30,GDP (Annualized) - pre..,690,63581,4Q,3,"0,7%","0,8%","2,0%",1454074200,1,1,1,pinned_report_and_event_name,EconomicCalendar/raw/oanda/daily/2016-01-29.json
PCE,2016-02-01T07:30:00-06:00,2016-02-01,BEA,December 2015,2016-02-01 14:30,Personal Consumption Expenditures,694,58156,December,2,"0,0% m/m","0,1% m/m","0,3% m/m",1454333400,1,1,1,pinned_report_and_event_name,EconomicCalendar/raw/oanda/daily/2016-02-01.json
EMPLOYMENT,2016-02-05T07:30:00-06:00,2016-02-05,BLS,January 2016,2016-02-05 14:30,Non-Farm Employment Change,707,59865,January,3,151 k,190 k,292 k,1454679000,1,1,1,pinned_report_and_event_name,EconomicCalendar/raw/oanda/daily/2016-02-05.json
RETAIL_SALES,2016-02-12T07:30:00-06:00,2016-02-12,CENSUS,January 2016,2016-02-12 14:30,Retail Sales,696,60276,January,3,"0,2% m/m","0,1% m/m","-0,1% m/m",1455283800,1,1,1,pinned_report_and_event_name,EconomicCalendar/raw/oanda/daily/2016-02-12.json
PPI,2016-02-17T07:30:00-06:00,2016-02-17,BLS,January 2016,2016-02-17 14:30,Producer Price Index,703,59664,January,2,"0,1% m/m","-0,2% m/m","-0,2% m/m",1455715800,1,1,1,pinned_report_and_event_name,EconomicCalendar/raw/oanda/daily/2016-02-17.json
CPI,2016-02-19T07:30:00-06:00,2016-02-19,BLS,January 2016,2016-02-19 14:30,Consumer Price Index,699,59604,January,3,"0,0% m/m","-0,1% m/m","-0,1% m/m",1455888600,1,1,1,pinned_report_and_event_name,EconomicCalendar/raw/oanda/daily/2016-02-19.json
DURABLE_GOODS,2016-02-25T07:30:00-06:00,2016-02-25,CENSUS,January 2016,2016-02-25 14:30,Durable Goods Orders - pre..,59,60342,January,3,"4,9% m/m","2,5% m/m",-5% m/m,1456407000,1,1,1,pinned_report_and_event_name,EconomicCalendar/raw/oanda/daily/2016-02-25.json
GDP,2016-02-26T07:30:00-06:00,2016-02-26,BEA,Q4 2015 Second,2016-02-26 14:30,GDP (Annualized) - rev..,690,63582,4Q,3,1%,"0,7%","2,0%",1456493400,1,1,1,pinned_report_and_event_name,EconomicCalendar/raw/oanda/daily/2016-02-26.json
PCE,2016-02-26T09:00:00-06:00,2016-02-26,BEA,January 2016,2016-02-26 16:00,Personal Consumption Expenditures,694,58160,January,2,"0,5% m/m","0,3% m/m","0,0% m/m",1456498800,1,1,1,pinned_report_and_event_name,EconomicCalendar/raw/oanda/daily/2016-02-26.json
EMPLOYMENT,2016-03-04T07:30:00-06:00,2016-03-04,BLS,February 2016,2016-03-04 14:30,Non-Farm Employment Change,707,59871,February,3,242 k,190 k,151 k,1457098200,1,1,1,pinned_report_and_event_name,EconomicCalendar/raw/oanda/daily/2016-03-04.json
PPI,2016-03-15T07:30:00-05:00,2016-03-15,BLS,February 2016,2016-03-15 13:30,Producer Price Index,703,59669,February,2,"-0,2% m/m","-0,1% m/m","0,1% m/m",1458045000,1,1,1,pinned_report_and_event_name,EconomicCalendar/raw/oanda/daily/2016-03-15.json
RETAIL_SALES,2016-03-15T07:30:00-05:00,2016-03-15,CENSUS,February 2016,2016-03-15 13:30,Retail Sales,696,60279,February,3,"-0,1% m/m","-0,2% m/m","0,2% m/m",1458045000,1,1,1,pinned_report_and_event_name,EconomicCalendar/raw/oanda/daily/2016-03-15.json
CPI,2016-03-16T07:30:00-05:00,2016-03-16,BLS,February 2016,2016-03-16 13:30,Consumer Price Index,699,59609,February,3,"-0,2% m/m","-0,2% m/m","0,0% m/m",1458131400,1,1,1,pinned_report_and_event_name,EconomicCalendar/raw/oanda/daily/2016-03-16.json
FOMC,2016-03-16T13:00:00-05:00,2016-03-16,FEDERAL_RESERVE,FOMC 2016-03-16,2016-03-16 19:00,FOMC Interest Rate Decision,82,56617,March,3,"0,25-0,50%","0,25-0,50%","0,25-0,50%",1458151200,1,1,1,pinned_report_and_event_name,EconomicCalendar/raw/oanda/daily/2016-03-16.json
DURABLE_GOODS,2016-03-24T07:30:00-05:00,2016-03-24,CENSUS,February 2016,2016-03-24 13:30,Durable Goods Orders - pre..,59,60344,February,3,"-2,8% m/m","-2,9% m/m","4,7% m/m",1458822600,1,1,1,pinned_report_and_event_name,EconomicCalendar/raw/oanda/daily/2016-03-24.json
GDP,2016-03-25T07:30:00-05:00,2016-03-25,BEA,Q4 2015 Third,2016-03-25 13:30,GDP (Annualized) - fin..,690,63583,4Q,3,"1,4%",1%,"2,0%",1458909000,1,1,1,pinned_report_and_event_name,EconomicCalendar/raw/oanda/daily/2016-03-25.json
PCE,2016-03-28T07:30:00-05:00,2016-03-28,BEA,February 2016,2016-03-28 14:30,Personal Consumption Expenditures,694,58164,February,2,"0,1% m/m","0,1% m/m","0,5% m/m",1459168200,1,1,1,pinned_report_and_event_name,EconomicCalendar/raw/oanda/daily/2016-03-28.json
EMPLOYMENT,2016-04-01T07:30:00-05:00,2016-04-01,BLS,March 2016,2016-04-01 14:30,Non-Farm Employment Change,707,59877,March,3,215 k,205 k,242 k,1459513800,1,1,1,pinned_report_and_event_name,EconomicCalendar/raw/oanda/daily/2016-04-01.json
PPI,2016-04-13T07:30:00-05:00,2016-04-13,BLS,March 2016,2016-04-13 14:30,Producer Price Index,703,59674,March,2,"-0,1% m/m","0,3% m/m","-0,2% m/m",1460550600,1,1,1,pinned_report_and_event_name,EconomicCalendar/raw/oanda/daily/2016-04-13.json
RETAIL_SALES,2016-04-13T07:30:00-05:00,2016-04-13,CENSUS,March 2016,2016-04-13 14:30,Retail Sales,696,60282,March,3,"-0,3% m/m","0,1% m/m","-0,1% m/m",1460550600,1,1,1,pinned_report_and_event_name,EconomicCalendar/raw/oanda/daily/2016-04-13.json
CPI,2016-04-14T07:30:00-05:00,2016-04-14,BLS,March 2016,2016-04-14 14:30,Consumer Price Index,699,59614,March,3,"0,1% m/m","0,2% m/m","-0,2% m/m",1460637000,1,1,1,pinned_report_and_event_name,EconomicCalendar/raw/oanda/daily/2016-04-14.json
DURABLE_GOODS,2016-04-26T07:30:00-05:00,2016-04-26,CENSUS,March 2016,2016-04-26 14:30,Durable Goods Orders - pre..,59,60346,March,3,"0,8% m/m","1,7% m/m",-3% m/m,1461673800,1,1,1,pinned_report_and_event_name,EconomicCalendar/raw/oanda/daily/2016-04-26.json
FOMC,2016-04-27T13:00:00-05:00,2016-04-27,FEDERAL_RESERVE,FOMC 2016-04-27,2016-04-27 20:00,FOMC Interest Rate Decision,82,56618,April,3,"0,25-0,50%","0,25-0,50%","0,25-0,50%",1461780000,1,1,1,pinned_report_and_event_name,EconomicCalendar/raw/oanda/daily/2016-04-27.json
GDP,2016-04-28T07:30:00-05:00,2016-04-28,BEA,Q1 2016 Advance,2016-04-28 14:30,GDP (Annualized) - pre..,690,57366,1Q,3,"0,5%","0,7%","0,7%",1461846600,1,1,1,pinned_report_and_event_name,EconomicCalendar/raw/oanda/daily/2016-04-28.json
PCE,2016-04-29T07:30:00-05:00,2016-04-29,BEA,March 2016,2016-04-29 14:30,Personal Consumption Expenditures,694,58168,March,2,"0,1% m/m","0,2% m/m","0,1% m/m",1461933000,1,1,1,pinned_report_and_event_name,EconomicCalendar/raw/oanda/daily/2016-04-29.json
EMPLOYMENT,2016-05-06T07:30:00-05:00,2016-05-06,BLS,April 2016,2016-05-06 14:30,Non-Farm Employment Change,707,59883,April,3,160 k,200 k,215 k,1462537800,1,1,1,pinned_report_and_event_name,EconomicCalendar/raw/oanda/daily/2016-05-06.json
PPI,2016-05-13T07:30:00-05:00,2016-05-13,BLS,April 2016,2016-05-13 14:30,Producer Price Index,703,59679,April,2,"0,2% m/m","0,3% m/m","-0,1% m/m",1463142600,1,1,1,pinned_report_and_event_name,EconomicCalendar/raw/oanda/daily/2016-05-13.json
RETAIL_SALES,2016-05-13T07:30:00-05:00,2016-05-13,CENSUS,April 2016,2016-05-13 14:30,Retail Sales,696,60285,April,3,"1,3% m/m","0,7% m/m","-0,3% m/m",1463142600,1,1,1,pinned_report_and_event_name,EconomicCalendar/raw/oanda/daily/2016-05-13.json
CPI,2016-05-17T07:30:00-05:00,2016-05-17,BLS,April 2016,2016-05-17 14:30,Consumer Price Index,699,59619,April,3,04% m/m,"0,3% m/m","0,1% m/m",1463488200,1,1,1,pinned_report_and_event_name,EconomicCalendar/raw/oanda/daily/2016-05-17.json
DURABLE_GOODS,2016-05-26T07:30:00-05:00,2016-05-26,CENSUS,April 2016,2016-05-26 14:30,Durable Goods Orders - pre..,59,60348,April,3,"3,4% m/m","0,5% m/m","0,8% m/m",1464265800,1,1,1,pinned_report_and_event_name,EconomicCalendar/raw/oanda/daily/2016-05-26.json
GDP,2016-05-27T07:30:00-05:00,2016-05-27,BEA,Q1 2016 Second,2016-05-27 14:30,GDP (Annualized) - rev..,690,57370,1Q,3,"0,8%","0,5%",1%,1464352200,1,1,1,pinned_report_and_event_name,EconomicCalendar/raw/oanda/daily/2016-05-27.json
PCE,2016-05-31T07:30:00-05:00,2016-05-31,BEA,April 2016,2016-05-31 14:30,Personal Consumption Expenditures,694,58172,April,2,1% m/m,"0,7% m/m","0,1% m/m",1464697800,1,1,1,pinned_report_and_event_name,EconomicCalendar/raw/oanda/daily/2016-05-31.json
EMPLOYMENT,2016-06-03T07:30:00-05:00,2016-06-03,BLS,May 2016,2016-06-03 14:30,Non-Farm Employment Change,707,59889,May,3,38 k,161 k,160 k,1464957000,1,1,1,pinned_report_and_event_name,EconomicCalendar/raw/oanda/daily/2016-06-03.json
RETAIL_SALES,2016-06-14T07:30:00-05:00,2016-06-14,CENSUS,May 2016,2016-06-14 14:30,Retail Sales,696,60288,May,3,"0,5% m/m","0,3% m/m","1,3% m/m",1465907400,1,1,1,pinned_report_and_event_name,EconomicCalendar/raw/oanda/daily/2016-06-14.json
PPI,2016-06-15T07:30:00-05:00,2016-06-15,BLS,May 2016,2016-06-15 14:30,Producer Price Index,703,59684,May,2,"0,4% m/m","0,4% m/m","0,2% m/m",1465993800,1,1,1,pinned_report_and_event_name,EconomicCalendar/raw/oanda/daily/2016-06-15.json
FOMC,2016-06-15T13:00:00-05:00,2016-06-15,FEDERAL_RESERVE,FOMC 2016-06-15,2016-06-15 20:00,FOMC Interest Rate Decision,82,56619,June,3,"0,25-0,50%","0,25-0,50%","0,25-0,50%",1466013600,1,1,1,pinned_report_and_event_name,EconomicCalendar/raw/oanda/daily/2016-06-15.json
CPI,2016-06-16T07:30:00-05:00,2016-06-16,BLS,May 2016,2016-06-16 14:30,Consumer Price Index,699,59624,May,3,"0,2% m/m","0,3% m/m",04% m/m,1466080200,1,1,1,pinned_report_and_event_name,EconomicCalendar/raw/oanda/daily/2016-06-16.json
DURABLE_GOODS,2016-06-24T07:30:00-05:00,2016-06-24,CENSUS,May 2016,2016-06-24 14:30,Durable Goods Orders - pre..,59,60350,May,3,"-2,2% m/m","-0,5% m/m","3,4% m/m",1466771400,1,1,1,pinned_report_and_event_name,EconomicCalendar/raw/oanda/daily/2016-06-24.json
GDP,2016-06-28T07:30:00-05:00,2016-06-28,BEA,Q1 2016 Third,2016-06-28 14:30,GDP (Annualized) - fin..,690,57374,1Q,3,"1,1%","0,8%","1,4%",1467117000,1,1,1,pinned_report_and_event_name,EconomicCalendar/raw/oanda/daily/2016-06-28.json
PCE,2016-06-29T07:30:00-05:00,2016-06-29,BEA,May 2016,2016-06-29 14:30,Personal Consumption Expenditures,694,58176,May,2,"0,4% m/m","0,4% m/m",1% m/m,1467203400,1,1,1,pinned_report_and_event_name,EconomicCalendar/raw/oanda/daily/2016-06-29.json
EMPLOYMENT,2016-07-08T07:30:00-05:00,2016-07-08,BLS,June 2016,2016-07-08 14:30,Non-Farm Employment Change,707,59895,June,3,287 k,178 k,38 k,1467981000,1,1,1,pinned_report_and_event_name,EconomicCalendar/raw/oanda/daily/2016-07-08.json
PPI,2016-07-14T07:30:00-05:00,2016-07-14,BLS,June 2016,2016-07-14 14:30,Producer Price Index,703,59689,June,2,"0,5% m/m","0,3% m/m","0,4% m/m",1468499400,1,1,1,pinned_report_and_event_name,EconomicCalendar/raw/oanda/daily/2016-07-14.json
CPI,2016-07-15T07:30:00-05:00,2016-07-15,BLS,June 2016,2016-07-15 14:30,Consumer Price Index,699,59629,June,3,"0,2% m/m","0,3% m/m","0,2% m/m",1468585800,1,1,1,pinned_report_and_event_name,EconomicCalendar/raw/oanda/daily/2016-07-15.json
RETAIL_SALES,2016-07-15T07:30:00-05:00,2016-07-15,CENSUS,June 2016,2016-07-15 14:30,Retail Sales,696,60291,June,3,"0,6% m/m","0,1% m/m","0,5% m/m",1468585800,1,1,1,pinned_report_and_event_name,EconomicCalendar/raw/oanda/daily/2016-07-15.json
DURABLE_GOODS,2016-07-27T07:30:00-05:00,2016-07-27,CENSUS,June 2016,2016-07-27 14:30,Durable Goods Orders - pre..,59,60352,June,3,-4% m/m,"-1,1% m/m","-2,3% m/m",1469622600,1,1,1,pinned_report_and_event_name,EconomicCalendar/raw/oanda/daily/2016-07-27.json
FOMC,2016-07-27T13:00:00-05:00,2016-07-27,FEDERAL_RESERVE,FOMC 2016-07-27,2016-07-27 20:00,FOMC Interest Rate Decision,82,56620,July,3,"0,25-0,50%","0,25-0,50%","0,25-0,50%",1469642400,1,1,1,pinned_report_and_event_name,EconomicCalendar/raw/oanda/daily/2016-07-27.json
GDP,2016-07-29T07:30:00-05:00,2016-07-29,BEA,Q2 2016 Advance,2016-07-29 14:30,GDP (Annualized) - pre..,690,57378,2Q,3,"1,2%","2,6%","1,1%",1469795400,1,1,1,pinned_report_and_event_name,EconomicCalendar/raw/oanda/daily/2016-07-29.json
PCE,2016-08-02T07:30:00-05:00,2016-08-02,BEA,June 2016,2016-08-02 14:30,Personal Consumption Expenditures,694,58180,June,2,"0,4% m/m","0,3% m/m","0,4% m/m",1470141000,1,1,1,pinned_report_and_event_name,EconomicCalendar/raw/oanda/daily/2016-08-02.json
EMPLOYMENT,2016-08-05T07:30:00-05:00,2016-08-05,BLS,July 2016,2016-08-05 14:30,Non-Farm Employment Change,707,59901,July,3,255 k,175 k,287 k,1470400200,1,1,1,pinned_report_and_event_name,EconomicCalendar/raw/oanda/daily/2016-08-05.json
PPI,2016-08-12T07:30:00-05:00,2016-08-12,BLS,July 2016,2016-08-12 14:30,Producer Price Index,703,59694,July,2,"-0,4% m/m","0,1% m/m","0,5% m/m",1471005000,1,1,1,pinned_report_and_event_name,EconomicCalendar/raw/oanda/daily/2016-08-12.json
RETAIL_SALES,2016-08-12T07:30:00-05:00,2016-08-12,CENSUS,July 2016,2016-08-12 14:30,Retail Sales,696,60294,July,3,"0,0% m/m","0,4% m/m","0,6% m/m",1471005000,1,1,1,pinned_report_and_event_name,EconomicCalendar/raw/oanda/daily/2016-08-12.json
CPI,2016-08-16T07:30:00-05:00,2016-08-16,BLS,July 2016,2016-08-16 14:30,Consumer Price Index,699,59634,July,3,"0,0% m/m","0,0% m/m","0,2% m/m",1471350600,1,1,1,pinned_report_and_event_name,EconomicCalendar/raw/oanda/daily/2016-08-16.json
DURABLE_GOODS,2016-08-25T07:30:00-05:00,2016-08-25,CENSUS,July 2016,2016-08-25 14:30,Durable Goods Orders - pre..,59,60354,July,3,"4,4% m/m","3,3% m/m","-3,9% m/m",1472128200,1,1,1,pinned_report_and_event_name,EconomicCalendar/raw/oanda/daily/2016-08-25.json
GDP,2016-08-26T07:30:00-05:00,2016-08-26,BEA,Q2 2016 Second,2016-08-26 14:30,GDP (Annualized) - rev..,690,57382,2Q,3,"1,1%","1,2%","0,8%",1472214600,1,1,1,pinned_report_and_event_name,EconomicCalendar/raw/oanda/daily/2016-08-26.json
PCE,2016-08-29T07:30:00-05:00,2016-08-29,BEA,July 2016,2016-08-29 14:30,Personal Consumption Expenditures,694,58184,July,2,"0,3% m/m","0,3% m/m","0,4% m/m",1472473800,1,1,1,pinned_report_and_event_name,EconomicCalendar/raw/oanda/daily/2016-08-29.json
EMPLOYMENT,2016-09-02T07:30:00-05:00,2016-09-02,BLS,August 2016,2016-09-02 14:30,Non-Farm Employment Change,707,59907,August,3,151 k,180 k,255 k,1472819400,1,1,1,pinned_report_and_event_name,EconomicCalendar/raw/oanda/daily/2016-09-02.json
PPI,2016-09-15T07:30:00-05:00,2016-09-15,BLS,August 2016,2016-09-15 14:30,Producer Price Index,703,59699,August,2,"0,0% m/m","0,1% m/m","-0,4% m/m",1473942600,1,1,1,pinned_report_and_event_name,EconomicCalendar/raw/oanda/daily/2016-09-15.json
RETAIL_SALES,2016-09-15T07:30:00-05:00,2016-09-15,CENSUS,August 2016,2016-09-15 14:30,Retail Sales,696,60297,August,3,"-0,3% m/m","0,0% m/m","0,0% m/m",1473942600,1,1,1,pinned_report_and_event_name,EconomicCalendar/raw/oanda/daily/2016-09-15.json
CPI,2016-09-16T07:30:00-05:00,2016-09-16,BLS,August 2016,2016-09-16 14:30,Consumer Price Index,699,59639,August,3,"0,2% m/m","0,1% m/m","0,0% m/m",1474029000,1,1,1,pinned_report_and_event_name,EconomicCalendar/raw/oanda/daily/2016-09-16.json
FOMC,2016-09-21T13:00:00-05:00,2016-09-21,FEDERAL_RESERVE,FOMC 2016-09-21,2016-09-21 20:00,FOMC Interest Rate Decision,82,56621,September,3,"0,25-0,50%","0,25-0,50%","0,25-0,50%",1474480800,1,1,1,pinned_report_and_event_name,EconomicCalendar/raw/oanda/daily/2016-09-21.json
DURABLE_GOODS,2016-09-28T07:30:00-05:00,2016-09-28,CENSUS,August 2016,2016-09-28 14:30,Durable Goods Orders - pre..,59,60356,August,3,"0,0% m/m","-1,5% m/m","4,4% m/m",1475065800,1,1,1,pinned_report_and_event_name,EconomicCalendar/raw/oanda/daily/2016-09-28.json
GDP,2016-09-29T07:30:00-05:00,2016-09-29,BEA,Q2 2016 Third,2016-09-29 14:30,GDP (Annualized) - fin..,690,57386,2Q,3,"1,4%","1,1%","0,8%",1475152200,1,1,1,pinned_report_and_event_name,EconomicCalendar/raw/oanda/daily/2016-09-29.json
PCE,2016-09-30T07:30:00-05:00,2016-09-30,BEA,August 2016,2016-09-30 14:30,Personal Consumption Expenditures,694,58188,August,2,"0,0% m/m","0,2% m/m","0,3% m/m",1475238600,1,1,1,pinned_report_and_event_name,EconomicCalendar/raw/oanda/daily/2016-09-30.json
EMPLOYMENT,2016-10-07T07:30:00-05:00,2016-10-07,BLS,September 2016,2016-10-07 14:30,Non-Farm Employment Change,707,59913,September,3,156 k,175 k,151 k,1475843400,1,1,1,pinned_report_and_event_name,EconomicCalendar/raw/oanda/daily/2016-10-07.json
PPI,2016-10-14T07:30:00-05:00,2016-10-14,BLS,September 2016,2016-10-14 14:30,Producer Price Index,703,59704,September,2,"0,3% m/m","0,2% m/m","0,0% m/m",1476448200,1,1,1,pinned_report_and_event_name,EconomicCalendar/raw/oanda/daily/2016-10-14.json
RETAIL_SALES,2016-10-14T07:30:00-05:00,2016-10-14,CENSUS,September 2016,2016-10-14 14:30,Retail Sales,696,60300,September,3,"0,6% m/m","0,6% m/m","-0,3% m/m",1476448200,1,1,1,pinned_report_and_event_name,EconomicCalendar/raw/oanda/daily/2016-10-14.json
CPI,2016-10-18T07:30:00-05:00,2016-10-18,BLS,September 2016,2016-10-18 14:30,Consumer Price Index,699,59644,September,3,"0,3% m/m","0,3% m/m","0,2% m/m",1476793800,1,1,1,pinned_report_and_event_name,EconomicCalendar/raw/oanda/daily/2016-10-18.json
DURABLE_GOODS,2016-10-27T07:30:00-05:00,2016-10-27,CENSUS,September 2016,2016-10-27 14:30,Durable Goods Orders - pre..,59,60358,September,3,"-0,1% m/m","0,2% m/m","0,1% m/m",1477571400,1,1,1,pinned_report_and_event_name,EconomicCalendar/raw/oanda/daily/2016-10-27.json
GDP,2016-10-28T07:30:00-05:00,2016-10-28,BEA,Q3 2016 Advance,2016-10-28 14:30,GDP (Annualized) - pre..,690,57390,3Q,3,"2,9%","2,5%","1,4%",1477657800,1,1,1,pinned_report_and_event_name,EconomicCalendar/raw/oanda/daily/2016-10-28.json
PCE,2016-10-31T07:30:00-05:00,2016-10-31,BEA,September 2016,2016-10-31 13:30,Personal Consumption Expenditures,694,58192,September,2,"0,5% m/m","0,5% m/m","0,0% m/m",1477917000,1,1,1,pinned_report_and_event_name,EconomicCalendar/raw/oanda/daily/2016-10-31.json
FOMC,2016-11-02T13:00:00-05:00,2016-11-02,FEDERAL_RESERVE,FOMC 2016-11-02,2016-11-02 19:00,FOMC Interest Rate Decision,82,56622,November,3,"0,25-0,50%","0,25-0,50%","0,25-0,50%",1478109600,1,1,1,pinned_report_and_event_name,EconomicCalendar/raw/oanda/daily/2016-11-02.json
EMPLOYMENT,2016-11-04T07:30:00-05:00,2016-11-04,BLS,October 2016,2016-11-04 13:30,Non-Farm Employment Change,707,59919,October,3,161 k,175 k,156 k,1478262600,1,1,1,pinned_report_and_event_name,EconomicCalendar/raw/oanda/daily/2016-11-04.json
RETAIL_SALES,2016-11-15T07:30:00-06:00,2016-11-15,CENSUS,October 2016,2016-11-15 14:30,Retail Sales,696,60303,October,3,"0,8% m/m","0,6% m/m","0,6% m/m",1479216600,1,1,1,pinned_report_and_event_name,EconomicCalendar/raw/oanda/daily/2016-11-15.json
PPI,2016-11-16T07:30:00-06:00,2016-11-16,BLS,October 2016,2016-11-16 14:30,Producer Price Index,703,59709,October,2,"0,0% m/m","0,3% m/m","0,3% m/m",1479303000,1,1,1,pinned_report_and_event_name,EconomicCalendar/raw/oanda/daily/2016-11-16.json
CPI,2016-11-17T07:30:00-06:00,2016-11-17,BLS,October 2016,2016-11-17 14:30,Consumer Price Index,699,59649,October,3,"0,4% m/m","0,4% m/m","0,3% m/m",1479389400,1,1,1,pinned_report_and_event_name,EconomicCalendar/raw/oanda/daily/2016-11-17.json
DURABLE_GOODS,2016-11-23T07:30:00-06:00,2016-11-23,CENSUS,October 2016,2016-11-23 14:30,Durable Goods Orders - pre..,59,60360,October,3,"4,8% m/m","1,5% m/m","-0,3% m/m",1479907800,1,1,1,pinned_report_and_event_name,EconomicCalendar/raw/oanda/daily/2016-11-23.json
GDP,2016-11-29T07:30:00-06:00,2016-11-29,BEA,Q3 2016 Second,2016-11-29 14:30,GDP (Annualized) - rev..,690,57394,3Q,3,"3,2%","2,9%","1,4%",1480426200,1,1,1,pinned_report_and_event_name,EconomicCalendar/raw/oanda/daily/2016-11-29.json
PCE,2016-11-30T07:30:00-06:00,2016-11-30,BEA,October 2016,2016-11-30 14:30,Personal Consumption Expenditures,694,58196,October,2,"0,3% m/m","0,5% m/m","0,5% m/m",1480512600,1,1,1,pinned_report_and_event_name,EconomicCalendar/raw/oanda/daily/2016-11-30.json
EMPLOYMENT,2016-12-02T07:30:00-06:00,2016-12-02,BLS,November 2016,2016-12-02 14:30,Non-Farm Employment Change,707,59925,November,3,178 k,175 k,161 k,1480685400,1,1,1,pinned_report_and_event_name,EconomicCalendar/raw/oanda/daily/2016-12-02.json
PPI,2016-12-14T07:30:00-06:00,2016-12-14,BLS,November 2016,2016-12-14 14:30,Producer Price Index,703,59714,November,2,"0,4% m/m","0,1% m/m","0,0% m/m",1481722200,1,1,1,pinned_report_and_event_name,EconomicCalendar/raw/oanda/daily/2016-12-14.json
RETAIL_SALES,2016-12-14T07:30:00-06:00,2016-12-14,CENSUS,November 2016,2016-12-14 14:30,Retail Sales,696,60306,November,3,"0,1% m/m","0,3% m/m","0,8% m/m",1481722200,1,1,1,pinned_report_and_event_name,EconomicCalendar/raw/oanda/daily/2016-12-14.json
FOMC,2016-12-14T13:00:00-06:00,2016-12-14,FEDERAL_RESERVE,FOMC 2016-12-14,2016-12-14 20:00,FOMC Interest Rate Decision,82,56623,December,3,"0,50-0,75%","0,50-0,75%","0,25-0,50%",1481742000,1,1,1,pinned_report_and_event_name,EconomicCalendar/raw/oanda/daily/2016-12-14.json
CPI,2016-12-15T07:30:00-06:00,2016-12-15,BLS,November 2016,2016-12-15 14:30,Consumer Price Index,699,59654,November,3,"0,2% m/m","0,2% m/m","0,4% m/m",1481808600,1,1,1,pinned_report_and_event_name,EconomicCalendar/raw/oanda/daily/2016-12-15.json
DURABLE_GOODS,2016-12-22T07:30:00-06:00,2016-12-22,CENSUS,November 2016,2016-12-22 14:30,Durable Goods Orders - pre..,59,60362,November,3,"-4,6% m/m",-4% m/m,"4,6% m/m",1482413400,1,1,1,pinned_report_and_event_name,EconomicCalendar/raw/oanda/daily/2016-12-22.json
GDP,2016-12-22T07:30:00-06:00,2016-12-22,BEA,Q3 2016 Third,2016-12-22 14:30,GDP (Annualized) - fin..,690,57398,3Q,3,"3,5%","3,2%","1,4%",1482413400,1,1,1,pinned_report_and_event_name,EconomicCalendar/raw/oanda/daily/2016-12-22.json
PCE,2016-12-22T09:00:00-06:00,2016-12-22,BEA,November 2016,2016-12-22 16:00,Personal Consumption Expenditures,694,58200,November,2,"0,2% m/m","0,3% m/m","0,3% m/m",1482418800,1,1,1,pinned_report_and_event_name,EconomicCalendar/raw/oanda/daily/2016-12-22.json
EMPLOYMENT,2017-01-06T07:30:00-06:00,2017-01-06,BLS,December 2016,2017-01-06 14:30,Non-Farm Employment Change,707,66589,December,3,156 k,177 k,178 k,1483709400,1,1,1,pinned_report_and_event_name,EconomicCalendar/raw/oanda/daily/2017-01-06.json
PPI,2017-01-13T07:30:00-06:00,2017-01-13,BLS,December 2016,2017-01-13 14:30,Producer Price Index,703,59719,December,2,"0,3% m/m","0,3% m/m","0,4% m/m",1484314200,1,1,1,pinned_report_and_event_name,EconomicCalendar/raw/oanda/daily/2017-01-13.json
RETAIL_SALES,2017-01-13T07:30:00-06:00,2017-01-13,CENSUS,December 2016,2017-01-13 14:30,Retail Sales,696,66727,December,3,"0,6% m/m","0,7% m/m","0,1% m/m",1484314200,1,1,1,pinned_report_and_event_name,EconomicCalendar/raw/oanda/daily/2017-01-13.json
CPI,2017-01-18T07:30:00-06:00,2017-01-18,BLS,December 2016,2017-01-18 14:30,Consumer Price Index,699,66305,December,3,"0,3% m/m","0,3% m/m","0,2% m/m",1484746200,1,1,1,pinned_report_and_event_name,EconomicCalendar/raw/oanda/daily/2017-01-18.json
DURABLE_GOODS,2017-01-27T07:30:00-06:00,2017-01-27,CENSUS,December 2016,2017-01-27 14:30,Durable Goods Orders - pre..,59,66787,December,3,"-0,4% m/m","2,6% m/m","-4,5% m/m",1485523800,1,1,1,pinned_report_and_event_name,EconomicCalendar/raw/oanda/daily/2017-01-27.json
GDP,2017-01-27T07:30:00-06:00,2017-01-27,BEA,Q4 2016 Advance,2017-01-27 14:30,GDP (Annualized) - pre..,690,70635,4Q,3,"1,9%","2,2%","3,5%",1485523800,1,1,1,pinned_report_and_event_name,EconomicCalendar/raw/oanda/daily/2017-01-27.json
PCE,2017-01-30T07:30:00-06:00,2017-01-30,BEA,December 2016,2017-01-30 14:30,Personal Consumption Expenditures,694,66045,December,2,"0,5% m/m","0,5% m/m","0,2% m/m",1485783000,1,1,1,pinned_report_and_event_name,EconomicCalendar/raw/oanda/daily/2017-01-30.json
FOMC,2017-02-01T13:00:00-06:00,2017-02-01,FEDERAL_RESERVE,FOMC 2017-02-01,2017-02-01 20:00,FOMC Interest Rate Decision,82,66034,February,3,"0,50-0,75%","0,50-0,75%","0,50-0,75%",1485975600,1,1,1,pinned_report_and_event_name,EconomicCalendar/raw/oanda/daily/2017-02-01.json
EMPLOYMENT,2017-02-03T07:30:00-06:00,2017-02-03,BLS,January 2017,2017-02-03 14:30,Non-Farm Employment Change,707,66595,January,3,227 k,175 k,156 k,1486128600,1,1,1,pinned_report_and_event_name,EconomicCalendar/raw/oanda/daily/2017-02-03.json
PPI,2017-02-14T07:30:00-06:00,2017-02-14,BLS,January 2017,2017-02-14 14:30,Producer Price Index,703,66365,January,2,"0,6% m/m","0,3% m/m","0,3% m/m",1487079000,1,1,1,pinned_report_and_event_name,EconomicCalendar/raw/oanda/daily/2017-02-14.json
CPI,2017-02-15T07:30:00-06:00,2017-02-15,BLS,January 2017,2017-02-15 14:30,Consumer Price Index,699,66310,January,3,"0,6% m/m","0,3% m/m","0,3% m/m",1487165400,1,1,1,pinned_report_and_event_name,EconomicCalendar/raw/oanda/daily/2017-02-15.json
RETAIL_SALES,2017-02-15T07:30:00-06:00,2017-02-15,CENSUS,January 2017,2017-02-15 14:30,Retail Sales,696,66730,January,3,"0,4% m/m","0,1% m/m","0,6% m/m",1487165400,1,1,1,pinned_report_and_event_name,EconomicCalendar/raw/oanda/daily/2017-02-15.json
DURABLE_GOODS,2017-02-27T07:30:00-06:00,2017-02-27,CENSUS,January 2017,2017-02-27 14:30,Durable Goods Orders - pre..,59,66789,January,3,"1,8% m/m","1,7% m/m","-0,5% m/m",1488202200,1,1,1,pinned_report_and_event_name,EconomicCalendar/raw/oanda/daily/2017-02-27.json
GDP,2017-02-28T07:30:00-06:00,2017-02-28,BEA,Q4 2016 Second,2017-02-28 14:30,GDP (Annualized) - rev..,690,71071,4Q,3,"1,9%","1,9%","3,5%",1488288600,1,1,1,pinned_report_and_event_name,EconomicCalendar/raw/oanda/daily/2017-02-28.json
PCE,2017-03-01T07:30:00-06:00,2017-03-01,BEA,January 2017,2017-03-01 14:30,Personal Consumption Expenditures,694,66049,January,2,"0,2% m/m","0,3% m/m","0,5% m/m",1488375000,1,1,1,pinned_report_and_event_name,EconomicCalendar/raw/oanda/daily/2017-03-01.json
EMPLOYMENT,2017-03-10T07:30:00-06:00,2017-03-10,BLS,February 2017,2017-03-10 14:30,Non-Farm Employment Change,707,66601,February,3,235 k,190 k,227 k,1489152600,1,1,1,pinned_report_and_event_name,EconomicCalendar/raw/oanda/daily/2017-03-10.json
PPI,2017-03-14T07:30:00-05:00,2017-03-14,BLS,February 2017,2017-03-14 13:30,Producer Price Index,703,66370,February,2,"0,3% m/m","0,1% m/m","0,6% m/m",1489494600,1,1,1,pinned_report_and_event_name,EconomicCalendar/raw/oanda/daily/2017-03-14.json
CPI,2017-03-15T07:30:00-05:00,2017-03-15,BLS,February 2017,2017-03-15 13:30,Consumer Price Index,699,66315,February,3,"0,1% m/m","0,0% m/m","0,6% m/m",1489581000,1,1,1,pinned_report_and_event_name,EconomicCalendar/raw/oanda/daily/2017-03-15.json
RETAIL_SALES,2017-03-15T07:30:00-05:00,2017-03-15,CENSUS,February 2017,2017-03-15 13:30,Retail Sales,696,66733,February,3,"0,1% m/m","0,1% m/m","0,4% m/m",1489581000,1,1,1,pinned_report_and_event_name,EconomicCalendar/raw/oanda/daily/2017-03-15.json
FOMC,2017-03-15T13:00:00-05:00,2017-03-15,FEDERAL_RESERVE,FOMC 2017-03-15,2017-03-15 19:00,FOMC Interest Rate Decision,82,66035,March,3,"0,75-1,00%","0,75-1,00%","0,50-0,75%",1489600800,1,1,1,pinned_report_and_event_name,EconomicCalendar/raw/oanda/daily/2017-03-15.json
DURABLE_GOODS,2017-03-24T07:30:00-05:00,2017-03-24,CENSUS,February 2017,2017-03-24 13:30,Durable Goods Orders - pre..,59,66791,February,3,"1,7% m/m","1,5% m/m",2% m/m,1490358600,1,1,1,pinned_report_and_event_name,EconomicCalendar/raw/oanda/daily/2017-03-24.json
GDP,2017-03-30T07:30:00-05:00,2017-03-30,BEA,Q4 2016 Third,2017-03-30 14:30,GDP (Annualized) - fin..,690,71332,4Q,3,"2,1%","1,9%","3,5%",1490877000,1,1,1,pinned_report_and_event_name,EconomicCalendar/raw/oanda/daily/2017-03-30.json
PCE,2017-03-31T07:30:00-05:00,2017-03-31,BEA,February 2017,2017-03-31 14:30,Personal Consumption Expenditures,694,66053,February,2,"0,1% m/m","0,2% m/m","0,2% m/m",1490963400,1,1,1,pinned_report_and_event_name,EconomicCalendar/raw/oanda/daily/2017-03-31.json
EMPLOYMENT,2017-04-07T07:30:00-05:00,2017-04-07,BLS,March 2017,2017-04-07 14:30,Non-Farm Employment Change,707,66607,March,3,98 k,180 k,235 k,1491568200,1,1,1,pinned_report_and_event_name,EconomicCalendar/raw/oanda/daily/2017-04-07.json
PPI,2017-04-13T07:30:00-05:00,2017-04-13,BLS,March 2017,2017-04-13 14:30,Producer Price Index,703,66375,March,2,"-0,1% m/m","0,0% m/m","0,3% m/m",1492086600,1,1,1,pinned_report_and_event_name,EconomicCalendar/raw/oanda/daily/2017-04-13.json
CPI,2017-04-14T07:30:00-05:00,2017-04-14,BLS,March 2017,2017-04-14 14:30,Consumer Price Index,699,66320,March,3,"-0,3% m/m","0,0% m/m","0,1% m/m",1492173000,1,1,1,pinned_report_and_event_name,EconomicCalendar/raw/oanda/daily/2017-04-14.json
RETAIL_SALES,2017-04-14T07:30:00-05:00,2017-04-14,CENSUS,March 2017,2017-04-14 14:30,Retail Sales,696,66736,March,3,"-0,2% m/m","-0,1% m/m","0,1% m/m",1492173000,1,1,1,pinned_report_and_event_name,EconomicCalendar/raw/oanda/daily/2017-04-14.json
DURABLE_GOODS,2017-04-27T07:30:00-05:00,2017-04-27,CENSUS,March 2017,2017-04-27 14:30,Durable Goods Orders - pre..,59,66793,March,3,"0,7% m/m","1,2% m/m","1,8% m/m",1493296200,1,1,1,pinned_report_and_event_name,EconomicCalendar/raw/oanda/daily/2017-04-27.json
GDP,2017-04-28T07:30:00-05:00,2017-04-28,BEA,Q1 2017 Advance,2017-04-28 14:30,GDP (Annualized) - pre..,690,65003,1Q,3,"0,7%","1,1%","1,9%",1493382600,1,1,1,pinned_report_and_event_name,EconomicCalendar/raw/oanda/daily/2017-04-28.json
PCE,2017-05-01T07:30:00-05:00,2017-05-01,BEA,March 2017,2017-05-01 14:30,Personal Consumption Expenditures,694,66057,March,2,"0,0% m/m","0,2% m/m","0,1% m/m",1493641800,1,1,1,pinned_report_and_event_name,EconomicCalendar/raw/oanda/daily/2017-05-01.json
FOMC,2017-05-03T13:00:00-05:00,2017-05-03,FEDERAL_RESERVE,FOMC 2017-05-03,2017-05-03 20:00,FOMC Interest Rate Decision,82,66036,May,3,"0,75-1,00%","0,75-1,00%","0,75-1,00%",1493834400,1,1,1,pinned_report_and_event_name,EconomicCalendar/raw/oanda/daily/2017-05-03.json
EMPLOYMENT,2017-05-05T07:30:00-05:00,2017-05-05,BLS,April 2017,2017-05-05 14:30,Non-Farm Employment Change,707,66613,April,3,211 k,185 k,98 k,1493987400,1,1,1,pinned_report_and_event_name,EconomicCalendar/raw/oanda/daily/2017-05-05.json
PPI,2017-05-11T07:30:00-05:00,2017-05-11,BLS,April 2017,2017-05-11 14:30,Producer Price Index,703,66380,April,2,"0,5% m/m","0,2% m/m","-0,1% m/m",1494505800,1,1,1,pinned_report_and_event_name,EconomicCalendar/raw/oanda/daily/2017-05-11.json
CPI,2017-05-12T07:30:00-05:00,2017-05-12,BLS,April 2017,2017-05-12 14:30,Consumer Price Index,699,66325,April,3,"0,2% m/m","0,2% m/m","-0,3% m/m",1494592200,1,1,1,pinned_report_and_event_name,EconomicCalendar/raw/oanda/daily/2017-05-12.json
RETAIL_SALES,2017-05-12T07:30:00-05:00,2017-05-12,CENSUS,April 2017,2017-05-12 14:30,Retail Sales,696,66739,April,3,"0,4% m/m","0,6% m/m","-0,2% m/m",1494592200,1,1,1,pinned_report_and_event_name,EconomicCalendar/raw/oanda/daily/2017-05-12.json
DURABLE_GOODS,2017-05-26T07:30:00-05:00,2017-05-26,CENSUS,April 2017,2017-05-26 14:30,Durable Goods Orders - pre..,59,66795,April,3,"-0,7% m/m","-1,2% m/m","0,9% m/m",1495801800,1,1,1,pinned_report_and_event_name,EconomicCalendar/raw/oanda/daily/2017-05-26.json
GDP,2017-05-26T07:30:00-05:00,2017-05-26,BEA,Q1 2017 Second,2017-05-26 14:30,GDP (Annualized) - rev..,690,66496,1Q,3,"1,2%","0,7%","1,9%",1495801800,1,1,1,pinned_report_and_event_name,EconomicCalendar/raw/oanda/daily/2017-05-26.json
PCE,2017-05-30T07:30:00-05:00,2017-05-30,BEA,April 2017,2017-05-30 14:30,Personal Consumption Expenditures,694,71702,April,2,"0,4% m/m","0,4% m/m","0,0% m/m",1496147400,1,1,1,pinned_report_and_event_name,EconomicCalendar/raw/oanda/daily/2017-05-30.json
EMPLOYMENT,2017-06-02T07:30:00-05:00,2017-06-02,BLS,May 2017,2017-06-02 14:30,Non-Farm Employment Change,707,66619,May,3,138 k,185 k,211 k,1496406600,1,1,1,pinned_report_and_event_name,EconomicCalendar/raw/oanda/daily/2017-06-02.json
PPI,2017-06-13T07:30:00-05:00,2017-06-13,BLS,May 2017,2017-06-13 14:30,Producer Price Index,703,66385,May,2,"0,0% m/m","0,0% m/m","0,5% m/m",1497357000,1,1,1,pinned_report_and_event_name,EconomicCalendar/raw/oanda/daily/2017-06-13.json
CPI,2017-06-14T07:30:00-05:00,2017-06-14,BLS,May 2017,2017-06-14 14:30,Consumer Price Index,699,66330,May,3,"-0,1% m/m","0,0% m/m","0,2% m/m",1497443400,1,1,1,pinned_report_and_event_name,EconomicCalendar/raw/oanda/daily/2017-06-14.json
RETAIL_SALES,2017-06-14T07:30:00-05:00,2017-06-14,CENSUS,May 2017,2017-06-14 14:30,Retail Sales,696,66742,May,3,"-0,3% m/m","0,1% m/m","0,4% m/m",1497443400,1,1,1,pinned_report_and_event_name,EconomicCalendar/raw/oanda/daily/2017-06-14.json
FOMC,2017-06-14T13:00:00-05:00,2017-06-14,FEDERAL_RESERVE,FOMC 2017-06-14,2017-06-14 20:00,FOMC Interest Rate Decision,82,66037,June,3,"1,00-1,25%","1,00-1,25%","0,75-1,00%",1497463200,1,1,1,pinned_report_and_event_name,EconomicCalendar/raw/oanda/daily/2017-06-14.json
DURABLE_GOODS,2017-06-26T07:30:00-05:00,2017-06-26,CENSUS,May 2017,2017-06-26 14:30,Durable Goods Orders - pre..,59,66797,May,3,"-1,1% m/m","-0,5% m/m","-0,8% m/m",1498480200,1,1,1,pinned_report_and_event_name,EconomicCalendar/raw/oanda/daily/2017-06-26.json
GDP,2017-06-29T07:30:00-05:00,2017-06-29,BEA,Q1 2017 Third,2017-06-29 14:30,GDP (Annualized) - fin..,690,66512,1Q,3,"1,4%","1,2%","2,1%",1498739400,1,1,1,pinned_report_and_event_name,EconomicCalendar/raw/oanda/daily/2017-06-29.json
PCE,2017-06-30T07:30:00-05:00,2017-06-30,BEA,May 2017,2017-06-30 14:30,Personal Consumption Expenditures,694,71709,May,2,"0,1% m/m","0,1% m/m","0,4% m/m",1498825800,1,1,1,pinned_report_and_event_name,EconomicCalendar/raw/oanda/daily/2017-06-30.json
EMPLOYMENT,2017-07-07T07:30:00-05:00,2017-07-07,BLS,June 2017,2017-07-07 14:30,Non-Farm Employment Change,707,66625,June,3,222 k,179 k,138 k,1499430600,1,1,1,pinned_report_and_event_name,EconomicCalendar/raw/oanda/daily/2017-07-07.json
PPI,2017-07-13T07:30:00-05:00,2017-07-13,BLS,June 2017,2017-07-13 14:30,Producer Price Index,703,66390,June,2,"0,1% m/m","0,0% m/m","0,0% m/m",1499949000,1,1,1,pinned_report_and_event_name,EconomicCalendar/raw/oanda/daily/2017-07-13.json
CPI,2017-07-14T07:30:00-05:00,2017-07-14,BLS,June 2017,2017-07-14 14:30,Consumer Price Index,699,66335,June,3,"0,0% m/m","0,1% m/m","-0,1% m/m",1500035400,1,1,1,pinned_report_and_event_name,EconomicCalendar/raw/oanda/daily/2017-07-14.json
RETAIL_SALES,2017-07-14T07:30:00-05:00,2017-07-14,CENSUS,June 2017,2017-07-14 14:30,Retail Sales,696,66745,June,3,"-0,2% m/m","0,1% m/m","-0,3% m/m",1500035400,1,1,1,pinned_report_and_event_name,EconomicCalendar/raw/oanda/daily/2017-07-14.json
FOMC,2017-07-26T13:00:00-05:00,2017-07-26,FEDERAL_RESERVE,FOMC 2017-07-26,2017-07-26 20:00,FOMC Interest Rate Decision,82,66038,July,3,"1,00-1,25%","1,00-1,25%","1,00-1,25%",1501092000,1,1,1,pinned_report_and_event_name,EconomicCalendar/raw/oanda/daily/2017-07-26.json
DURABLE_GOODS,2017-07-27T07:30:00-05:00,2017-07-27,CENSUS,June 2017,2017-07-27 14:30,Durable Goods Orders - pre..,59,66799,June,3,"6,5% m/m",3% m/m,"-0,8% m/m",1501158600,1,1,1,pinned_report_and_event_name,EconomicCalendar/raw/oanda/daily/2017-07-27.json
GDP,2017-07-28T07:30:00-05:00,2017-07-28,BEA,Q2 2017 Advance,2017-07-28 14:30,GDP (Annualized) - pre..,690,65007,2Q,3,"2,6%","2,6%","1,4%",1501245000,1,1,1,pinned_report_and_event_name,EconomicCalendar/raw/oanda/daily/2017-07-28.json
PCE,2017-08-01T07:30:00-05:00,2017-08-01,BEA,June 2017,2017-08-01 14:30,Personal Consumption Expenditures,694,71716,June,2,"0,1% m/m","0,1% m/m","0,1% m/m",1501590600,1,1,1,pinned_report_and_event_name,EconomicCalendar/raw/oanda/daily/2017-08-01.json
EMPLOYMENT,2017-08-04T07:30:00-05:00,2017-08-04,BLS,July 2017,2017-08-04 14:30,Non-Farm Employment Change,707,66631,July,3,209 k,183 k,222 k,1501849800,1,1,1,pinned_report_and_event_name,EconomicCalendar/raw/oanda/daily/2017-08-04.json
PPI,2017-08-10T07:30:00-05:00,2017-08-10,BLS,July 2017,2017-08-10 14:30,Producer Price Index,703,66395,July,2,"-0,1% m/m","0,1% m/m","0,1% m/m",1502368200,1,1,1,pinned_report_and_event_name,EconomicCalendar/raw/oanda/daily/2017-08-10.json
CPI,2017-08-11T07:30:00-05:00,2017-08-11,BLS,July 2017,2017-08-11 14:30,Consumer Price Index,699,66340,July,3,"0,1% m/m","0,2% m/m","0,0% m/m",1502454600,1,1,1,pinned_report_and_event_name,EconomicCalendar/raw/oanda/daily/2017-08-11.json
RETAIL_SALES,2017-08-15T07:30:00-05:00,2017-08-15,CENSUS,July 2017,2017-08-15 14:30,Retail Sales,696,66748,July,3,"0,6% m/m","0,4% m/m","-0,2% m/m",1502800200,1,1,1,pinned_report_and_event_name,EconomicCalendar/raw/oanda/daily/2017-08-15.json
DURABLE_GOODS,2017-08-25T07:30:00-05:00,2017-08-25,CENSUS,July 2017,2017-08-25 14:30,Durable Goods Orders - pre..,59,66801,July,3,"-6,8% m/m",-6% m/m,"6,4% m/m",1503664200,1,1,1,pinned_report_and_event_name,EconomicCalendar/raw/oanda/daily/2017-08-25.json
GDP,2017-08-30T07:30:00-05:00,2017-08-30,BEA,Q2 2017 Second,2017-08-30 14:30,GDP (Annualized) - rev..,690,66500,2Q,3,"3,0%","2,6%","1,2%",1504096200,1,1,1,pinned_report_and_event_name,EconomicCalendar/raw/oanda/daily/2017-08-30.json
PCE,2017-08-31T07:30:00-05:00,2017-08-31,BEA,July 2017,2017-08-31 14:30,Personal Consumption Expenditures,694,71723,July,2,"0,3% m/m","0,4% m/m","0,1% m/m",1504182600,1,1,1,pinned_report_and_event_name,EconomicCalendar/raw/oanda/daily/2017-08-31.json
EMPLOYMENT,2017-09-01T07:30:00-05:00,2017-09-01,BLS,August 2017,2017-09-01 14:30,Non-Farm Employment Change,707,66637,August,3,156 k,182 k,209 k,1504269000,1,1,1,pinned_report_and_event_name,EconomicCalendar/raw/oanda/daily/2017-09-01.json
PPI,2017-09-13T07:30:00-05:00,2017-09-13,BLS,August 2017,2017-09-13 14:30,Producer Price Index,703,66400,August,2,"0,2% m/m","0,3% m/m","-0,1% m/m",1505305800,1,1,1,pinned_report_and_event_name,EconomicCalendar/raw/oanda/daily/2017-09-13.json
CPI,2017-09-14T07:30:00-05:00,2017-09-14,BLS,August 2017,2017-09-14 14:30,Consumer Price Index,699,66345,August,3,"0,4% m/m","0,3% m/m","0,1% m/m",1505392200,1,1,1,pinned_report_and_event_name,EconomicCalendar/raw/oanda/daily/2017-09-14.json
RETAIL_SALES,2017-09-15T07:30:00-05:00,2017-09-15,CENSUS,August 2017,2017-09-15 14:30,Retail Sales,696,66751,August,3,"-0,2% m/m","0,1% m/m","0,6% m/m",1505478600,1,1,1,pinned_report_and_event_name,EconomicCalendar/raw/oanda/daily/2017-09-15.json
FOMC,2017-09-20T13:00:00-05:00,2017-09-20,FEDERAL_RESERVE,FOMC 2017-09-20,2017-09-20 20:00,FOMC Interest Rate Decision,82,66039,September,3,"1,00-1,25%","1,00-1,25%","1,00-1,25%",1505930400,1,1,1,pinned_report_and_event_name,EconomicCalendar/raw/oanda/daily/2017-09-20.json
DURABLE_GOODS,2017-09-27T07:30:00-05:00,2017-09-27,CENSUS,August 2017,2017-09-27 14:30,Durable Goods Orders - pre..,59,66803,August,3,"1,7% m/m",1% m/m,"-6,8% m/m",1506515400,1,1,1,pinned_report_and_event_name,EconomicCalendar/raw/oanda/daily/2017-09-27.json
GDP,2017-09-28T07:30:00-05:00,2017-09-28,BEA,Q2 2017 Third,2017-09-28 14:30,GDP (Annualized) - fin..,690,66516,2Q,3,"3,1%","3,0%","1,2%",1506601800,1,1,1,pinned_report_and_event_name,EconomicCalendar/raw/oanda/daily/2017-09-28.json
PCE,2017-09-29T07:30:00-05:00,2017-09-29,BEA,August 2017,2017-09-29 14:30,Personal Consumption Expenditures,694,71730,August,2,"0,1% m/m","0,1% m/m","0,3% m/m",1506688200,1,1,1,pinned_report_and_event_name,EconomicCalendar/raw/oanda/daily/2017-09-29.json
EMPLOYMENT,2017-10-06T07:30:00-05:00,2017-10-06,BLS,September 2017,2017-10-06 14:30,Non-Farm Employment Change,707,66643,September,3,-33 k,90 k,156 k,1507293000,1,1,1,pinned_report_and_event_name,EconomicCalendar/raw/oanda/daily/2017-10-06.json
PPI,2017-10-12T07:30:00-05:00,2017-10-12,BLS,September 2017,2017-10-12 14:30,Producer Price Index,703,66405,September,2,"0,4% m/m","0,4% m/m","0,2% m/m",1507811400,1,1,1,pinned_report_and_event_name,EconomicCalendar/raw/oanda/daily/2017-10-12.json
CPI,2017-10-13T07:30:00-05:00,2017-10-13,BLS,September 2017,2017-10-13 14:30,Consumer Price Index,699,66350,September,3,"0,5% m/m","0,6% m/m","0,4% m/m",1507897800,1,1,1,pinned_report_and_event_name,EconomicCalendar/raw/oanda/daily/2017-10-13.json
RETAIL_SALES,2017-10-13T07:30:00-05:00,2017-10-13,CENSUS,September 2017,2017-10-13 14:30,Retail Sales,696,66754,September,3,"1,6% m/m","1,7% m/m","-0,2% m/m",1507897800,1,1,1,pinned_report_and_event_name,EconomicCalendar/raw/oanda/daily/2017-10-13.json
DURABLE_GOODS,2017-10-25T07:30:00-05:00,2017-10-25,CENSUS,September 2017,2017-10-25 14:30,Durable Goods Orders - pre..,59,66805,September,3,"2,2% m/m",1% m/m,2% m/m,1508934600,1,1,1,pinned_report_and_event_name,EconomicCalendar/raw/oanda/daily/2017-10-25.json
GDP,2017-10-27T07:30:00-05:00,2017-10-27,BEA,Q3 2017 Advance,2017-10-27 14:30,GDP (Annualized) - pre..,690,65011,3Q,3,"3,0%","2,5%","3,1%",1509107400,1,1,1,pinned_report_and_event_name,EconomicCalendar/raw/oanda/daily/2017-10-27.json
PCE,2017-10-30T07:30:00-05:00,2017-10-30,BEA,September 2017,2017-10-30 13:30,Personal Consumption Expenditures,694,71737,September,2,1% m/m,"0,8% m/m","0,1% m/m",1509366600,1,1,1,pinned_report_and_event_name,EconomicCalendar/raw/oanda/daily/2017-10-30.json
FOMC,2017-11-01T13:00:00-05:00,2017-11-01,FEDERAL_RESERVE,FOMC 2017-11-01,2017-11-01 19:00,FOMC Interest Rate Decision,82,66040,November,3,"1,00-1,25%","1,00-1,25%","1,00-1,25%",1509559200,1,1,1,pinned_report_and_event_name,EconomicCalendar/raw/oanda/daily/2017-11-01.json
EMPLOYMENT,2017-11-03T07:30:00-05:00,2017-11-03,BLS,October 2017,2017-11-03 13:30,Non-Farm Employment Change,707,66649,October,3,261 k,314 k,-33 k,1509712200,1,1,1,pinned_report_and_event_name,EconomicCalendar/raw/oanda/daily/2017-11-03.json
PPI,2017-11-14T07:30:00-06:00,2017-11-14,BLS,October 2017,2017-11-14 14:30,Producer Price Index,703,66410,October,2,"0,4% m/m","0,1% m/m","0,4% m/m",1510666200,1,1,1,pinned_report_and_event_name,EconomicCalendar/raw/oanda/daily/2017-11-14.json
CPI,2017-11-15T07:30:00-06:00,2017-11-15,BLS,October 2017,2017-11-15 14:30,Consumer Price Index,699,66355,October,3,"0,1% m/m","0,1% m/m","0,5% m/m",1510752600,1,1,1,pinned_report_and_event_name,EconomicCalendar/raw/oanda/daily/2017-11-15.json
RETAIL_SALES,2017-11-15T07:30:00-06:00,2017-11-15,CENSUS,October 2017,2017-11-15 14:30,Retail Sales,696,66757,October,3,"0,2% m/m","0,0% m/m","1,6% m/m",1510752600,1,1,1,pinned_report_and_event_name,EconomicCalendar/raw/oanda/daily/2017-11-15.json
DURABLE_GOODS,2017-11-22T07:30:00-06:00,2017-11-22,CENSUS,October 2017,2017-11-22 14:30,Durable Goods Orders - pre..,59,66807,October,3,"-1,2% m/m","0,3% m/m",2% m/m,1511357400,1,1,1,pinned_report_and_event_name,EconomicCalendar/raw/oanda/daily/2017-11-22.json
GDP,2017-11-29T07:30:00-06:00,2017-11-29,BEA,Q3 2017 Second,2017-11-29 14:30,GDP (Annualized) - rev..,690,66504,3Q,3,"3,3%","3,0%","3,1%",1511962200,1,1,1,pinned_report_and_event_name,EconomicCalendar/raw/oanda/daily/2017-11-29.json
PCE,2017-11-30T07:30:00-06:00,2017-11-30,BEA,October 2017,2017-11-30 14:30,Personal Consumption Expenditures,694,71744,October,2,"0,3% m/m","0,3% m/m",1% m/m,1512048600,1,1,1,pinned_report_and_event_name,EconomicCalendar/raw/oanda/daily/2017-11-30.json
EMPLOYMENT,2017-12-08T07:30:00-06:00,2017-12-08,BLS,November 2017,2017-12-08 14:30,Non-Farm Employment Change,707,66655,November,3,228 k,200 k,261 k,1512739800,1,1,1,pinned_report_and_event_name,EconomicCalendar/raw/oanda/daily/2017-12-08.json
PPI,2017-12-12T07:30:00-06:00,2017-12-12,BLS,November 2017,2017-12-12 14:30,Producer Price Index,703,66415,November,2,"0,4% m/m","0,3% m/m","0,4% m/m",1513085400,1,1,1,pinned_report_and_event_name,EconomicCalendar/raw/oanda/daily/2017-12-12.json
CPI,2017-12-13T07:30:00-06:00,2017-12-13,BLS,November 2017,2017-12-13 14:30,Consumer Price Index,699,66360,November,3,"0,4% m/m","0,4% m/m","0,1% m/m",1513171800,1,1,1,pinned_report_and_event_name,EconomicCalendar/raw/oanda/daily/2017-12-13.json
FOMC,2017-12-13T13:00:00-06:00,2017-12-13,FEDERAL_RESERVE,FOMC 2017-12-13,2017-12-13 20:00,FOMC Interest Rate Decision,82,66041,December,3,"1,25-1,50%","1,25-1,50%","1,00-1,25%",1513191600,1,1,1,pinned_report_and_event_name,EconomicCalendar/raw/oanda/daily/2017-12-13.json
RETAIL_SALES,2017-12-14T07:30:00-06:00,2017-12-14,CENSUS,November 2017,2017-12-14 14:30,Retail Sales,696,66760,November,3,"0,8% m/m","0,3% m/m","0,2% m/m",1513258200,1,1,1,pinned_report_and_event_name,EconomicCalendar/raw/oanda/daily/2017-12-14.json
GDP,2017-12-21T07:30:00-06:00,2017-12-21,BEA,Q3 2017 Third,2017-12-21 14:30,GDP (Annualized) - fin..,690,66520,3Q,3,"3,2%","3,3%","3,1%",1513863000,1,1,1,pinned_report_and_event_name,EconomicCalendar/raw/oanda/daily/2017-12-21.json
DURABLE_GOODS,2017-12-22T07:30:00-06:00,2017-12-22,CENSUS,November 2017,2017-12-22 14:30,Durable Goods Orders - pre..,59,66809,November,3,"1,3% m/m",2% m/m,"-0,8% m/m",1513949400,1,1,1,pinned_report_and_event_name,EconomicCalendar/raw/oanda/daily/2017-12-22.json
PCE,2017-12-22T07:30:00-06:00,2017-12-22,BEA,November 2017,2017-12-22 14:30,Personal Consumption Expenditures,694,71751,November,2,"0,6% m/m","0,4% m/m","0,3% m/m",1513949400,1,1,1,pinned_report_and_event_name,EconomicCalendar/raw/oanda/daily/2017-12-22.json
EMPLOYMENT,2018-01-05T07:30:00-06:00,2018-01-05,BLS,December 2017,2018-01-05 14:30,Non-Farm Employment Change,707,75702,December,3,148 k,190 k,228 k,1515159000,1,1,1,pinned_report_and_event_name,EconomicCalendar/raw/oanda/daily/2018-01-05.json
PPI,2018-01-11T07:30:00-06:00,2018-01-11,BLS,December 2017,2018-01-11 14:30,Producer Price Index,703,75500,December,2,"-0,1% m/m","0,2% m/m","0,4% m/m",1515677400,1,1,1,pinned_report_and_event_name,EconomicCalendar/raw/oanda/daily/2018-01-11.json
CPI,2018-01-12T07:30:00-06:00,2018-01-12,BLS,December 2017,2018-01-12 14:30,Consumer Price Index,699,75440,December,3,"0,1% m/m","0,2% m/m","0,4% m/m",1515763800,1,1,1,pinned_report_and_event_name,EconomicCalendar/raw/oanda/daily/2018-01-12.json
RETAIL_SALES,2018-01-12T07:30:00-06:00,2018-01-12,CENSUS,December 2017,2018-01-12 14:30,Retail Sales,696,76665,December,3,"0,4% m/m","0,4% m/m","0,8% m/m",1515763800,1,1,1,pinned_report_and_event_name,EconomicCalendar/raw/oanda/daily/2018-01-12.json
DURABLE_GOODS,2018-01-26T07:30:00-06:00,2018-01-26,CENSUS,December 2017,2018-01-26 14:30,Durable Goods Orders - pre..,59,76710,December,3,"2,9% m/m","0,8% m/m","1,3% m/m",1516973400,1,1,1,pinned_report_and_event_name,EconomicCalendar/raw/oanda/daily/2018-01-26.json
GDP,2018-01-26T07:30:00-06:00,2018-01-26,BEA,Q4 2017 Advance,2018-01-26 14:30,GDP (Annualized) - pre..,690,80187,4Q,3,"2,6%",3%,"3,2%",1516973400,1,1,1,pinned_report_and_event_name,EconomicCalendar/raw/oanda/daily/2018-01-26.json
PCE,2018-01-29T07:30:00-06:00,2018-01-29,BEA,December 2017,2018-01-29 14:30,Personal Consumption Expenditures,694,75030,December,2,"0,4% m/m","0,4% m/m","0,6% m/m",1517232600,1,1,1,pinned_report_and_event_name,EconomicCalendar/raw/oanda/daily/2018-01-29.json
FOMC,2018-01-31T13:00:00-06:00,2018-01-31,FEDERAL_RESERVE,FOMC 2018-01-31,2018-01-31 20:00,FOMC Interest Rate Decision,82,74993,January,3,"1,25-1,50%","1,25-1,50%","1,25-1,50%",1517425200,1,1,1,pinned_report_and_event_name,EconomicCalendar/raw/oanda/daily/2018-01-31.json
EMPLOYMENT,2018-02-02T07:30:00-06:00,2018-02-02,BLS,January 2018,2018-02-02 14:30,Non-Farm Employment Change,707,75709,January,3,200 k,180 k,148 k,1517578200,1,1,1,pinned_report_and_event_name,EconomicCalendar/raw/oanda/daily/2018-02-02.json
CPI,2018-02-14T07:30:00-06:00,2018-02-14,BLS,January 2018,2018-02-14 14:30,Consumer Price Index,699,75445,January,3,"0,5% m/m","0,3% m/m","0,1% m/m",1518615000,1,1,1,pinned_report_and_event_name,EconomicCalendar/raw/oanda/daily/2018-02-14.json
RETAIL_SALES,2018-02-14T07:30:00-06:00,2018-02-14,CENSUS,January 2018,2018-02-14 14:30,Retail Sales,696,76669,January,3,"-0,3% m/m","0,2% m/m","0,4% m/m",1518615000,1,1,1,pinned_report_and_event_name,EconomicCalendar/raw/oanda/daily/2018-02-14.json
PPI,2018-02-15T07:30:00-06:00,2018-02-15,BLS,January 2018,2018-02-15 14:30,Producer Price Index,703,75505,January,2,"0,4% m/m","0,4% m/m","-0,1% m/m",1518701400,1,1,1,pinned_report_and_event_name,EconomicCalendar/raw/oanda/daily/2018-02-15.json
DURABLE_GOODS,2018-02-27T07:30:00-06:00,2018-02-27,CENSUS,January 2018,2018-02-27 14:30,Durable Goods Orders - pre..,59,76711,January,3,"-3,7% m/m",-2% m/m,"2,8% m/m",1519738200,1,1,1,pinned_report_and_event_name,EconomicCalendar/raw/oanda/daily/2018-02-27.json
GDP,2018-02-28T07:30:00-06:00,2018-02-28,BEA,Q4 2017 Second,2018-02-28 14:30,GDP (Annualized) - rev..,690,80905,4Q,3,"2,5%","2,6%","3,2%",1519824600,1,1,1,pinned_report_and_event_name,EconomicCalendar/raw/oanda/daily/2018-02-28.json
PCE,2018-03-01T07:30:00-06:00,2018-03-01,BEA,January 2018,2018-03-01 14:30,Personal Consumption Expenditures,694,75037,January,2,"0,2% m/m","0,2% m/m","0,4% m/m",1519911000,1,1,1,pinned_report_and_event_name,EconomicCalendar/raw/oanda/daily/2018-03-01.json
EMPLOYMENT,2018-03-09T07:30:00-06:00,2018-03-09,BLS,February 2018,2018-03-09 14:30,Non-Farm Employment Change,707,75716,February,3,313 k,200 k,200 k,1520602200,1,1,1,pinned_report_and_event_name,EconomicCalendar/raw/oanda/daily/2018-03-09.json
CPI,2018-03-13T07:30:00-05:00,2018-03-13,BLS,February 2018,2018-03-13 13:30,Consumer Price Index,699,75450,February,3,"0,2% m/m","0,2% m/m","0,5% m/m",1520944200,1,1,1,pinned_report_and_event_name,EconomicCalendar/raw/oanda/daily/2018-03-13.json
PPI,2018-03-14T07:30:00-05:00,2018-03-14,BLS,February 2018,2018-03-14 13:30,Producer Price Index,703,75510,February,2,"0,2% m/m","0,2% m/m","0,4% m/m",1521030600,1,1,1,pinned_report_and_event_name,EconomicCalendar/raw/oanda/daily/2018-03-14.json
RETAIL_SALES,2018-03-14T07:30:00-05:00,2018-03-14,CENSUS,February 2018,2018-03-14 13:30,Retail Sales,696,76673,February,3,"-0,1% m/m","0,3% m/m","-0,3% m/m",1521030600,1,1,1,pinned_report_and_event_name,EconomicCalendar/raw/oanda/daily/2018-03-14.json
FOMC,2018-03-21T13:00:00-05:00,2018-03-21,FEDERAL_RESERVE,FOMC 2018-03-21,2018-03-21 19:00,FOMC Interest Rate Decision,82,74994,March,3,"1,50-1,75%","1,50-1,75%","1,25-1,50%",1521655200,1,1,1,pinned_report_and_event_name,EconomicCalendar/raw/oanda/daily/2018-03-21.json
DURABLE_GOODS,2018-03-23T07:30:00-05:00,2018-03-23,CENSUS,February 2018,2018-03-23 13:30,Durable Goods Orders - pre..,59,76712,February,3,"3,1% m/m","1,5% m/m","-3,6% m/m",1521808200,1,1,1,pinned_report_and_event_name,EconomicCalendar/raw/oanda/daily/2018-03-23.json
GDP,2018-03-28T07:30:00-05:00,2018-03-28,BEA,Q4 2017 Third,2018-03-28 14:30,GDP (Annualized) - fin..,690,80910,4Q,3,"2,9%","2,5%","3,2%",1522240200,1,1,1,pinned_report_and_event_name,EconomicCalendar/raw/oanda/daily/2018-03-28.json
PCE,2018-03-29T07:30:00-05:00,2018-03-29,BEA,February 2018,2018-03-29 14:30,Personal Consumption Expenditures,694,75044,February,2,"0,2% m/m","0,2% m/m","0,2% m/m",1522326600,1,1,1,pinned_report_and_event_name,EconomicCalendar/raw/oanda/daily/2018-03-29.json
EMPLOYMENT,2018-04-06T07:30:00-05:00,2018-04-06,BLS,March 2018,2018-04-06 14:30,Non-Farm Employment Change,707,75723,March,3,103 k,198 k,313 k,1523017800,1,1,1,pinned_report_and_event_name,EconomicCalendar/raw/oanda/daily/2018-04-06.json
PPI,2018-04-10T07:30:00-05:00,2018-04-10,BLS,March 2018,2018-04-10 14:30,Producer Price Index,703,75515,March,2,"0,3% m/m","0,1% m/m","0,2% m/m",1523363400,1,1,1,pinned_report_and_event_name,EconomicCalendar/raw/oanda/daily/2018-04-10.json
CPI,2018-04-11T07:30:00-05:00,2018-04-11,BLS,March 2018,2018-04-11 14:30,Consumer Price Index,699,75455,March,3,"-0,1% m/m","0,0% m/m","0,2% m/m",1523449800,1,1,1,pinned_report_and_event_name,EconomicCalendar/raw/oanda/daily/2018-04-11.json
RETAIL_SALES,2018-04-16T07:30:00-05:00,2018-04-16,CENSUS,March 2018,2018-04-16 14:30,Retail Sales,696,76677,March,3,"0,6% m/m","0,4% m/m","-0,1% m/m",1523881800,1,1,1,pinned_report_and_event_name,EconomicCalendar/raw/oanda/daily/2018-04-16.json
DURABLE_GOODS,2018-04-26T07:30:00-05:00,2018-04-26,CENSUS,March 2018,2018-04-26 14:30,Durable Goods Orders - pre..,59,76713,March,3,"2,6% m/m","1,4% m/m",3% m/m,1524745800,1,1,1,pinned_report_and_event_name,EconomicCalendar/raw/oanda/daily/2018-04-26.json
GDP,2018-04-27T07:30:00-05:00,2018-04-27,BEA,Q1 2018 Advance,2018-04-27 14:30,GDP (Annualized) - pre..,690,73805,1Q,3,"2,3%",2%,"2,6%",1524832200,1,1,1,pinned_report_and_event_name,EconomicCalendar/raw/oanda/daily/2018-04-27.json
PCE,2018-04-30T07:30:00-05:00,2018-04-30,BEA,March 2018,2018-04-30 14:30,Personal Consumption Expenditures,694,75051,March,2,"0,4% m/m","0,4% m/m","0,2% m/m",1525091400,1,1,1,pinned_report_and_event_name,EconomicCalendar/raw/oanda/daily/2018-04-30.json
FOMC,2018-05-02T13:00:00-05:00,2018-05-02,FEDERAL_RESERVE,FOMC 2018-05-02,2018-05-02 20:00,FOMC Interest Rate Decision,82,74995,May,3,"1,50-1,75%","1,50-1,75%","1,50-1,75%",1525284000,1,1,1,pinned_report_and_event_name,EconomicCalendar/raw/oanda/daily/2018-05-02.json
EMPLOYMENT,2018-05-04T07:30:00-05:00,2018-05-04,BLS,April 2018,2018-05-04 14:30,Non-Farm Employment Change,707,75730,April,3,164 k,192 k,103 k,1525437000,1,1,1,pinned_report_and_event_name,EconomicCalendar/raw/oanda/daily/2018-05-04.json
PPI,2018-05-09T07:30:00-05:00,2018-05-09,BLS,April 2018,2018-05-09 14:30,Producer Price Index,703,75520,April,2,"0,1% m/m","0,3% m/m","0,3% m/m",1525869000,1,1,1,pinned_report_and_event_name,EconomicCalendar/raw/oanda/daily/2018-05-09.json
CPI,2018-05-10T07:30:00-05:00,2018-05-10,BLS,April 2018,2018-05-10 14:30,Consumer Price Index,699,75460,April,3,"0,2% m/m","0,3% m/m","-0,1% m/m",1525955400,1,1,1,pinned_report_and_event_name,EconomicCalendar/raw/oanda/daily/2018-05-10.json
RETAIL_SALES,2018-05-15T07:30:00-05:00,2018-05-15,CENSUS,April 2018,2018-05-15 14:30,Retail Sales,696,76681,April,3,"0,3% m/m","0,3% m/m","0,6% m/m",1526387400,1,1,1,pinned_report_and_event_name,EconomicCalendar/raw/oanda/daily/2018-05-15.json
DURABLE_GOODS,2018-05-25T07:30:00-05:00,2018-05-25,CENSUS,April 2018,2018-05-25 14:30,Durable Goods Orders - pre..,59,76714,April,3,"-1,7% m/m","-1,4% m/m","2,6% m/m",1527251400,1,1,1,pinned_report_and_event_name,EconomicCalendar/raw/oanda/daily/2018-05-25.json
GDP,2018-05-30T07:30:00-05:00,2018-05-30,BEA,Q1 2018 Second,2018-05-30 14:30,GDP (Annualized) - rev..,690,73810,1Q,3,"2,2%","2,3%","2,5%",1527683400,1,1,1,pinned_report_and_event_name,EconomicCalendar/raw/oanda/daily/2018-05-30.json
PCE,2018-05-31T07:30:00-05:00,2018-05-31,BEA,April 2018,2018-05-31 14:30,Personal Consumption Expenditures,694,75058,April,2,"0,6% m/m","0,4% m/m","0,4% m/m",1527769800,1,1,1,pinned_report_and_event_name,EconomicCalendar/raw/oanda/daily/2018-05-31.json
EMPLOYMENT,2018-06-01T07:30:00-05:00,2018-06-01,BLS,May 2018,2018-06-01 14:30,Non-Farm Employment Change,707,75737,May,3,223 k,185 k,164 k,1527856200,1,1,1,pinned_report_and_event_name,EconomicCalendar/raw/oanda/daily/2018-06-01.json
CPI,2018-06-12T07:30:00-05:00,2018-06-12,BLS,May 2018,2018-06-12 14:30,Consumer Price Index,699,75465,May,3,"0,2% m/m","0,2% m/m","0,2% m/m",1528806600,1,1,1,pinned_report_and_event_name,EconomicCalendar/raw/oanda/daily/2018-06-12.json
PPI,2018-06-13T07:30:00-05:00,2018-06-13,BLS,May 2018,2018-06-13 14:30,Producer Price Index,703,75525,May,2,"0,5% m/m","0,3% m/m","0,1% m/m",1528893000,1,1,1,pinned_report_and_event_name,EconomicCalendar/raw/oanda/daily/2018-06-13.json
FOMC,2018-06-13T13:00:00-05:00,2018-06-13,FEDERAL_RESERVE,FOMC 2018-06-13,2018-06-13 20:00,FOMC Interest Rate Decision,82,74996,June,3,"1,75-2,00%","1,75-2,00%","1,50-1,75%",1528912800,1,1,1,pinned_report_and_event_name,EconomicCalendar/raw/oanda/daily/2018-06-13.json
RETAIL_SALES,2018-06-14T07:30:00-05:00,2018-06-14,CENSUS,May 2018,2018-06-14 14:30,Retail Sales,696,76685,May,3,"0,8% m/m","0,4% m/m","0,3% m/m",1528979400,1,1,1,pinned_report_and_event_name,EconomicCalendar/raw/oanda/daily/2018-06-14.json
DURABLE_GOODS,2018-06-27T07:30:00-05:00,2018-06-27,CENSUS,May 2018,2018-06-27 14:30,Durable Goods Orders - pre..,59,76715,May,3,"-0,6% m/m","-0,6% m/m","-1,6% m/m",1530102600,1,1,1,pinned_report_and_event_name,EconomicCalendar/raw/oanda/daily/2018-06-27.json
GDP,2018-06-28T07:30:00-05:00,2018-06-28,BEA,Q1 2018 Third,2018-06-28 14:30,GDP (Annualized) - fin..,690,73815,1Q,3,2%,"2,2%","2,9%",1530189000,1,1,1,pinned_report_and_event_name,EconomicCalendar/raw/oanda/daily/2018-06-28.json
PCE,2018-06-29T07:30:00-05:00,2018-06-29,BEA,May 2018,2018-06-29 14:30,Personal Consumption Expenditures,694,75065,May,2,"0,2% m/m","0,4% m/m","0,6% m/m",1530275400,1,1,1,pinned_report_and_event_name,EconomicCalendar/raw/oanda/daily/2018-06-29.json
EMPLOYMENT,2018-07-06T07:30:00-05:00,2018-07-06,BLS,June 2018,2018-07-06 14:30,Non-Farm Employment Change,707,75744,June,3,213 k,187 k,223 k,1530880200,1,1,1,pinned_report_and_event_name,EconomicCalendar/raw/oanda/daily/2018-07-06.json
PPI,2018-07-11T07:30:00-05:00,2018-07-11,BLS,June 2018,2018-07-11 14:30,Producer Price Index,703,75530,June,2,"0,3% m/m","0,2% m/m","0,5% m/m",1531312200,1,1,1,pinned_report_and_event_name,EconomicCalendar/raw/oanda/daily/2018-07-11.json
CPI,2018-07-12T07:30:00-05:00,2018-07-12,BLS,June 2018,2018-07-12 14:30,Consumer Price Index,699,75470,June,3,"0,1% m/m","0,2% m/m","0,2% m/m",1531398600,1,1,1,pinned_report_and_event_name,EconomicCalendar/raw/oanda/daily/2018-07-12.json
RETAIL_SALES,2018-07-16T07:30:00-05:00,2018-07-16,CENSUS,June 2018,2018-07-16 14:30,Retail Sales,696,76689,June,3,"0,5% m/m","0,5% m/m","0,8% m/m",1531744200,1,1,1,pinned_report_and_event_name,EconomicCalendar/raw/oanda/daily/2018-07-16.json
DURABLE_GOODS,2018-07-26T07:30:00-05:00,2018-07-26,CENSUS,June 2018,2018-07-26 14:30,Durable Goods Orders - pre..,59,76716,June,3,1% m/m,3% m/m,"-0,4% m/m",1532608200,1,1,1,pinned_report_and_event_name,EconomicCalendar/raw/oanda/daily/2018-07-26.json
GDP,2018-07-27T07:30:00-05:00,2018-07-27,BEA,Q2 2018 Advance,2018-07-27 14:30,GDP (Annualized) - pre..,690,73820,2Q,3,"4,1%","4,1%",2%,1532694600,1,1,1,pinned_report_and_event_name,EconomicCalendar/raw/oanda/daily/2018-07-27.json
PCE,2018-07-31T07:30:00-05:00,2018-07-31,BEA,June 2018,2018-07-31 14:30,Personal Consumption Expenditures,694,75072,June,2,"0,4% m/m","0,4% m/m","0,2% m/m",1533040200,1,1,1,pinned_report_and_event_name,EconomicCalendar/raw/oanda/daily/2018-07-31.json
FOMC,2018-08-01T13:00:00-05:00,2018-08-01,FEDERAL_RESERVE,FOMC 2018-08-01,2018-08-01 20:00,FOMC Interest Rate Decision,82,74997,August,3,"1,75-2,00%","1,75-2,00%","1,75-2,00%",1533146400,1,1,1,pinned_report_and_event_name,EconomicCalendar/raw/oanda/daily/2018-08-01.json
EMPLOYMENT,2018-08-03T07:30:00-05:00,2018-08-03,BLS,July 2018,2018-08-03 14:30,Non-Farm Employment Change,707,75751,July,3,157 k,190 k,213 k,1533299400,1,1,1,pinned_report_and_event_name,EconomicCalendar/raw/oanda/daily/2018-08-03.json
PPI,2018-08-09T07:30:00-05:00,2018-08-09,BLS,July 2018,2018-08-09 14:30,Producer Price Index,703,75535,July,2,"0,0% m/m","0,2% m/m","0,3% m/m",1533817800,1,1,1,pinned_report_and_event_name,EconomicCalendar/raw/oanda/daily/2018-08-09.json
CPI,2018-08-10T07:30:00-05:00,2018-08-10,BLS,July 2018,2018-08-10 14:30,Consumer Price Index,699,75475,July,3,"0,2% m/m","0,2% m/m","0,1% m/m",1533904200,1,1,1,pinned_report_and_event_name,EconomicCalendar/raw/oanda/daily/2018-08-10.json
RETAIL_SALES,2018-08-15T07:30:00-05:00,2018-08-15,CENSUS,July 2018,2018-08-15 14:30,Retail Sales,696,76693,July,3,"0,5% m/m","0,1% m/m","0,5% m/m",1534336200,1,1,1,pinned_report_and_event_name,EconomicCalendar/raw/oanda/daily/2018-08-15.json
DURABLE_GOODS,2018-08-24T07:30:00-05:00,2018-08-24,CENSUS,July 2018,2018-08-24 14:30,Durable Goods Orders - pre..,59,76717,July,3,"-1,7% m/m","-0,8% m/m","0,8% m/m",1535113800,1,1,1,pinned_report_and_event_name,EconomicCalendar/raw/oanda/daily/2018-08-24.json
GDP,2018-08-29T07:30:00-05:00,2018-08-29,BEA,Q2 2018 Second,2018-08-29 14:30,GDP (Annualized) - rev..,690,73825,2Q,3,"4,2%","4,1%","2,2%",1535545800,1,1,1,pinned_report_and_event_name,EconomicCalendar/raw/oanda/daily/2018-08-29.json
PCE,2018-08-30T07:30:00-05:00,2018-08-30,BEA,July 2018,2018-08-30 14:30,Personal Consumption Expenditures,694,75079,July,2,"0,4% m/m","0,3% m/m","0,4% m/m",1535632200,1,1,1,pinned_report_and_event_name,EconomicCalendar/raw/oanda/daily/2018-08-30.json
EMPLOYMENT,2018-09-07T07:30:00-05:00,2018-09-07,BLS,August 2018,2018-09-07 14:30,Non-Farm Employment Change,707,75758,August,3,201 k,190 k,157 k,1536323400,1,1,1,pinned_report_and_event_name,EconomicCalendar/raw/oanda/daily/2018-09-07.json
PPI,2018-09-12T07:30:00-05:00,2018-09-12,BLS,August 2018,2018-09-12 14:30,Producer Price Index,703,75540,August,2,"-0,1% m/m","0,2% m/m","0,0% m/m",1536755400,1,1,1,pinned_report_and_event_name,EconomicCalendar/raw/oanda/daily/2018-09-12.json
CPI,2018-09-13T07:30:00-05:00,2018-09-13,BLS,August 2018,2018-09-13 14:30,Consumer Price Index,699,75480,August,3,"0,2% m/m","0,3% m/m","0,2% m/m",1536841800,1,1,1,pinned_report_and_event_name,EconomicCalendar/raw/oanda/daily/2018-09-13.json
RETAIL_SALES,2018-09-14T07:30:00-05:00,2018-09-14,CENSUS,August 2018,2018-09-14 14:30,Retail Sales,696,76697,August,3,"0,1% m/m","0,4% m/m","0,5% m/m",1536928200,1,1,1,pinned_report_and_event_name,EconomicCalendar/raw/oanda/daily/2018-09-14.json
FOMC,2018-09-26T13:00:00-05:00,2018-09-26,FEDERAL_RESERVE,FOMC 2018-09-26,2018-09-26 20:00,FOMC Interest Rate Decision,82,74998,September,3,"2,00-2,25%","2,00-2,25%","1,75-2,00%",1537984800,1,1,1,pinned_report_and_event_name,EconomicCalendar/raw/oanda/daily/2018-09-26.json
DURABLE_GOODS,2018-09-27T07:30:00-05:00,2018-09-27,CENSUS,August 2018,2018-09-27 14:30,Durable Goods Orders - pre..,59,76718,August,3,"4,5% m/m",2% m/m,"-1,7% m/m",1538051400,1,1,1,pinned_report_and_event_name,EconomicCalendar/raw/oanda/daily/2018-09-27.json
GDP,2018-09-27T07:30:00-05:00,2018-09-27,BEA,Q2 2018 Third,2018-09-27 14:30,GDP (Annualized) - fin..,690,73830,2Q,3,"4,2%","4,2%","2,2%",1538051400,1,1,1,pinned_report_and_event_name,EconomicCalendar/raw/oanda/daily/2018-09-27.json
PCE,2018-09-28T07:30:00-05:00,2018-09-28,BEA,August 2018,2018-09-28 14:30,Personal Consumption Expenditures,694,75086,August,2,"0,3% m/m","0,3% m/m","0,4% m/m",1538137800,1,1,1,pinned_report_and_event_name,EconomicCalendar/raw/oanda/daily/2018-09-28.json
EMPLOYMENT,2018-10-05T07:30:00-05:00,2018-10-05,BLS,September 2018,2018-10-05 14:30,Non-Farm Employment Change,707,75765,September,3,134 k,180 k,201 k,1538742600,1,1,1,pinned_report_and_event_name,EconomicCalendar/raw/oanda/daily/2018-10-05.json
PPI,2018-10-10T07:30:00-05:00,2018-10-10,BLS,September 2018,2018-10-10 14:30,Producer Price Index,703,75545,September,2,"0,2% m/m","0,2% m/m","-0,1% m/m",1539174600,1,1,1,pinned_report_and_event_name,EconomicCalendar/raw/oanda/daily/2018-10-10.json
CPI,2018-10-11T07:30:00-05:00,2018-10-11,BLS,September 2018,2018-10-11 14:30,Consumer Price Index,699,75485,September,3,"0,1% m/m","0,2% m/m","0,2% m/m",1539261000,1,1,1,pinned_report_and_event_name,EconomicCalendar/raw/oanda/daily/2018-10-11.json
RETAIL_SALES,2018-10-15T07:30:00-05:00,2018-10-15,CENSUS,September 2018,2018-10-15 14:30,Retail Sales,696,76701,September,3,"0,1% m/m","0,6% m/m","0,1% m/m",1539606600,1,1,1,pinned_report_and_event_name,EconomicCalendar/raw/oanda/daily/2018-10-15.json
DURABLE_GOODS,2018-10-25T07:30:00-05:00,2018-10-25,CENSUS,September 2018,2018-10-25 14:30,Durable Goods Orders - pre..,59,76719,September,3,"0,8% m/m",-1% m/m,"4,4% m/m",1540470600,1,1,1,pinned_report_and_event_name,EconomicCalendar/raw/oanda/daily/2018-10-25.json
GDP,2018-10-26T07:30:00-05:00,2018-10-26,BEA,Q3 2018 Advance,2018-10-26 14:30,GDP (Annualized) - pre..,690,73835,3Q,3,"3,5%","3,3%","4,2%",1540557000,1,1,1,pinned_report_and_event_name,EconomicCalendar/raw/oanda/daily/2018-10-26.json
PCE,2018-10-29T07:30:00-05:00,2018-10-29,BEA,September 2018,2018-10-29 13:30,Personal Consumption Expenditures,694,75093,September,2,"0,4% m/m","0,4% m/m","0,3% m/m",1540816200,1,1,1,pinned_report_and_event_name,EconomicCalendar/raw/oanda/daily/2018-10-29.json
EMPLOYMENT,2018-11-02T07:30:00-05:00,2018-11-02,BLS,October 2018,2018-11-02 13:30,Non-Farm Employment Change,707,75772,October,3,250 k,190 k,134 k,1541161800,1,1,1,pinned_report_and_event_name,EconomicCalendar/raw/oanda/daily/2018-11-02.json
FOMC,2018-11-08T13:00:00-06:00,2018-11-08,FEDERAL_RESERVE,FOMC 2018-11-08,2018-11-08 20:00,FOMC Interest Rate Decision,82,74999,November,3,"2,00-2,25%","2,00-2,25%","2,00-2,25%",1541703600,1,1,1,pinned_report_and_event_name,EconomicCalendar/raw/oanda/daily/2018-11-08.json
PPI,2018-11-09T07:30:00-06:00,2018-11-09,BLS,October 2018,2018-11-09 14:30,Producer Price Index,703,75550,October,2,"0,6% m/m","0,2% m/m","0,2% m/m",1541770200,1,1,1,pinned_report_and_event_name,EconomicCalendar/raw/oanda/daily/2018-11-09.json
CPI,2018-11-14T07:30:00-06:00,2018-11-14,BLS,October 2018,2018-11-14 14:30,Consumer Price Index,699,75490,October,3,"0,3% m/m","0,3% m/m","0,1% m/m",1542202200,1,1,1,pinned_report_and_event_name,EconomicCalendar/raw/oanda/daily/2018-11-14.json
RETAIL_SALES,2018-11-15T07:30:00-06:00,2018-11-15,CENSUS,October 2018,2018-11-15 14:30,Retail Sales,696,76705,October,3,"0,8% m/m","0,5% m/m","0,1% m/m",1542288600,1,1,1,pinned_report_and_event_name,EconomicCalendar/raw/oanda/daily/2018-11-15.json
DURABLE_GOODS,2018-11-21T07:30:00-06:00,2018-11-21,CENSUS,October 2018,2018-11-21 14:30,Durable Goods Orders - pre..,59,76720,October,3,"-4,4% m/m","-2,5% m/m","0,7% m/m",1542807000,1,1,1,pinned_report_and_event_name,EconomicCalendar/raw/oanda/daily/2018-11-21.json
GDP,2018-11-28T07:30:00-06:00,2018-11-28,BEA,Q3 2018 Second,2018-11-28 14:30,GDP (Annualized) - rev..,690,73840,3Q,3,"3,5%","3,5%","4,2%",1543411800,1,1,1,pinned_report_and_event_name,EconomicCalendar/raw/oanda/daily/2018-11-28.json
PCE,2018-11-29T07:30:00-06:00,2018-11-29,BEA,October 2018,2018-11-29 14:30,Personal Consumption Expenditures,694,75100,October,2,"0,6% m/m","0,4% m/m","0,4% m/m",1543498200,1,1,1,pinned_report_and_event_name,EconomicCalendar/raw/oanda/daily/2018-11-29.json
EMPLOYMENT,2018-12-07T07:30:00-06:00,2018-12-07,BLS,November 2018,2018-12-07 14:30,Non-Farm Employment Change,707,75779,November,3,155 k,200 k,250 k,1544189400,1,1,1,pinned_report_and_event_name,EconomicCalendar/raw/oanda/daily/2018-12-07.json
PPI,2018-12-11T07:30:00-06:00,2018-12-11,BLS,November 2018,2018-12-11 14:30,Producer Price Index,703,75555,November,2,"0,1% m/m","0,0% m/m","0,6% m/m",1544535000,1,1,1,pinned_report_and_event_name,EconomicCalendar/raw/oanda/daily/2018-12-11.json
CPI,2018-12-12T07:30:00-06:00,2018-12-12,BLS,November 2018,2018-12-12 14:30,Consumer Price Index,699,75495,November,3,"0,0% m/m","0,0% m/m","0,3% m/m",1544621400,1,1,1,pinned_report_and_event_name,EconomicCalendar/raw/oanda/daily/2018-12-12.json
RETAIL_SALES,2018-12-14T07:30:00-06:00,2018-12-14,CENSUS,November 2018,2018-12-14 14:30,Retail Sales,696,76709,November,3,"0,2% m/m","0,2% m/m","0,8% m/m",1544794200,1,1,1,pinned_report_and_event_name,EconomicCalendar/raw/oanda/daily/2018-12-14.json
FOMC,2018-12-19T13:00:00-06:00,2018-12-19,FEDERAL_RESERVE,FOMC 2018-12-19,2018-12-19 20:00,FOMC Interest Rate Decision,82,75000,December,3,"2,25-2,50%","2,25-2,50%","2,00-2,25%",1545246000,1,1,1,pinned_report_and_event_name,EconomicCalendar/raw/oanda/daily/2018-12-19.json
DURABLE_GOODS,2018-12-21T07:30:00-06:00,2018-12-21,CENSUS,November 2018,2018-12-21 14:30,Durable Goods Orders - pre..,59,76721,November,3,"0,8% m/m","1,6% m/m","-4,3% m/m",1545399000,1,1,1,pinned_report_and_event_name,EconomicCalendar/raw/oanda/daily/2018-12-21.json
GDP,2018-12-21T07:30:00-06:00,2018-12-21,BEA,Q3 2018 Third,2018-12-21 14:30,GDP (Annualized) - fin..,690,73845,3Q,3,"3,4%","3,5%","4,2%",1545399000,1,1,1,pinned_report_and_event_name,EconomicCalendar/raw/oanda/daily/2018-12-21.json
PCE,2018-12-21T09:00:00-06:00,2018-12-21,BEA,November 2018,2018-12-21 16:00,Personal Consumption Expenditures,694,75107,November,2,"0,4% m/m","0,3% m/m","0,6% m/m",1545404400,1,1,1,pinned_report_and_event_name,EconomicCalendar/raw/oanda/daily/2018-12-21.json
EMPLOYMENT,2019-01-04T07:30:00-06:00,2019-01-04,BLS,December 2018,2019-01-04 14:30,Non-Farm Employment Change,707,83913,December,3,312 k,178 k,155 k,1546608600,1,1,1,pinned_report_and_event_name,EconomicCalendar/raw/oanda/daily/2019-01-04.json
CPI,2019-01-11T07:30:00-06:00,2019-01-11,BLS,December 2018,2019-01-11 14:30,Consumer Price Index,699,83712,December,3,"-0,1% m/m","-0,1% m/m","0,0% m/m",1547213400,1,1,1,pinned_report_and_event_name,EconomicCalendar/raw/oanda/daily/2019-01-11.json
PPI,2019-01-15T07:30:00-06:00,2019-01-15,BLS,December 2018,2019-01-15 14:30,Producer Price Index,703,83772,December,2,"-0,2% m/m","-0,1% m/m","0,1% m/m",1547559000,1,1,1,pinned_report_and_event_name,EconomicCalendar/raw/oanda/daily/2019-01-15.json
FOMC,2019-01-30T13:00:00-06:00,2019-01-30,FEDERAL_RESERVE,FOMC 2019-01-30,2019-01-30 20:00,FOMC Interest Rate Decision,82,83506,January,3,"2,25-2,50%","2,25-2,50%","2,25-2,50%",1548874800,1,1,1,pinned_report_and_event_name,EconomicCalendar/raw/oanda/daily/2019-01-30.json
EMPLOYMENT,2019-02-01T07:30:00-06:00,2019-02-01,BLS,January 2019,2019-02-01 14:30,Non-Farm Employment Change,707,84175,January,3,304 k,165 k,312 k,1549027800,1,1,1,pinned_report_and_event_name,EconomicCalendar/raw/oanda/daily/2019-02-01.json
CPI,2019-02-13T07:30:00-06:00,2019-02-13,BLS,January 2019,2019-02-13 14:30,Consumer Price Index,699,83717,January,3,"0,0% m/m","0,1% m/m","-0,1% m/m",1550064600,1,1,1,pinned_report_and_event_name,EconomicCalendar/raw/oanda/daily/2019-02-13.json
PPI,2019-02-14T07:30:00-06:00,2019-02-14,BLS,January 2019,2019-02-14 14:30,Producer Price Index,703,83777,January,2,"-0,1% m/m","0,1% m/m","-0,2% m/m",1550151000,1,1,1,pinned_report_and_event_name,EconomicCalendar/raw/oanda/daily/2019-02-14.json
RETAIL_SALES,2019-02-14T07:30:00-06:00,2019-02-14,CENSUS,December 2018,2019-02-14 14:30,Retail Sales,696,88440,December,3,"-1,2% m/m","0,2% m/m","0,2% m/m",1550151000,1,1,1,pinned_report_and_event_name,EconomicCalendar/raw/oanda/daily/2019-02-14.json
DURABLE_GOODS,2019-02-21T07:30:00-06:00,2019-02-21,CENSUS,December 2018,2019-02-21 14:30,Durable Goods Orders - pre..,59,88546,December,3,"1,2% m/m","1,5% m/m","0,7% m/m",1550755800,1,1,1,pinned_report_and_event_name,EconomicCalendar/raw/oanda/daily/2019-02-21.json
GDP,2019-02-28T07:30:00-06:00,2019-02-28,BEA,Q4 2018 Initial,2019-02-28 14:30,GDP (Annualized) - pre..,690,89440,4Q,3,"2,6%","2,3%","3,4%",1551360600,1,1,1,pinned_report_and_event_name,EconomicCalendar/raw/oanda/daily/2019-02-28.json
PCE,2019-03-01T07:30:00-06:00,2019-03-01,BEA,December 2018,2019-03-01 14:30,Personal Consumption Expenditures,694,89489,December,2,"-0,5% m/m","0,3% m/m","0,4% m/m",1551447000,1,1,1,pinned_report_and_event_name,EconomicCalendar/raw/oanda/daily/2019-03-01.json
EMPLOYMENT,2019-03-08T07:30:00-06:00,2019-03-08,BLS,February 2019,2019-03-08 14:30,Non-Farm Employment Change,707,84182,February,3,20 k,180 k,304 k,1552051800,1,1,1,pinned_report_and_event_name,EconomicCalendar/raw/oanda/daily/2019-03-08.json
RETAIL_SALES,2019-03-11T07:30:00-05:00,2019-03-11,CENSUS,January 2019,2019-03-11 13:30,Retail Sales,696,89078,January,3,"0,2% m/m","-0,1% m/m","-1,2% m/m",1552307400,1,1,1,pinned_report_and_event_name,EconomicCalendar/raw/oanda/daily/2019-03-11.json
CPI,2019-03-12T07:30:00-05:00,2019-03-12,BLS,February 2019,2019-03-12 13:30,Consumer Price Index,699,83722,February,3,"0,2% m/m","0,2% m/m","0,0% m/m",1552393800,1,1,1,pinned_report_and_event_name,EconomicCalendar/raw/oanda/daily/2019-03-12.json
DURABLE_GOODS,2019-03-13T07:30:00-05:00,2019-03-13,CENSUS,January 2019,2019-03-13 13:30,Durable Goods Orders - pre..,59,89079,January,3,"0,4% m/m","-0,5% m/m","1,2% m/m",1552480200,1,1,1,pinned_report_and_event_name,EconomicCalendar/raw/oanda/daily/2019-03-13.json
PPI,2019-03-13T07:30:00-05:00,2019-03-13,BLS,February 2019,2019-03-13 13:30,Producer Price Index,703,83782,February,2,"0,1% m/m","0,2% m/m","-0,1% m/m",1552480200,1,1,1,pinned_report_and_event_name,EconomicCalendar/raw/oanda/daily/2019-03-13.json
FOMC,2019-03-20T13:00:00-05:00,2019-03-20,FEDERAL_RESERVE,FOMC 2019-03-20,2019-03-20 19:00,FOMC Interest Rate Decision,82,83507,March,3,"2,25-2,50%","2,25-2,50%","2,25-2,50%",1553104800,1,1,1,pinned_report_and_event_name,EconomicCalendar/raw/oanda/daily/2019-03-20.json
GDP,2019-03-28T07:30:00-05:00,2019-03-28,BEA,Q4 2018 Third,2019-03-28 14:30,GDP (Annualized) - fin..,690,89810,4Q,3,"2,2%","2,5%","3,4%",1553779800,1,1,1,pinned_report_and_event_name,EconomicCalendar/raw/oanda/daily/2019-03-28.json
PCE,2019-03-29T07:30:00-05:00,2019-03-29,BEA,January 2019,2019-03-29 13:30,Personal Consumption Expenditures,694,89495,January,2,"0,1% m/m","0,3% m/m","-0,5% m/m",1553862600,1,1,1,pinned_report_and_event_name,EconomicCalendar/raw/oanda/daily/2019-03-29.json
RETAIL_SALES,2019-04-01T07:30:00-05:00,2019-04-01,CENSUS,February 2019,2019-04-01 14:30,Retail Sales,696,89705,February,3,"-0,2% m/m","0,3% m/m","0,2% m/m",1554121800,1,1,1,pinned_report_and_event_name,EconomicCalendar/raw/oanda/daily/2019-04-01.json
DURABLE_GOODS,2019-04-02T07:30:00-05:00,2019-04-02,CENSUS,February 2019,2019-04-02 14:30,Durable Goods Orders - pre..,59,89707,February,3,"-1,6% m/m","-1,2% m/m","0,3% m/m",1554208200,1,1,1,pinned_report_and_event_name,EconomicCalendar/raw/oanda/daily/2019-04-02.json
EMPLOYMENT,2019-04-05T07:30:00-05:00,2019-04-05,BLS,March 2019,2019-04-05 14:30,Non-Farm Employment Change,707,84189,March,3,196 k,180 k,20 k,1554467400,1,1,1,pinned_report_and_event_name,EconomicCalendar/raw/oanda/daily/2019-04-05.json
CPI,2019-04-10T07:30:00-05:00,2019-04-10,BLS,March 2019,2019-04-10 14:30,Consumer Price Index,699,83727,March,3,"0,4% m/m","0,3% m/m","0,2% m/m",1554899400,1,1,1,pinned_report_and_event_name,EconomicCalendar/raw/oanda/daily/2019-04-10.json
PPI,2019-04-11T07:30:00-05:00,2019-04-11,BLS,March 2019,2019-04-11 14:30,Producer Price Index,703,83787,March,2,"0,6% m/m","0,3% m/m","0,1% m/m",1554985800,1,1,1,pinned_report_and_event_name,EconomicCalendar/raw/oanda/daily/2019-04-11.json
RETAIL_SALES,2019-04-18T07:30:00-05:00,2019-04-18,CENSUS,March 2019,2019-04-18 14:30,Retail Sales,696,89784,March,3,"1,6% m/m","0,9% m/m","-0,2% m/m",1555590600,1,1,1,pinned_report_and_event_name,EconomicCalendar/raw/oanda/daily/2019-04-18.json
DURABLE_GOODS,2019-04-25T07:30:00-05:00,2019-04-25,CENSUS,March 2019,2019-04-25 14:30,Durable Goods Orders - pre..,59,86576,March,3,"2,7% m/m","0,8% m/m","-1,6% m/m",1556195400,1,1,1,pinned_report_and_event_name,EconomicCalendar/raw/oanda/daily/2019-04-25.json
GDP,2019-04-26T07:30:00-05:00,2019-04-26,BEA,Q1 2019 Advance,2019-04-26 14:30,GDP (Annualized) - pre..,690,82517,1Q,3,"3,2%","2,1%","2,6%",1556281800,1,1,1,pinned_report_and_event_name,EconomicCalendar/raw/oanda/daily/2019-04-26.json
PCE,2019-04-29T07:30:00-05:00,2019-04-29,BEA,March 2019,2019-04-29 14:30,Personal Consumption Expenditures,694,89952,March,2,"0,9% m/m","0,6% m/m","0,1% m/m",1556541000,1,1,1,exact_oanda_event_id_exception,EconomicCalendar/raw/oanda/daily/2019-04-29.json
FOMC,2019-05-01T13:00:00-05:00,2019-05-01,FEDERAL_RESERVE,FOMC 2019-05-01,2019-05-01 20:00,FOMC Interest Rate Decision,82,83508,May,3,"2,25-2,50%","2,25-2,50%","2,25-2,50%",1556733600,1,1,1,pinned_report_and_event_name,EconomicCalendar/raw/oanda/daily/2019-05-01.json
EMPLOYMENT,2019-05-03T07:30:00-05:00,2019-05-03,BLS,April 2019,2019-05-03 14:30,Non-Farm Employment Change,707,84196,April,3,263 k,185 k,196 k,1556886600,1,1,1,pinned_report_and_event_name,EconomicCalendar/raw/oanda/daily/2019-05-03.json
PPI,2019-05-09T07:30:00-05:00,2019-05-09,BLS,April 2019,2019-05-09 14:30,Producer Price Index,703,83792,April,2,"0,2% m/m","0,2% m/m","0,6% m/m",1557405000,1,1,1,pinned_report_and_event_name,EconomicCalendar/raw/oanda/daily/2019-05-09.json
CPI,2019-05-10T07:30:00-05:00,2019-05-10,BLS,April 2019,2019-05-10 14:30,Consumer Price Index,699,83732,April,3,"0,3% m/m","0,4% m/m","0,4% m/m",1557491400,1,1,1,pinned_report_and_event_name,EconomicCalendar/raw/oanda/daily/2019-05-10.json
RETAIL_SALES,2019-05-15T07:30:00-05:00,2019-05-15,CENSUS,April 2019,2019-05-15 14:30,Retail Sales,696,86516,April,3,"-0,2% m/m","0,2% m/m","1,6% m/m",1557923400,1,1,1,pinned_report_and_event_name,EconomicCalendar/raw/oanda/daily/2019-05-15.json
DURABLE_GOODS,2019-05-24T07:30:00-05:00,2019-05-24,CENSUS,April 2019,2019-05-24 14:30,Durable Goods Orders - pre..,59,86578,April,3,"-2,1% m/m",-2% m/m,"2,6% m/m",1558701000,1,1,1,pinned_report_and_event_name,EconomicCalendar/raw/oanda/daily/2019-05-24.json
GDP,2019-05-30T07:30:00-05:00,2019-05-30,BEA,Q1 2019 Second,2019-05-30 14:30,GDP (Annualized) - rev..,690,82522,1Q,3,"3,1%","3,2%","2,2%",1559219400,1,1,1,pinned_report_and_event_name,EconomicCalendar/raw/oanda/daily/2019-05-30.json
PCE,2019-05-31T07:30:00-05:00,2019-05-31,BEA,April 2019,2019-05-31 14:30,Personal Consumption Expenditures,694,90121,April,2,"0,3% m/m","0,2% m/m","0,1% m/m",1559305800,1,1,1,pinned_report_and_event_name,EconomicCalendar/raw/oanda/daily/2019-05-31.json
EMPLOYMENT,2019-06-07T07:30:00-05:00,2019-06-07,BLS,May 2019,2019-06-07 14:30,Non-Farm Employment Change,707,84203,May,3,75 k,185 k,263 k,1559910600,1,1,1,pinned_report_and_event_name,EconomicCalendar/raw/oanda/daily/2019-06-07.json
PPI,2019-06-11T07:30:00-05:00,2019-06-11,BLS,May 2019,2019-06-11 14:30,Producer Price Index,703,83797,May,2,"0,1% m/m","0,2% m/m","0,2% m/m",1560256200,1,1,1,pinned_report_and_event_name,EconomicCalendar/raw/oanda/daily/2019-06-11.json
CPI,2019-06-12T07:30:00-05:00,2019-06-12,BLS,May 2019,2019-06-12 14:30,Consumer Price Index,699,83737,May,3,"0,1% m/m","0,1% m/m","0,3% m/m",1560342600,1,1,1,pinned_report_and_event_name,EconomicCalendar/raw/oanda/daily/2019-06-12.json
RETAIL_SALES,2019-06-14T07:30:00-05:00,2019-06-14,CENSUS,May 2019,2019-06-14 14:30,Retail Sales,696,86520,May,3,"0,5% m/m","0,6% m/m","-0,2% m/m",1560515400,1,1,1,pinned_report_and_event_name,EconomicCalendar/raw/oanda/daily/2019-06-14.json
FOMC,2019-06-19T13:00:00-05:00,2019-06-19,FEDERAL_RESERVE,FOMC 2019-06-19,2019-06-19 20:00,FOMC Interest Rate Decision,82,83509,June,3,"2,25-2,50%","2,25-2,50%","2,25-2,50%",1560967200,1,1,1,pinned_report_and_event_name,EconomicCalendar/raw/oanda/daily/2019-06-19.json
DURABLE_GOODS,2019-06-26T07:30:00-05:00,2019-06-26,CENSUS,May 2019,2019-06-26 14:30,Durable Goods Orders - pre..,59,86580,May,3,"-1,3% m/m","0,0% m/m","-2,1% m/m",1561552200,1,1,1,pinned_report_and_event_name,EconomicCalendar/raw/oanda/daily/2019-06-26.json
GDP,2019-06-27T07:30:00-05:00,2019-06-27,BEA,Q1 2019 Third,2019-06-27 14:30,GDP (Annualized) - fin..,690,82527,1Q,3,"3,1%","3,1%","2,2%",1561638600,1,1,1,pinned_report_and_event_name,EconomicCalendar/raw/oanda/daily/2019-06-27.json
PCE,2019-06-28T07:30:00-05:00,2019-06-28,BEA,May 2019,2019-06-28 14:30,Personal Consumption Expenditures,694,90336,May,2,"0,4% m/m","0,4% m/m","0,3% m/m",1561725000,1,1,1,pinned_report_and_event_name,EconomicCalendar/raw/oanda/daily/2019-06-28.json
EMPLOYMENT,2019-07-05T07:30:00-05:00,2019-07-05,BLS,June 2019,2019-07-05 14:30,Non-Farm Employment Change,707,84210,June,3,224 k,160 k,75 k,1562329800,1,1,1,pinned_report_and_event_name,EconomicCalendar/raw/oanda/daily/2019-07-05.json
CPI,2019-07-11T07:30:00-05:00,2019-07-11,BLS,June 2019,2019-07-11 14:30,Consumer Price Index,699,83742,June,3,"0,1% m/m","0,0% m/m","0,1% m/m",1562848200,1,1,1,pinned_report_and_event_name,EconomicCalendar/raw/oanda/daily/2019-07-11.json
PPI,2019-07-12T07:30:00-05:00,2019-07-12,BLS,June 2019,2019-07-12 14:30,Producer Price Index,703,83802,June,2,"0,1% m/m","0,0% m/m","0,1% m/m",1562934600,1,1,1,pinned_report_and_event_name,EconomicCalendar/raw/oanda/daily/2019-07-12.json
RETAIL_SALES,2019-07-16T07:30:00-05:00,2019-07-16,CENSUS,June 2019,2019-07-16 14:30,Retail Sales,696,86524,June,3,"0,4% m/m","0,1% m/m","0,5% m/m",1563280200,1,1,1,pinned_report_and_event_name,EconomicCalendar/raw/oanda/daily/2019-07-16.json
DURABLE_GOODS,2019-07-25T07:30:00-05:00,2019-07-25,CENSUS,June 2019,2019-07-25 14:30,Durable Goods Orders - pre..,59,86582,June,3,"2,0% m/m","0,7% m/m","-1,3% m/m",1564057800,1,1,1,pinned_report_and_event_name,EconomicCalendar/raw/oanda/daily/2019-07-25.json
GDP,2019-07-26T07:30:00-05:00,2019-07-26,BEA,Q2 2019 Advance,2019-07-26 14:30,GDP (Annualized) - pre..,690,82532,2Q,3,"2,1%","1,8%","3,1%",1564144200,1,1,1,pinned_report_and_event_name,EconomicCalendar/raw/oanda/daily/2019-07-26.json
PCE,2019-07-30T07:30:00-05:00,2019-07-30,BEA,June 2019,2019-07-30 14:30,Personal Consumption Expenditures,694,90708,June,2,"0,3% m/m","0,3% m/m","0,4% m/m",1564489800,1,1,1,pinned_report_and_event_name,EconomicCalendar/raw/oanda/daily/2019-07-30.json
FOMC,2019-07-31T13:00:00-05:00,2019-07-31,FEDERAL_RESERVE,FOMC 2019-07-31,2019-07-31 20:00,FOMC Interest Rate Decision,82,83510,July,3,"2,00-2,25%","2,00-2,25%","2,25-2,50%",1564596000,1,1,1,pinned_report_and_event_name,EconomicCalendar/raw/oanda/daily/2019-07-31.json
EMPLOYMENT,2019-08-02T07:30:00-05:00,2019-08-02,BLS,July 2019,2019-08-02 14:30,Non-Farm Employment Change,707,84217,July,3,164 k,162 k,224 k,1564749000,1,1,1,pinned_report_and_event_name,EconomicCalendar/raw/oanda/daily/2019-08-02.json
PPI,2019-08-09T07:30:00-05:00,2019-08-09,BLS,July 2019,2019-08-09 14:30,Producer Price Index,703,83807,July,2,"0,2% m/m","0,2% m/m","0,1% m/m",1565353800,1,1,1,pinned_report_and_event_name,EconomicCalendar/raw/oanda/daily/2019-08-09.json
CPI,2019-08-13T07:30:00-05:00,2019-08-13,BLS,July 2019,2019-08-13 14:30,Consumer Price Index,699,83747,July,3,"0,3% m/m","0,3% m/m","0,1% m/m",1565699400,1,1,1,pinned_report_and_event_name,EconomicCalendar/raw/oanda/daily/2019-08-13.json
RETAIL_SALES,2019-08-15T07:30:00-05:00,2019-08-15,CENSUS,July 2019,2019-08-15 14:30,Retail Sales,696,86528,July,3,"0,7% m/m","0,3% m/m","0,4% m/m",1565872200,1,1,1,pinned_report_and_event_name,EconomicCalendar/raw/oanda/daily/2019-08-15.json
DURABLE_GOODS,2019-08-26T07:30:00-05:00,2019-08-26,CENSUS,July 2019,2019-08-26 14:30,Durable Goods Orders - pre..,59,86584,July,3,"2,1% m/m","1,1% m/m","1,9% m/m",1566822600,1,1,1,pinned_report_and_event_name,EconomicCalendar/raw/oanda/daily/2019-08-26.json
GDP,2019-08-29T07:30:00-05:00,2019-08-29,BEA,Q2 2019 Second,2019-08-29 14:30,GDP (Annualized) - rev..,690,82537,2Q,3,"2,0%","2,1%","3,1%",1567081800,1,1,1,pinned_report_and_event_name,EconomicCalendar/raw/oanda/daily/2019-08-29.json
PCE,2019-08-30T07:30:00-05:00,2019-08-30,BEA,July 2019,2019-08-30 14:30,Personal Consumption Expenditures,694,90791,July,2,"0,6% m/m","0,5% m/m","0,3% m/m",1567168200,1,1,1,pinned_report_and_event_name,EconomicCalendar/raw/oanda/daily/2019-08-30.json
EMPLOYMENT,2019-09-06T07:30:00-05:00,2019-09-06,BLS,August 2019,2019-09-06 14:30,Non-Farm Employment Change,707,84224,August,3,130 k,160 k,164 k,1567773000,1,1,1,pinned_report_and_event_name,EconomicCalendar/raw/oanda/daily/2019-09-06.json
PPI,2019-09-11T07:30:00-05:00,2019-09-11,BLS,August 2019,2019-09-11 14:30,Producer Price Index,703,83812,August,2,"0,1% m/m","0,1% m/m","0,2% m/m",1568205000,1,1,1,pinned_report_and_event_name,EconomicCalendar/raw/oanda/daily/2019-09-11.json
CPI,2019-09-12T07:30:00-05:00,2019-09-12,BLS,August 2019,2019-09-12 14:30,Consumer Price Index,699,83752,August,3,"0,1% m/m","0,1% m/m","0,3% m/m",1568291400,1,1,1,pinned_report_and_event_name,EconomicCalendar/raw/oanda/daily/2019-09-12.json
RETAIL_SALES,2019-09-13T07:30:00-05:00,2019-09-13,CENSUS,August 2019,2019-09-13 14:30,Retail Sales,696,86532,August,3,"0,4% m/m","0,2% m/m","0,7% m/m",1568377800,1,1,1,pinned_report_and_event_name,EconomicCalendar/raw/oanda/daily/2019-09-13.json
FOMC,2019-09-18T13:00:00-05:00,2019-09-18,FEDERAL_RESERVE,FOMC 2019-09-18,2019-09-18 20:00,FOMC Interest Rate Decision,82,83511,September,3,"1,75-2,00%","1,75-2,00%","2,00-2,25%",1568829600,1,1,1,pinned_report_and_event_name,EconomicCalendar/raw/oanda/daily/2019-09-18.json
GDP,2019-09-26T07:30:00-05:00,2019-09-26,BEA,Q2 2019 Third,2019-09-26 14:30,GDP (Annualized) - fin..,690,82542,2Q,3,"2,0%","2,0%","3,1%",1569501000,1,1,1,pinned_report_and_event_name,EconomicCalendar/raw/oanda/daily/2019-09-26.json
DURABLE_GOODS,2019-09-27T07:30:00-05:00,2019-09-27,CENSUS,August 2019,2019-09-27 14:30,Durable Goods Orders - pre..,59,86586,August,3,"0,2% m/m","-1,2% m/m",2% m/m,1569587400,1,1,1,pinned_report_and_event_name,EconomicCalendar/raw/oanda/daily/2019-09-27.json
PCE,2019-09-27T07:30:00-05:00,2019-09-27,BEA,August 2019,2019-09-27 14:30,Personal Consumption Expenditures,694,90941,August,2,"0,1% m/m","0,3% m/m","0,6% m/m",1569587400,1,1,1,pinned_report_and_event_name,EconomicCalendar/raw/oanda/daily/2019-09-27.json
EMPLOYMENT,2019-10-04T07:30:00-05:00,2019-10-04,BLS,September 2019,2019-10-04 14:30,Non-Farm Employment Change,707,84231,September,3,136 k,145 k,130 k,1570192200,1,1,1,pinned_report_and_event_name,EconomicCalendar/raw/oanda/daily/2019-10-04.json
PPI,2019-10-08T07:30:00-05:00,2019-10-08,BLS,September 2019,2019-10-08 14:30,Producer Price Index,703,83817,September,2,"-0,3% m/m","0,1% m/m","0,1% m/m",1570537800,1,1,1,pinned_report_and_event_name,EconomicCalendar/raw/oanda/daily/2019-10-08.json
CPI,2019-10-10T07:30:00-05:00,2019-10-10,BLS,September 2019,2019-10-10 14:30,Consumer Price Index,699,83757,September,3,"0,0% m/m","0,1% m/m","0,1% m/m",1570710600,1,1,1,pinned_report_and_event_name,EconomicCalendar/raw/oanda/daily/2019-10-10.json
RETAIL_SALES,2019-10-16T07:30:00-05:00,2019-10-16,CENSUS,September 2019,2019-10-16 14:30,Retail Sales,696,86536,September,3,"-0,3% m/m","0,3% m/m","0,4% m/m",1571229000,1,1,1,pinned_report_and_event_name,EconomicCalendar/raw/oanda/daily/2019-10-16.json
DURABLE_GOODS,2019-10-24T07:30:00-05:00,2019-10-24,CENSUS,September 2019,2019-10-24 14:30,Durable Goods Orders - pre..,59,86588,September,3,"-1,1% m/m","-0,7% m/m","0,2% m/m",1571920200,1,1,1,pinned_report_and_event_name,EconomicCalendar/raw/oanda/daily/2019-10-24.json
GDP,2019-10-30T07:30:00-05:00,2019-10-30,BEA,Q3 2019 Advance,2019-10-30 13:30,GDP (Annualized) - pre..,690,82547,3Q,3,"1,9%","1,7%","2,0%",1572438600,1,1,1,pinned_report_and_event_name,EconomicCalendar/raw/oanda/daily/2019-10-30.json
FOMC,2019-10-30T13:00:00-05:00,2019-10-30,FEDERAL_RESERVE,FOMC 2019-10-30,2019-10-30 19:00,FOMC Interest Rate Decision,82,83512,October,3,"1,50-1,75%","1,50-1,75%","1,75-2,00%",1572458400,1,1,1,pinned_report_and_event_name,EconomicCalendar/raw/oanda/daily/2019-10-30.json
PCE,2019-10-31T07:30:00-05:00,2019-10-31,BEA,September 2019,2019-10-31 13:30,Personal Consumption Expenditures,694,90960,September,2,"0,2% m/m","0,2% m/m","0,1% m/m",1572525000,1,1,1,pinned_report_and_event_name,EconomicCalendar/raw/oanda/daily/2019-10-31.json
EMPLOYMENT,2019-11-01T07:30:00-05:00,2019-11-01,BLS,October 2019,2019-11-01 13:30,Non-Farm Employment Change,707,84238,October,3,128 k,85 k,136 k,1572611400,1,1,1,pinned_report_and_event_name,EconomicCalendar/raw/oanda/daily/2019-11-01.json
CPI,2019-11-13T07:30:00-06:00,2019-11-13,BLS,October 2019,2019-11-13 14:30,Consumer Price Index,699,83762,October,3,"0,4% m/m","0,3% m/m","0,0% m/m",1573651800,1,1,1,pinned_report_and_event_name,EconomicCalendar/raw/oanda/daily/2019-11-13.json
PPI,2019-11-14T07:30:00-06:00,2019-11-14,BLS,October 2019,2019-11-14 14:30,Producer Price Index,703,83822,October,2,"0,4% m/m","0,3% m/m","-0,3% m/m",1573738200,1,1,1,pinned_report_and_event_name,EconomicCalendar/raw/oanda/daily/2019-11-14.json
RETAIL_SALES,2019-11-15T07:30:00-06:00,2019-11-15,CENSUS,October 2019,2019-11-15 14:30,Retail Sales,696,86540,October,3,"0,3% m/m","0,2% m/m","-0,3% m/m",1573824600,1,1,1,pinned_report_and_event_name,EconomicCalendar/raw/oanda/daily/2019-11-15.json
DURABLE_GOODS,2019-11-27T07:30:00-06:00,2019-11-27,CENSUS,October 2019,2019-11-27 14:30,Durable Goods Orders - pre..,59,86590,October,3,"0,6% m/m","-0,8% m/m","-1,2% m/m",1574861400,1,1,1,pinned_report_and_event_name,EconomicCalendar/raw/oanda/daily/2019-11-27.json
GDP,2019-11-27T07:30:00-06:00,2019-11-27,BEA,Q3 2019 Second,2019-11-27 14:30,GDP (Annualized) - rev..,690,82552,3Q,3,"2,1%","1,9%","2,0%",1574861400,1,1,1,pinned_report_and_event_name,EconomicCalendar/raw/oanda/daily/2019-11-27.json
PCE,2019-11-27T09:00:00-06:00,2019-11-27,BEA,October 2019,2019-11-27 16:00,Personal Consumption Expenditures,694,90966,October,2,"0,3% m/m","0,3% m/m","0,2% m/m",1574866800,1,1,1,pinned_report_and_event_name,EconomicCalendar/raw/oanda/daily/2019-11-27.json
EMPLOYMENT,2019-12-06T07:30:00-06:00,2019-12-06,BLS,November 2019,2019-12-06 14:30,Non-Farm Employment Change,707,84245,November,3,266 k,180 k,128 k,1575639000,1,1,1,pinned_report_and_event_name,EconomicCalendar/raw/oanda/daily/2019-12-06.json
CPI,2019-12-11T07:30:00-06:00,2019-12-11,BLS,November 2019,2019-12-11 14:30,Consumer Price Index,699,83767,November,3,"0,3% m/m","0,2% m/m","0,4% m/m",1576071000,1,1,1,pinned_report_and_event_name,EconomicCalendar/raw/oanda/daily/2019-12-11.json
FOMC,2019-12-11T13:00:00-06:00,2019-12-11,FEDERAL_RESERVE,FOMC 2019-12-11,2019-12-11 20:00,FOMC Interest Rate Decision,82,83513,December,3,"1,50-1,75%","1,50-1,75%","1,50-1,75%",1576090800,1,1,1,pinned_report_and_event_name,EconomicCalendar/raw/oanda/daily/2019-12-11.json
PPI,2019-12-12T07:30:00-06:00,2019-12-12,BLS,November 2019,2019-12-12 14:30,Producer Price Index,703,83827,November,2,"0,0% m/m","0,2% m/m","0,4% m/m",1576157400,1,1,1,pinned_report_and_event_name,EconomicCalendar/raw/oanda/daily/2019-12-12.json
RETAIL_SALES,2019-12-13T07:30:00-06:00,2019-12-13,CENSUS,November 2019,2019-12-13 14:30,Retail Sales,696,86544,November,3,"0,2% m/m","0,4% m/m","0,3% m/m",1576243800,1,1,1,pinned_report_and_event_name,EconomicCalendar/raw/oanda/daily/2019-12-13.json
GDP,2019-12-20T07:30:00-06:00,2019-12-20,BEA,Q3 2019 Third,2019-12-20 14:30,GDP (Annualized) - fin..,690,82557,3Q,3,"2,1%","2,1%","2,0%",1576848600,1,1,1,pinned_report_and_event_name,EconomicCalendar/raw/oanda/daily/2019-12-20.json
PCE,2019-12-20T09:00:00-06:00,2019-12-20,BEA,November 2019,2019-12-20 16:00,Personal Consumption Expenditures,694,90972,November,2,"0,4% m/m","0,4% m/m","0,3% m/m",1576854000,1,1,1,pinned_report_and_event_name,EconomicCalendar/raw/oanda/daily/2019-12-20.json
DURABLE_GOODS,2019-12-23T07:30:00-06:00,2019-12-23,CENSUS,November 2019,2019-12-23 14:30,Durable Goods Orders - pre..,59,95766,November,3,"-2,0% m/m","1,5% m/m","0,5% m/m",1577107800,1,1,1,pinned_report_and_event_name,EconomicCalendar/raw/oanda/daily/2019-12-23.json
EMPLOYMENT,2020-01-10T07:30:00-06:00,2020-01-10,BLS,December 2019,2020-01-10 14:30,Non-Farm Employment Change,707,91621,December,3,145 k,164 k,266 k,1578663000,1,1,1,pinned_report_and_event_name,EconomicCalendar/raw/oanda/daily/2020-01-10.json
CPI,2020-01-14T07:30:00-06:00,2020-01-14,BLS,December 2019,2020-01-14 14:30,Consumer Price Index,699,91492,December,3,"0,2% m/m","0,3% m/m","0,3% m/m",1579008600,1,1,1,pinned_report_and_event_name,EconomicCalendar/raw/oanda/daily/2020-01-14.json
PPI,2020-01-15T07:30:00-06:00,2020-01-15,BLS,December 2019,2020-01-15 14:30,Producer Price Index,703,91552,December,2,"0,1% m/m","0,2% m/m","0,0% m/m",1579095000,1,1,1,pinned_report_and_event_name,EconomicCalendar/raw/oanda/daily/2020-01-15.json
RETAIL_SALES,2020-01-16T07:30:00-06:00,2020-01-16,CENSUS,December 2019,2020-01-16 14:30,Retail Sales,696,95201,December,3,"0,3% m/m","0,3% m/m","0,2% m/m",1579181400,1,1,1,pinned_report_and_event_name,EconomicCalendar/raw/oanda/daily/2020-01-16.json
DURABLE_GOODS,2020-01-28T07:30:00-06:00,2020-01-28,CENSUS,December 2019,2020-01-28 14:30,Durable Goods Orders - pre..,59,95258,December,3,"2,4% m/m","0,5% m/m","-2,1% m/m",1580218200,1,1,1,pinned_report_and_event_name,EconomicCalendar/raw/oanda/daily/2020-01-28.json
FOMC,2020-01-29T13:00:00-06:00,2020-01-29,FEDERAL_RESERVE,FOMC 2020-01-29,2020-01-29 20:00,FOMC Interest Rate Decision,82,92408,January,3,"1,50-1,75%","1,50-1,75%","1,50-1,75%",1580324400,1,1,1,pinned_report_and_event_name,EconomicCalendar/raw/oanda/daily/2020-01-29.json
GDP,2020-01-30T07:30:00-06:00,2020-01-30,BEA,Q4 2019 Advance,2020-01-30 14:30,GDP (Annualized) - pre..,690,98235,4Q,3,"2,1%","2,1%","2,1%",1580391000,1,1,1,pinned_report_and_event_name,EconomicCalendar/raw/oanda/daily/2020-01-30.json
PCE,2020-01-31T07:30:00-06:00,2020-01-31,BEA,December 2019,2020-01-31 14:30,Personal Consumption Expenditures,694,92550,December,2,"0,3% m/m","0,3% m/m","0,4% m/m",1580477400,1,1,1,pinned_report_and_event_name,EconomicCalendar/raw/oanda/daily/2020-01-31.json
EMPLOYMENT,2020-02-07T07:30:00-06:00,2020-02-07,BLS,January 2020,2020-02-07 14:30,Non-Farm Employment Change,707,91628,January,3,225 k,160 k,145 k,1581082200,1,1,1,pinned_report_and_event_name,EconomicCalendar/raw/oanda/daily/2020-02-07.json
CPI,2020-02-13T07:30:00-06:00,2020-02-13,BLS,January 2020,2020-02-13 14:30,Consumer Price Index,699,91497,January,3,"0,1% m/m","0,2% m/m","0,2% m/m",1581600600,1,1,1,pinned_report_and_event_name,EconomicCalendar/raw/oanda/daily/2020-02-13.json
RETAIL_SALES,2020-02-14T07:30:00-06:00,2020-02-14,CENSUS,January 2020,2020-02-14 14:30,Retail Sales,696,95205,January,3,"0,3% m/m","0,3% m/m","0,3% m/m",1581687000,1,1,1,pinned_report_and_event_name,EconomicCalendar/raw/oanda/daily/2020-02-14.json
PPI,2020-02-19T07:30:00-06:00,2020-02-19,BLS,January 2020,2020-02-19 14:30,Producer Price Index,703,91557,January,2,"0,5% m/m","0,1% m/m","0,1% m/m",1582119000,1,1,1,pinned_report_and_event_name,EconomicCalendar/raw/oanda/daily/2020-02-19.json
DURABLE_GOODS,2020-02-27T07:30:00-06:00,2020-02-27,CENSUS,January 2020,2020-02-27 14:30,Durable Goods Orders - pre..,59,95259,January,3,"-0,2% m/m","-1,5% m/m","2,4% m/m",1582810200,1,1,1,pinned_report_and_event_name,EconomicCalendar/raw/oanda/daily/2020-02-27.json
GDP,2020-02-27T07:30:00-06:00,2020-02-27,BEA,Q4 2019 Second,2020-02-27 14:30,GDP (Annualized) - rev..,690,98240,4Q,3,"2,1%","2,1%","2,1%",1582810200,1,1,1,pinned_report_and_event_name,EconomicCalendar/raw/oanda/daily/2020-02-27.json
PCE,2020-02-28T07:30:00-06:00,2020-02-28,BEA,January 2020,2020-02-28 14:30,Personal Consumption Expenditures,694,92556,January,2,"0,2% m/m","0,3% m/m","0,3% m/m",1582896600,1,1,1,pinned_report_and_event_name,EconomicCalendar/raw/oanda/daily/2020-02-28.json
FOMC,2020-03-03T09:00:00-06:00,2020-03-03,FEDERAL_RESERVE,FOMC 2020-03-03,2020-03-03 16:00,FOMC Interest Rate Decision,82,98040,March,3,"1,00-1,25%",,"1,50-1,75%",1583247600,0,1,1,pinned_report_and_event_name,EconomicCalendar/raw/oanda/daily/2020-03-03.json
EMPLOYMENT,2020-03-06T07:30:00-06:00,2020-03-06,BLS,February 2020,2020-03-06 14:30,Non-Farm Employment Change,707,91635,February,3,273 k,175 k,225 k,1583501400,1,1,1,pinned_report_and_event_name,EconomicCalendar/raw/oanda/daily/2020-03-06.json
CPI,2020-03-11T07:30:00-05:00,2020-03-11,BLS,February 2020,2020-03-11 13:30,Consumer Price Index,699,91502,February,3,"0,1% m/m","0,0% m/m","0,1% m/m",1583929800,1,1,1,pinned_report_and_event_name,EconomicCalendar/raw/oanda/daily/2020-03-11.json
PPI,2020-03-12T07:30:00-05:00,2020-03-12,BLS,February 2020,2020-03-12 13:30,Producer Price Index,703,91562,February,2,"-0,6% m/m","-0,1% m/m","0,5% m/m",1584016200,1,1,1,pinned_report_and_event_name,EconomicCalendar/raw/oanda/daily/2020-03-12.json
FOMC,2020-03-15T16:00:00-05:00,2020-03-15,FEDERAL_RESERVE,FOMC 2020-03-15,2020-03-15 22:00,FOMC Interest Rate Decision,82,98158,March,3,"0-0,25%",,"1,00-1,25%",1584306000,0,1,1,pinned_report_and_event_name,EconomicCalendar/raw/oanda/daily/2020-03-15.json
RETAIL_SALES,2020-03-17T07:30:00-05:00,2020-03-17,CENSUS,February 2020,2020-03-17 13:30,Retail Sales,696,95209,February,3,"-0,5% m/m","0,2% m/m","0,3% m/m",1584448200,1,1,1,pinned_report_and_event_name,EconomicCalendar/raw/oanda/daily/2020-03-17.json
DURABLE_GOODS,2020-03-25T07:30:00-05:00,2020-03-25,CENSUS,February 2020,2020-03-25 13:30,Durable Goods Orders - pre..,59,95260,February,3,"1,2% m/m","-0,8% m/m","-0,2% m/m",1585139400,1,1,1,pinned_report_and_event_name,EconomicCalendar/raw/oanda/daily/2020-03-25.json
GDP,2020-03-26T07:30:00-05:00,2020-03-26,BEA,Q4 2019 Third,2020-03-26 13:30,GDP (Annualized) - fin..,690,98582,4Q,3,"2,1%","2,1%","2,1%",1585225800,1,1,1,pinned_report_and_event_name,EconomicCalendar/raw/oanda/daily/2020-03-26.json
PCE,2020-03-27T07:30:00-05:00,2020-03-27,BEA,February 2020,2020-03-27 13:30,Personal Consumption Expenditures,694,92562,February,2,"0,2% m/m","0,2% m/m","0,2% m/m",1585312200,1,1,1,pinned_report_and_event_name,EconomicCalendar/raw/oanda/daily/2020-03-27.json
EMPLOYMENT,2020-04-03T07:30:00-05:00,2020-04-03,BLS,March 2020,2020-04-03 14:30,Non-Farm Employment Change,707,91642,March,3,-701 k,-100 k,273 k,1585917000,1,1,1,pinned_report_and_event_name,EconomicCalendar/raw/oanda/daily/2020-04-03.json
PPI,2020-04-09T07:30:00-05:00,2020-04-09,BLS,March 2020,2020-04-09 14:30,Producer Price Index,703,91567,March,2,"-0,2% m/m","-0,4% m/m","-0,6% m/m",1586435400,1,1,1,pinned_report_and_event_name,EconomicCalendar/raw/oanda/daily/2020-04-09.json
CPI,2020-04-10T07:30:00-05:00,2020-04-10,BLS,March 2020,2020-04-10 14:30,Consumer Price Index,699,91507,March,3,"-0,4% m/m","-0,3% m/m","0,1% m/m",1586521800,1,1,1,pinned_report_and_event_name,EconomicCalendar/raw/oanda/daily/2020-04-10.json
RETAIL_SALES,2020-04-15T07:30:00-05:00,2020-04-15,CENSUS,March 2020,2020-04-15 14:30,Retail Sales,696,95213,March,3,"-8,7% m/m","-8,0% m/m","-0,5% m/m",1586953800,1,1,1,pinned_report_and_event_name,EconomicCalendar/raw/oanda/daily/2020-04-15.json
DURABLE_GOODS,2020-04-24T07:30:00-05:00,2020-04-24,CENSUS,March 2020,2020-04-24 14:30,Durable Goods Orders - pre..,59,95261,March,3,"-14,4% m/m","-11,9% m/m","1,2% m/m",1587731400,1,1,1,pinned_report_and_event_name,EconomicCalendar/raw/oanda/daily/2020-04-24.json
GDP,2020-04-29T07:30:00-05:00,2020-04-29,BEA,Q1 2020 Advance,2020-04-29 14:32,GDP (Annualized) - pre..,690,92433,1Q,3,"-4,8%","-4,0%","2,1%",1588163520,1,1,1,pinned_report_and_event_name,EconomicCalendar/raw/oanda/daily/2020-04-29.json
FOMC,2020-04-29T13:00:00-05:00,2020-04-29,FEDERAL_RESERVE,FOMC 2020-04-29,2020-04-29 20:00,FOMC Interest Rate Decision,82,92410,April,3,"0-0,25%","0-0,25%","1,00-1,25%",1588183200,1,1,1,pinned_report_and_event_name,EconomicCalendar/raw/oanda/daily/2020-04-29.json
PCE,2020-04-30T07:30:00-05:00,2020-04-30,BEA,March 2020,2020-04-30 14:30,Personal Consumption Expenditures,694,92568,March,2,"-7,5% m/m","-5,0% m/m","0,2% m/m",1588249800,1,1,1,pinned_report_and_event_name,EconomicCalendar/raw/oanda/daily/2020-04-30.json
EMPLOYMENT,2020-05-08T07:30:00-05:00,2020-05-08,BLS,April 2020,2020-05-08 14:30,Non-Farm Employment Change,707,91649,April,3,-20500 k,-22000 k,-701 k,1588941000,1,1,1,pinned_report_and_event_name,EconomicCalendar/raw/oanda/daily/2020-05-08.json
CPI,2020-05-12T07:30:00-05:00,2020-05-12,BLS,April 2020,2020-05-12 14:30,Consumer Price Index,699,91512,April,3,"-0,8% m/m","-0,7% m/m","-0,4% m/m",1589286600,1,1,1,pinned_report_and_event_name,EconomicCalendar/raw/oanda/daily/2020-05-12.json
PPI,2020-05-13T07:30:00-05:00,2020-05-13,BLS,April 2020,2020-05-13 14:30,Producer Price Index,703,91572,April,2,"-1,3% m/m","-0,5% m/m","-0,2% m/m",1589373000,1,1,1,pinned_report_and_event_name,EconomicCalendar/raw/oanda/daily/2020-05-13.json
RETAIL_SALES,2020-05-15T07:30:00-05:00,2020-05-15,CENSUS,April 2020,2020-05-15 14:30,Retail Sales,696,95217,April,3,"-16,4% m/m","-11,9% m/m","-8,7% m/m",1589545800,1,1,1,pinned_report_and_event_name,EconomicCalendar/raw/oanda/daily/2020-05-15.json
DURABLE_GOODS,2020-05-28T07:30:00-05:00,2020-05-28,CENSUS,April 2020,2020-05-28 14:30,Durable Goods Orders - pre..,59,95262,April,3,"-17,2% m/m","-18,5% m/m","-14,7% m/m",1590669000,1,1,1,pinned_report_and_event_name,EconomicCalendar/raw/oanda/daily/2020-05-28.json
GDP,2020-05-28T07:30:00-05:00,2020-05-28,BEA,Q1 2020 Second,2020-05-28 14:30,GDP (Annualized) - rev..,690,92438,1Q,3,"-5,0%","-4,8%","2,1%",1590669000,1,1,1,pinned_report_and_event_name,EconomicCalendar/raw/oanda/daily/2020-05-28.json
PCE,2020-05-29T07:30:00-05:00,2020-05-29,BEA,April 2020,2020-05-29 14:30,Personal Consumption Expenditures,694,92574,April,2,"-13,6% m/m","-12,5% m/m","-7,5% m/m",1590755400,1,1,1,pinned_report_and_event_name,EconomicCalendar/raw/oanda/daily/2020-05-29.json
EMPLOYMENT,2020-06-05T07:30:00-05:00,2020-06-05,BLS,May 2020,2020-06-05 14:30,Non-Farm Employment Change,707,91656,May,3,2509 k,-8000 k,-20500 k,1591360200,1,1,1,pinned_report_and_event_name,EconomicCalendar/raw/oanda/daily/2020-06-05.json
CPI,2020-06-10T07:30:00-05:00,2020-06-10,BLS,May 2020,2020-06-10 14:30,Consumer Price Index,699,91517,May,3,"-0,1% m/m","0,0% m/m","-0,8% m/m",1591792200,1,1,1,pinned_report_and_event_name,EconomicCalendar/raw/oanda/daily/2020-06-10.json
FOMC,2020-06-10T13:00:00-05:00,2020-06-10,FEDERAL_RESERVE,FOMC 2020-06-10,2020-06-10 20:00,FOMC Interest Rate Decision,82,92411,June,3,"0-0,25%","0-0,25%","0-0,25%",1591812000,1,1,1,pinned_report_and_event_name,EconomicCalendar/raw/oanda/daily/2020-06-10.json
PPI,2020-06-11T07:30:00-05:00,2020-06-11,BLS,May 2020,2020-06-11 14:30,Producer Price Index,703,91577,May,2,"0,4% m/m","0,1% m/m","-1,3% m/m",1591878600,1,1,1,pinned_report_and_event_name,EconomicCalendar/raw/oanda/daily/2020-06-11.json
RETAIL_SALES,2020-06-16T07:30:00-05:00,2020-06-16,CENSUS,May 2020,2020-06-16 14:30,Retail Sales,696,95221,May,3,"17,7% m/m","8,0% m/m","-16,4% m/m",1592310600,1,1,1,pinned_report_and_event_name,EconomicCalendar/raw/oanda/daily/2020-06-16.json
DURABLE_GOODS,2020-06-25T07:30:00-05:00,2020-06-25,CENSUS,May 2020,2020-06-25 14:30,Durable Goods Orders - pre..,59,95263,May,3,"15,8% m/m","10,6% m/m","-17,7% m/m",1593088200,1,1,1,pinned_report_and_event_name,EconomicCalendar/raw/oanda/daily/2020-06-25.json
GDP,2020-06-25T07:30:00-05:00,2020-06-25,BEA,Q1 2020 Third,2020-06-25 14:30,GDP (Annualized) - fin..,690,92443,1Q,3,"-5,0%","-5,0%","2,1%",1593088200,1,1,1,pinned_report_and_event_name,EconomicCalendar/raw/oanda/daily/2020-06-25.json
PCE,2020-06-26T07:30:00-05:00,2020-06-26,BEA,May 2020,2020-06-26 14:30,Personal Consumption Expenditures,694,92580,May,2,"8,2% m/m","9,0% m/m","-13,6% m/m",1593174600,1,1,1,pinned_report_and_event_name,EconomicCalendar/raw/oanda/daily/2020-06-26.json
EMPLOYMENT,2020-07-02T07:30:00-05:00,2020-07-02,BLS,June 2020,2020-07-02 14:30,Non-Farm Employment Change,707,91663,June,3,4800 k,3000 k,2509 k,1593693000,1,1,1,pinned_report_and_event_name,EconomicCalendar/raw/oanda/daily/2020-07-02.json
PPI,2020-07-10T07:30:00-05:00,2020-07-10,BLS,June 2020,2020-07-10 14:30,Producer Price Index,703,91582,June,2,"-0,2% m/m","0,4% m/m","0,4% m/m",1594384200,1,1,1,pinned_report_and_event_name,EconomicCalendar/raw/oanda/daily/2020-07-10.json
CPI,2020-07-14T07:30:00-05:00,2020-07-14,BLS,June 2020,2020-07-14 14:30,Consumer Price Index,699,91522,June,3,"0,6% m/m","0,5% m/m","-0,1% m/m",1594729800,1,1,1,pinned_report_and_event_name,EconomicCalendar/raw/oanda/daily/2020-07-14.json
RETAIL_SALES,2020-07-16T07:30:00-05:00,2020-07-16,CENSUS,June 2020,2020-07-16 14:30,Retail Sales,696,95225,June,3,"7,5% m/m","5,0% m/m","17,7% m/m",1594902600,1,1,1,pinned_report_and_event_name,EconomicCalendar/raw/oanda/daily/2020-07-16.json
DURABLE_GOODS,2020-07-27T07:30:00-05:00,2020-07-27,CENSUS,June 2020,2020-07-27 14:30,Durable Goods Orders - pre..,59,95264,June,3,"7,3% m/m","7,2% m/m","15,7% m/m",1595853000,1,1,1,pinned_report_and_event_name,EconomicCalendar/raw/oanda/daily/2020-07-27.json
FOMC,2020-07-29T13:00:00-05:00,2020-07-29,FEDERAL_RESERVE,FOMC 2020-07-29,2020-07-29 20:00,FOMC Interest Rate Decision,82,92412,July,3,"0-0,25%","0-0,25%","0-0,25%",1596045600,1,1,1,pinned_report_and_event_name,EconomicCalendar/raw/oanda/daily/2020-07-29.json
GDP,2020-07-30T07:30:00-05:00,2020-07-30,BEA,Q2 2020 Advance,2020-07-30 14:30,GDP (Annualized) - pre..,690,92448,2Q,3,"-32,9%","-34,1%","-5,0%",1596112200,1,1,1,pinned_report_and_event_name,EconomicCalendar/raw/oanda/daily/2020-07-30.json
PCE,2020-07-31T07:30:00-05:00,2020-07-31,BEA,June 2020,2020-07-31 14:30,Personal Consumption Expenditures,694,92586,June,2,"5,6% m/m","5,5% m/m","8,2% m/m",1596198600,1,1,1,pinned_report_and_event_name,EconomicCalendar/raw/oanda/daily/2020-07-31.json
EMPLOYMENT,2020-08-07T07:30:00-05:00,2020-08-07,BLS,July 2020,2020-08-07 14:30,Non-Farm Employment Change,707,91670,July,3,1763 k,1580 k,4800 k,1596803400,1,1,1,pinned_report_and_event_name,EconomicCalendar/raw/oanda/daily/2020-08-07.json
PPI,2020-08-11T07:30:00-05:00,2020-08-11,BLS,July 2020,2020-08-11 14:30,Producer Price Index,703,91587,July,2,"0,6% m/m","0,3% m/m","-0,2% m/m",1597149000,1,1,1,pinned_report_and_event_name,EconomicCalendar/raw/oanda/daily/2020-08-11.json
CPI,2020-08-12T07:30:00-05:00,2020-08-12,BLS,July 2020,2020-08-12 14:30,Consumer Price Index,699,91527,July,3,"0,6% m/m","0,3% m/m","0,6% m/m",1597235400,1,1,1,pinned_report_and_event_name,EconomicCalendar/raw/oanda/daily/2020-08-12.json
RETAIL_SALES,2020-08-14T07:30:00-05:00,2020-08-14,CENSUS,July 2020,2020-08-14 14:30,Retail Sales,696,95229,July,3,"1,2% m/m","1,8% m/m","7,5% m/m",1597408200,1,1,1,pinned_report_and_event_name,EconomicCalendar/raw/oanda/daily/2020-08-14.json
DURABLE_GOODS,2020-08-26T07:30:00-05:00,2020-08-26,CENSUS,July 2020,2020-08-26 14:30,Durable Goods Orders - pre..,59,95265,July,3,"11,2% m/m","4,3% m/m","7,6% m/m",1598445000,1,1,1,pinned_report_and_event_name,EconomicCalendar/raw/oanda/daily/2020-08-26.json
GDP,2020-08-27T07:30:00-05:00,2020-08-27,BEA,Q2 2020 Second,2020-08-27 14:30,GDP (Annualized) - rev..,690,92453,2Q,3,"-31,7%","-32,5%","-5,0%",1598531400,1,1,1,pinned_report_and_event_name,EconomicCalendar/raw/oanda/daily/2020-08-27.json
PCE,2020-08-28T07:30:00-05:00,2020-08-28,BEA,July 2020,2020-08-28 14:30,Personal Consumption Expenditures,694,92592,July,2,"1,9% m/m","1,5% m/m","5,6% m/m",1598617800,1,1,1,pinned_report_and_event_name,EconomicCalendar/raw/oanda/daily/2020-08-28.json
EMPLOYMENT,2020-09-04T07:30:00-05:00,2020-09-04,BLS,August 2020,2020-09-04 14:30,Non-Farm Employment Change,707,91677,August,3,1371 k,1400 k,1763 k,1599222600,1,1,1,pinned_report_and_event_name,EconomicCalendar/raw/oanda/daily/2020-09-04.json
PPI,2020-09-10T07:30:00-05:00,2020-09-10,BLS,August 2020,2020-09-10 14:30,Producer Price Index,703,91592,August,2,"0,3% m/m","0,2% m/m","0,6% m/m",1599741000,1,1,1,pinned_report_and_event_name,EconomicCalendar/raw/oanda/daily/2020-09-10.json
CPI,2020-09-11T07:30:00-05:00,2020-09-11,BLS,August 2020,2020-09-11 14:30,Consumer Price Index,699,91532,August,3,"0,4% m/m","0,3% m/m","0,6% m/m",1599827400,1,1,1,pinned_report_and_event_name,EconomicCalendar/raw/oanda/daily/2020-09-11.json
RETAIL_SALES,2020-09-16T07:30:00-05:00,2020-09-16,CENSUS,August 2020,2020-09-16 14:30,Retail Sales,696,95233,August,3,"0,6% m/m","1,0% m/m","1,2% m/m",1600259400,1,1,1,pinned_report_and_event_name,EconomicCalendar/raw/oanda/daily/2020-09-16.json
FOMC,2020-09-16T13:00:00-05:00,2020-09-16,FEDERAL_RESERVE,FOMC 2020-09-16,2020-09-16 20:00,FOMC Interest Rate Decision,82,92413,September,3,"0-0,25%","0-0,25%","0-0,25%",1600279200,1,1,1,pinned_report_and_event_name,EconomicCalendar/raw/oanda/daily/2020-09-16.json
DURABLE_GOODS,2020-09-25T07:30:00-05:00,2020-09-25,CENSUS,August 2020,2020-09-25 14:30,Durable Goods Orders - pre..,59,95266,August,3,"0,4% m/m","1,5% m/m","11,4% m/m",1601037000,1,1,1,pinned_report_and_event_name,EconomicCalendar/raw/oanda/daily/2020-09-25.json
GDP,2020-09-30T07:30:00-05:00,2020-09-30,BEA,Q2 2020 Third,2020-09-30 14:30,GDP (Annualized) - fin..,690,92458,2Q,3,"-31,4%","-31,7%","-5,0%",1601469000,1,1,1,pinned_report_and_event_name,EconomicCalendar/raw/oanda/daily/2020-09-30.json
PCE,2020-10-01T07:30:00-05:00,2020-10-01,BEA,August 2020,2020-10-01 14:30,Personal Consumption Expenditures,694,92598,August,2,"1,0% m/m","0,8% m/m","1,9% m/m",1601555400,1,1,1,pinned_report_and_event_name,EconomicCalendar/raw/oanda/daily/2020-10-01.json
EMPLOYMENT,2020-10-02T07:30:00-05:00,2020-10-02,BLS,September 2020,2020-10-02 14:30,Non-Farm Employment Change,707,91684,September,3,661 k,850 k,1371 k,1601641800,1,1,1,pinned_report_and_event_name,EconomicCalendar/raw/oanda/daily/2020-10-02.json
CPI,2020-10-13T07:30:00-05:00,2020-10-13,BLS,September 2020,2020-10-13 14:30,Consumer Price Index,699,91537,September,3,"0,2% m/m","0,2% m/m","0,4% m/m",1602592200,1,1,1,pinned_report_and_event_name,EconomicCalendar/raw/oanda/daily/2020-10-13.json
PPI,2020-10-14T07:30:00-05:00,2020-10-14,BLS,September 2020,2020-10-14 14:30,Producer Price Index,703,91597,September,2,"0,4% m/m","0,2% m/m","0,3% m/m",1602678600,1,1,1,pinned_report_and_event_name,EconomicCalendar/raw/oanda/daily/2020-10-14.json
RETAIL_SALES,2020-10-16T07:30:00-05:00,2020-10-16,CENSUS,September 2020,2020-10-16 14:30,Retail Sales,696,95237,September,3,"1,9% m/m","0,7% m/m","0,6% m/m",1602851400,1,1,1,pinned_report_and_event_name,EconomicCalendar/raw/oanda/daily/2020-10-16.json
DURABLE_GOODS,2020-10-27T07:30:00-05:00,2020-10-27,CENSUS,September 2020,2020-10-27 13:30,Durable Goods Orders - pre..,59,95267,September,3,"1,9% m/m","0,5% m/m","0,5% m/m",1603801800,1,1,1,pinned_report_and_event_name,EconomicCalendar/raw/oanda/daily/2020-10-27.json
GDP,2020-10-29T07:30:00-05:00,2020-10-29,BEA,Q3 2020 Advance,2020-10-29 13:30,GDP (Annualized) - pre..,690,92463,3Q,3,"33,1%","31,0%","-31,4%",1603974600,1,1,1,pinned_report_and_event_name,EconomicCalendar/raw/oanda/daily/2020-10-29.json
PCE,2020-10-30T07:30:00-05:00,2020-10-30,BEA,September 2020,2020-10-30 13:30,Personal Consumption Expenditures,694,92604,September,2,"1,4% m/m","1,0% m/m","1,0% m/m",1604061000,1,1,1,pinned_report_and_event_name,EconomicCalendar/raw/oanda/daily/2020-10-30.json
FOMC,2020-11-05T13:00:00-06:00,2020-11-05,FEDERAL_RESERVE,FOMC 2020-11-05,2020-11-05 20:00,FOMC Interest Rate Decision,82,92414,November,3,"0-0,25%","0-0,25%","0-0,25%",1604602800,1,1,1,pinned_report_and_event_name,EconomicCalendar/raw/oanda/daily/2020-11-05.json
EMPLOYMENT,2020-11-06T07:30:00-06:00,2020-11-06,BLS,October 2020,2020-11-06 14:30,Non-Farm Employment Change,707,91691,October,3,638 k,600 k,661 k,1604669400,1,1,1,pinned_report_and_event_name,EconomicCalendar/raw/oanda/daily/2020-11-06.json
CPI,2020-11-12T07:30:00-06:00,2020-11-12,BLS,October 2020,2020-11-12 14:30,Consumer Price Index,699,91542,October,3,"0,0% m/m","0,2% m/m","0,2% m/m",1605187800,1,1,1,pinned_report_and_event_name,EconomicCalendar/raw/oanda/daily/2020-11-12.json
PPI,2020-11-13T07:30:00-06:00,2020-11-13,BLS,October 2020,2020-11-13 14:30,Producer Price Index,703,91602,October,2,"0,3% m/m","0,2% m/m","0,4% m/m",1605274200,1,1,1,pinned_report_and_event_name,EconomicCalendar/raw/oanda/daily/2020-11-13.json
RETAIL_SALES,2020-11-17T07:30:00-06:00,2020-11-17,CENSUS,October 2020,2020-11-17 14:30,Retail Sales,696,95241,October,3,"0,3% m/m","0,5% m/m","1,9% m/m",1605619800,1,1,1,pinned_report_and_event_name,EconomicCalendar/raw/oanda/daily/2020-11-17.json
DURABLE_GOODS,2020-11-25T07:30:00-06:00,2020-11-25,CENSUS,October 2020,2020-11-25 14:30,Durable Goods Orders - pre..,59,95268,October,3,"1,3% m/m","0,9% m/m","1,9% m/m",1606311000,1,1,1,pinned_report_and_event_name,EconomicCalendar/raw/oanda/daily/2020-11-25.json
GDP,2020-11-25T07:30:00-06:00,2020-11-25,BEA,Q3 2020 Second,2020-11-25 14:30,GDP (Annualized) - rev..,690,92468,3Q,3,"33,1%","33,2%","-31,4%",1606311000,1,1,1,pinned_report_and_event_name,EconomicCalendar/raw/oanda/daily/2020-11-25.json
PCE,2020-11-25T09:00:00-06:00,2020-11-25,BEA,October 2020,2020-11-25 16:00,Personal Consumption Expenditures,694,92610,October,2,"0,5% m/m","0,4% m/m","1,4% m/m",1606316400,1,1,1,pinned_report_and_event_name,EconomicCalendar/raw/oanda/daily/2020-11-25.json
EMPLOYMENT,2020-12-04T07:30:00-06:00,2020-12-04,BLS,November 2020,2020-12-04 14:30,Non-Farm Employment Change,707,91698,November,3,245 k,469 k,638 k,1607088600,1,1,1,pinned_report_and_event_name,EconomicCalendar/raw/oanda/daily/2020-12-04.json
CPI,2020-12-10T07:30:00-06:00,2020-12-10,BLS,November 2020,2020-12-10 14:30,Consumer Price Index,699,91547,November,3,"0,2% m/m","0,1% m/m","0,0% m/m",1607607000,1,1,1,pinned_report_and_event_name,EconomicCalendar/raw/oanda/daily/2020-12-10.json
PPI,2020-12-11T07:30:00-06:00,2020-12-11,BLS,November 2020,2020-12-11 14:30,Producer Price Index,703,91607,November,2,"0,1% m/m","0,2% m/m","0,3% m/m",1607693400,1,1,1,pinned_report_and_event_name,EconomicCalendar/raw/oanda/daily/2020-12-11.json
RETAIL_SALES,2020-12-16T07:30:00-06:00,2020-12-16,CENSUS,November 2020,2020-12-16 14:30,Retail Sales,696,95245,November,3,"-1,1% m/m","-0,3% m/m","0,3% m/m",1608125400,1,1,1,pinned_report_and_event_name,EconomicCalendar/raw/oanda/daily/2020-12-16.json
FOMC,2020-12-16T13:00:00-06:00,2020-12-16,FEDERAL_RESERVE,FOMC 2020-12-16,2020-12-16 20:00,FOMC Interest Rate Decision,82,92415,December,3,"0-0,25%","0-0,25%","0-0,25%",1608145200,1,1,1,pinned_report_and_event_name,EconomicCalendar/raw/oanda/daily/2020-12-16.json
GDP,2020-12-22T07:30:00-06:00,2020-12-22,BEA,Q3 2020 Third,2020-12-22 14:30,GDP (Annualized) - fin..,690,92473,3Q,3,"33,4%","33,1%","-31,4%",1608643800,1,1,1,pinned_report_and_event_name,EconomicCalendar/raw/oanda/daily/2020-12-22.json
DURABLE_GOODS,2020-12-23T07:30:00-06:00,2020-12-23,CENSUS,November 2020,2020-12-23 14:30,Durable Goods Orders - pre..,59,95269,November,3,"0,9% m/m","0,6% m/m","1,3% m/m",1608730200,1,1,1,pinned_report_and_event_name,EconomicCalendar/raw/oanda/daily/2020-12-23.json
PCE,2020-12-23T07:30:00-06:00,2020-12-23,BEA,November 2020,2020-12-23 14:30,Personal Consumption Expenditures,694,92616,November,2,"-0,4% m/m","-0,2% m/m","0,5% m/m",1608730200,1,1,1,pinned_report_and_event_name,EconomicCalendar/raw/oanda/daily/2020-12-23.json
EMPLOYMENT,2021-01-08T07:30:00-06:00,2021-01-08,BLS,December 2020,2021-01-08 14:30,Non-Farm Employment Change,707,100195,December,3,-140 k,100 k,245 k,1610112600,1,1,1,pinned_report_and_event_name,EconomicCalendar/raw/oanda/daily/2021-01-08.json
CPI,2021-01-13T07:30:00-06:00,2021-01-13,BLS,December 2020,2021-01-13 14:30,Consumer Price Index,699,100067,December,3,"0,4% m/m","0,4% m/m","0,2% m/m",1610544600,1,1,1,pinned_report_and_event_name,EconomicCalendar/raw/oanda/daily/2021-01-13.json
PPI,2021-01-15T07:30:00-06:00,2021-01-15,BLS,December 2020,2021-01-15 14:30,Producer Price Index,703,100127,December,2,"0,3% m/m","0,3% m/m","0,1% m/m",1610717400,1,1,1,pinned_report_and_event_name,EconomicCalendar/raw/oanda/daily/2021-01-15.json
RETAIL_SALES,2021-01-15T07:30:00-06:00,2021-01-15,CENSUS,December 2020,2021-01-15 14:30,Retail Sales,696,100715,December,3,"-0,7% m/m","0,0% m/m","-1,1% m/m",1610717400,1,1,1,pinned_report_and_event_name,EconomicCalendar/raw/oanda/daily/2021-01-15.json
DURABLE_GOODS,2021-01-27T07:30:00-06:00,2021-01-27,CENSUS,December 2020,2021-01-27 14:30,Durable Goods Orders - pre..,59,100642,December,3,"0,2% m/m","0,9% m/m","1,0% m/m",1611754200,1,1,1,pinned_report_and_event_name,EconomicCalendar/raw/oanda/daily/2021-01-27.json
FOMC,2021-01-27T13:00:00-06:00,2021-01-27,FEDERAL_RESERVE,FOMC 2021-01-27,2021-01-27 20:00,FOMC Interest Rate Decision,82,100552,January,3,"0-0,25%","0-0,25%","0-0,25%",1611774000,1,1,1,pinned_report_and_event_name,EconomicCalendar/raw/oanda/daily/2021-01-27.json
GDP,2021-01-28T07:30:00-06:00,2021-01-28,BEA,Q4 2020 Advance,2021-01-28 14:30,GDP (Annualized) - pre..,690,99782,4Q,3,"4,0%","4,0%","33,4%",1611840600,1,1,1,pinned_report_and_event_name,EconomicCalendar/raw/oanda/daily/2021-01-28.json
PCE,2021-01-29T07:30:00-06:00,2021-01-29,BEA,December 2020,2021-01-29 14:30,Personal Consumption Expenditures,694,101601,December,2,"-0,2% m/m","-0,4% m/m","-0,4% m/m",1611927000,1,1,1,pinned_report_and_event_name,EconomicCalendar/raw/oanda/daily/2021-01-29.json
EMPLOYMENT,2021-02-05T07:30:00-06:00,2021-02-05,BLS,January 2021,2021-02-05 14:30,Non-Farm Employment Change,707,100203,January,3,49 k,50 k,-140 k,1612531800,1,1,1,pinned_report_and_event_name,EconomicCalendar/raw/oanda/daily/2021-02-05.json
CPI,2021-02-10T07:30:00-06:00,2021-02-10,BLS,January 2021,2021-02-10 14:30,Consumer Price Index,699,100072,January,3,"0,3% m/m","0,3% m/m","0,4% m/m",1612963800,1,1,1,pinned_report_and_event_name,EconomicCalendar/raw/oanda/daily/2021-02-10.json
PPI,2021-02-17T07:30:00-06:00,2021-02-17,BLS,January 2021,2021-02-17 14:30,Producer Price Index,703,100132,January,2,"1,3% m/m","0,4% m/m","0,3% m/m",1613568600,1,1,1,pinned_report_and_event_name,EconomicCalendar/raw/oanda/daily/2021-02-17.json
RETAIL_SALES,2021-02-17T07:30:00-06:00,2021-02-17,CENSUS,January 2021,2021-02-17 14:30,Retail Sales,696,100719,January,3,"5,3% m/m","1,1% m/m","-0,7% m/m",1613568600,1,1,1,pinned_report_and_event_name,EconomicCalendar/raw/oanda/daily/2021-02-17.json
DURABLE_GOODS,2021-02-25T07:30:00-06:00,2021-02-25,CENSUS,January 2021,2021-02-25 14:30,Durable Goods Orders - pre..,59,100643,January,3,"3,4% m/m","1,1% m/m","0,5% m/m",1614259800,1,1,1,pinned_report_and_event_name,EconomicCalendar/raw/oanda/daily/2021-02-25.json
GDP,2021-02-25T07:30:00-06:00,2021-02-25,BEA,Q4 2020 Second,2021-02-25 14:30,GDP (Annualized) - rev..,690,99787,4Q,3,"4,1%","4,0%","33,4%",1614259800,1,1,1,pinned_report_and_event_name,EconomicCalendar/raw/oanda/daily/2021-02-25.json
PCE,2021-02-26T07:30:00-06:00,2021-02-26,BEA,January 2021,2021-02-26 14:30,Personal Consumption Expenditures,694,101607,January,2,"2,4% m/m","2,5% m/m","-0,2% m/m",1614346200,1,1,1,pinned_report_and_event_name,EconomicCalendar/raw/oanda/daily/2021-02-26.json
EMPLOYMENT,2021-03-05T07:30:00-06:00,2021-03-05,BLS,February 2021,2021-03-05 14:30,Non-Farm Employment Change,707,100211,February,3,379 k,182 k,49 k,1614951000,1,1,1,pinned_report_and_event_name,EconomicCalendar/raw/oanda/daily/2021-03-05.json
CPI,2021-03-10T07:30:00-06:00,2021-03-10,BLS,February 2021,2021-03-10 14:30,Consumer Price Index,699,100077,February,3,"0,4% m/m","0,4% m/m","0,3% m/m",1615383000,1,1,1,pinned_report_and_event_name,EconomicCalendar/raw/oanda/daily/2021-03-10.json
PPI,2021-03-12T07:30:00-06:00,2021-03-12,BLS,February 2021,2021-03-12 14:30,Producer Price Index,703,100137,February,2,"0,5% m/m","0,4% m/m","1,3% m/m",1615555800,1,1,1,pinned_report_and_event_name,EconomicCalendar/raw/oanda/daily/2021-03-12.json
RETAIL_SALES,2021-03-16T07:30:00-05:00,2021-03-16,CENSUS,February 2021,2021-03-16 13:30,Retail Sales,696,100723,February,3,"-3,0% m/m","-0,5% m/m","5,3% m/m",1615897800,1,1,1,pinned_report_and_event_name,EconomicCalendar/raw/oanda/daily/2021-03-16.json
FOMC,2021-03-17T13:00:00-05:00,2021-03-17,FEDERAL_RESERVE,FOMC 2021-03-17,2021-03-17 19:00,FOMC Interest Rate Decision,82,100553,March,3,"0-0,25%","0-0,25%","0-0,25%",1616004000,1,1,1,pinned_report_and_event_name,EconomicCalendar/raw/oanda/daily/2021-03-17.json
DURABLE_GOODS,2021-03-24T07:30:00-05:00,2021-03-24,CENSUS,February 2021,2021-03-24 13:30,Durable Goods Orders - pre..,59,100644,February,3,"-1,1% m/m","0,8% m/m","3,4% m/m",1616589000,1,1,1,pinned_report_and_event_name,EconomicCalendar/raw/oanda/daily/2021-03-24.json
GDP,2021-03-25T07:30:00-05:00,2021-03-25,BEA,Q4 2020 Third,2021-03-25 13:30,GDP (Annualized) - fin..,690,99792,4Q,3,"4,3%","4,1%","33,4%",1616675400,1,1,1,pinned_report_and_event_name,EconomicCalendar/raw/oanda/daily/2021-03-25.json
PCE,2021-03-26T07:30:00-05:00,2021-03-26,BEA,February 2021,2021-03-26 13:30,Personal Consumption Expenditures,694,101613,February,2,"-1,0% m/m","-0,7% m/m","2,4% m/m",1616761800,1,1,1,pinned_report_and_event_name,EconomicCalendar/raw/oanda/daily/2021-03-26.json
EMPLOYMENT,2021-04-02T07:30:00-05:00,2021-04-02,BLS,March 2021,2021-04-02 14:30,Non-Farm Employment Change,707,100219,March,3,916 k,630 k,379 k,1617366600,1,1,1,pinned_report_and_event_name,EconomicCalendar/raw/oanda/daily/2021-04-02.json
PPI,2021-04-09T07:30:00-05:00,2021-04-09,BLS,March 2021,2021-04-09 14:58,Producer Price Index,703,100142,March,2,"1,0% m/m","0,5% m/m","0,5% m/m",1617973080,1,1,1,pinned_report_and_event_name,EconomicCalendar/raw/oanda/daily/2021-04-09.json
CPI,2021-04-13T07:30:00-05:00,2021-04-13,BLS,March 2021,2021-04-13 14:30,Consumer Price Index,699,100082,March,3,"0,6% m/m","0,5% m/m","0,4% m/m",1618317000,1,1,1,pinned_report_and_event_name,EconomicCalendar/raw/oanda/daily/2021-04-13.json
RETAIL_SALES,2021-04-15T07:30:00-05:00,2021-04-15,CENSUS,March 2021,2021-04-15 14:30,Retail Sales,696,100727,March,3,"9,8% m/m","4,7% m/m","-3,0% m/m",1618489800,1,1,1,pinned_report_and_event_name,EconomicCalendar/raw/oanda/daily/2021-04-15.json
DURABLE_GOODS,2021-04-26T07:30:00-05:00,2021-04-26,CENSUS,March 2021,2021-04-26 14:30,Durable Goods Orders - pre..,59,100645,March,3,"0,5% m/m","2,5% m/m","-1,2% m/m",1619440200,1,1,1,pinned_report_and_event_name,EconomicCalendar/raw/oanda/daily/2021-04-26.json
FOMC,2021-04-28T13:00:00-05:00,2021-04-28,FEDERAL_RESERVE,FOMC 2021-04-28,2021-04-28 20:00,FOMC Interest Rate Decision,82,100554,April,3,"0-0,25%","0-0,25%","0-0,25%",1619632800,1,1,1,pinned_report_and_event_name,EconomicCalendar/raw/oanda/daily/2021-04-28.json
GDP,2021-04-29T07:30:00-05:00,2021-04-29,BEA,Q1 2021 Advance,2021-04-29 14:30,GDP (Annualized) - pre..,690,99797,1Q,3,"6,4%","6,5%","4,3%",1619699400,1,1,1,pinned_report_and_event_name,EconomicCalendar/raw/oanda/daily/2021-04-29.json
PCE,2021-04-30T07:30:00-05:00,2021-04-30,BEA,March 2021,2021-04-30 14:30,Personal Consumption Expenditures,694,101619,March,2,"4,2% m/m","4,2% m/m","-1,0% m/m",1619785800,1,1,1,pinned_report_and_event_name,EconomicCalendar/raw/oanda/daily/2021-04-30.json
EMPLOYMENT,2021-05-07T07:30:00-05:00,2021-05-07,BLS,April 2021,2021-05-07 14:30,Non-Farm Employment Change,707,100227,April,3,266 k,978 k,916 k,1620390600,1,1,1,pinned_report_and_event_name,EconomicCalendar/raw/oanda/daily/2021-05-07.json
CPI,2021-05-12T07:30:00-05:00,2021-05-12,BLS,April 2021,2021-05-12 14:30,Consumer Price Index,699,100087,April,3,"0,8% m/m","0,2% m/m","0,6% m/m",1620822600,1,1,1,pinned_report_and_event_name,EconomicCalendar/raw/oanda/daily/2021-05-12.json
PPI,2021-05-13T07:30:00-05:00,2021-05-13,BLS,April 2021,2021-05-13 14:30,Producer Price Index,703,100147,April,2,"0,6% m/m","0,3% m/m","1,0% m/m",1620909000,1,1,1,pinned_report_and_event_name,EconomicCalendar/raw/oanda/daily/2021-05-13.json
RETAIL_SALES,2021-05-14T07:30:00-05:00,2021-05-14,CENSUS,April 2021,2021-05-14 14:30,Retail Sales,696,100731,April,3,"0,0% m/m","1,0% m/m","9,8% m/m",1620995400,1,1,1,pinned_report_and_event_name,EconomicCalendar/raw/oanda/daily/2021-05-14.json
DURABLE_GOODS,2021-05-27T07:30:00-05:00,2021-05-27,CENSUS,April 2021,2021-05-27 14:30,Durable Goods Orders - pre..,59,100646,April,3,"-1,3% m/m","0,8% m/m","0,8% m/m",1622118600,1,1,1,pinned_report_and_event_name,EconomicCalendar/raw/oanda/daily/2021-05-27.json
GDP,2021-05-27T07:30:00-05:00,2021-05-27,BEA,Q1 2021 Second,2021-05-27 14:30,GDP (Annualized) - rev..,690,99802,1Q,3,"6,4%","6,5%","4,3%",1622118600,1,1,1,pinned_report_and_event_name,EconomicCalendar/raw/oanda/daily/2021-05-27.json
PCE,2021-05-28T07:30:00-05:00,2021-05-28,BEA,April 2021,2021-05-28 14:30,Personal Consumption Expenditures,694,101625,April,2,"0,5% m/m","0,5% m/m","4,2% m/m",1622205000,1,1,1,pinned_report_and_event_name,EconomicCalendar/raw/oanda/daily/2021-05-28.json
EMPLOYMENT,2021-06-04T07:30:00-05:00,2021-06-04,BLS,May 2021,2021-06-04 14:30,Non-Farm Employment Change,707,100235,May,3,559 k,660 k,266 k,1622809800,1,1,1,pinned_report_and_event_name,EconomicCalendar/raw/oanda/daily/2021-06-04.json
CPI,2021-06-10T07:30:00-05:00,2021-06-10,BLS,May 2021,2021-06-10 14:30,Consumer Price Index,699,100092,May,3,"0,6% m/m","0,4% m/m","0,8% m/m",1623328200,1,1,1,pinned_report_and_event_name,EconomicCalendar/raw/oanda/daily/2021-06-10.json
PPI,2021-06-15T07:30:00-05:00,2021-06-15,BLS,May 2021,2021-06-15 14:30,Producer Price Index,703,100152,May,2,"0,8% m/m","0,6% m/m","0,6% m/m",1623760200,1,1,1,pinned_report_and_event_name,EconomicCalendar/raw/oanda/daily/2021-06-15.json
RETAIL_SALES,2021-06-15T07:30:00-05:00,2021-06-15,CENSUS,May 2021,2021-06-15 14:30,Retail Sales,696,100735,May,3,"-1,3% m/m","-0,8% m/m","0,0% m/m",1623760200,1,1,1,pinned_report_and_event_name,EconomicCalendar/raw/oanda/daily/2021-06-15.json
FOMC,2021-06-16T13:00:00-05:00,2021-06-16,FEDERAL_RESERVE,FOMC 2021-06-16,2021-06-16 20:00,FOMC Interest Rate Decision,82,100555,June,3,"0-0,25%","0-0,25%","0-0,25%",1623866400,1,1,1,pinned_report_and_event_name,EconomicCalendar/raw/oanda/daily/2021-06-16.json
DURABLE_GOODS,2021-06-24T07:30:00-05:00,2021-06-24,CENSUS,May 2021,2021-06-24 14:30,Durable Goods Orders - pre..,59,100647,May,3,"2,3% m/m","2,7% m/m","-1,3% m/m",1624537800,1,1,1,pinned_report_and_event_name,EconomicCalendar/raw/oanda/daily/2021-06-24.json
GDP,2021-06-24T07:30:00-05:00,2021-06-24,BEA,Q1 2021 Third,2021-06-24 14:30,GDP (Annualized) - fin..,690,99807,1Q,3,"6,4%","6,4%","4,3%",1624537800,1,1,1,pinned_report_and_event_name,EconomicCalendar/raw/oanda/daily/2021-06-24.json
PCE,2021-06-25T07:30:00-05:00,2021-06-25,BEA,May 2021,2021-06-25 14:30,Personal Consumption Expenditures,694,101631,May,2,"0,0% m/m","0,4% m/m","0,5% m/m",1624624200,1,1,1,pinned_report_and_event_name,EconomicCalendar/raw/oanda/daily/2021-06-25.json
EMPLOYMENT,2021-07-02T07:30:00-05:00,2021-07-02,BLS,June 2021,2021-07-02 14:30,Non-Farm Employment Change,707,100243,June,3,850 k,700 k,559 k,1625229000,1,1,1,pinned_report_and_event_name,EconomicCalendar/raw/oanda/daily/2021-07-02.json
CPI,2021-07-13T07:30:00-05:00,2021-07-13,BLS,June 2021,2021-07-13 14:30,Consumer Price Index,699,100097,June,3,"0,9% m/m","0,5% m/m","0,6% m/m",1626179400,1,1,1,pinned_report_and_event_name,EconomicCalendar/raw/oanda/daily/2021-07-13.json
PPI,2021-07-14T07:30:00-05:00,2021-07-14,BLS,June 2021,2021-07-14 14:30,Producer Price Index,703,100157,June,2,"1,0% m/m","0,6% m/m","0,8% m/m",1626265800,1,1,1,pinned_report_and_event_name,EconomicCalendar/raw/oanda/daily/2021-07-14.json
RETAIL_SALES,2021-07-16T07:30:00-05:00,2021-07-16,CENSUS,June 2021,2021-07-16 14:30,Retail Sales,696,100739,June,3,"0,6% m/m","-0,4% m/m","-1,3% m/m",1626438600,1,1,1,pinned_report_and_event_name,EconomicCalendar/raw/oanda/daily/2021-07-16.json
DURABLE_GOODS,2021-07-27T07:30:00-05:00,2021-07-27,CENSUS,June 2021,2021-07-27 14:30,Durable Goods Orders - pre..,59,100648,June,3,"0,8% m/m","2,1% m/m","2,3% m/m",1627389000,1,1,1,pinned_report_and_event_name,EconomicCalendar/raw/oanda/daily/2021-07-27.json
FOMC,2021-07-28T13:00:00-05:00,2021-07-28,FEDERAL_RESERVE,FOMC 2021-07-28,2021-07-28 20:00,FOMC Interest Rate Decision,82,100556,July,3,"0-0,25%","0-0,25%","0-0,25%",1627495200,1,1,1,pinned_report_and_event_name,EconomicCalendar/raw/oanda/daily/2021-07-28.json
GDP,2021-07-29T07:30:00-05:00,2021-07-29,BEA,Q2 2021 Advance,2021-07-29 14:30,GDP (Annualized) - pre..,690,99812,2Q,3,"6,5%","8,5%","6,4%",1627561800,1,1,1,pinned_report_and_event_name,EconomicCalendar/raw/oanda/daily/2021-07-29.json
PCE,2021-07-30T07:30:00-05:00,2021-07-30,BEA,June 2021,2021-07-30 14:30,Personal Consumption Expenditures,694,101637,June,2,"1,0% m/m","0,7% m/m","0,0% m/m",1627648200,1,1,1,pinned_report_and_event_name,EconomicCalendar/raw/oanda/daily/2021-07-30.json
EMPLOYMENT,2021-08-06T07:30:00-05:00,2021-08-06,BLS,July 2021,2021-08-06 14:30,Non-Farm Employment Change,707,100251,July,3,943 k,900 k,850 k,1628253000,1,1,1,pinned_report_and_event_name,EconomicCalendar/raw/oanda/daily/2021-08-06.json
CPI,2021-08-11T07:30:00-05:00,2021-08-11,BLS,July 2021,2021-08-11 14:30,Consumer Price Index,699,100102,July,3,"0,5% m/m","0,5% m/m","0,9% m/m",1628685000,1,1,1,pinned_report_and_event_name,EconomicCalendar/raw/oanda/daily/2021-08-11.json
PPI,2021-08-12T07:30:00-05:00,2021-08-12,BLS,July 2021,2021-08-12 14:30,Producer Price Index,703,100162,July,2,"1,0% m/m","0,6% m/m","1,0% m/m",1628771400,1,1,1,pinned_report_and_event_name,EconomicCalendar/raw/oanda/daily/2021-08-12.json
RETAIL_SALES,2021-08-17T07:30:00-05:00,2021-08-17,CENSUS,July 2021,2021-08-17 14:30,Retail Sales,696,100743,July,3,"-1,1% m/m","-0,2% m/m","0,6% m/m",1629203400,1,1,1,pinned_report_and_event_name,EconomicCalendar/raw/oanda/daily/2021-08-17.json
DURABLE_GOODS,2021-08-25T07:30:00-05:00,2021-08-25,CENSUS,July 2021,2021-08-25 14:30,Durable Goods Orders - pre..,59,100649,July,3,"-0,1% m/m","-0,3% m/m","0,9% m/m",1629894600,1,1,1,pinned_report_and_event_name,EconomicCalendar/raw/oanda/daily/2021-08-25.json
GDP,2021-08-26T07:30:00-05:00,2021-08-26,BEA,Q2 2021 Second,2021-08-26 14:30,GDP (Annualized) - rev..,690,99817,2Q,3,"6,6%","6,7%","6,4%",1629981000,1,1,1,pinned_report_and_event_name,EconomicCalendar/raw/oanda/daily/2021-08-26.json
PCE,2021-08-27T07:30:00-05:00,2021-08-27,BEA,July 2021,2021-08-27 14:30,Personal Consumption Expenditures,694,101643,July,2,"0,3% m/m","0,3% m/m","1,0% m/m",1630067400,1,1,1,pinned_report_and_event_name,EconomicCalendar/raw/oanda/daily/2021-08-27.json
EMPLOYMENT,2021-09-03T07:30:00-05:00,2021-09-03,BLS,August 2021,2021-09-03 14:30,Non-Farm Employment Change,707,100259,August,3,235 k,750 k,943 k,1630672200,1,1,1,pinned_report_and_event_name,EconomicCalendar/raw/oanda/daily/2021-09-03.json
PPI,2021-09-10T07:30:00-05:00,2021-09-10,BLS,August 2021,2021-09-10 14:30,Producer Price Index,703,100172,August,2,"0,7% m/m","0,6% m/m","1,0% m/m",1631277000,1,1,1,pinned_report_and_event_name,EconomicCalendar/raw/oanda/daily/2021-09-10.json
CPI,2021-09-14T07:30:00-05:00,2021-09-14,BLS,August 2021,2021-09-14 14:30,Consumer Price Index,699,100107,August,3,"0,3% m/m","0,4% m/m","0,5% m/m",1631622600,1,1,1,pinned_report_and_event_name,EconomicCalendar/raw/oanda/daily/2021-09-14.json
RETAIL_SALES,2021-09-16T07:30:00-05:00,2021-09-16,CENSUS,August 2021,2021-09-16 14:30,Retail Sales,696,100747,August,3,"0,7% m/m",-1% m/m,"-1,1% m/m",1631795400,1,1,1,pinned_report_and_event_name,EconomicCalendar/raw/oanda/daily/2021-09-16.json
FOMC,2021-09-22T13:00:00-05:00,2021-09-22,FEDERAL_RESERVE,FOMC 2021-09-22,2021-09-22 20:00,FOMC Interest Rate Decision,82,100557,September,3,"0-0,25%","0-0,25%","0-0,25%",1632333600,1,1,1,pinned_report_and_event_name,EconomicCalendar/raw/oanda/daily/2021-09-22.json
DURABLE_GOODS,2021-09-27T07:30:00-05:00,2021-09-27,CENSUS,August 2021,2021-09-27 14:30,Durable Goods Orders - pre..,59,100650,August,3,"1,8% m/m","0,6% m/m","-0,1% m/m",1632745800,1,1,1,pinned_report_and_event_name,EconomicCalendar/raw/oanda/daily/2021-09-27.json
GDP,2021-09-30T07:30:00-05:00,2021-09-30,BEA,Q2 2021 Third,2021-09-30 14:30,GDP (Annualized) - fin..,690,99822,2Q,3,"6,7%","6,6%","6,3%",1633005000,1,1,1,pinned_report_and_event_name,EconomicCalendar/raw/oanda/daily/2021-09-30.json
PCE,2021-10-01T07:30:00-05:00,2021-10-01,BEA,August 2021,2021-10-01 14:30,Personal Consumption Expenditures,694,101649,August,2,"0,8% m/m","0,6% m/m","0,3% m/m",1633091400,1,1,1,pinned_report_and_event_name,EconomicCalendar/raw/oanda/daily/2021-10-01.json
EMPLOYMENT,2021-10-08T07:30:00-05:00,2021-10-08,BLS,September 2021,2021-10-08 14:30,Non-Farm Employment Change,707,100267,September,3,194 k,500 k,235 k,1633696200,1,1,1,pinned_report_and_event_name,EconomicCalendar/raw/oanda/daily/2021-10-08.json
CPI,2021-10-13T07:30:00-05:00,2021-10-13,BLS,September 2021,2021-10-13 14:30,Consumer Price Index,699,100112,September,3,"0,4% m/m","0,3% m/m","0,3% m/m",1634128200,1,1,1,pinned_report_and_event_name,EconomicCalendar/raw/oanda/daily/2021-10-13.json
PPI,2021-10-14T07:30:00-05:00,2021-10-14,BLS,September 2021,2021-10-14 14:30,Producer Price Index,703,100167,September,2,"0,5% m/m","0,6% m/m","0,7% m/m",1634214600,1,1,1,pinned_report_and_event_name,EconomicCalendar/raw/oanda/daily/2021-10-14.json
RETAIL_SALES,2021-10-15T07:30:00-05:00,2021-10-15,CENSUS,September 2021,2021-10-15 14:30,Retail Sales,696,100751,September,3,"0,7% m/m","-0,2% m/m","0,7% m/m",1634301000,1,1,1,pinned_report_and_event_name,EconomicCalendar/raw/oanda/daily/2021-10-15.json
DURABLE_GOODS,2021-10-27T07:30:00-05:00,2021-10-27,CENSUS,September 2021,2021-10-27 14:30,Durable Goods Orders - pre..,59,100651,September,3,"-0,4% m/m",-1% m/m,"1,8% m/m",1635337800,1,1,1,pinned_report_and_event_name,EconomicCalendar/raw/oanda/daily/2021-10-27.json
GDP,2021-10-28T07:30:00-05:00,2021-10-28,BEA,Q3 2021 Advance,2021-10-28 14:30,GDP (Annualized) - pre..,690,99827,3Q,3,"2,0%","2,7%","6,7%",1635424200,1,1,1,pinned_report_and_event_name,EconomicCalendar/raw/oanda/daily/2021-10-28.json
PCE,2021-10-29T07:30:00-05:00,2021-10-29,BEA,September 2021,2021-10-29 14:30,Personal Consumption Expenditures,694,101655,September,2,"0,6% m/m","0,5% m/m","0,8% m/m",1635510600,1,1,1,pinned_report_and_event_name,EconomicCalendar/raw/oanda/daily/2021-10-29.json
FOMC,2021-11-03T13:00:00-05:00,2021-11-03,FEDERAL_RESERVE,FOMC 2021-11-03,2021-11-03 19:00,FOMC Interest Rate Decision,82,100558,November,3,"0-0,25%","0-0,25%","0-0,25%",1635962400,1,1,1,pinned_report_and_event_name,EconomicCalendar/raw/oanda/daily/2021-11-03.json
EMPLOYMENT,2021-11-05T07:30:00-05:00,2021-11-05,BLS,October 2021,2021-11-05 13:30,Non-Farm Employment Change,707,100275,October,3,531 k,450 k,194 k,1636115400,1,1,1,pinned_report_and_event_name,EconomicCalendar/raw/oanda/daily/2021-11-05.json
PPI,2021-11-09T07:30:00-06:00,2021-11-09,BLS,October 2021,2021-11-09 14:30,Producer Price Index,703,100182,October,2,"0,6% m/m","0,6% m/m","0,5% m/m",1636464600,1,1,1,pinned_report_and_event_name,EconomicCalendar/raw/oanda/daily/2021-11-09.json
CPI,2021-11-10T07:30:00-06:00,2021-11-10,BLS,October 2021,2021-11-10 14:30,Consumer Price Index,699,100117,October,3,"0,9% m/m","0,6% m/m","0,4% m/m",1636551000,1,1,1,pinned_report_and_event_name,EconomicCalendar/raw/oanda/daily/2021-11-10.json
RETAIL_SALES,2021-11-16T07:30:00-06:00,2021-11-16,CENSUS,October 2021,2021-11-16 14:30,Retail Sales,696,100755,October,3,"1,7% m/m","1,4% m/m","0,7% m/m",1637069400,1,1,1,pinned_report_and_event_name,EconomicCalendar/raw/oanda/daily/2021-11-16.json
DURABLE_GOODS,2021-11-24T07:30:00-06:00,2021-11-24,CENSUS,October 2021,2021-11-24 14:30,Durable Goods Orders - pre..,59,100652,October,3,"-0,5% m/m","0,3% m/m","-0,3% m/m",1637760600,1,1,1,pinned_report_and_event_name,EconomicCalendar/raw/oanda/daily/2021-11-24.json
GDP,2021-11-24T07:30:00-06:00,2021-11-24,BEA,Q3 2021 Second,2021-11-24 14:30,GDP (Annualized) - rev..,690,99832,3Q,3,"2,1%","2,2%","6,7%",1637760600,1,1,1,pinned_report_and_event_name,EconomicCalendar/raw/oanda/daily/2021-11-24.json
PCE,2021-11-24T07:30:00-06:00,2021-11-24,BEA,October 2021,2021-11-24 16:00,Personal Consumption Expenditures,694,101661,October,2,"1,3% m/m",1% m/m,"0,6% m/m",1637766000,1,1,1,pinned_report_and_event_name,EconomicCalendar/raw/oanda/daily/2021-11-24.json
EMPLOYMENT,2021-12-03T07:30:00-06:00,2021-12-03,BLS,November 2021,2021-12-03 14:30,Non-Farm Employment Change,707,100283,November,3,210 k,550 k,531 k,1638538200,1,1,1,pinned_report_and_event_name,EconomicCalendar/raw/oanda/daily/2021-12-03.json
CPI,2021-12-10T07:30:00-06:00,2021-12-10,BLS,November 2021,2021-12-10 14:30,Consumer Price Index,699,100122,November,3,"0,8% m/m","0,7% m/m","0,9% m/m",1639143000,1,1,1,pinned_report_and_event_name,EconomicCalendar/raw/oanda/daily/2021-12-10.json
PPI,2021-12-14T07:30:00-06:00,2021-12-14,BLS,November 2021,2021-12-14 14:30,Producer Price Index,703,100177,November,2,"0,8% m/m","0,5% m/m","0,6% m/m",1639488600,1,1,1,pinned_report_and_event_name,EconomicCalendar/raw/oanda/daily/2021-12-14.json
RETAIL_SALES,2021-12-15T07:30:00-06:00,2021-12-15,CENSUS,November 2021,2021-12-15 14:30,Retail Sales,696,100759,November,3,"0,3% m/m","0,8% m/m","1,7% m/m",1639575000,1,1,1,pinned_report_and_event_name,EconomicCalendar/raw/oanda/daily/2021-12-15.json
FOMC,2021-12-15T13:00:00-06:00,2021-12-15,FEDERAL_RESERVE,FOMC 2021-12-15,2021-12-15 20:00,FOMC Interest Rate Decision,82,100559,December,3,"0-0,25%","0-0,25%","0-0,25%",1639594800,1,1,1,pinned_report_and_event_name,EconomicCalendar/raw/oanda/daily/2021-12-15.json
GDP,2021-12-22T07:30:00-06:00,2021-12-22,BEA,Q3 2021 Third,2021-12-22 14:30,GDP (Annualized) - fin..,690,99837,3Q,3,"2,3%","2,1%","6,7%",1640179800,1,1,1,pinned_report_and_event_name,EconomicCalendar/raw/oanda/daily/2021-12-22.json
DURABLE_GOODS,2021-12-23T07:30:00-06:00,2021-12-23,CENSUS,November 2021,2021-12-23 14:30,Durable Goods Orders - pre..,59,100653,November,3,"2,5% m/m","1,6% m/m","-0,4% m/m",1640266200,1,1,1,pinned_report_and_event_name,EconomicCalendar/raw/oanda/daily/2021-12-23.json
PCE,2021-12-23T07:30:00-06:00,2021-12-23,BEA,November 2021,2021-12-23 14:30,Personal Consumption Expenditures,694,101667,November,2,"0,6% m/m","0,6% m/m","1,3% m/m",1640266200,1,1,1,pinned_report_and_event_name,EconomicCalendar/raw/oanda/daily/2021-12-23.json
EMPLOYMENT,2022-01-07T07:30:00-06:00,2022-01-07,BLS,December 2021,2022-01-07 14:30,Non-Farm Employment Change,707,110156,December,3,199 k,400 k,210 k,1641562200,1,1,1,pinned_report_and_event_name,EconomicCalendar/raw/oanda/daily/2022-01-07.json
CPI,2022-01-12T07:30:00-06:00,2022-01-12,BLS,December 2021,2022-01-12 14:30,Consumer Price Index,699,109894,December,3,"0,5% m/m","0,4% m/m","0,8% m/m",1641994200,1,1,1,pinned_report_and_event_name,EconomicCalendar/raw/oanda/daily/2022-01-12.json
PPI,2022-01-13T07:30:00-06:00,2022-01-13,BLS,December 2021,2022-01-13 14:30,Producer Price Index,703,109954,December,2,"0,2% m/m","0,4% m/m","0,8% m/m",1642080600,1,1,1,pinned_report_and_event_name,EconomicCalendar/raw/oanda/daily/2022-01-13.json
RETAIL_SALES,2022-01-14T07:30:00-06:00,2022-01-14,CENSUS,December 2021,2022-01-14 14:30,Retail Sales,696,110568,December,3,"-1,9% m/m","0,0% m/m","0,3% m/m",1642167000,1,1,1,pinned_report_and_event_name,EconomicCalendar/raw/oanda/daily/2022-01-14.json
FOMC,2022-01-26T13:00:00-06:00,2022-01-26,FEDERAL_RESERVE,FOMC 2022-01-26,2022-01-26 20:00,FOMC Interest Rate Decision,82,100560,January,3,"0-0,25%","0-0,25%","0-0,25%",1643223600,1,1,1,pinned_report_and_event_name,EconomicCalendar/raw/oanda/daily/2022-01-26.json
DURABLE_GOODS,2022-01-27T07:30:00-06:00,2022-01-27,CENSUS,December 2021,2022-01-27 14:30,Durable Goods Orders - pre..,59,110635,December,3,"-0,9% m/m","-0,5% m/m","2,6% m/m",1643290200,1,1,1,pinned_report_and_event_name,EconomicCalendar/raw/oanda/daily/2022-01-27.json
GDP,2022-01-27T07:30:00-06:00,2022-01-27,BEA,Q4 2021 Advance,2022-01-27 14:30,GDP (Annualized) - pre..,690,108329,4Q,3,"6,9%","5,5%","2,3%",1643290200,1,1,1,pinned_report_and_event_name,EconomicCalendar/raw/oanda/daily/2022-01-27.json
PCE,2022-01-28T07:30:00-06:00,2022-01-28,BEA,December 2021,2022-01-28 14:30,Personal Consumption Expenditures,694,108389,December,2,"-0,6% m/m","-0,5% m/m","0,6% m/m",1643376600,1,1,1,pinned_report_and_event_name,EconomicCalendar/raw/oanda/daily/2022-01-28.json
EMPLOYMENT,2022-02-04T07:30:00-06:00,2022-02-04,BLS,January 2022,2022-02-04 14:30,Non-Farm Employment Change,707,110164,January,3,467 k,150 k,199 k,1643981400,1,1,1,pinned_report_and_event_name,EconomicCalendar/raw/oanda/daily/2022-02-04.json
CPI,2022-02-10T07:30:00-06:00,2022-02-10,BLS,January 2022,2022-02-10 14:30,Consumer Price Index,699,109899,January,3,"0,6% m/m","0,5% m/m","0,5% m/m",1644499800,1,1,1,pinned_report_and_event_name,EconomicCalendar/raw/oanda/daily/2022-02-10.json
PPI,2022-02-15T07:30:00-06:00,2022-02-15,BLS,January 2022,2022-02-15 14:30,Producer Price Index,703,109959,January,2,1% m/m,"0,5% m/m","0,2% m/m",1644931800,1,1,1,pinned_report_and_event_name,EconomicCalendar/raw/oanda/daily/2022-02-15.json
RETAIL_SALES,2022-02-16T07:30:00-06:00,2022-02-16,CENSUS,January 2022,2022-02-16 14:30,Retail Sales,696,110572,January,3,"3,8% m/m","1,9% m/m","-1,9% m/m",1645018200,1,1,1,pinned_report_and_event_name,EconomicCalendar/raw/oanda/daily/2022-02-16.json
GDP,2022-02-24T07:30:00-06:00,2022-02-24,BEA,Q4 2021 Second,2022-02-24 14:30,GDP (Annualized) - rev..,690,108334,4Q,3,7%,"6,9%","2,3%",1645709400,1,1,1,pinned_report_and_event_name,EconomicCalendar/raw/oanda/daily/2022-02-24.json
DURABLE_GOODS,2022-02-25T07:30:00-06:00,2022-02-25,CENSUS,January 2022,2022-02-25 14:30,Durable Goods Orders - pre..,59,110636,January,3,"1,6% m/m","0,7% m/m","-0,7% m/m",1645795800,1,1,1,pinned_report_and_event_name,EconomicCalendar/raw/oanda/daily/2022-02-25.json
PCE,2022-02-25T07:30:00-06:00,2022-02-25,BEA,January 2022,2022-02-25 14:30,Personal Consumption Expenditures,694,108395,January,2,"2,1% m/m","1,5% m/m","-0,6% m/m",1645795800,1,1,1,pinned_report_and_event_name,EconomicCalendar/raw/oanda/daily/2022-02-25.json
EMPLOYMENT,2022-03-04T07:30:00-06:00,2022-03-04,BLS,February 2022,2022-03-04 14:30,Non-Farm Employment Change,707,110172,February,3,678 k,440 k,467 k,1646400600,1,1,1,pinned_report_and_event_name,EconomicCalendar/raw/oanda/daily/2022-03-04.json
CPI,2022-03-10T07:30:00-06:00,2022-03-10,BLS,February 2022,2022-03-10 14:30,Consumer Price Index,699,109904,February,3,"0,8% m/m","0,8% m/m","0,6% m/m",1646919000,1,1,1,pinned_report_and_event_name,EconomicCalendar/raw/oanda/daily/2022-03-10.json
PPI,2022-03-15T07:30:00-05:00,2022-03-15,BLS,February 2022,2022-03-15 13:30,Producer Price Index,703,109964,February,2,"0,8% m/m","0,9% m/m",1% m/m,1647347400,1,1,1,pinned_report_and_event_name,EconomicCalendar/raw/oanda/daily/2022-03-15.json
RETAIL_SALES,2022-03-16T07:30:00-05:00,2022-03-16,CENSUS,February 2022,2022-03-16 13:30,Retail Sales,696,110576,February,3,"0,3% m/m","0,4% m/m","3,8% m/m",1647433800,1,1,1,pinned_report_and_event_name,EconomicCalendar/raw/oanda/daily/2022-03-16.json
FOMC,2022-03-16T13:00:00-05:00,2022-03-16,FEDERAL_RESERVE,FOMC 2022-03-16,2022-03-16 19:00,FOMC Interest Rate Decision,82,109608,March,3,"0,25-0,50%","0,25-0,50%","0-0,25%",1647453600,1,1,1,pinned_report_and_event_name,EconomicCalendar/raw/oanda/daily/2022-03-16.json
DURABLE_GOODS,2022-03-24T07:30:00-05:00,2022-03-24,CENSUS,February 2022,2022-03-24 13:30,Durable Goods Orders - pre..,59,110637,February,3,"-2,2% m/m","-0,5% m/m","1,6% m/m",1648125000,1,1,1,pinned_report_and_event_name,EconomicCalendar/raw/oanda/daily/2022-03-24.json
GDP,2022-03-30T07:30:00-05:00,2022-03-30,BEA,Q4 2021 Third,2022-03-30 14:30,GDP (Annualized) - fin..,690,108339,4Q,3,"6,9%",7%,"2,3%",1648643400,1,1,1,pinned_report_and_event_name,EconomicCalendar/raw/oanda/daily/2022-03-30.json
PCE,2022-03-31T07:30:00-05:00,2022-03-31,BEA,February 2022,2022-03-31 14:30,Personal Consumption Expenditures,694,108401,February,2,"0,2% m/m","0,5% m/m","2,1% m/m",1648729800,1,1,1,pinned_report_and_event_name,EconomicCalendar/raw/oanda/daily/2022-03-31.json
EMPLOYMENT,2022-04-01T07:30:00-05:00,2022-04-01,BLS,March 2022,2022-04-01 14:30,Non-Farm Employment Change,707,110180,March,3,431 k,475 k,678 k,1648816200,1,1,1,pinned_report_and_event_name,EconomicCalendar/raw/oanda/daily/2022-04-01.json
CPI,2022-04-12T07:30:00-05:00,2022-04-12,BLS,March 2022,2022-04-12 14:30,Consumer Price Index,699,109909,March,3,"1,2% m/m","1,2% m/m","0,8% m/m",1649766600,1,1,1,pinned_report_and_event_name,EconomicCalendar/raw/oanda/daily/2022-04-12.json
PPI,2022-04-13T07:30:00-05:00,2022-04-13,BLS,March 2022,2022-04-13 14:30,Producer Price Index,703,109969,March,2,"1,4% m/m","1,1% m/m","0,8% m/m",1649853000,1,1,1,pinned_report_and_event_name,EconomicCalendar/raw/oanda/daily/2022-04-13.json
RETAIL_SALES,2022-04-14T07:30:00-05:00,2022-04-14,CENSUS,March 2022,2022-04-14 14:30,Retail Sales,696,110580,March,3,"0,5% m/m","0,6% m/m","0,3% m/m",1649939400,1,1,1,pinned_report_and_event_name,EconomicCalendar/raw/oanda/daily/2022-04-14.json
DURABLE_GOODS,2022-04-26T07:30:00-05:00,2022-04-26,CENSUS,March 2022,2022-04-26 14:30,Durable Goods Orders - pre..,59,110638,March,3,"0,8% m/m",1% m/m,"-2,1% m/m",1650976200,1,1,1,pinned_report_and_event_name,EconomicCalendar/raw/oanda/daily/2022-04-26.json
GDP,2022-04-28T07:30:00-05:00,2022-04-28,BEA,Q1 2022 Advance,2022-04-28 14:30,GDP (Annualized) - pre..,690,108344,1Q,3,"-1,4%","1,1%","6,9%",1651149000,1,1,1,pinned_report_and_event_name,EconomicCalendar/raw/oanda/daily/2022-04-28.json
PCE,2022-04-29T07:30:00-05:00,2022-04-29,BEA,March 2022,2022-04-29 14:30,Personal Consumption Expenditures,694,108407,March,2,"1,1% m/m","0,6% m/m","0,2% m/m",1651235400,1,1,1,pinned_report_and_event_name,EconomicCalendar/raw/oanda/daily/2022-04-29.json
FOMC,2022-05-04T13:00:00-05:00,2022-05-04,FEDERAL_RESERVE,FOMC 2022-05-04,2022-05-04 20:00,FOMC Interest Rate Decision,82,109609,May,3,"0,75-1,00%","0,75-1,00%","0,25-0,50%",1651687200,1,1,1,pinned_report_and_event_name,EconomicCalendar/raw/oanda/daily/2022-05-04.json
EMPLOYMENT,2022-05-06T07:30:00-05:00,2022-05-06,BLS,April 2022,2022-05-06 14:30,Non-Farm Employment Change,707,110188,April,3,428 k,385 k,431 k,1651840200,1,1,1,pinned_report_and_event_name,EconomicCalendar/raw/oanda/daily/2022-05-06.json
CPI,2022-05-11T07:30:00-05:00,2022-05-11,BLS,April 2022,2022-05-11 14:30,Consumer Price Index,699,109914,April,3,"0,3% m/m","0,2% m/m","1,2% m/m",1652272200,1,1,1,pinned_report_and_event_name,EconomicCalendar/raw/oanda/daily/2022-05-11.json
PPI,2022-05-12T07:30:00-05:00,2022-05-12,BLS,April 2022,2022-05-12 14:30,Producer Price Index,703,109974,April,2,"0,5% m/m","0,5% m/m","1,4% m/m",1652358600,1,1,1,pinned_report_and_event_name,EconomicCalendar/raw/oanda/daily/2022-05-12.json
RETAIL_SALES,2022-05-17T07:30:00-05:00,2022-05-17,CENSUS,April 2022,2022-05-17 14:30,Retail Sales,696,110584,April,3,"0,9% m/m","0,9% m/m","0,5% m/m",1652790600,1,1,1,pinned_report_and_event_name,EconomicCalendar/raw/oanda/daily/2022-05-17.json
DURABLE_GOODS,2022-05-25T07:30:00-05:00,2022-05-25,CENSUS,April 2022,2022-05-25 14:30,Durable Goods Orders - pre..,59,110639,April,3,"0,4% m/m","0,5% m/m","1,1% m/m",1653481800,1,1,1,pinned_report_and_event_name,EconomicCalendar/raw/oanda/daily/2022-05-25.json
GDP,2022-05-26T07:30:00-05:00,2022-05-26,BEA,Q1 2022 Second,2022-05-26 14:30,GDP (Annualized) - rev..,690,108349,1Q,3,"-1,5%","-1,4%","6,9%",1653568200,1,1,1,pinned_report_and_event_name,EconomicCalendar/raw/oanda/daily/2022-05-26.json
PCE,2022-05-27T07:30:00-05:00,2022-05-27,BEA,April 2022,2022-05-27 14:30,Personal Consumption Expenditures,694,108413,April,2,"0,9% m/m","0,7% m/m","1,1% m/m",1653654600,1,1,1,pinned_report_and_event_name,EconomicCalendar/raw/oanda/daily/2022-05-27.json
EMPLOYMENT,2022-06-03T07:30:00-05:00,2022-06-03,BLS,May 2022,2022-06-03 14:30,Non-Farm Employment Change,707,110196,May,3,390 k,320 k,428 k,1654259400,1,1,1,pinned_report_and_event_name,EconomicCalendar/raw/oanda/daily/2022-06-03.json
CPI,2022-06-10T07:30:00-05:00,2022-06-10,BLS,May 2022,2022-06-10 14:30,Consumer Price Index,699,109919,May,3,1% m/m,"0,7% m/m","0,3% m/m",1654864200,1,1,1,pinned_report_and_event_name,EconomicCalendar/raw/oanda/daily/2022-06-10.json
PPI,2022-06-14T07:30:00-05:00,2022-06-14,BLS,May 2022,2022-06-14 14:30,Producer Price Index,703,109979,May,2,"0,8% m/m","0,8% m/m","0,5% m/m",1655209800,1,1,1,pinned_report_and_event_name,EconomicCalendar/raw/oanda/daily/2022-06-14.json
RETAIL_SALES,2022-06-15T07:30:00-05:00,2022-06-15,CENSUS,May 2022,2022-06-15 14:30,Retail Sales,696,110588,May,3,"-0,3% m/m","0,2% m/m","0,9% m/m",1655296200,1,1,1,pinned_report_and_event_name,EconomicCalendar/raw/oanda/daily/2022-06-15.json
FOMC,2022-06-15T13:00:00-05:00,2022-06-15,FEDERAL_RESERVE,FOMC 2022-06-15,2022-06-15 20:00,FOMC Interest Rate Decision,82,109610,June,3,"1,50-1,75%","1,50-1,75%","0,75-1,00%",1655316000,1,1,1,pinned_report_and_event_name,EconomicCalendar/raw/oanda/daily/2022-06-15.json
DURABLE_GOODS,2022-06-27T07:30:00-05:00,2022-06-27,CENSUS,May 2022,2022-06-27 14:30,Durable Goods Orders - pre..,59,110640,May,3,"0,7% m/m","0,0% m/m","0,5% m/m",1656333000,1,1,1,pinned_report_and_event_name,EconomicCalendar/raw/oanda/daily/2022-06-27.json
GDP,2022-06-29T07:30:00-05:00,2022-06-29,BEA,Q1 2022 Third,2022-06-29 14:30,GDP (Annualized) - fin..,690,108354,1Q,3,"-1,6%","-1,5%","6,9%",1656505800,1,1,1,pinned_report_and_event_name,EconomicCalendar/raw/oanda/daily/2022-06-29.json
PCE,2022-06-30T07:30:00-05:00,2022-06-30,BEA,May 2022,2022-06-30 14:30,Personal Consumption Expenditures,694,108419,May,2,"0,2% m/m","0,4% m/m","0,9% m/m",1656592200,1,1,1,pinned_report_and_event_name,EconomicCalendar/raw/oanda/daily/2022-06-30.json
EMPLOYMENT,2022-07-08T07:30:00-05:00,2022-07-08,BLS,June 2022,2022-07-08 14:30,Non-Farm Employment Change,707,110204,June,3,372 k,270 k,390 k,1657283400,1,1,1,pinned_report_and_event_name,EconomicCalendar/raw/oanda/daily/2022-07-08.json
CPI,2022-07-13T07:30:00-05:00,2022-07-13,BLS,June 2022,2022-07-13 14:30,Consumer Price Index,699,109924,June,3,"1,3% m/m","1,1% m/m",1% m/m,1657715400,1,1,1,pinned_report_and_event_name,EconomicCalendar/raw/oanda/daily/2022-07-13.json
PPI,2022-07-14T07:30:00-05:00,2022-07-14,BLS,June 2022,2022-07-14 14:30,Producer Price Index,703,109984,June,2,"1,1% m/m","0,8% m/m","0,8% m/m",1657801800,1,1,1,pinned_report_and_event_name,EconomicCalendar/raw/oanda/daily/2022-07-14.json
RETAIL_SALES,2022-07-15T07:30:00-05:00,2022-07-15,CENSUS,June 2022,2022-07-15 14:30,Retail Sales,696,110592,June,3,1% m/m,"0,8% m/m","-0,3% m/m",1657888200,1,1,1,pinned_report_and_event_name,EconomicCalendar/raw/oanda/daily/2022-07-15.json
DURABLE_GOODS,2022-07-27T07:30:00-05:00,2022-07-27,CENSUS,June 2022,2022-07-27 14:30,Durable Goods Orders - pre..,59,110641,June,3,"1,9% m/m","-0,4% m/m","0,8% m/m",1658925000,1,1,1,pinned_report_and_event_name,EconomicCalendar/raw/oanda/daily/2022-07-27.json
FOMC,2022-07-27T13:00:00-05:00,2022-07-27,FEDERAL_RESERVE,FOMC 2022-07-27,2022-07-27 20:00,FOMC Interest Rate Decision,82,109611,July,3,"2,25-2,50%","2,25-2,50%","1,50-1,75%",1658944800,1,1,1,pinned_report_and_event_name,EconomicCalendar/raw/oanda/daily/2022-07-27.json
GDP,2022-07-28T07:30:00-05:00,2022-07-28,BEA,Q2 2022 Advance,2022-07-28 14:30,GDP (Annualized) - pre..,690,108359,2Q,3,"-0,9%","0,5%","-1,6%",1659011400,1,1,1,pinned_report_and_event_name,EconomicCalendar/raw/oanda/daily/2022-07-28.json
PCE,2022-07-29T07:30:00-05:00,2022-07-29,BEA,June 2022,2022-07-29 14:30,Personal Consumption Expenditures,694,108425,June,2,"1,1% m/m","0,9% m/m","0,2% m/m",1659097800,1,1,1,pinned_report_and_event_name,EconomicCalendar/raw/oanda/daily/2022-07-29.json
EMPLOYMENT,2022-08-05T07:30:00-05:00,2022-08-05,BLS,July 2022,2022-08-05 14:30,Non-Farm Employment Change,707,110212,July,3,528 k,250 k,372 k,1659702600,1,1,1,pinned_report_and_event_name,EconomicCalendar/raw/oanda/daily/2022-08-05.json
CPI,2022-08-10T07:30:00-05:00,2022-08-10,BLS,July 2022,2022-08-10 14:30,Consumer Price Index,699,109929,July,3,,"0,2% m/m","1,3% m/m",1660134600,1,1,0,pinned_report_and_event_name,EconomicCalendar/raw/oanda/daily/2022-08-10.json
PPI,2022-08-11T07:30:00-05:00,2022-08-11,BLS,July 2022,2022-08-11 14:30,Producer Price Index,703,109989,July,2,"-0,5% m/m","0,3% m/m","1,1% m/m",1660221000,1,1,1,pinned_report_and_event_name,EconomicCalendar/raw/oanda/daily/2022-08-11.json
RETAIL_SALES,2022-08-17T07:30:00-05:00,2022-08-17,CENSUS,July 2022,2022-08-17 14:30,Retail Sales,696,110596,July,3,,"0,1% m/m",1% m/m,1660739400,1,1,0,pinned_report_and_event_name,EconomicCalendar/raw/oanda/daily/2022-08-17.json
DURABLE_GOODS,2022-08-24T07:30:00-05:00,2022-08-24,CENSUS,July 2022,2022-08-24 14:30,Durable Goods Orders - pre..,59,110642,July,3,,"0,5% m/m",2% m/m,1661344200,1,1,0,pinned_report_and_event_name,EconomicCalendar/raw/oanda/daily/2022-08-24.json
GDP,2022-08-25T07:30:00-05:00,2022-08-25,BEA,Q2 2022 Second,2022-08-25 14:30,GDP (Annualized) - rev..,690,108364,2Q,3,"-0,6%","-0,8%","-1,6%",1661430600,1,1,1,pinned_report_and_event_name,EconomicCalendar/raw/oanda/daily/2022-08-25.json
PCE,2022-08-26T07:30:00-05:00,2022-08-26,BEA,July 2022,2022-08-26 14:30,Personal Consumption Expenditures,694,108431,July,2,"0,1% m/m","0,4% m/m","1,1% m/m",1661517000,1,1,1,pinned_report_and_event_name,EconomicCalendar/raw/oanda/daily/2022-08-26.json
EMPLOYMENT,2022-09-02T07:30:00-05:00,2022-09-02,BLS,August 2022,2022-09-02 14:30,Non-Farm Employment Change,707,110220,August,3,315 k,300 k,528 k,1662121800,1,1,1,pinned_report_and_event_name,EconomicCalendar/raw/oanda/daily/2022-09-02.json
CPI,2022-09-13T07:30:00-05:00,2022-09-13,BLS,August 2022,2022-09-13 14:30,Consumer Price Index,699,109934,August,3,"0,1% m/m","-0,1% m/m",,1663072200,1,0,1,pinned_report_and_event_name,EconomicCalendar/raw/oanda/daily/2022-09-13.json
PPI,2022-09-14T07:30:00-05:00,2022-09-14,BLS,August 2022,2022-09-14 14:30,Producer Price Index,703,109994,August,2,"-0,1% m/m","-0,1% m/m","-0,5% m/m",1663158600,1,1,1,pinned_report_and_event_name,EconomicCalendar/raw/oanda/daily/2022-09-14.json
RETAIL_SALES,2022-09-15T07:30:00-05:00,2022-09-15,CENSUS,August 2022,2022-09-15 14:30,Retail Sales,696,110600,August,3,"0,3% m/m",,,1663245000,0,0,1,pinned_report_and_event_name,EconomicCalendar/raw/oanda/daily/2022-09-15.json
FOMC,2022-09-21T13:00:00-05:00,2022-09-21,FEDERAL_RESERVE,FOMC 2022-09-21,2022-09-21 20:00,FOMC Interest Rate Decision,82,109612,September,3,"3,00-3,25%","3,00-3,25%","2,25-2,50%",1663783200,1,1,1,pinned_report_and_event_name,EconomicCalendar/raw/oanda/daily/2022-09-21.json
DURABLE_GOODS,2022-09-27T07:30:00-05:00,2022-09-27,CENSUS,August 2022,2022-09-27 14:30,Durable Goods Orders - pre..,59,110643,August,3,"-0,2% m/m","-0,5% m/m","-0,1% m/m",1664281800,1,1,1,pinned_report_and_event_name,EconomicCalendar/raw/oanda/daily/2022-09-27.json
GDP,2022-09-29T07:30:00-05:00,2022-09-29,BEA,Q2 2022 Third,2022-09-29 14:30,GDP (Annualized) - fin..,690,108369,2Q,3,"-0,6%","-0,6%","-1,6%",1664454600,1,1,1,pinned_report_and_event_name,EconomicCalendar/raw/oanda/daily/2022-09-29.json
PCE,2022-09-30T07:30:00-05:00,2022-09-30,BEA,August 2022,2022-09-30 14:30,Personal Consumption Expenditures,694,108437,August,2,"0,4% m/m","0,2% m/m","0,1% m/m",1664541000,1,1,1,pinned_report_and_event_name,EconomicCalendar/raw/oanda/daily/2022-09-30.json
EMPLOYMENT,2022-10-07T07:30:00-05:00,2022-10-07,BLS,September 2022,2022-10-07 14:30,Non-Farm Employment Change,707,110228,September,3,263 k,250 k,315 k,1665145800,1,1,1,pinned_report_and_event_name,EconomicCalendar/raw/oanda/daily/2022-10-07.json
PPI,2022-10-12T07:30:00-05:00,2022-10-12,BLS,September 2022,2022-10-12 14:30,Producer Price Index,703,109999,September,2,"0,4% m/m","0,2% m/m","-0,1% m/m",1665577800,1,1,1,pinned_report_and_event_name,EconomicCalendar/raw/oanda/daily/2022-10-12.json
CPI,2022-10-13T07:30:00-05:00,2022-10-13,BLS,September 2022,2022-10-13 14:30,Consumer Price Index,699,109939,September,3,"0,4% m/m","0,2% m/m","0,1% m/m",1665664200,1,1,1,pinned_report_and_event_name,EconomicCalendar/raw/oanda/daily/2022-10-13.json
RETAIL_SALES,2022-10-14T07:30:00-05:00,2022-10-14,CENSUS,September 2022,2022-10-14 14:30,Retail Sales,696,110604,September,3,,"0,2% m/m","0,3% m/m",1665750600,1,1,0,pinned_report_and_event_name,EconomicCalendar/raw/oanda/daily/2022-10-14.json
DURABLE_GOODS,2022-10-27T07:30:00-05:00,2022-10-27,CENSUS,September 2022,2022-10-27 14:30,Durable Goods Orders - pre..,59,110644,September,3,"0,4% m/m","0,5% m/m","-0,2% m/m",1666873800,1,1,1,pinned_report_and_event_name,EconomicCalendar/raw/oanda/daily/2022-10-27.json
GDP,2022-10-27T07:30:00-05:00,2022-10-27,BEA,Q3 2022 Advance,2022-10-27 14:30,GDP (Annualized) - pre..,690,108374,3Q,3,"2,6%","2,4%","-0,6%",1666873800,1,1,1,pinned_report_and_event_name,EconomicCalendar/raw/oanda/daily/2022-10-27.json
PCE,2022-10-28T07:30:00-05:00,2022-10-28,BEA,September 2022,2022-10-28 14:30,Personal Consumption Expenditures,694,108443,September,2,"0,6% m/m","0,5% m/m","0,4% m/m",1666960200,1,1,1,pinned_report_and_event_name,EconomicCalendar/raw/oanda/daily/2022-10-28.json
FOMC,2022-11-02T13:00:00-05:00,2022-11-02,FEDERAL_RESERVE,FOMC 2022-11-02,2022-11-02 19:00,FOMC Interest Rate Decision,82,109613,November,3,"3,75-4,00%","3,75-4,00%","3,00-3,25%",1667412000,1,1,1,pinned_report_and_event_name,EconomicCalendar/raw/oanda/daily/2022-11-02.json
EMPLOYMENT,2022-11-04T07:30:00-05:00,2022-11-04,BLS,October 2022,2022-11-04 13:30,Non-Farm Employment Change,707,110236,October,3,261 k,200 k,263 k,1667565000,1,1,1,pinned_report_and_event_name,EconomicCalendar/raw/oanda/daily/2022-11-04.json
CPI,2022-11-10T07:30:00-06:00,2022-11-10,BLS,October 2022,2022-11-10 14:30,Consumer Price Index,699,109944,October,3,"0,4% m/m","0,6% m/m","0,4% m/m",1668087000,1,1,1,pinned_report_and_event_name,EconomicCalendar/raw/oanda/daily/2022-11-10.json
PPI,2022-11-15T07:30:00-06:00,2022-11-15,BLS,October 2022,2022-11-15 14:30,Producer Price Index,703,110004,October,2,"0,2% m/m","0,5% m/m","0,4% m/m",1668519000,1,1,1,pinned_report_and_event_name,EconomicCalendar/raw/oanda/daily/2022-11-15.json
RETAIL_SALES,2022-11-16T07:30:00-06:00,2022-11-16,CENSUS,October 2022,2022-11-16 14:30,Retail Sales,696,110608,October,3,"1,3% m/m","0,9% m/m",,1668605400,1,0,1,pinned_report_and_event_name,EconomicCalendar/raw/oanda/daily/2022-11-16.json
DURABLE_GOODS,2022-11-23T07:30:00-06:00,2022-11-23,CENSUS,October 2022,2022-11-23 14:30,Durable Goods Orders - pre..,59,110645,October,3,1% m/m,"0,4% m/m","0,4% m/m",1669210200,1,1,1,pinned_report_and_event_name,EconomicCalendar/raw/oanda/daily/2022-11-23.json
GDP,2022-11-30T07:30:00-06:00,2022-11-30,BEA,Q3 2022 Second,2022-11-30 14:30,GDP (Annualized) - rev..,690,108379,3Q,3,"2,9%","2,7%","-0,6%",1669815000,1,1,1,pinned_report_and_event_name,EconomicCalendar/raw/oanda/daily/2022-11-30.json
PCE,2022-12-01T07:30:00-06:00,2022-12-01,BEA,October 2022,2022-12-01 14:30,Personal Consumption Expenditures,694,108449,October,2,"0,8% m/m","0,6% m/m","0,6% m/m",1669901400,1,1,1,pinned_report_and_event_name,EconomicCalendar/raw/oanda/daily/2022-12-01.json
EMPLOYMENT,2022-12-02T07:30:00-06:00,2022-12-02,BLS,November 2022,2022-12-02 14:30,Non-Farm Employment Change,707,110244,November,3,263 k,200 k,261 k,1669987800,1,1,1,pinned_report_and_event_name,EconomicCalendar/raw/oanda/daily/2022-12-02.json
PPI,2022-12-09T07:30:00-06:00,2022-12-09,BLS,November 2022,2022-12-09 14:30,Producer Price Index,703,110009,November,2,"0,3% m/m","0,2% m/m","0,2% m/m",1670592600,1,1,1,pinned_report_and_event_name,EconomicCalendar/raw/oanda/daily/2022-12-09.json
CPI,2022-12-13T07:30:00-06:00,2022-12-13,BLS,November 2022,2022-12-13 14:30,Consumer Price Index,699,109949,November,3,"0,1% m/m","0,3% m/m","0,4% m/m",1670938200,1,1,1,pinned_report_and_event_name,EconomicCalendar/raw/oanda/daily/2022-12-13.json
FOMC,2022-12-14T13:00:00-06:00,2022-12-14,FEDERAL_RESERVE,FOMC 2022-12-14,2022-12-14 20:00,FOMC Interest Rate Decision,82,109614,December,3,"4,25-4,50%","4,25-4,50%","3,75-4,00%",1671044400,1,1,1,pinned_report_and_event_name,EconomicCalendar/raw/oanda/daily/2022-12-14.json
RETAIL_SALES,2022-12-15T07:30:00-06:00,2022-12-15,CENSUS,November 2022,2022-12-15 14:30,Retail Sales,696,110612,November,3,"-0,6% m/m","-0,2% m/m","1,3% m/m",1671111000,1,1,1,pinned_report_and_event_name,EconomicCalendar/raw/oanda/daily/2022-12-15.json
GDP,2022-12-22T07:30:00-06:00,2022-12-22,BEA,Q3 2022 Third,2022-12-22 14:30,GDP (Annualized) - fin..,690,108384,3Q,3,"3,2%","2,9%","-0,6%",1671715800,1,1,1,pinned_report_and_event_name,EconomicCalendar/raw/oanda/daily/2022-12-22.json
DURABLE_GOODS,2022-12-23T07:30:00-06:00,2022-12-23,CENSUS,November 2022,2022-12-23 14:30,Durable Goods Orders - pre..,59,110646,November,3,"-2,1% m/m","-0,8% m/m","1,1% m/m",1671802200,1,1,1,pinned_report_and_event_name,EconomicCalendar/raw/oanda/daily/2022-12-23.json
PCE,2022-12-23T07:30:00-06:00,2022-12-23,BEA,November 2022,2022-12-23 14:30,Personal Consumption Expenditures,694,108455,November,2,"0,1% m/m","0,2% m/m","0,8% m/m",1671802200,1,1,1,pinned_report_and_event_name,EconomicCalendar/raw/oanda/daily/2022-12-23.json
EMPLOYMENT,2023-01-06T07:30:00-06:00,2023-01-06,BLS,December 2022,2023-01-06 14:30,Non-Farm Employment Change,707,118480,December,3,223 k,200 k,263 k,1673011800,1,1,1,pinned_report_and_event_name,EconomicCalendar/raw/oanda/daily/2023-01-06.json
CPI,2023-01-12T07:30:00-06:00,2023-01-12,BLS,December 2022,2023-01-12 14:30,Consumer Price Index,699,118265,December,3,"-0,1% m/m","0,0% m/m","0,1% m/m",1673530200,1,1,1,pinned_report_and_event_name,EconomicCalendar/raw/oanda/daily/2023-01-12.json
PPI,2023-01-18T07:30:00-06:00,2023-01-18,BLS,December 2022,2023-01-18 14:30,Producer Price Index,703,118325,December,2,"-0,5% m/m","-0,1% m/m","0,3% m/m",1674048600,1,1,1,pinned_report_and_event_name,EconomicCalendar/raw/oanda/daily/2023-01-18.json
RETAIL_SALES,2023-01-18T07:30:00-06:00,2023-01-18,CENSUS,December 2022,2023-01-18 14:30,Retail Sales,696,118627,December,3,"-1,1% m/m","-0,8% m/m","-0,6% m/m",1674048600,1,1,1,pinned_report_and_event_name,EconomicCalendar/raw/oanda/daily/2023-01-18.json
DURABLE_GOODS,2023-01-26T07:30:00-06:00,2023-01-26,CENSUS,December 2022,2023-01-26 14:30,Durable Goods Orders - pre..,59,118686,December,3,"5,6% m/m","2,5% m/m","-2,1% m/m",1674739800,1,1,1,pinned_report_and_event_name,EconomicCalendar/raw/oanda/daily/2023-01-26.json
GDP,2023-01-26T07:30:00-06:00,2023-01-26,BEA,Q4 2022 Advance,2023-01-26 14:30,GDP (Annualized) - pre..,690,117035,4Q,3,"2,9%","2,6%","3,2%",1674739800,1,1,1,pinned_report_and_event_name,EconomicCalendar/raw/oanda/daily/2023-01-26.json
PCE,2023-01-27T07:30:00-06:00,2023-01-27,BEA,December 2022,2023-01-27 14:30,Personal Consumption Expenditures,694,116903,December,2,"-0,2% m/m","-0,1% m/m","0,1% m/m",1674826200,1,1,1,pinned_report_and_event_name,EconomicCalendar/raw/oanda/daily/2023-01-27.json
FOMC,2023-02-01T13:00:00-06:00,2023-02-01,FEDERAL_RESERVE,FOMC 2023-02-01,2023-02-01 20:00,FOMC Interest Rate Decision,82,109615,February,3,"4,50-4,75%","4,50-4,75%","4,25-4,50 %%",1675278000,1,1,1,pinned_report_and_event_name,EconomicCalendar/raw/oanda/daily/2023-02-01.json
EMPLOYMENT,2023-02-03T07:30:00-06:00,2023-02-03,BLS,January 2023,2023-02-03 14:30,Non-Farm Employment Change,707,118488,January,3,517 k,185 k,223 k,1675431000,1,1,1,pinned_report_and_event_name,EconomicCalendar/raw/oanda/daily/2023-02-03.json
CPI,2023-02-14T07:30:00-06:00,2023-02-14,BLS,January 2023,2023-02-14 14:30,Consumer Price Index,699,118270,January,3,,"0,5% m/m","-0,1% m/m",1676381400,1,1,0,pinned_report_and_event_name,EconomicCalendar/raw/oanda/daily/2023-02-14.json
RETAIL_SALES,2023-02-15T07:30:00-06:00,2023-02-15,CENSUS,January 2023,2023-02-15 14:30,Retail Sales,696,118631,January,3,,1% m/m,"-1,1% m/m",1676467800,1,1,0,pinned_report_and_event_name,EconomicCalendar/raw/oanda/daily/2023-02-15.json
PPI,2023-02-16T07:30:00-06:00,2023-02-16,BLS,January 2023,2023-02-16 14:30,Producer Price Index,703,118330,January,2,"0,7% m/m","0,4% m/m","-0,5% m/m",1676554200,1,1,1,pinned_report_and_event_name,EconomicCalendar/raw/oanda/daily/2023-02-16.json
GDP,2023-02-23T07:30:00-06:00,2023-02-23,BEA,Q4 2022 Second,2023-02-23 14:30,GDP (Annualized) - rev..,690,117040,4Q,3,"2,7%","2,9%","3,2%",1677159000,1,1,1,pinned_report_and_event_name,EconomicCalendar/raw/oanda/daily/2023-02-23.json
PCE,2023-02-24T07:30:00-06:00,2023-02-24,BEA,January 2023,2023-02-24 14:30,Personal Consumption Expenditures,694,116909,January,2,"1,8% m/m","1,2% m/m","-0,2% m/m",1677245400,1,1,1,pinned_report_and_event_name,EconomicCalendar/raw/oanda/daily/2023-02-24.json
DURABLE_GOODS,2023-02-27T07:30:00-06:00,2023-02-27,CENSUS,January 2023,2023-02-27 14:30,Durable Goods Orders - pre..,59,118687,January,3,"-4,5% m/m","-3,9% m/m","5,6% m/m",1677504600,1,1,1,pinned_report_and_event_name,EconomicCalendar/raw/oanda/daily/2023-02-27.json
EMPLOYMENT,2023-03-10T07:30:00-06:00,2023-03-10,BLS,February 2023,2023-03-10 14:30,Non-Farm Employment Change,707,118496,February,3,311 k,205 k,517 k,1678455000,1,1,1,pinned_report_and_event_name,EconomicCalendar/raw/oanda/daily/2023-03-10.json
CPI,2023-03-14T07:30:00-05:00,2023-03-14,BLS,February 2023,2023-03-14 13:30,Consumer Price Index,699,118275,February,3,"0,4% m/m","0,4% m/m","0,5% m/m",1678797000,1,1,1,pinned_report_and_event_name,EconomicCalendar/raw/oanda/daily/2023-03-14.json
PPI,2023-03-15T07:30:00-05:00,2023-03-15,BLS,February 2023,2023-03-15 13:30,Producer Price Index,703,118335,February,2,"-0,1% m/m","0,3% m/m","0,7% m/m",1678883400,1,1,1,pinned_report_and_event_name,EconomicCalendar/raw/oanda/daily/2023-03-15.json
RETAIL_SALES,2023-03-15T07:30:00-05:00,2023-03-15,CENSUS,February 2023,2023-03-15 13:30,Retail Sales,696,118635,February,3,"-0,4% m/m","-0,3% m/m",3% m/m,1678883400,1,1,1,pinned_report_and_event_name,EconomicCalendar/raw/oanda/daily/2023-03-15.json
FOMC,2023-03-22T13:00:00-05:00,2023-03-22,FEDERAL_RESERVE,FOMC 2023-03-22,2023-03-22 19:00,FOMC Interest Rate Decision,82,116621,March,3,"4,75-5,00%","4,75-5,00%","4,50-4,75%",1679508000,1,1,1,pinned_report_and_event_name,EconomicCalendar/raw/oanda/daily/2023-03-22.json
DURABLE_GOODS,2023-03-24T07:30:00-05:00,2023-03-24,CENSUS,February 2023,2023-03-24 13:30,Durable Goods Orders - pre..,59,118688,February,3,-1% m/m,"0,6% m/m","-4,5% m/m",1679661000,1,1,1,pinned_report_and_event_name,EconomicCalendar/raw/oanda/daily/2023-03-24.json
GDP,2023-03-30T07:30:00-05:00,2023-03-30,BEA,Q4 2022 Third,2023-03-30 14:30,GDP (Annualized) - fin..,690,117045,4Q,3,"2,6%","2,7%","3,2%",1680179400,1,1,1,pinned_report_and_event_name,EconomicCalendar/raw/oanda/daily/2023-03-30.json
PCE,2023-03-31T07:30:00-05:00,2023-03-31,BEA,February 2023,2023-03-31 14:30,Personal Consumption Expenditures,694,116915,February,2,"0,2% m/m","0,3% m/m","1,8% m/m",1680265800,1,1,1,pinned_report_and_event_name,EconomicCalendar/raw/oanda/daily/2023-03-31.json
EMPLOYMENT,2023-04-07T07:30:00-05:00,2023-04-07,BLS,March 2023,2023-04-07 14:30,Non-Farm Employment Change,707,118504,March,3,236 k,240 k,311 k,1680870600,1,1,1,pinned_report_and_event_name,EconomicCalendar/raw/oanda/daily/2023-04-07.json
CPI,2023-04-12T07:30:00-05:00,2023-04-12,BLS,March 2023,2023-04-12 14:30,Consumer Price Index,699,118280,March,3,"0,1% m/m","0,2% m/m","0,4% m/m",1681302600,1,1,1,pinned_report_and_event_name,EconomicCalendar/raw/oanda/daily/2023-04-12.json
PPI,2023-04-13T07:30:00-05:00,2023-04-13,BLS,March 2023,2023-04-13 14:30,Producer Price Index,703,118340,March,2,"-0,5% m/m","0,0% m/m","-0,1% m/m",1681389000,1,1,1,pinned_report_and_event_name,EconomicCalendar/raw/oanda/daily/2023-04-13.json
RETAIL_SALES,2023-04-14T07:30:00-05:00,2023-04-14,CENSUS,March 2023,2023-04-14 14:30,Retail Sales,696,118639,March,3,-1% m/m,"-0,4% m/m","-0,4% m/m",1681475400,1,1,1,pinned_report_and_event_name,EconomicCalendar/raw/oanda/daily/2023-04-14.json
DURABLE_GOODS,2023-04-26T07:30:00-05:00,2023-04-26,CENSUS,March 2023,2023-04-26 14:30,Durable Goods Orders - pre..,59,118689,March,3,"3,2% m/m","0,8% m/m",-1% m/m,1682512200,1,1,1,pinned_report_and_event_name,EconomicCalendar/raw/oanda/daily/2023-04-26.json
GDP,2023-04-27T07:30:00-05:00,2023-04-27,BEA,Q1 2023 Advance,2023-04-27 14:30,GDP (Annualized) - pre..,690,117050,1Q,3,"1,1%",2%,"2,6%",1682598600,1,1,1,pinned_report_and_event_name,EconomicCalendar/raw/oanda/daily/2023-04-27.json
PCE,2023-04-28T07:30:00-05:00,2023-04-28,BEA,March 2023,2023-04-28 14:30,Personal Consumption Expenditures,694,116921,March,2,,"-0,1% m/m","0,2% m/m",1682685000,1,1,0,pinned_report_and_event_name,EconomicCalendar/raw/oanda/daily/2023-04-28.json
FOMC,2023-05-03T13:00:00-05:00,2023-05-03,FEDERAL_RESERVE,FOMC 2023-05-03,2023-05-03 20:00,FOMC Interest Rate Decision,82,116622,May,3,"5,00-5,25%","5,00-5,25%","4,75-5,00%",1683136800,1,1,1,pinned_report_and_event_name,EconomicCalendar/raw/oanda/daily/2023-05-03.json
EMPLOYMENT,2023-05-05T07:30:00-05:00,2023-05-05,BLS,April 2023,2023-05-05 14:30,Non-Farm Employment Change,707,118512,April,3,253 k,180 k,236 k,1683289800,1,1,1,pinned_report_and_event_name,EconomicCalendar/raw/oanda/daily/2023-05-05.json
CPI,2023-05-10T07:30:00-05:00,2023-05-10,BLS,April 2023,2023-05-10 14:30,Consumer Price Index,699,118285,April,3,"0,4% m/m","0,4% m/m","0,1% m/m",1683721800,1,1,1,pinned_report_and_event_name,EconomicCalendar/raw/oanda/daily/2023-05-10.json
PPI,2023-05-11T07:30:00-05:00,2023-05-11,BLS,April 2023,2023-05-11 14:30,Producer Price Index,703,118345,April,2,"0,2% m/m","0,3% m/m","-0,5% m/m",1683808200,1,1,1,pinned_report_and_event_name,EconomicCalendar/raw/oanda/daily/2023-05-11.json
RETAIL_SALES,2023-05-16T07:30:00-05:00,2023-05-16,CENSUS,April 2023,2023-05-16 14:30,Retail Sales,696,118643,April,3,"0,4% m/m","0,8% m/m",-1% m/m,1684240200,1,1,1,pinned_report_and_event_name,EconomicCalendar/raw/oanda/daily/2023-05-16.json
GDP,2023-05-25T07:30:00-05:00,2023-05-25,BEA,Q1 2023 Second,2023-05-25 14:30,GDP (Annualized) - rev..,690,117055,1Q,3,"1,3%","1,1%","2,6%",1685017800,1,1,1,pinned_report_and_event_name,EconomicCalendar/raw/oanda/daily/2023-05-25.json
DURABLE_GOODS,2023-05-26T07:30:00-05:00,2023-05-26,CENSUS,April 2023,2023-05-26 14:30,Durable Goods Orders - pre..,59,118690,April,3,"1,1% m/m",-1% m/m,"3,2% m/m",1685104200,1,1,1,pinned_report_and_event_name,EconomicCalendar/raw/oanda/daily/2023-05-26.json
PCE,2023-05-26T07:30:00-05:00,2023-05-26,BEA,April 2023,2023-05-26 14:30,Personal Consumption Expenditures,694,116927,April,2,"0,8% m/m","0,3% m/m",,1685104200,1,0,1,pinned_report_and_event_name,EconomicCalendar/raw/oanda/daily/2023-05-26.json
EMPLOYMENT,2023-06-02T07:30:00-05:00,2023-06-02,BLS,May 2023,2023-06-02 14:30,Non-Farm Employment Change,707,118520,May,3,339 k,190 k,253 k,1685709000,1,1,1,pinned_report_and_event_name,EconomicCalendar/raw/oanda/daily/2023-06-02.json
CPI,2023-06-13T07:30:00-05:00,2023-06-13,BLS,May 2023,2023-06-13 14:30,Consumer Price Index,699,118290,May,3,"0,1% m/m","0,2% m/m","0,4% m/m",1686659400,1,1,1,pinned_report_and_event_name,EconomicCalendar/raw/oanda/daily/2023-06-13.json
PPI,2023-06-14T07:30:00-05:00,2023-06-14,BLS,May 2023,2023-06-14 14:30,Producer Price Index,703,118350,May,2,"-0,3% m/m","-0,1% m/m","0,2% m/m",1686745800,1,1,1,pinned_report_and_event_name,EconomicCalendar/raw/oanda/daily/2023-06-14.json
FOMC,2023-06-14T13:00:00-05:00,2023-06-14,FEDERAL_RESERVE,FOMC 2023-06-14,2023-06-14 20:00,FOMC Interest Rate Decision,82,116623,June,3,"5,00-5,25%","5,00-5,25%","5,00-5,25%",1686765600,1,1,1,pinned_report_and_event_name,EconomicCalendar/raw/oanda/daily/2023-06-14.json
RETAIL_SALES,2023-06-15T07:30:00-05:00,2023-06-15,CENSUS,May 2023,2023-06-15 14:30,Retail Sales,696,118647,May,3,"0,3% m/m","-0,1% m/m","0,4% m/m",1686832200,1,1,1,pinned_report_and_event_name,EconomicCalendar/raw/oanda/daily/2023-06-15.json
DURABLE_GOODS,2023-06-27T07:30:00-05:00,2023-06-27,CENSUS,May 2023,2023-06-27 14:30,Durable Goods Orders - pre..,59,118691,May,3,"1,7% m/m","-1,1% m/m","1,1% m/m",1687869000,1,1,1,pinned_report_and_event_name,EconomicCalendar/raw/oanda/daily/2023-06-27.json
GDP,2023-06-29T07:30:00-05:00,2023-06-29,BEA,Q1 2023 Third,2023-06-29 14:30,GDP (Annualized) - fin..,690,117060,1Q,3,2%,"1,4%","2,6%",1688041800,1,1,1,pinned_report_and_event_name,EconomicCalendar/raw/oanda/daily/2023-06-29.json
PCE,2023-06-30T07:30:00-05:00,2023-06-30,BEA,May 2023,2023-06-30 14:30,Personal Consumption Expenditures,694,116933,May,2,"0,1% m/m","0,2% m/m","0,8% m/m",1688128200,1,1,1,pinned_report_and_event_name,EconomicCalendar/raw/oanda/daily/2023-06-30.json
EMPLOYMENT,2023-07-07T07:30:00-05:00,2023-07-07,BLS,June 2023,2023-07-07 14:30,Non-Farm Employment Change,707,118528,June,3,209 k,225 k,339 k,1688733000,1,1,1,pinned_report_and_event_name,EconomicCalendar/raw/oanda/daily/2023-07-07.json
CPI,2023-07-12T07:30:00-05:00,2023-07-12,BLS,June 2023,2023-07-12 14:30,Consumer Price Index,699,118295,June,3,"0,2% m/m","0,3% m/m","0,1% m/m",1689165000,1,1,1,pinned_report_and_event_name,EconomicCalendar/raw/oanda/daily/2023-07-12.json
PPI,2023-07-13T07:30:00-05:00,2023-07-13,BLS,June 2023,2023-07-13 14:30,Producer Price Index,703,118355,June,2,"0,1% m/m","0,2% m/m","-0,3% m/m",1689251400,1,1,1,pinned_report_and_event_name,EconomicCalendar/raw/oanda/daily/2023-07-13.json
RETAIL_SALES,2023-07-18T07:30:00-05:00,2023-07-18,CENSUS,June 2023,2023-07-18 14:30,Retail Sales,696,118651,June,3,"0,2% m/m","0,5% m/m","0,3% m/m",1689683400,1,1,1,pinned_report_and_event_name,EconomicCalendar/raw/oanda/daily/2023-07-18.json
FOMC,2023-07-26T13:00:00-05:00,2023-07-26,FEDERAL_RESERVE,FOMC 2023-07-26,2023-07-26 20:00,FOMC Interest Rate Decision,82,116624,July,3,"5,25-5,50%","5,25-5,50%","5,00-5,25%",1690394400,1,1,1,pinned_report_and_event_name,EconomicCalendar/raw/oanda/daily/2023-07-26.json
DURABLE_GOODS,2023-07-27T07:30:00-05:00,2023-07-27,CENSUS,June 2023,2023-07-27 14:30,Durable Goods Orders - pre..,59,118692,June,3,"4,7% m/m","0,6% m/m","1,8% m/m",1690461000,1,1,1,pinned_report_and_event_name,EconomicCalendar/raw/oanda/daily/2023-07-27.json
GDP,2023-07-27T07:30:00-05:00,2023-07-27,BEA,Q2 2023 Advance,2023-07-27 14:30,GDP (Annualized) - pre..,690,117065,2Q,3,"2,4%","1,7%",2%,1690461000,1,1,1,pinned_report_and_event_name,EconomicCalendar/raw/oanda/daily/2023-07-27.json
PCE,2023-07-28T07:30:00-05:00,2023-07-28,BEA,June 2023,2023-07-28 14:30,Personal Consumption Expenditures,694,116939,June,2,"0,5% m/m","0,4% m/m","0,1% m/m",1690547400,1,1,1,pinned_report_and_event_name,EconomicCalendar/raw/oanda/daily/2023-07-28.json
EMPLOYMENT,2023-08-04T07:30:00-05:00,2023-08-04,BLS,July 2023,2023-08-04 14:30,Non-Farm Employment Change,707,118536,July,3,187 k,200 k,209 k,1691152200,1,1,1,pinned_report_and_event_name,EconomicCalendar/raw/oanda/daily/2023-08-04.json
CPI,2023-08-10T07:30:00-05:00,2023-08-10,BLS,July 2023,2023-08-10 14:30,Consumer Price Index,699,118300,July,3,"0,2% m/m","0,2% m/m","0,2% m/m",1691670600,1,1,1,pinned_report_and_event_name,EconomicCalendar/raw/oanda/daily/2023-08-10.json
PPI,2023-08-11T07:30:00-05:00,2023-08-11,BLS,July 2023,2023-08-11 14:30,Producer Price Index,703,118360,July,2,"0,3% m/m","0,2% m/m","0,1% m/m",1691757000,1,1,1,pinned_report_and_event_name,EconomicCalendar/raw/oanda/daily/2023-08-11.json
RETAIL_SALES,2023-08-15T07:30:00-05:00,2023-08-15,CENSUS,July 2023,2023-08-15 14:30,Retail Sales,696,118655,July,3,"0,7% m/m","0,4% m/m","0,2% m/m",1692102600,1,1,1,pinned_report_and_event_name,EconomicCalendar/raw/oanda/daily/2023-08-15.json
DURABLE_GOODS,2023-08-24T07:30:00-05:00,2023-08-24,CENSUS,July 2023,2023-08-24 14:30,Durable Goods Orders - pre..,59,118693,July,3,"-5,2% m/m","-4,1% m/m","4,6% m/m",1692880200,1,1,1,pinned_report_and_event_name,EconomicCalendar/raw/oanda/daily/2023-08-24.json
GDP,2023-08-30T07:30:00-05:00,2023-08-30,BEA,Q2 2023 Second,2023-08-30 14:30,GDP (Annualized) - rev..,690,117070,2Q,3,"2,1%","2,4%",2%,1693398600,1,1,1,pinned_report_and_event_name,EconomicCalendar/raw/oanda/daily/2023-08-30.json
PCE,2023-08-31T07:30:00-05:00,2023-08-31,BEA,July 2023,2023-08-31 14:30,Personal Consumption Expenditures,694,116945,July,2,"0,8% m/m","0,6% m/m","0,5% m/m",1693485000,1,1,1,pinned_report_and_event_name,EconomicCalendar/raw/oanda/daily/2023-08-31.json
EMPLOYMENT,2023-09-01T07:30:00-05:00,2023-09-01,BLS,August 2023,2023-09-01 14:30,Non-Farm Employment Change,707,118544,August,3,187 k,170 k,187 k,1693571400,1,1,1,pinned_report_and_event_name,EconomicCalendar/raw/oanda/daily/2023-09-01.json
CPI,2023-09-13T07:30:00-05:00,2023-09-13,BLS,August 2023,2023-09-13 14:30,Consumer Price Index,699,118305,August,3,"0,6% m/m","0,6% m/m","0,2% m/m",1694608200,1,1,1,pinned_report_and_event_name,EconomicCalendar/raw/oanda/daily/2023-09-13.json
PPI,2023-09-14T07:30:00-05:00,2023-09-14,BLS,August 2023,2023-09-14 14:30,Producer Price Index,703,118365,August,2,"0,7% m/m","0,4% m/m","0,3% m/m",1694694600,1,1,1,pinned_report_and_event_name,EconomicCalendar/raw/oanda/daily/2023-09-14.json
RETAIL_SALES,2023-09-14T07:30:00-05:00,2023-09-14,CENSUS,August 2023,2023-09-14 14:30,Retail Sales,696,118659,August,3,"0,6% m/m","0,2% m/m","0,7% m/m",1694694600,1,1,1,pinned_report_and_event_name,EconomicCalendar/raw/oanda/daily/2023-09-14.json
FOMC,2023-09-20T13:00:00-05:00,2023-09-20,FEDERAL_RESERVE,FOMC 2023-09-20,2023-09-20 20:00,FOMC Interest Rate Decision,82,116625,September,3,"5,25-5,50%","5,25-5,50%","5,25-5,50%",1695232800,1,1,1,pinned_report_and_event_name,EconomicCalendar/raw/oanda/daily/2023-09-20.json
DURABLE_GOODS,2023-09-27T07:30:00-05:00,2023-09-27,CENSUS,August 2023,2023-09-27 14:30,Durable Goods Orders - pre..,59,118694,August,3,"0,2% m/m","-0,5% m/m","-5,2% m/m",1695817800,1,1,1,pinned_report_and_event_name,EconomicCalendar/raw/oanda/daily/2023-09-27.json
GDP,2023-09-28T07:30:00-05:00,2023-09-28,BEA,Q2 2023 Third,2023-09-28 14:30,GDP (Annualized) - fin..,690,117075,2Q,3,"2,1%","2,1%",2%,1695904200,1,1,1,pinned_report_and_event_name,EconomicCalendar/raw/oanda/daily/2023-09-28.json
PCE,2023-09-29T07:30:00-05:00,2023-09-29,BEA,August 2023,2023-09-29 14:30,Personal Consumption Expenditures,694,116951,August,2,"0,4% m/m","0,5% m/m","0,8% m/m",1695990600,1,1,1,pinned_report_and_event_name,EconomicCalendar/raw/oanda/daily/2023-09-29.json
EMPLOYMENT,2023-10-06T07:30:00-05:00,2023-10-06,BLS,September 2023,2023-10-06 14:30,Non-Farm Employment Change,707,118552,September,3,336 k,170 k,187 k,1696595400,1,1,1,pinned_report_and_event_name,EconomicCalendar/raw/oanda/daily/2023-10-06.json
PPI,2023-10-11T07:30:00-05:00,2023-10-11,BLS,September 2023,2023-10-11 14:30,Producer Price Index,703,118370,September,2,"0,5% m/m","0,3% m/m","0,7% m/m",1697027400,1,1,1,pinned_report_and_event_name,EconomicCalendar/raw/oanda/daily/2023-10-11.json
CPI,2023-10-12T07:30:00-05:00,2023-10-12,BLS,September 2023,2023-10-12 14:30,Consumer Price Index,699,118310,September,3,"0,4% m/m","0,3% m/m","0,6% m/m",1697113800,1,1,1,pinned_report_and_event_name,EconomicCalendar/raw/oanda/daily/2023-10-12.json
RETAIL_SALES,2023-10-17T07:30:00-05:00,2023-10-17,CENSUS,September 2023,2023-10-17 14:30,Retail Sales,696,118663,September,3,"0,7% m/m","0,3% m/m","0,6% m/m",1697545800,1,1,1,pinned_report_and_event_name,EconomicCalendar/raw/oanda/daily/2023-10-17.json
DURABLE_GOODS,2023-10-26T07:30:00-05:00,2023-10-26,CENSUS,September 2023,2023-10-26 14:30,Durable Goods Orders - pre..,59,118695,September,3,"4,7% m/m","1,7% m/m","0,1% m/m",1698323400,1,1,1,pinned_report_and_event_name,EconomicCalendar/raw/oanda/daily/2023-10-26.json
GDP,2023-10-26T07:30:00-05:00,2023-10-26,BEA,Q3 2023 Advance,2023-10-26 14:30,GDP (Annualized) - pre..,690,117080,3Q,3,"4,9%","4,3%","2,1%",1698323400,1,1,1,pinned_report_and_event_name,EconomicCalendar/raw/oanda/daily/2023-10-26.json
PCE,2023-10-27T07:30:00-05:00,2023-10-27,BEA,September 2023,2023-10-27 14:30,Personal Consumption Expenditures,694,116957,September,2,"0,7% m/m","0,5% m/m","0,4% m/m",1698409800,1,1,1,pinned_report_and_event_name,EconomicCalendar/raw/oanda/daily/2023-10-27.json
FOMC,2023-11-01T13:00:00-05:00,2023-11-01,FEDERAL_RESERVE,FOMC 2023-11-01,2023-11-01 19:00,FOMC Interest Rate Decision,82,116626,November,3,"5,25-5,50%","5,25-5,50%","5,25-5,50%",1698861600,1,1,1,pinned_report_and_event_name,EconomicCalendar/raw/oanda/daily/2023-11-01.json
EMPLOYMENT,2023-11-03T07:30:00-05:00,2023-11-03,BLS,October 2023,2023-11-03 13:30,Non-Farm Employment Change,707,118560,October,3,150 k,180 k,336 k,1699014600,1,1,1,pinned_report_and_event_name,EconomicCalendar/raw/oanda/daily/2023-11-03.json
CPI,2023-11-14T07:30:00-06:00,2023-11-14,BLS,October 2023,2023-11-14 14:30,Consumer Price Index,699,118315,October,3,,"0,1% m/m","0,4% m/m",1699968600,1,1,0,pinned_report_and_event_name,EconomicCalendar/raw/oanda/daily/2023-11-14.json
PPI,2023-11-15T07:30:00-06:00,2023-11-15,BLS,October 2023,2023-11-15 14:30,Producer Price Index,703,118375,October,2,"-0,5% m/m","0,1% m/m","0,5% m/m",1700055000,1,1,1,pinned_report_and_event_name,EconomicCalendar/raw/oanda/daily/2023-11-15.json
RETAIL_SALES,2023-11-15T07:30:00-06:00,2023-11-15,CENSUS,October 2023,2023-11-15 14:30,Retail Sales,696,118667,October,3,"-0,1% m/m","-0,3% m/m","0,7% m/m",1700055000,1,1,1,pinned_report_and_event_name,EconomicCalendar/raw/oanda/daily/2023-11-15.json
DURABLE_GOODS,2023-11-22T07:30:00-06:00,2023-11-22,CENSUS,October 2023,2023-11-22 14:30,Durable Goods Orders - pre..,59,118696,October,3,"-5,4% m/m","-3,1% m/m","4,6% m/m",1700659800,1,1,1,pinned_report_and_event_name,EconomicCalendar/raw/oanda/daily/2023-11-22.json
GDP,2023-11-29T07:30:00-06:00,2023-11-29,BEA,Q3 2023 Second,2023-11-29 14:30,GDP (Annualized) - rev..,690,117085,3Q,3,"5,2%",5%,"2,1%",1701264600,1,1,1,pinned_report_and_event_name,EconomicCalendar/raw/oanda/daily/2023-11-29.json
PCE,2023-11-30T07:30:00-06:00,2023-11-30,BEA,October 2023,2023-11-30 14:30,Personal Consumption Expenditures,694,116963,October,2,"0,2% m/m","0,2% m/m","0,7% m/m",1701351000,1,1,1,pinned_report_and_event_name,EconomicCalendar/raw/oanda/daily/2023-11-30.json
JOLTS,2023-12-05T09:00:00-06:00,2023-12-05,BLS,October 2023,2023-12-05 16:00,JOLTS Job Openings,1371,124631,October,3,"8,73 mn","9,3 mn","9,55 mn",1701788400,1,1,1,pinned_report_and_event_name,EconomicCalendar/raw/oanda/daily/2023-12-05.json
EMPLOYMENT,2023-12-08T07:30:00-06:00,2023-12-08,BLS,November 2023,2023-12-08 14:30,Non-Farm Employment Change,707,118568,November,3,199 k,180 k,150 k,1702042200,1,1,1,pinned_report_and_event_name,EconomicCalendar/raw/oanda/daily/2023-12-08.json
CPI,2023-12-12T07:30:00-06:00,2023-12-12,BLS,November 2023,2023-12-12 14:30,Consumer Price Index,699,118320,November,3,"0,1% m/m",,,1702387800,0,0,1,pinned_report_and_event_name,EconomicCalendar/raw/oanda/daily/2023-12-12.json
PPI,2023-12-13T07:30:00-06:00,2023-12-13,BLS,November 2023,2023-12-13 14:30,Producer Price Index,703,118380,November,2,,"0,1% m/m","-0,5% m/m",1702474200,1,1,0,pinned_report_and_event_name,EconomicCalendar/raw/oanda/daily/2023-12-13.json
FOMC,2023-12-13T13:00:00-06:00,2023-12-13,FEDERAL_RESERVE,FOMC 2023-12-13,2023-12-13 20:00,FOMC Interest Rate Decision,82,116627,December,3,"5,25-5,50%","5,25-5,50%","5,25-5,50%",1702494000,1,1,1,pinned_report_and_event_name,EconomicCalendar/raw/oanda/daily/2023-12-13.json
RETAIL_SALES,2023-12-14T07:30:00-06:00,2023-12-14,CENSUS,November 2023,2023-12-14 14:30,Retail Sales,696,118671,November,3,"0,3% m/m","-0,1% m/m","-0,1% m/m",1702560600,1,1,1,pinned_report_and_event_name,EconomicCalendar/raw/oanda/daily/2023-12-14.json
GDP,2023-12-21T07:30:00-06:00,2023-12-21,BEA,Q3 2023 Third,2023-12-21 14:30,GDP (Annualized) - fin..,690,117090,3Q,3,"4,9%","5,2%","2,1%",1703165400,1,1,1,pinned_report_and_event_name,EconomicCalendar/raw/oanda/daily/2023-12-21.json
DURABLE_GOODS,2023-12-22T07:30:00-06:00,2023-12-22,CENSUS,November 2023,2023-12-22 14:30,Durable Goods Orders - pre..,59,118697,November,3,"5,4% m/m","2,3% m/m","-5,4% m/m",1703251800,1,1,1,pinned_report_and_event_name,EconomicCalendar/raw/oanda/daily/2023-12-22.json
PCE,2023-12-22T07:30:00-06:00,2023-12-22,BEA,November 2023,2023-12-22 14:30,Personal Consumption Expenditures,694,116969,November,2,"0,2% m/m","0,3% m/m","0,2% m/m",1703251800,1,1,1,pinned_report_and_event_name,EconomicCalendar/raw/oanda/daily/2023-12-22.json
JOLTS,2024-01-03T09:00:00-06:00,2024-01-03,BLS,November 2023,2024-01-03 16:00,JOLTS Job Openings,1371,127578,November,3,"8,79 mn","8,85 mn","8,73 mn",1704294000,1,1,1,pinned_report_and_event_name,EconomicCalendar/raw/oanda/daily/2024-01-03.json
EMPLOYMENT,2024-01-05T07:30:00-06:00,2024-01-05,BLS,December 2023,2024-01-05 14:30,Non-Farm Employment Change,707,127793,December,3,216 k,170 k,199 k,1704461400,1,1,1,pinned_report_and_event_name,EconomicCalendar/raw/oanda/daily/2024-01-05.json
CPI,2024-01-11T07:30:00-06:00,2024-01-11,BLS,December 2023,2024-01-11 14:30,Consumer Price Index,699,126154,December,3,"0,3% m/m","0,2% m/m","0,1% m/m",1704979800,1,1,1,pinned_report_and_event_name,EconomicCalendar/raw/oanda/daily/2024-01-11.json
PPI,2024-01-12T07:30:00-06:00,2024-01-12,BLS,December 2023,2024-01-12 14:30,Producer Price Index,703,126214,December,2,"-0,1% m/m","0,1% m/m",,1705066200,1,0,1,pinned_report_and_event_name,EconomicCalendar/raw/oanda/daily/2024-01-12.json
RETAIL_SALES,2024-01-17T07:30:00-06:00,2024-01-17,CENSUS,December 2023,2024-01-17 14:30,Retail Sales,696,129882,December,3,"0,6% m/m","0,4% m/m","0,3% m/m",1705498200,1,1,1,pinned_report_and_event_name,EconomicCalendar/raw/oanda/daily/2024-01-17.json
DURABLE_GOODS,2024-01-25T07:30:00-06:00,2024-01-25,CENSUS,December 2023,2024-01-25 14:30,Durable Goods Orders - pre..,59,129941,December,3,,1% m/m,"5,4% m/m",1706189400,1,1,0,pinned_report_and_event_name,EconomicCalendar/raw/oanda/daily/2024-01-25.json
GDP,2024-01-25T07:30:00-06:00,2024-01-25,BEA,Q4 2023 Advance,2024-01-25 14:30,GDP (Annualized) - pre..,690,127651,4Q,3,"3,3%",2%,"4,9%",1706189400,1,1,1,pinned_report_and_event_name,EconomicCalendar/raw/oanda/daily/2024-01-25.json
PCE,2024-01-26T07:30:00-06:00,2024-01-26,BEA,December 2023,2024-01-26 14:30,Personal Consumption Expenditures,694,126409,December,2,"0,7% m/m","0,4% m/m","0,2% m/m",1706275800,1,1,1,pinned_report_and_event_name,EconomicCalendar/raw/oanda/daily/2024-01-26.json
JOLTS,2024-01-30T09:00:00-06:00,2024-01-30,BLS,December 2023,2024-01-30 16:00,JOLTS Job Openings,1371,127579,December,3,"9,03 mn","8,75 mn","8,79 mn",1706626800,1,1,1,pinned_report_and_event_name,EconomicCalendar/raw/oanda/daily/2024-01-30.json
FOMC,2024-01-31T13:00:00-06:00,2024-01-31,FEDERAL_RESERVE,FOMC 2024-01-31,2024-01-31 20:00,FOMC Interest Rate Decision,82,116628,January,3,"5,25-5,50%","5,25-5,50%","5,25-5,50%",1706727600,1,1,1,pinned_report_and_event_name,EconomicCalendar/raw/oanda/daily/2024-01-31.json
EMPLOYMENT,2024-02-02T07:30:00-06:00,2024-02-02,BLS,January 2024,2024-02-02 14:30,Non-Farm Employment Change,707,127801,January,3,353 k,180 k,216 k,1706880600,1,1,1,pinned_report_and_event_name,EconomicCalendar/raw/oanda/daily/2024-02-02.json
CPI,2024-02-13T07:30:00-06:00,2024-02-13,BLS,January 2024,2024-02-13 14:30,Consumer Price Index,699,126159,January,3,"0,3% m/m","0,2% m/m","0,3% m/m",1707831000,1,1,1,pinned_report_and_event_name,EconomicCalendar/raw/oanda/daily/2024-02-13.json
RETAIL_SALES,2024-02-15T07:30:00-06:00,2024-02-15,CENSUS,January 2024,2024-02-15 14:30,Retail Sales,696,129886,January,3,"-0,8% m/m","-0,1% m/m","0,6% m/m",1708003800,1,1,1,pinned_report_and_event_name,EconomicCalendar/raw/oanda/daily/2024-02-15.json
PPI,2024-02-16T07:30:00-06:00,2024-02-16,BLS,January 2024,2024-02-16 14:30,Producer Price Index,703,126219,January,2,"0,3% m/m","0,1% m/m","-0,1% m/m",1708090200,1,1,1,pinned_report_and_event_name,EconomicCalendar/raw/oanda/daily/2024-02-16.json
DURABLE_GOODS,2024-02-27T07:30:00-06:00,2024-02-27,CENSUS,January 2024,2024-02-27 14:30,Durable Goods Orders - pre..,59,129942,January,3,"-6,1% m/m","-4,5% m/m",,1709040600,1,0,1,pinned_report_and_event_name,EconomicCalendar/raw/oanda/daily/2024-02-27.json
GDP,2024-02-28T07:30:00-06:00,2024-02-28,BEA,Q4 2023 Second,2024-02-28 14:30,GDP (Annualized) - rev..,690,127656,4Q,3,"3,2%","3,3%","4,9%",1709127000,1,1,1,pinned_report_and_event_name,EconomicCalendar/raw/oanda/daily/2024-02-28.json
PCE,2024-02-29T07:30:00-06:00,2024-02-29,BEA,January 2024,2024-02-29 14:30,Personal Consumption Expenditures,694,126415,January,2,"0,2% m/m","0,2% m/m","0,7% m/m",1709213400,1,1,1,pinned_report_and_event_name,EconomicCalendar/raw/oanda/daily/2024-02-29.json
JOLTS,2024-03-06T09:00:00-06:00,2024-03-06,BLS,January 2024,2024-03-06 16:00,JOLTS Job Openings,1371,127580,January,3,"8,863 mn","8,9 mn","9,03 mn",1709737200,1,1,1,pinned_report_and_event_name,EconomicCalendar/raw/oanda/daily/2024-03-06.json
EMPLOYMENT,2024-03-08T07:30:00-06:00,2024-03-08,BLS,February 2024,2024-03-08 14:30,Non-Farm Employment Change,707,127809,February,3,275 k,200 k,353 k,1709904600,1,1,1,pinned_report_and_event_name,EconomicCalendar/raw/oanda/daily/2024-03-08.json
CPI,2024-03-12T07:30:00-05:00,2024-03-12,BLS,February 2024,2024-03-12 13:30,Consumer Price Index,699,126164,February,3,"0,4% m/m","0,4% m/m","0,3% m/m",1710246600,1,1,1,pinned_report_and_event_name,EconomicCalendar/raw/oanda/daily/2024-03-12.json
PPI,2024-03-14T07:30:00-05:00,2024-03-14,BLS,February 2024,2024-03-14 13:30,Producer Price Index,703,126224,February,2,"0,6% m/m","0,3% m/m","0,3% m/m",1710419400,1,1,1,pinned_report_and_event_name,EconomicCalendar/raw/oanda/daily/2024-03-14.json
RETAIL_SALES,2024-03-14T07:30:00-05:00,2024-03-14,CENSUS,February 2024,2024-03-14 13:30,Retail Sales,696,129890,February,3,"0,6% m/m","0,8% m/m","-0,8% m/m",1710419400,1,1,1,pinned_report_and_event_name,EconomicCalendar/raw/oanda/daily/2024-03-14.json
FOMC,2024-03-20T13:00:00-05:00,2024-03-20,FEDERAL_RESERVE,FOMC 2024-03-20,2024-03-20 19:00,FOMC Interest Rate Decision,82,126401,March,3,"5,25-5,50%","5,25-5,50%","5,25-5,50%",1710957600,1,1,1,pinned_report_and_event_name,EconomicCalendar/raw/oanda/daily/2024-03-20.json
DURABLE_GOODS,2024-03-26T07:30:00-05:00,2024-03-26,CENSUS,February 2024,2024-03-26 13:30,Durable Goods Orders - pre..,59,129943,February,3,"1,4% m/m","1,2% m/m","-6,2% m/m",1711456200,1,1,1,pinned_report_and_event_name,EconomicCalendar/raw/oanda/daily/2024-03-26.json
GDP,2024-03-28T07:30:00-05:00,2024-03-28,BEA,Q4 2023 Third,2024-03-28 13:30,GDP (Annualized) - fin..,690,127661,4Q,3,"3,4%","3,2%","4,9%",1711629000,1,1,1,pinned_report_and_event_name,EconomicCalendar/raw/oanda/daily/2024-03-28.json
PCE,2024-03-29T07:30:00-05:00,2024-03-29,BEA,February 2024,2024-03-29 13:30,Personal Consumption Expenditures,694,126421,February,2,"0,8% m/m","0,5% m/m","0,2% m/m",1711715400,1,1,1,pinned_report_and_event_name,EconomicCalendar/raw/oanda/daily/2024-03-29.json
JOLTS,2024-04-02T09:00:00-05:00,2024-04-02,BLS,February 2024,2024-04-02 16:00,JOLTS Job Openings,1371,127581,February,3,"8,756 mn","8,75 mn","8,863 mn",1712066400,1,1,1,pinned_report_and_event_name,EconomicCalendar/raw/oanda/daily/2024-04-02.json
EMPLOYMENT,2024-04-05T07:30:00-05:00,2024-04-05,BLS,March 2024,2024-04-05 14:30,Non-Farm Employment Change,707,127817,March,3,303 k,200 k,275 k,1712320200,1,1,1,pinned_report_and_event_name,EconomicCalendar/raw/oanda/daily/2024-04-05.json
CPI,2024-04-10T07:30:00-05:00,2024-04-10,BLS,March 2024,2024-04-10 14:30,Consumer Price Index,699,126169,March,3,"0,4% m/m","0,3% m/m","0,4% m/m",1712752200,1,1,1,pinned_report_and_event_name,EconomicCalendar/raw/oanda/daily/2024-04-10.json
PPI,2024-04-11T07:30:00-05:00,2024-04-11,BLS,March 2024,2024-04-11 14:30,Producer Price Index,703,126229,March,2,"0,2% m/m","0,3% m/m","0,6% m/m",1712838600,1,1,1,pinned_report_and_event_name,EconomicCalendar/raw/oanda/daily/2024-04-11.json
RETAIL_SALES,2024-04-15T07:30:00-05:00,2024-04-15,CENSUS,March 2024,2024-04-15 14:30,Retail Sales,696,129894,March,3,"0,7% m/m","0,3% m/m","0,6% m/m",1713184200,1,1,1,pinned_report_and_event_name,EconomicCalendar/raw/oanda/daily/2024-04-15.json
DURABLE_GOODS,2024-04-24T07:30:00-05:00,2024-04-24,CENSUS,March 2024,2024-04-24 14:30,Durable Goods Orders - pre..,59,129944,March,3,"2,6% m/m","2,5% m/m","1,3% m/m",1713961800,1,1,1,pinned_report_and_event_name,EconomicCalendar/raw/oanda/daily/2024-04-24.json
GDP,2024-04-25T07:30:00-05:00,2024-04-25,BEA,Q1 2024 Advance,2024-04-25 14:30,GDP (Annualized) - pre..,690,127666,1Q,3,"1,6%","2,4%","3,4%",1714048200,1,1,1,pinned_report_and_event_name,EconomicCalendar/raw/oanda/daily/2024-04-25.json
PCE,2024-04-26T07:30:00-05:00,2024-04-26,BEA,March 2024,2024-04-26 14:30,Personal Consumption Expenditures,694,126427,March,2,"0,8% m/m","0,6% m/m","0,8% m/m",1714134600,1,1,1,pinned_report_and_event_name,EconomicCalendar/raw/oanda/daily/2024-04-26.json
JOLTS,2024-05-01T09:00:00-05:00,2024-05-01,BLS,March 2024,2024-05-01 16:00,JOLTS Job Openings,1371,127582,March,3,"8,488 mn","8,686 mn","8,756 mn",1714572000,1,1,1,pinned_report_and_event_name,EconomicCalendar/raw/oanda/daily/2024-05-01.json
FOMC,2024-05-01T13:00:00-05:00,2024-05-01,FEDERAL_RESERVE,FOMC 2024-05-01,2024-05-01 20:00,FOMC Interest Rate Decision,82,126402,May,3,"5,25-5,50%","5,25-5,50%","5,25-5,50%",1714586400,1,1,1,pinned_report_and_event_name,EconomicCalendar/raw/oanda/daily/2024-05-01.json
EMPLOYMENT,2024-05-03T07:30:00-05:00,2024-05-03,BLS,April 2024,2024-05-03 14:30,Non-Farm Employment Change,707,127825,April,3,175 k,245 k,303 k,1714739400,1,1,1,pinned_report_and_event_name,EconomicCalendar/raw/oanda/daily/2024-05-03.json
PPI,2024-05-14T07:30:00-05:00,2024-05-14,BLS,April 2024,2024-05-14 14:30,Producer Price Index,703,126234,April,2,"0,5% m/m","0,3% m/m","0,2% m/m",1715689800,1,1,1,pinned_report_and_event_name,EconomicCalendar/raw/oanda/daily/2024-05-14.json
CPI,2024-05-15T07:30:00-05:00,2024-05-15,BLS,April 2024,2024-05-15 14:30,Consumer Price Index,699,126174,April,3,"0,3% m/m","0,4% m/m","0,4% m/m",1715776200,1,1,1,pinned_report_and_event_name,EconomicCalendar/raw/oanda/daily/2024-05-15.json
RETAIL_SALES,2024-05-15T07:30:00-05:00,2024-05-15,CENSUS,April 2024,2024-05-15 14:30,Retail Sales,696,129898,April,3,"0,0% m/m","0,4% m/m","0,7% m/m",1715776200,1,1,1,pinned_report_and_event_name,EconomicCalendar/raw/oanda/daily/2024-05-15.json
DURABLE_GOODS,2024-05-24T07:30:00-05:00,2024-05-24,CENSUS,April 2024,2024-05-24 14:30,Durable Goods Orders - pre..,59,129945,April,3,"0,7% m/m","-0,6% m/m","2,6% m/m",1716553800,1,1,1,pinned_report_and_event_name,EconomicCalendar/raw/oanda/daily/2024-05-24.json
GDP,2024-05-30T07:30:00-05:00,2024-05-30,BEA,Q1 2024 Second,2024-05-30 14:30,GDP (Annualized) - rev..,690,127671,1Q,3,"1,3%","1,3%","3,4%",1717072200,1,1,1,pinned_report_and_event_name,EconomicCalendar/raw/oanda/daily/2024-05-30.json
PCE,2024-05-31T07:30:00-05:00,2024-05-31,BEA,April 2024,2024-05-31 14:30,Personal Consumption Expenditures,694,126433,April,2,"0,2% m/m","0,3% m/m","0,8% m/m",1717158600,1,1,1,pinned_report_and_event_name,EconomicCalendar/raw/oanda/daily/2024-05-31.json
JOLTS,2024-06-04T09:00:00-05:00,2024-06-04,BLS,April 2024,2024-06-04 16:00,JOLTS Job Openings,1371,127583,April,3,"8,059 mn","8,355 mn","8,488 mn",1717509600,1,1,1,pinned_report_and_event_name,EconomicCalendar/raw/oanda/daily/2024-06-04.json
EMPLOYMENT,2024-06-07T07:30:00-05:00,2024-06-07,BLS,May 2024,2024-06-07 14:30,Non-Farm Employment Change,707,127833,May,3,272 k,185 k,175 k,1717763400,1,1,1,pinned_report_and_event_name,EconomicCalendar/raw/oanda/daily/2024-06-07.json
CPI,2024-06-12T07:30:00-05:00,2024-06-12,BLS,May 2024,2024-06-12 14:30,Consumer Price Index,699,126179,May,3,,"0,1% m/m","0,3% m/m",1718195400,1,1,0,pinned_report_and_event_name,EconomicCalendar/raw/oanda/daily/2024-06-12.json
FOMC,2024-06-12T13:00:00-05:00,2024-06-12,FEDERAL_RESERVE,FOMC 2024-06-12,2024-06-12 20:00,FOMC Interest Rate Decision,82,126403,June,3,"5,25-5,50%","5,25-5,50%","5,25-5,50%",1718215200,1,1,1,pinned_report_and_event_name,EconomicCalendar/raw/oanda/daily/2024-06-12.json
PPI,2024-06-13T07:30:00-05:00,2024-06-13,BLS,May 2024,2024-06-13 14:30,Producer Price Index,703,126239,May,2,"-0,2% m/m","0,1% m/m","0,5% m/m",1718281800,1,1,1,pinned_report_and_event_name,EconomicCalendar/raw/oanda/daily/2024-06-13.json
RETAIL_SALES,2024-06-18T07:30:00-05:00,2024-06-18,CENSUS,May 2024,2024-06-18 14:30,Retail Sales,696,129902,May,3,"0,1% m/m","0,2% m/m","0,0% m/m",1718713800,1,1,1,pinned_report_and_event_name,EconomicCalendar/raw/oanda/daily/2024-06-18.json
DURABLE_GOODS,2024-06-27T07:30:00-05:00,2024-06-27,CENSUS,May 2024,2024-06-27 14:30,Durable Goods Orders - pre..,59,129946,May,3,"0,1% m/m","-0,1% m/m","0,6% m/m",1719491400,1,1,1,pinned_report_and_event_name,EconomicCalendar/raw/oanda/daily/2024-06-27.json
GDP,2024-06-27T07:30:00-05:00,2024-06-27,BEA,Q1 2024 Third,2024-06-27 14:30,GDP (Annualized) - fin..,690,127676,1Q,3,"1,4%","1,4%","3,4%",1719491400,1,1,1,pinned_report_and_event_name,EconomicCalendar/raw/oanda/daily/2024-06-27.json
PCE,2024-06-28T07:30:00-05:00,2024-06-28,BEA,May 2024,2024-06-28 14:30,Personal Consumption Expenditures,694,126439,May,2,"0,2% m/m","0,3% m/m","0,2% m/m",1719577800,1,1,1,pinned_report_and_event_name,EconomicCalendar/raw/oanda/daily/2024-06-28.json
JOLTS,2024-07-02T09:00:00-05:00,2024-07-02,BLS,May 2024,2024-07-02 16:00,JOLTS Job Openings,1371,127584,May,3,"8,14 mn","7,91 mn","8,059 mn",1719928800,1,1,1,pinned_report_and_event_name,EconomicCalendar/raw/oanda/daily/2024-07-02.json
EMPLOYMENT,2024-07-05T07:30:00-05:00,2024-07-05,BLS,June 2024,2024-07-05 14:30,Non-Farm Employment Change,707,127841,June,3,206 k,190 k,272 k,1720182600,1,1,1,pinned_report_and_event_name,EconomicCalendar/raw/oanda/daily/2024-07-05.json
CPI,2024-07-11T07:30:00-05:00,2024-07-11,BLS,June 2024,2024-07-11 14:30,Consumer Price Index,699,126184,June,3,"-0,1% m/m","0,1% m/m",,1720701000,1,0,1,pinned_report_and_event_name,EconomicCalendar/raw/oanda/daily/2024-07-11.json
PPI,2024-07-12T07:30:00-05:00,2024-07-12,BLS,June 2024,2024-07-12 14:30,Producer Price Index,703,126244,June,2,"0,2% m/m","0,1% m/m","-0,2% m/m",1720787400,1,1,1,pinned_report_and_event_name,EconomicCalendar/raw/oanda/daily/2024-07-12.json
RETAIL_SALES,2024-07-16T07:30:00-05:00,2024-07-16,CENSUS,June 2024,2024-07-16 14:30,Retail Sales,696,129906,June,3,,"-0,3% m/m","0,1% m/m",1721133000,1,1,0,pinned_report_and_event_name,EconomicCalendar/raw/oanda/daily/2024-07-16.json
DURABLE_GOODS,2024-07-25T07:30:00-05:00,2024-07-25,CENSUS,June 2024,2024-07-25 14:30,Durable Goods Orders - pre..,59,129947,June,3,"-6,6% m/m","0,3% m/m","0,1% m/m",1721910600,1,1,1,pinned_report_and_event_name,EconomicCalendar/raw/oanda/daily/2024-07-25.json
GDP,2024-07-25T07:30:00-05:00,2024-07-25,BEA,Q2 2024 Advance,2024-07-25 14:30,GDP (Annualized) - pre..,690,127681,2Q,3,"2,8%",2%,"1,4%",1721910600,1,1,1,pinned_report_and_event_name,EconomicCalendar/raw/oanda/daily/2024-07-25.json
PCE,2024-07-26T07:30:00-05:00,2024-07-26,BEA,June 2024,2024-07-26 14:30,Personal Consumption Expenditures,694,126445,June,2,"0,3% m/m","0,3% m/m","0,2% m/m",1721997000,1,1,1,pinned_report_and_event_name,EconomicCalendar/raw/oanda/daily/2024-07-26.json
JOLTS,2024-07-30T09:00:00-05:00,2024-07-30,BLS,June 2024,2024-07-30 16:00,JOLTS Job Openings,1371,127585,June,3,"8,184 mn","8,0 mn","8,14 mn",1722348000,1,1,1,pinned_report_and_event_name,EconomicCalendar/raw/oanda/daily/2024-07-30.json
FOMC,2024-07-31T13:00:00-05:00,2024-07-31,FEDERAL_RESERVE,FOMC 2024-07-31,2024-07-31 20:00,FOMC Interest Rate Decision,82,126404,July,3,"5,25-5,50%","5,25-5,50%","5,25-5,50%",1722448800,1,1,1,pinned_report_and_event_name,EconomicCalendar/raw/oanda/daily/2024-07-31.json
EMPLOYMENT,2024-08-02T07:30:00-05:00,2024-08-02,BLS,July 2024,2024-08-02 14:30,Non-Farm Employment Change,707,127849,July,3,114 k,175 k,206 k,1722601800,1,1,1,pinned_report_and_event_name,EconomicCalendar/raw/oanda/daily/2024-08-02.json
PPI,2024-08-13T07:30:00-05:00,2024-08-13,BLS,July 2024,2024-08-13 14:30,Producer Price Index,703,126249,July,2,"0,1% m/m","0,2% m/m","0,2% m/m",1723552200,1,1,1,pinned_report_and_event_name,EconomicCalendar/raw/oanda/daily/2024-08-13.json
CPI,2024-08-14T07:30:00-05:00,2024-08-14,BLS,July 2024,2024-08-14 14:30,Consumer Price Index,699,126189,July,3,"0,2% m/m","0,2% m/m","-0,1% m/m",1723638600,1,1,1,pinned_report_and_event_name,EconomicCalendar/raw/oanda/daily/2024-08-14.json
RETAIL_SALES,2024-08-15T07:30:00-05:00,2024-08-15,CENSUS,July 2024,2024-08-15 14:30,Retail Sales,696,129910,July,3,1% m/m,"0,3% m/m",,1723725000,1,0,1,pinned_report_and_event_name,EconomicCalendar/raw/oanda/daily/2024-08-15.json
DURABLE_GOODS,2024-08-26T07:30:00-05:00,2024-08-26,CENSUS,July 2024,2024-08-26 14:30,Durable Goods Orders - pre..,59,129948,July,3,"9,9% m/m",5% m/m,"-6,7% m/m",1724675400,1,1,1,pinned_report_and_event_name,EconomicCalendar/raw/oanda/daily/2024-08-26.json
GDP,2024-08-29T07:30:00-05:00,2024-08-29,BEA,Q2 2024 Second,2024-08-29 14:30,GDP (Annualized) - rev..,690,127686,2Q,3,3%,"2,8%","1,4%",1724934600,1,1,1,pinned_report_and_event_name,EconomicCalendar/raw/oanda/daily/2024-08-29.json
PCE,2024-08-30T07:30:00-05:00,2024-08-30,BEA,July 2024,2024-08-30 14:30,Personal Consumption Expenditures,694,126451,July,2,"0,5% m/m","0,5% m/m","0,3% m/m",1725021000,1,1,1,pinned_report_and_event_name,EconomicCalendar/raw/oanda/daily/2024-08-30.json
JOLTS,2024-09-04T09:00:00-05:00,2024-09-04,BLS,July 2024,2024-09-04 16:00,JOLTS Job Openings,1371,127586,July,3,"7,673 mn","8,100 mn","8,184 mn",1725458400,1,1,1,pinned_report_and_event_name,EconomicCalendar/raw/oanda/daily/2024-09-04.json
EMPLOYMENT,2024-09-06T07:30:00-05:00,2024-09-06,BLS,August 2024,2024-09-06 14:30,Non-Farm Employment Change,707,127857,August,3,142 k,160 k,114 k,1725625800,1,1,1,pinned_report_and_event_name,EconomicCalendar/raw/oanda/daily/2024-09-06.json
CPI,2024-09-11T07:30:00-05:00,2024-09-11,BLS,August 2024,2024-09-11 14:30,Consumer Price Index,699,126194,August,3,"0,2% m/m","0,2% m/m","0,2% m/m",1726057800,1,1,1,pinned_report_and_event_name,EconomicCalendar/raw/oanda/daily/2024-09-11.json
PPI,2024-09-12T07:30:00-05:00,2024-09-12,BLS,August 2024,2024-09-12 14:30,Producer Price Index,703,126254,August,2,"0,2% m/m","0,1% m/m","0,1% m/m",1726144200,1,1,1,pinned_report_and_event_name,EconomicCalendar/raw/oanda/daily/2024-09-12.json
RETAIL_SALES,2024-09-17T07:30:00-05:00,2024-09-17,CENSUS,August 2024,2024-09-17 14:30,Retail Sales,696,129914,August,3,"0,1% m/m","-0,2% m/m",1% m/m,1726576200,1,1,1,pinned_report_and_event_name,EconomicCalendar/raw/oanda/daily/2024-09-17.json
FOMC,2024-09-18T13:00:00-05:00,2024-09-18,FEDERAL_RESERVE,FOMC 2024-09-18,2024-09-18 20:00,FOMC Interest Rate Decision,82,126405,September,3,"4,75-5,00%","5,00-5,25%","5,25-5,50%",1726682400,1,1,1,pinned_report_and_event_name,EconomicCalendar/raw/oanda/daily/2024-09-18.json
DURABLE_GOODS,2024-09-26T07:30:00-05:00,2024-09-26,CENSUS,August 2024,2024-09-26 14:30,Durable Goods Orders - pre..,59,129949,August,3,"0,0% m/m","-2,6% m/m","9,8% m/m",1727353800,1,1,1,pinned_report_and_event_name,EconomicCalendar/raw/oanda/daily/2024-09-26.json
GDP,2024-09-26T07:30:00-05:00,2024-09-26,BEA,Q2 2024 Third,2024-09-26 14:30,GDP (Annualized) - fin..,690,127691,2Q,3,"3,0%","2,9%","1,4%",1727353800,1,1,1,pinned_report_and_event_name,EconomicCalendar/raw/oanda/daily/2024-09-26.json
PCE,2024-09-27T07:30:00-05:00,2024-09-27,BEA,August 2024,2024-09-27 14:30,Personal Consumption Expenditures,694,126457,August,2,"0,2% m/m","0,3% m/m","0,5% m/m",1727440200,1,1,1,pinned_report_and_event_name,EconomicCalendar/raw/oanda/daily/2024-09-27.json
JOLTS,2024-10-01T09:00:00-05:00,2024-10-01,BLS,August 2024,2024-10-01 16:00,JOLTS Job Openings,1371,127587,August,3,"8,04 mn","7,655 mn","7,673 mn",1727791200,1,1,1,pinned_report_and_event_name,EconomicCalendar/raw/oanda/daily/2024-10-01.json
EMPLOYMENT,2024-10-04T07:30:00-05:00,2024-10-04,BLS,September 2024,2024-10-04 14:30,Non-Farm Employment Change,707,127865,September,3,254 k,140 k,142 k,1728045000,1,1,1,pinned_report_and_event_name,EconomicCalendar/raw/oanda/daily/2024-10-04.json
CPI,2024-10-10T07:30:00-05:00,2024-10-10,BLS,September 2024,2024-10-10 14:30,Consumer Price Index,699,126199,September,3,"0,2% m/m","0,1% m/m","0,2% m/m",1728563400,1,1,1,pinned_report_and_event_name,EconomicCalendar/raw/oanda/daily/2024-10-10.json
PPI,2024-10-11T07:30:00-05:00,2024-10-11,BLS,September 2024,2024-10-11 14:30,Producer Price Index,703,126259,September,2,,"0,1% m/m","0,2% m/m",1728649800,1,1,0,pinned_report_and_event_name,EconomicCalendar/raw/oanda/daily/2024-10-11.json
RETAIL_SALES,2024-10-17T07:30:00-05:00,2024-10-17,CENSUS,September 2024,2024-10-17 14:30,Retail Sales,696,129918,September,3,"0,4% m/m","0,3% m/m","0,1% m/m",1729168200,1,1,1,pinned_report_and_event_name,EconomicCalendar/raw/oanda/daily/2024-10-17.json
DURABLE_GOODS,2024-10-25T07:30:00-05:00,2024-10-25,CENSUS,September 2024,2024-10-25 14:30,Durable Goods Orders - pre..,59,129950,September,3,"-0,8% m/m","-1,1% m/m",,1729859400,1,0,1,pinned_report_and_event_name,EconomicCalendar/raw/oanda/daily/2024-10-25.json
JOLTS,2024-10-29T09:00:00-05:00,2024-10-29,BLS,September 2024,2024-10-29 15:00,JOLTS Job Openings,1371,127588,September,3,"7,443 mn","7,99 mn","8,04 mn",1730210400,1,1,1,pinned_report_and_event_name,EconomicCalendar/raw/oanda/daily/2024-10-29.json
GDP,2024-10-30T07:30:00-05:00,2024-10-30,BEA,Q3 2024 Advance,2024-10-30 13:30,GDP (Annualized) - pre..,690,127696,3Q,3,"2,8%","3,0%","3,0%",1730291400,1,1,1,pinned_report_and_event_name,EconomicCalendar/raw/oanda/daily/2024-10-30.json
PCE,2024-10-31T07:30:00-05:00,2024-10-31,BEA,September 2024,2024-10-31 13:30,Personal Consumption Expenditures,694,126463,September,2,"0,5% m/m","0,4% m/m","0,2% m/m",1730377800,1,1,1,pinned_report_and_event_name,EconomicCalendar/raw/oanda/daily/2024-10-31.json
EMPLOYMENT,2024-11-01T07:30:00-05:00,2024-11-01,BLS,October 2024,2024-11-01 13:30,Non-Farm Employment Change,707,127873,October,3,12 k,115 k,254 k,1730464200,1,1,1,pinned_report_and_event_name,EconomicCalendar/raw/oanda/daily/2024-11-01.json
FOMC,2024-11-07T13:00:00-06:00,2024-11-07,FEDERAL_RESERVE,FOMC 2024-11-07,2024-11-07 20:00,FOMC Interest Rate Decision,82,126406,November,3,"4,50-4,75%","4,50-4,75%","4,75-5,00%",1731006000,1,1,1,pinned_report_and_event_name,EconomicCalendar/raw/oanda/daily/2024-11-07.json
CPI,2024-11-13T07:30:00-06:00,2024-11-13,BLS,October 2024,2024-11-13 14:30,Consumer Price Index,699,126204,October,3,"0,2% m/m","0,2% m/m","0,2% m/m",1731504600,1,1,1,pinned_report_and_event_name,EconomicCalendar/raw/oanda/daily/2024-11-13.json
PPI,2024-11-14T07:30:00-06:00,2024-11-14,BLS,October 2024,2024-11-14 14:30,Producer Price Index,703,126264,October,2,"0,2% m/m","0,2% m/m",,1731591000,1,0,1,pinned_report_and_event_name,EconomicCalendar/raw/oanda/daily/2024-11-14.json
RETAIL_SALES,2024-11-15T07:30:00-06:00,2024-11-15,CENSUS,October 2024,2024-11-15 14:30,Retail Sales,696,129922,October,3,"0,4% m/m","0,3% m/m","0,4% m/m",1731677400,1,1,1,pinned_report_and_event_name,EconomicCalendar/raw/oanda/daily/2024-11-15.json
DURABLE_GOODS,2024-11-27T07:30:00-06:00,2024-11-27,CENSUS,October 2024,2024-11-27 14:30,Durable Goods Orders - pre..,59,129951,October,3,"0,2% m/m","0,5% m/m","-0,7% m/m",1732714200,1,1,1,pinned_report_and_event_name,EconomicCalendar/raw/oanda/daily/2024-11-27.json
GDP,2024-11-27T07:30:00-06:00,2024-11-27,BEA,Q3 2024 Second,2024-11-27 14:30,GDP (Annualized) - rev..,690,127701,3Q,3,"2,8%","2,8%","3,0%",1732714200,1,1,1,pinned_report_and_event_name,EconomicCalendar/raw/oanda/daily/2024-11-27.json
PCE,2024-11-27T09:00:00-06:00,2024-11-27,BEA,October 2024,2024-11-27 16:00,Personal Consumption Expenditures,694,126469,October,2,"0,4% m/m","0,3% m/m","0,5% m/m",1732719600,1,1,1,pinned_report_and_event_name,EconomicCalendar/raw/oanda/daily/2024-11-27.json
JOLTS,2024-12-03T09:00:00-06:00,2024-12-03,BLS,October 2024,2024-12-03 16:00,JOLTS Job Openings,1371,127589,October,3,"7,744 mn","7,48 mn","7,443 mn",1733238000,1,1,1,pinned_report_and_event_name,EconomicCalendar/raw/oanda/daily/2024-12-03.json
EMPLOYMENT,2024-12-06T07:30:00-06:00,2024-12-06,BLS,November 2024,2024-12-06 14:30,Non-Farm Employment Change,707,127881,November,3,227 k,195 k,12 k,1733491800,1,1,1,pinned_report_and_event_name,EconomicCalendar/raw/oanda/daily/2024-12-06.json
CPI,2024-12-11T07:30:00-06:00,2024-12-11,BLS,November 2024,2024-12-11 14:30,Consumer Price Index,699,126209,November,3,"0,3% m/m","0,3% m/m","0,2% m/m",1733923800,1,1,1,pinned_report_and_event_name,EconomicCalendar/raw/oanda/daily/2024-12-11.json
PPI,2024-12-12T07:30:00-06:00,2024-12-12,BLS,November 2024,2024-12-12 14:30,Producer Price Index,703,126269,November,2,"0,4% m/m","0,2% m/m","0,2% m/m",1734010200,1,1,1,pinned_report_and_event_name,EconomicCalendar/raw/oanda/daily/2024-12-12.json
RETAIL_SALES,2024-12-17T07:30:00-06:00,2024-12-17,CENSUS,November 2024,2024-12-17 14:30,Retail Sales,696,129926,November,3,"0,7% m/m","0,5% m/m","0,4% m/m",1734442200,1,1,1,pinned_report_and_event_name,EconomicCalendar/raw/oanda/daily/2024-12-17.json
FOMC,2024-12-18T13:00:00-06:00,2024-12-18,FEDERAL_RESERVE,FOMC 2024-12-18,2024-12-18 20:00,FOMC Interest Rate Decision,82,126407,December,3,"4,25-4,50%","4,25-4,50%","4,50-4,75%",1734548400,1,1,1,pinned_report_and_event_name,EconomicCalendar/raw/oanda/daily/2024-12-18.json
GDP,2024-12-19T07:30:00-06:00,2024-12-19,BEA,Q3 2024 Third,2024-12-19 14:30,GDP (Annualized) - fin..,690,127706,3Q,3,"3,1%","2,8%","3,0%",1734615000,1,1,1,pinned_report_and_event_name,EconomicCalendar/raw/oanda/daily/2024-12-19.json
PCE,2024-12-20T07:30:00-06:00,2024-12-20,BEA,November 2024,2024-12-20 14:30,Personal Consumption Expenditures,694,126475,November,2,"0,4% m/m","0,5% m/m","0,4% m/m",1734701400,1,1,1,pinned_report_and_event_name,EconomicCalendar/raw/oanda/daily/2024-12-20.json
DURABLE_GOODS,2024-12-23T07:30:00-06:00,2024-12-23,CENSUS,November 2024,2024-12-23 14:30,Durable Goods Orders - pre..,59,129952,November,3,"-1,1% m/m","-0,2% m/m","0,3% m/m",1734960600,1,1,1,pinned_report_and_event_name,EconomicCalendar/raw/oanda/daily/2024-12-23.json
JOLTS,2025-01-07T09:00:00-06:00,2025-01-07,BLS,November 2024,2025-01-07 16:00,JOLTS Job Openings,1371,138355,November,3,"8,098 mn","7,7 mn","7,744 mn",1736262000,1,1,1,pinned_report_and_event_name,EconomicCalendar/raw/oanda/daily/2025-01-07.json
EMPLOYMENT,2025-01-10T07:30:00-06:00,2025-01-10,BLS,December 2024,2025-01-10 14:30,Non-Farm Employment Change,707,137745,December,3,256 k,160 k,227 k,1736515800,1,1,1,pinned_report_and_event_name,EconomicCalendar/raw/oanda/daily/2025-01-10.json
PPI,2025-01-14T07:30:00-06:00,2025-01-14,BLS,December 2024,2025-01-14 14:30,Producer Price Index,703,137677,December,2,"0,2% m/m","0,3% m/m","0,4% m/m",1736861400,1,1,1,pinned_report_and_event_name,EconomicCalendar/raw/oanda/daily/2025-01-14.json
CPI,2025-01-15T07:30:00-06:00,2025-01-15,BLS,December 2024,2025-01-15 14:30,Consumer Price Index,699,137617,December,3,"0,4% m/m","0,4% m/m","0,3% m/m",1736947800,1,1,1,pinned_report_and_event_name,EconomicCalendar/raw/oanda/daily/2025-01-15.json
RETAIL_SALES,2025-01-16T07:30:00-06:00,2025-01-16,CENSUS,December 2024,2025-01-16 14:30,Retail Sales,696,138615,December,3,"0,4% m/m","0,6% m/m","0,7% m/m",1737034200,1,1,1,pinned_report_and_event_name,EconomicCalendar/raw/oanda/daily/2025-01-16.json
DURABLE_GOODS,2025-01-28T07:30:00-06:00,2025-01-28,CENSUS,December 2024,2025-01-28 14:30,Durable Goods Orders - pre..,59,138674,December,3,"-2,2% m/m","0,6% m/m","-1,2% m/m",1738071000,1,1,1,pinned_report_and_event_name,EconomicCalendar/raw/oanda/daily/2025-01-28.json
FOMC,2025-01-29T13:00:00-06:00,2025-01-29,FEDERAL_RESERVE,FOMC 2025-01-29,2025-01-29 20:00,FOMC Interest Rate Decision,82,127714,January,3,"4,25-4,50%","4,25-4,50%","4,25-4,50%",1738177200,1,1,1,pinned_report_and_event_name,EconomicCalendar/raw/oanda/daily/2025-01-29.json
GDP,2025-01-30T07:30:00-06:00,2025-01-30,BEA,Q4 2024 Advance,2025-01-30 14:30,GDP (Annualized) - pre..,690,134727,4Q,3,"2,3%","2,6%","3,1%",1738243800,1,1,1,pinned_report_and_event_name,EconomicCalendar/raw/oanda/daily/2025-01-30.json
PCE,2025-01-31T07:30:00-06:00,2025-01-31,BEA,December 2024,2025-01-31 14:30,Personal Consumption Expenditures,694,137848,December,2,"0,7% m/m","0,5% m/m","0,4% m/m",1738330200,1,1,1,pinned_report_and_event_name,EconomicCalendar/raw/oanda/daily/2025-01-31.json
JOLTS,2025-02-04T09:00:00-06:00,2025-02-04,BLS,December 2024,2025-02-04 16:00,JOLTS Job Openings,1371,138356,December,3,"7,6 mn","8,01 mn","8,098 mn",1738681200,1,1,1,pinned_report_and_event_name,EconomicCalendar/raw/oanda/daily/2025-02-04.json
EMPLOYMENT,2025-02-07T07:30:00-06:00,2025-02-07,BLS,January 2025,2025-02-07 14:30,Non-Farm Employment Change,707,137753,January,3,143 k,170 k,256 k,1738935000,1,1,1,pinned_report_and_event_name,EconomicCalendar/raw/oanda/daily/2025-02-07.json
CPI,2025-02-12T07:30:00-06:00,2025-02-12,BLS,January 2025,2025-02-12 14:30,Consumer Price Index,699,137622,January,3,"0,5% m/m","0,3% m/m","0,4% m/m",1739367000,1,1,1,pinned_report_and_event_name,EconomicCalendar/raw/oanda/daily/2025-02-12.json
PPI,2025-02-13T07:30:00-06:00,2025-02-13,BLS,January 2025,2025-02-13 14:30,Producer Price Index,703,137682,January,2,"0,4% m/m","0,3% m/m","0,2% m/m",1739453400,1,1,1,pinned_report_and_event_name,EconomicCalendar/raw/oanda/daily/2025-02-13.json
RETAIL_SALES,2025-02-14T07:30:00-06:00,2025-02-14,CENSUS,January 2025,2025-02-14 14:30,Retail Sales,696,138619,January,3,"-0,9% m/m","-0,1% m/m","0,4% m/m",1739539800,1,1,1,pinned_report_and_event_name,EconomicCalendar/raw/oanda/daily/2025-02-14.json
DURABLE_GOODS,2025-02-27T07:30:00-06:00,2025-02-27,CENSUS,January 2025,2025-02-27 14:30,Durable Goods Orders - pre..,59,138675,January,3,"3,1% m/m",2% m/m,"-2,2% m/m",1740663000,1,1,1,pinned_report_and_event_name,EconomicCalendar/raw/oanda/daily/2025-02-27.json
GDP,2025-02-27T07:30:00-06:00,2025-02-27,BEA,Q4 2024 Second,2025-02-27 14:30,GDP (Annualized) - rev..,690,134732,4Q,3,"2,3%","2,3%","3,1%",1740663000,1,1,1,pinned_report_and_event_name,EconomicCalendar/raw/oanda/daily/2025-02-27.json
PCE,2025-02-28T07:30:00-06:00,2025-02-28,BEA,January 2025,2025-02-28 14:30,Personal Consumption Expenditures,694,137854,January,2,"-0,2% m/m","0,1% m/m","0,7% m/m",1740749400,1,1,1,pinned_report_and_event_name,EconomicCalendar/raw/oanda/daily/2025-02-28.json
EMPLOYMENT,2025-03-07T07:30:00-06:00,2025-03-07,BLS,February 2025,2025-03-07 14:30,Non-Farm Employment Change,707,137761,February,3,151 k,160 k,143 k,1741354200,1,1,1,pinned_report_and_event_name,EconomicCalendar/raw/oanda/daily/2025-03-07.json
JOLTS,2025-03-11T09:00:00-05:00,2025-03-11,BLS,January 2025,2025-03-11 15:00,JOLTS Job Openings,1371,138357,January,3,"7,74 mn","7,63 mn","7,6 mn",1741701600,1,1,1,pinned_report_and_event_name,EconomicCalendar/raw/oanda/daily/2025-03-11.json
CPI,2025-03-12T07:30:00-05:00,2025-03-12,BLS,February 2025,2025-03-12 13:30,Consumer Price Index,699,137627,February,3,"0,2% m/m","0,3% m/m","0,5% m/m",1741782600,1,1,1,pinned_report_and_event_name,EconomicCalendar/raw/oanda/daily/2025-03-12.json
PPI,2025-03-13T07:30:00-05:00,2025-03-13,BLS,February 2025,2025-03-13 13:30,Producer Price Index,703,137687,February,2,"0,0% m/m","0,3% m/m","0,4% m/m",1741869000,1,1,1,pinned_report_and_event_name,EconomicCalendar/raw/oanda/daily/2025-03-13.json
RETAIL_SALES,2025-03-17T07:30:00-05:00,2025-03-17,CENSUS,February 2025,2025-03-17 13:30,Retail Sales,696,138623,February,3,"0,2% m/m","0,6% m/m","-0,9% m/m",1742214600,1,1,1,pinned_report_and_event_name,EconomicCalendar/raw/oanda/daily/2025-03-17.json
FOMC,2025-03-19T13:00:00-05:00,2025-03-19,FEDERAL_RESERVE,FOMC 2025-03-19,2025-03-19 19:00,FOMC Interest Rate Decision,82,135333,March,3,"4,25-4,50%","4,25-4,50%","4,25-4,50%",1742407200,1,1,1,pinned_report_and_event_name,EconomicCalendar/raw/oanda/daily/2025-03-19.json
DURABLE_GOODS,2025-03-26T07:30:00-05:00,2025-03-26,CENSUS,February 2025,2025-03-26 13:30,Durable Goods Orders - pre..,59,138676,February,3,"0,9% m/m",-1% m/m,"3,2% m/m",1742992200,1,1,1,pinned_report_and_event_name,EconomicCalendar/raw/oanda/daily/2025-03-26.json
GDP,2025-03-27T07:30:00-05:00,2025-03-27,BEA,Q4 2024 Third,2025-03-27 13:30,GDP (Annualized) - fin..,690,134737,4Q,3,"2,4%","2,3%","3,1%",1743078600,1,1,1,pinned_report_and_event_name,EconomicCalendar/raw/oanda/daily/2025-03-27.json
PCE,2025-03-28T07:30:00-05:00,2025-03-28,BEA,February 2025,2025-03-28 13:30,Personal Consumption Expenditures,694,137860,February,2,"0,4% m/m","0,5% m/m","-0,2% m/m",1743165000,1,1,1,pinned_report_and_event_name,EconomicCalendar/raw/oanda/daily/2025-03-28.json
JOLTS,2025-04-01T09:00:00-05:00,2025-04-01,BLS,February 2025,2025-04-01 16:00,JOLTS Job Openings,1371,138358,February,3,"7,568 mn","7,616 mn","7,74 mn",1743516000,1,1,1,pinned_report_and_event_name,EconomicCalendar/raw/oanda/daily/2025-04-01.json
EMPLOYMENT,2025-04-04T07:30:00-05:00,2025-04-04,BLS,March 2025,2025-04-04 14:30,Non-Farm Employment Change,707,137769,March,3,228 k,135 k,151 k,1743769800,1,1,1,pinned_report_and_event_name,EconomicCalendar/raw/oanda/daily/2025-04-04.json
CPI,2025-04-10T07:30:00-05:00,2025-04-10,BLS,March 2025,2025-04-10 14:30,Consumer Price Index,699,137632,March,3,"-0,1% m/m","0,1% m/m","0,2% m/m",1744288200,1,1,1,pinned_report_and_event_name,EconomicCalendar/raw/oanda/daily/2025-04-10.json
PPI,2025-04-11T07:30:00-05:00,2025-04-11,BLS,March 2025,2025-04-11 14:30,Producer Price Index,703,137692,March,2,"-0,4% m/m","0,2% m/m","0,0% m/m",1744374600,1,1,1,pinned_report_and_event_name,EconomicCalendar/raw/oanda/daily/2025-04-11.json
RETAIL_SALES,2025-04-16T07:30:00-05:00,2025-04-16,CENSUS,March 2025,2025-04-16 14:30,Retail Sales,696,138627,March,3,"1,4% m/m","1,3% m/m","0,2% m/m",1744806600,1,1,1,pinned_report_and_event_name,EconomicCalendar/raw/oanda/daily/2025-04-16.json
DURABLE_GOODS,2025-04-24T07:30:00-05:00,2025-04-24,CENSUS,March 2025,2025-04-24 14:30,Durable Goods Orders - pre..,59,138677,March,3,"9,2% m/m",2% m/m,1% m/m,1745497800,1,1,1,pinned_report_and_event_name,EconomicCalendar/raw/oanda/daily/2025-04-24.json
JOLTS,2025-04-29T09:00:00-05:00,2025-04-29,BLS,March 2025,2025-04-29 16:00,JOLTS Job Openings,1371,138359,March,3,"7,192 mn","7,48 mn","7,568 mn",1745935200,1,1,1,pinned_report_and_event_name,EconomicCalendar/raw/oanda/daily/2025-04-29.json
GDP,2025-04-30T07:30:00-05:00,2025-04-30,BEA,Q1 2025 Advance,2025-04-30 14:30,GDP (Annualized) - pre..,690,134742,1Q,3,"-0,3%","0,3%","2,4%",1746016200,1,1,1,pinned_report_and_event_name,EconomicCalendar/raw/oanda/daily/2025-04-30.json
PCE,2025-04-30T09:00:00-05:00,2025-04-30,BEA,March 2025,2025-04-30 16:00,Personal Consumption Expenditures,694,137866,March,2,"0,7% m/m","0,5% m/m","0,4% m/m",1746021600,1,1,1,pinned_report_and_event_name,EconomicCalendar/raw/oanda/daily/2025-04-30.json
EMPLOYMENT,2025-05-02T07:30:00-05:00,2025-05-02,BLS,April 2025,2025-05-02 14:30,Non-Farm Employment Change,707,137777,April,3,177 k,130 k,228 k,1746189000,1,1,1,pinned_report_and_event_name,EconomicCalendar/raw/oanda/daily/2025-05-02.json
FOMC,2025-05-07T13:00:00-05:00,2025-05-07,FEDERAL_RESERVE,FOMC 2025-05-07,2025-05-07 20:00,FOMC Interest Rate Decision,82,135334,May,3,"4,25-4,50%","4,25-4,50%","4,25-4,50%",1746640800,1,1,1,pinned_report_and_event_name,EconomicCalendar/raw/oanda/daily/2025-05-07.json
CPI,2025-05-13T07:30:00-05:00,2025-05-13,BLS,April 2025,2025-05-13 14:30,Consumer Price Index,699,137637,April,3,"0,2% m/m","0,3% m/m","-0,1% m/m",1747139400,1,1,1,pinned_report_and_event_name,EconomicCalendar/raw/oanda/daily/2025-05-13.json
PPI,2025-05-15T07:30:00-05:00,2025-05-15,BLS,April 2025,2025-05-15 14:30,Producer Price Index,703,137697,April,2,"-0,5% m/m","0,2% m/m","-0,4% m/m",1747312200,1,1,1,pinned_report_and_event_name,EconomicCalendar/raw/oanda/daily/2025-05-15.json
RETAIL_SALES,2025-05-15T07:30:00-05:00,2025-05-15,CENSUS,April 2025,2025-05-15 14:30,Retail Sales,696,138631,April,3,"0,1% m/m","0,0% m/m","1,4% m/m",1747312200,1,1,1,pinned_report_and_event_name,EconomicCalendar/raw/oanda/daily/2025-05-15.json
DURABLE_GOODS,2025-05-27T07:30:00-05:00,2025-05-27,CENSUS,April 2025,2025-05-27 14:30,Durable Goods Orders - pre..,59,138678,April,3,"-6,3% m/m","-7,8% m/m","9,2% m/m",1748349000,1,1,1,pinned_report_and_event_name,EconomicCalendar/raw/oanda/daily/2025-05-27.json
GDP,2025-05-29T07:30:00-05:00,2025-05-29,BEA,Q1 2025 Second,2025-05-29 14:30,GDP (Annualized) - rev..,690,134747,1Q,3,"-0,2%","-0,3%","2,4%",1748521800,1,1,1,pinned_report_and_event_name,EconomicCalendar/raw/oanda/daily/2025-05-29.json
PCE,2025-05-30T07:30:00-05:00,2025-05-30,BEA,April 2025,2025-05-30 14:30,Personal Consumption Expenditures,694,137872,April,2,"0,2% m/m","0,2% m/m","0,7% m/m",1748608200,1,1,1,pinned_report_and_event_name,EconomicCalendar/raw/oanda/daily/2025-05-30.json
JOLTS,2025-06-03T09:00:00-05:00,2025-06-03,BLS,April 2025,2025-06-03 16:00,JOLTS Job Openings,1371,138360,April,3,"7,391 mn","7,1 mn","7,192 mn",1748959200,1,1,1,pinned_report_and_event_name,EconomicCalendar/raw/oanda/daily/2025-06-03.json
EMPLOYMENT,2025-06-06T07:30:00-05:00,2025-06-06,BLS,May 2025,2025-06-06 14:30,Non-Farm Employment Change,707,137785,May,3,139 k,130 k,177 k,1749213000,1,1,1,pinned_report_and_event_name,EconomicCalendar/raw/oanda/daily/2025-06-06.json
CPI,2025-06-11T07:30:00-05:00,2025-06-11,BLS,May 2025,2025-06-11 14:30,Consumer Price Index,699,137642,May,3,"0,1% m/m","0,2% m/m","0,2% m/m",1749645000,1,1,1,pinned_report_and_event_name,EconomicCalendar/raw/oanda/daily/2025-06-11.json
PPI,2025-06-12T07:30:00-05:00,2025-06-12,BLS,May 2025,2025-06-12 14:30,Producer Price Index,703,137702,May,2,"0,1% m/m","0,2% m/m","-0,5% m/m",1749731400,1,1,1,pinned_report_and_event_name,EconomicCalendar/raw/oanda/daily/2025-06-12.json
RETAIL_SALES,2025-06-17T07:30:00-05:00,2025-06-17,CENSUS,May 2025,2025-06-17 14:30,Retail Sales,696,138635,May,3,"-0,9% m/m","-0,7% m/m","0,1% m/m",1750163400,1,1,1,pinned_report_and_event_name,EconomicCalendar/raw/oanda/daily/2025-06-17.json
FOMC,2025-06-18T13:00:00-05:00,2025-06-18,FEDERAL_RESERVE,FOMC 2025-06-18,2025-06-18 20:00,FOMC Interest Rate Decision,82,135335,June,3,"4,25-4,50%","4,25-4,50%","4,25-4,50%",1750269600,1,1,1,pinned_report_and_event_name,EconomicCalendar/raw/oanda/daily/2025-06-18.json
DURABLE_GOODS,2025-06-26T07:30:00-05:00,2025-06-26,CENSUS,May 2025,2025-06-26 14:30,Durable Goods Orders - pre..,59,138679,May,3,"16,4% m/m","6,8% m/m","-6,3% m/m",1750941000,1,1,1,pinned_report_and_event_name,EconomicCalendar/raw/oanda/daily/2025-06-26.json
GDP,2025-06-26T07:30:00-05:00,2025-06-26,BEA,Q1 2025 Third,2025-06-26 14:30,GDP (Annualized) - fin..,690,134752,1Q,3,"-0,5%","-0,2%","2,4%",1750941000,1,1,1,pinned_report_and_event_name,EconomicCalendar/raw/oanda/daily/2025-06-26.json
PCE,2025-06-27T07:30:00-05:00,2025-06-27,BEA,May 2025,2025-06-27 14:30,Personal Consumption Expenditures,694,137878,May,2,"-0,1% m/m","0,1% m/m","0,2% m/m",1751027400,1,1,1,pinned_report_and_event_name,EconomicCalendar/raw/oanda/daily/2025-06-27.json
JOLTS,2025-07-01T09:00:00-05:00,2025-07-01,BLS,May 2025,2025-07-01 16:00,JOLTS Job Openings,1371,138361,May,3,"7,769 mn","7,3 mn","7,391 mn",1751378400,1,1,1,pinned_report_and_event_name,EconomicCalendar/raw/oanda/daily/2025-07-01.json
EMPLOYMENT,2025-07-03T07:30:00-05:00,2025-07-03,BLS,June 2025,2025-07-03 14:30,Non-Farm Employment Change,707,137793,June,3,147 k,110 k,139 k,1751545800,1,1,1,pinned_report_and_event_name,EconomicCalendar/raw/oanda/daily/2025-07-03.json
CPI,2025-07-15T07:30:00-05:00,2025-07-15,BLS,June 2025,2025-07-15 14:30,Consumer Price Index,699,137647,June,3,"0,3% m/m","0,3% m/m","0,1% m/m",1752582600,1,1,1,pinned_report_and_event_name,EconomicCalendar/raw/oanda/daily/2025-07-15.json
PPI,2025-07-16T07:30:00-05:00,2025-07-16,BLS,June 2025,2025-07-16 14:30,Producer Price Index,703,137707,June,2,"0,0% m/m","0,2% m/m","0,1% m/m",1752669000,1,1,1,pinned_report_and_event_name,EconomicCalendar/raw/oanda/daily/2025-07-16.json
RETAIL_SALES,2025-07-17T07:30:00-05:00,2025-07-17,CENSUS,June 2025,2025-07-17 14:30,Retail Sales,696,138639,June,3,"0,6% m/m","0,1% m/m","-0,9% m/m",1752755400,1,1,1,pinned_report_and_event_name,EconomicCalendar/raw/oanda/daily/2025-07-17.json
DURABLE_GOODS,2025-07-25T07:30:00-05:00,2025-07-25,CENSUS,June 2025,2025-07-25 14:30,Durable Goods Orders - pre..,59,138680,June,3,"-9,3% m/m","-10,5% m/m","16,4% m/m",1753446600,1,1,1,pinned_report_and_event_name,EconomicCalendar/raw/oanda/daily/2025-07-25.json
JOLTS,2025-07-29T09:00:00-05:00,2025-07-29,BLS,June 2025,2025-07-29 16:00,JOLTS Job Openings,1371,138362,June,3,"7,437 mn","7,5 mn","7,769 mn",1753797600,1,1,1,pinned_report_and_event_name,EconomicCalendar/raw/oanda/daily/2025-07-29.json
GDP,2025-07-30T07:30:00-05:00,2025-07-30,BEA,Q2 2025 Advance,2025-07-30 14:30,GDP (Annualized) - pre..,690,134757,2Q,3,"3,0%","2,4%","-0,5%",1753878600,1,1,1,pinned_report_and_event_name,EconomicCalendar/raw/oanda/daily/2025-07-30.json
FOMC,2025-07-30T13:00:00-05:00,2025-07-30,FEDERAL_RESERVE,FOMC 2025-07-30,2025-07-30 20:00,FOMC Interest Rate Decision,82,135336,July,3,"4,25-4,50%","4,25-4,50%","4,25-4,50%",1753898400,1,1,1,pinned_report_and_event_name,EconomicCalendar/raw/oanda/daily/2025-07-30.json
PCE,2025-07-31T07:30:00-05:00,2025-07-31,BEA,June 2025,2025-07-31 14:30,Personal Consumption Expenditures,694,137884,June,2,"0,3% m/m","0,4% m/m","-0,1% m/m",1753965000,1,1,1,pinned_report_and_event_name,EconomicCalendar/raw/oanda/daily/2025-07-31.json
EMPLOYMENT,2025-08-01T07:30:00-05:00,2025-08-01,BLS,July 2025,2025-08-01 14:30,Non-Farm Employment Change,707,137801,July,3,73 k,110 k,147 k,1754051400,1,1,1,pinned_report_and_event_name,EconomicCalendar/raw/oanda/daily/2025-08-01.json
CPI,2025-08-12T07:30:00-05:00,2025-08-12,BLS,July 2025,2025-08-12 14:30,Consumer Price Index,699,137652,July,3,"0,2% m/m","0,2% m/m","0,3% m/m",1755001800,1,1,1,pinned_report_and_event_name,EconomicCalendar/raw/oanda/daily/2025-08-12.json
PPI,2025-08-14T07:30:00-05:00,2025-08-14,BLS,July 2025,2025-08-14 14:30,Producer Price Index,703,137712,July,2,"0,9% m/m","0,2% m/m","0,0% m/m",1755174600,1,1,1,pinned_report_and_event_name,EconomicCalendar/raw/oanda/daily/2025-08-14.json
RETAIL_SALES,2025-08-15T07:30:00-05:00,2025-08-15,CENSUS,July 2025,2025-08-15 14:30,Retail Sales,696,138643,July,3,"0,5% m/m","0,5% m/m","0,6% m/m",1755261000,1,1,1,pinned_report_and_event_name,EconomicCalendar/raw/oanda/daily/2025-08-15.json
DURABLE_GOODS,2025-08-26T07:30:00-05:00,2025-08-26,CENSUS,July 2025,2025-08-26 14:30,Durable Goods Orders - pre..,59,138681,July,3,"-2,8% m/m","-3,9% m/m","-9,4% m/m",1756211400,1,1,1,pinned_report_and_event_name,EconomicCalendar/raw/oanda/daily/2025-08-26.json
GDP,2025-08-28T07:30:00-05:00,2025-08-28,BEA,Q2 2025 Second,2025-08-28 14:30,GDP (Annualized) - rev..,690,134762,2Q,3,"3,3%","3,1%","-0,5%",1756384200,1,1,1,pinned_report_and_event_name,EconomicCalendar/raw/oanda/daily/2025-08-28.json
PCE,2025-08-29T07:30:00-05:00,2025-08-29,BEA,July 2025,2025-08-29 14:30,Personal Consumption Expenditures,694,137890,July,2,"0,5% m/m","0,5% m/m","0,3% m/m",1756470600,1,1,1,pinned_report_and_event_name,EconomicCalendar/raw/oanda/daily/2025-08-29.json
JOLTS,2025-09-03T09:00:00-05:00,2025-09-03,BLS,July 2025,2025-09-03 16:00,JOLTS Job Openings,1371,138363,July,3,"7,181 mn","7,377 mn","7,437 mn",1756908000,1,1,1,pinned_report_and_event_name,EconomicCalendar/raw/oanda/daily/2025-09-03.json
EMPLOYMENT,2025-09-05T07:30:00-05:00,2025-09-05,BLS,August 2025,2025-09-05 14:30,Non-Farm Employment Change,707,137809,August,3,22 k,75 k,73 k,1757075400,1,1,1,pinned_report_and_event_name,EconomicCalendar/raw/oanda/daily/2025-09-05.json
PPI,2025-09-10T07:30:00-05:00,2025-09-10,BLS,August 2025,2025-09-10 14:30,Producer Price Index,703,137717,August,2,"-0,1% m/m","0,3% m/m","0,9% m/m",1757507400,1,1,1,pinned_report_and_event_name,EconomicCalendar/raw/oanda/daily/2025-09-10.json
CPI,2025-09-11T07:30:00-05:00,2025-09-11,BLS,August 2025,2025-09-11 14:30,Consumer Price Index,699,137657,August,3,"0,4% m/m","0,3% m/m","0,2% m/m",1757593800,1,1,1,pinned_report_and_event_name,EconomicCalendar/raw/oanda/daily/2025-09-11.json
RETAIL_SALES,2025-09-16T07:30:00-05:00,2025-09-16,CENSUS,August 2025,2025-09-16 14:30,Retail Sales,696,138647,August,3,"0,6% m/m","0,2% m/m","0,5% m/m",1758025800,1,1,1,pinned_report_and_event_name,EconomicCalendar/raw/oanda/daily/2025-09-16.json
FOMC,2025-09-17T13:00:00-05:00,2025-09-17,FEDERAL_RESERVE,FOMC 2025-09-17,2025-09-17 20:00,FOMC Interest Rate Decision,82,135337,September,3,"4,00-4,25%","4,00-4,25%","4,25-4,50%",1758132000,1,1,1,pinned_report_and_event_name,EconomicCalendar/raw/oanda/daily/2025-09-17.json
DURABLE_GOODS,2025-09-25T07:30:00-05:00,2025-09-25,CENSUS,August 2025,2025-09-25 14:30,Durable Goods Orders - pre..,59,138682,August,3,"2,9% m/m","-0,5% m/m","-2,8% m/m",1758803400,1,1,1,pinned_report_and_event_name,EconomicCalendar/raw/oanda/daily/2025-09-25.json
GDP,2025-09-25T07:30:00-05:00,2025-09-25,BEA,Q2 2025 Third,2025-09-25 14:30,GDP (Annualized) - fin..,690,134767,2Q,3,"3,8%","3,3%","-0,5%",1758803400,1,1,1,pinned_report_and_event_name,EconomicCalendar/raw/oanda/daily/2025-09-25.json
PCE,2025-09-26T07:30:00-05:00,2025-09-26,BEA,August 2025,2025-09-26 14:30,Personal Consumption Expenditures,694,137896,August,2,"0,6% m/m","0,5% m/m","0,5% m/m",1758889800,1,1,1,pinned_report_and_event_name,EconomicCalendar/raw/oanda/daily/2025-09-26.json
JOLTS,2025-09-30T09:00:00-05:00,2025-09-30,BLS,August 2025,2025-09-30 16:00,JOLTS Job Openings,1371,138364,August,3,"7,227 mn","7,185 mn","7,181 mn",1759240800,1,1,1,pinned_report_and_event_name,EconomicCalendar/raw/oanda/daily/2025-09-30.json
CPI,2025-10-24T07:30:00-05:00,2025-10-24,BLS,September 2025,2025-10-24 14:30,Consumer Price Index,699,137662,September,3,"0,3% m/m","0,4% m/m","0,4% m/m",1761309000,1,1,1,pinned_report_and_event_name,EconomicCalendar/raw/oanda/daily/2025-10-24.json
FOMC,2025-10-29T13:00:00-05:00,2025-10-29,FEDERAL_RESERVE,FOMC 2025-10-29,2025-10-29 19:00,FOMC Interest Rate Decision,82,135338,October,3,"3,75-4,00%","3,75-4,00%","4,00-4,25%",1761760800,1,1,1,pinned_report_and_event_name,EconomicCalendar/raw/oanda/daily/2025-10-29.json
EMPLOYMENT,2025-11-20T07:30:00-06:00,2025-11-20,BLS,September 2025,2025-11-20 14:30,Non-Farm Employment Change,707,143689,September,3,119 k,55 k,22 k,1763645400,1,1,1,pinned_report_and_event_name,EconomicCalendar/raw/oanda/daily/2025-11-20.json
PPI,2025-11-25T07:30:00-06:00,2025-11-25,BLS,September 2025,2025-11-25 14:30,Producer Price Index,703,143718,September,2,"0,3% m/m","0,3% m/m","-0,1% m/m",1764077400,1,1,1,pinned_report_and_event_name,EconomicCalendar/raw/oanda/daily/2025-11-25.json
RETAIL_SALES,2025-11-25T07:30:00-06:00,2025-11-25,CENSUS,September 2025,2025-11-25 14:30,Retail Sales,696,143793,September,3,"0,2% m/m","0,4% m/m","0,6% m/m",1764077400,1,1,1,pinned_report_and_event_name,EconomicCalendar/raw/oanda/daily/2025-11-25.json
DURABLE_GOODS,2025-11-26T07:30:00-06:00,2025-11-26,CENSUS,September 2025,2025-11-26 14:30,Durable Goods Orders - pre..,59,143799,September,3,"0,5% m/m","0,3% m/m","2,9% m/m",1764163800,1,1,1,pinned_report_and_event_name,EconomicCalendar/raw/oanda/daily/2025-11-26.json
PCE,2025-12-05T09:00:00-06:00,2025-12-05,BEA,September 2025,2025-12-05 16:00,Personal Consumption Expenditures,694,144519,September,2,"0,3% m/m","0,4% m/m","0,6% m/m",1764946800,1,1,1,pinned_report_and_event_name,EconomicCalendar/raw/oanda/daily/2025-12-05.json
JOLTS,2025-12-09T09:00:00-06:00,2025-12-09,BLS,October 2025,2025-12-09 16:00,JOLTS Job Openings,1371,145254,October,3,"7,67 mn","7,15 mn","7,658 mn",1765292400,1,1,1,authoritative_reference_period,EconomicCalendar/raw/oanda/daily/2025-12-09.json
FOMC,2025-12-10T13:00:00-06:00,2025-12-10,FEDERAL_RESERVE,FOMC 2025-12-10,2025-12-10 20:00,FOMC Interest Rate Decision,82,135339,December,3,"3,50-3,75%","3,50-3,75%","3,75-4,00%",1765393200,1,1,1,pinned_report_and_event_name,EconomicCalendar/raw/oanda/daily/2025-12-10.json
EMPLOYMENT,2025-12-16T07:30:00-06:00,2025-12-16,BLS,November 2025,2025-12-16 14:30,Non-Farm Employment Change,707,143734,November,3,64 k,50 k,-105 k,1765891800,1,1,1,authoritative_reference_period,EconomicCalendar/raw/oanda/daily/2025-12-16.json
RETAIL_SALES,2025-12-16T07:30:00-06:00,2025-12-16,CENSUS,October 2025,2025-12-16 14:30,Retail Sales,696,146182,October,3,"0,0% m/m","0,1% m/m","0,2% m/m",1765891800,1,1,1,pinned_report_and_event_name,EconomicCalendar/raw/oanda/daily/2025-12-16.json
CPI,2025-12-18T07:30:00-06:00,2025-12-18,BLS,November 2025,2025-12-18 14:30,Consumer Price Index,698,137671,November,3,"2,7% y/y","3,1% y/y",3% y/y,1766064600,1,1,1,pinned_report_698_single_release_exception,EconomicCalendar/raw/oanda/daily/2025-12-18.json
DURABLE_GOODS,2025-12-23T07:30:00-06:00,2025-12-23,CENSUS,October 2025,2025-12-23 14:30,Durable Goods Orders - pre..,59,146271,October,3,"-2,2% m/m","-1,5% m/m","0,5% m/m",1766496600,1,1,1,pinned_report_and_event_name,EconomicCalendar/raw/oanda/daily/2025-12-23.json
GDP,2025-12-23T07:30:00-06:00,2025-12-23,BEA,Q3 2025 Initial,2025-12-23 14:30,GDP (Annualized) - pre..,690,145984,3Q,3,"4,3%","3,2%","3,8%",1766496600,1,1,1,pinned_report_and_event_name,EconomicCalendar/raw/oanda/daily/2025-12-23.json
JOLTS,2026-01-07T09:00:00-06:00,2026-01-07,BLS,November 2025,2026-01-07 16:00,JOLTS Job Openings,1371,147601,November,3,"7,146 mn","7,6 mn","7,67 mn",1767798000,1,1,1,pinned_report_and_event_name,EconomicCalendar/raw/oanda/daily/2026-01-07.json
EMPLOYMENT,2026-01-09T07:30:00-06:00,2026-01-09,BLS,December 2025,2026-01-09 14:30,Non-Farm Employment Change,707,148054,December,3,50 k,60 k,64 k,1767965400,1,1,1,pinned_report_and_event_name,EconomicCalendar/raw/oanda/daily/2026-01-09.json
CPI,2026-01-13T07:30:00-06:00,2026-01-13,BLS,December 2025,2026-01-13 14:30,Consumer Price Index,699,145751,December,3,"0,3% m/m","0,3% m/m",,1768311000,1,0,1,pinned_report_and_event_name,EconomicCalendar/raw/oanda/daily/2026-01-13.json
PPI,2026-01-14T07:30:00-06:00,2026-01-14,BLS,November 2025,2026-01-14 14:30,Producer Price Index,703,148826,November,2,"0,2% m/m","0,3% m/m","0,1% m/m",1768397400,1,1,1,authoritative_reference_period,EconomicCalendar/raw/oanda/daily/2026-01-14.json
RETAIL_SALES,2026-01-14T07:30:00-06:00,2026-01-14,CENSUS,November 2025,2026-01-14 14:30,Retail Sales,696,147839,November,3,"0,6% m/m","0,4% m/m","0,0% m/m",1768397400,1,1,1,pinned_report_and_event_name,EconomicCalendar/raw/oanda/daily/2026-01-14.json
GDP,2026-01-22T07:30:00-06:00,2026-01-22,BEA,Q3 2025 Updated,2026-01-22 14:30,GDP (Annualized) - rev..,690,146640,3Q,3,"4,4%","4,3%","3,8%",1769088600,1,1,1,equivalent_oanda_duplicate_collapse,EconomicCalendar/raw/oanda/daily/2026-01-22.json
PCE,2026-01-22T09:00:00-06:00,2026-01-22,BEA,October and November 2025,2026-01-22 16:00,Personal Consumption Expenditures,694,148841,November,2,"0,5% m/m","0,5% m/m","0,5% m/m",1769094000,1,1,1,authoritative_reference_period,EconomicCalendar/raw/oanda/daily/2026-01-22.json
DURABLE_GOODS,2026-01-26T07:30:00-06:00,2026-01-26,CENSUS,November 2025,2026-01-26 16:00,Durable Goods Orders - pre..,59,147832,November,3,"5,3% m/m","3,7% m/m","-2,2% m/m",1769439600,1,1,1,pinned_report_and_event_name,EconomicCalendar/raw/oanda/daily/2026-01-26.json
FOMC,2026-01-28T13:00:00-06:00,2026-01-28,FEDERAL_RESERVE,FOMC 2026-01-28,2026-01-28 20:00,FOMC Interest Rate Decision,82,135340,January,3,"3,50-3,75%","3,50-3,75%","3,50-3,75%",1769626800,1,1,1,pinned_report_and_event_name,EconomicCalendar/raw/oanda/daily/2026-01-28.json
PPI,2026-01-30T07:30:00-06:00,2026-01-30,BLS,December 2025,2026-01-30 14:30,Producer Price Index,703,148032,December,2,"0,5% m/m","0,2% m/m","0,2% m/m",1769779800,1,1,1,pinned_report_and_event_name,EconomicCalendar/raw/oanda/daily/2026-01-30.json
JOLTS,2026-02-05T09:00:00-06:00,2026-02-05,BLS,December 2025,2026-02-05 16:00,JOLTS Job Openings,1371,149053,December,3,"6,542 mn","7,2 mn","7,146 mn",1770303600,1,1,1,pinned_report_and_event_name,EconomicCalendar/raw/oanda/daily/2026-02-05.json
RETAIL_SALES,2026-02-10T07:30:00-06:00,2026-02-10,CENSUS,December 2025,2026-02-10 14:30,Retail Sales,696,148916,December,3,"0,0% m/m","0,4% m/m","0,6% m/m",1770730200,1,1,1,pinned_report_and_event_name,EconomicCalendar/raw/oanda/daily/2026-02-10.json
EMPLOYMENT,2026-02-11T07:30:00-06:00,2026-02-11,BLS,January 2026,2026-02-11 14:30,Non-Farm Employment Change,707,146043,January,3,130 k,70 k,50 k,1770816600,1,1,1,pinned_report_and_event_name,EconomicCalendar/raw/oanda/daily/2026-02-11.json
CPI,2026-02-13T07:30:00-06:00,2026-02-13,BLS,January 2026,2026-02-13 14:30,Consumer Price Index,699,145756,January,3,"0,2% m/m","0,3% m/m","0,3% m/m",1770989400,1,1,1,pinned_report_and_event_name,EconomicCalendar/raw/oanda/daily/2026-02-13.json
DURABLE_GOODS,2026-02-18T07:30:00-06:00,2026-02-18,CENSUS,December 2025,2026-02-18 14:30,Durable Goods Orders - pre..,59,149547,December,3,"-1,4% m/m","-1,9% m/m","5,3% m/m",1771421400,1,1,1,pinned_report_and_event_name,EconomicCalendar/raw/oanda/daily/2026-02-18.json
GDP,2026-02-20T07:30:00-06:00,2026-02-20,BEA,Q4 2025 Advance,2026-02-20 14:30,GDP (Annualized) - pre..,690,149437,4Q,3,"1,4%",3%,"4,4%",1771594200,1,1,1,pinned_report_and_event_name,EconomicCalendar/raw/oanda/daily/2026-02-20.json
PCE,2026-02-20T07:30:00-06:00,2026-02-20,BEA,December 2025,2026-02-20 14:30,Personal Consumption Expenditures,694,148876,December,2,"0,4% m/m","0,4% m/m","0,5% m/m",1771594200,1,1,1,pinned_report_and_event_name,EconomicCalendar/raw/oanda/daily/2026-02-20.json
PPI,2026-02-27T07:30:00-06:00,2026-02-27,BLS,January 2026,2026-02-27 14:30,Producer Price Index,703,145816,January,2,"0,5% m/m","0,3% m/m","0,5% m/m",1772199000,1,1,1,pinned_report_and_event_name,EconomicCalendar/raw/oanda/daily/2026-02-27.json
EMPLOYMENT,2026-03-06T07:30:00-06:00,2026-03-06,BLS,February 2026,2026-03-06 14:30,Non-Farm Employment Change,707,146051,February,3,-92 k,60 k,130 k,1772803800,1,1,1,pinned_report_and_event_name,EconomicCalendar/raw/oanda/daily/2026-03-06.json
RETAIL_SALES,2026-03-06T07:30:00-06:00,2026-03-06,CENSUS,January 2026,2026-03-06 14:30,Retail Sales,696,149772,January,3,"-0,2% m/m","-0,3% m/m","0,0% m/m",1772803800,1,1,1,pinned_report_and_event_name,EconomicCalendar/raw/oanda/daily/2026-03-06.json
CPI,2026-03-11T07:30:00-05:00,2026-03-11,BLS,February 2026,2026-03-11 13:30,Consumer Price Index,699,145761,February,3,"0,3% m/m","0,3% m/m","0,2% m/m",1773232200,1,1,1,pinned_report_and_event_name,EconomicCalendar/raw/oanda/daily/2026-03-11.json
DURABLE_GOODS,2026-03-13T07:30:00-05:00,2026-03-13,CENSUS,January 2026,2026-03-13 13:30,Durable Goods Orders - pre..,59,149777,January,3,"0,0% m/m","1,1% m/m","-1,4% m/m",1773405000,1,1,1,pinned_report_and_event_name,EconomicCalendar/raw/oanda/daily/2026-03-13.json
GDP,2026-03-13T07:30:00-05:00,2026-03-13,BEA,Q4 2025 Second,2026-03-13 13:30,GDP (Annualized) - rev..,690,149442,4Q,3,"0,7%","1,4%","4,4%",1773405000,1,1,1,pinned_report_and_event_name,EconomicCalendar/raw/oanda/daily/2026-03-13.json
PCE,2026-03-13T07:30:00-05:00,2026-03-13,BEA,January 2026,2026-03-13 13:30,Personal Consumption Expenditures,694,145262,January,2,"0,4% m/m","0,3% m/m","0,4% m/m",1773405000,1,1,1,pinned_report_and_event_name,EconomicCalendar/raw/oanda/daily/2026-03-13.json
JOLTS,2026-03-13T09:00:00-05:00,2026-03-13,BLS,January 2026,2026-03-13 15:00,JOLTS Job Openings,1371,149594,January,3,"6,946 mn","6,7 mn","6,542 mn",1773410400,1,1,1,pinned_report_and_event_name,EconomicCalendar/raw/oanda/daily/2026-03-13.json
PPI,2026-03-18T07:30:00-05:00,2026-03-18,BLS,February 2026,2026-03-18 13:30,Producer Price Index,703,145821,February,2,"0,7% m/m","0,3% m/m","0,5% m/m",1773837000,1,1,1,pinned_report_and_event_name,EconomicCalendar/raw/oanda/daily/2026-03-18.json
FOMC,2026-03-18T13:00:00-05:00,2026-03-18,FEDERAL_RESERVE,FOMC 2026-03-18,2026-03-18 19:00,FOMC Interest Rate Decision,82,135341,March,3,"3,50-3,75%","3,50-3,75%","3,50-3,75%",1773856800,1,1,1,pinned_report_and_event_name,EconomicCalendar/raw/oanda/daily/2026-03-18.json
JOLTS,2026-03-31T09:00:00-05:00,2026-03-31,BLS,February 2026,2026-03-31 16:00,JOLTS Job Openings,1371,149595,February,3,"6,882 mn","6,92 mn","6,946 mn",1774965600,1,1,1,pinned_report_and_event_name,EconomicCalendar/raw/oanda/daily/2026-03-31.json
RETAIL_SALES,2026-04-01T07:30:00-05:00,2026-04-01,CENSUS,February 2026,2026-04-01 14:30,Retail Sales,696,150518,February,3,"0,6% m/m","0,5% m/m","-0,2% m/m",1775046600,1,1,1,pinned_report_and_event_name,EconomicCalendar/raw/oanda/daily/2026-04-01.json
EMPLOYMENT,2026-04-03T07:30:00-05:00,2026-04-03,BLS,March 2026,2026-04-03 14:30,Non-Farm Employment Change,707,146059,March,3,178 k,60 k,-92 k,1775219400,1,1,1,pinned_report_and_event_name,EconomicCalendar/raw/oanda/daily/2026-04-03.json
DURABLE_GOODS,2026-04-07T07:30:00-05:00,2026-04-07,CENSUS,February 2026,2026-04-07 14:30,Durable Goods Orders - pre..,59,150530,February,3,"-1,4% m/m",-1% m/m,,1775565000,1,0,1,pinned_report_and_event_name,EconomicCalendar/raw/oanda/daily/2026-04-07.json
GDP,2026-04-09T07:30:00-05:00,2026-04-09,BEA,Q4 2025 Third,2026-04-09 14:30,GDP (Annualized) - fin..,690,149447,4Q,3,"0,5%","0,7%","4,4%",1775737800,1,1,1,pinned_report_and_event_name,EconomicCalendar/raw/oanda/daily/2026-04-09.json
PCE,2026-04-09T07:30:00-05:00,2026-04-09,BEA,February 2026,2026-04-09 14:30,Personal Consumption Expenditures,694,145268,February,2,"0,5% m/m","0,5% m/m","0,4% m/m",1775737800,1,1,1,pinned_report_and_event_name,EconomicCalendar/raw/oanda/daily/2026-04-09.json
CPI,2026-04-10T07:30:00-05:00,2026-04-10,BLS,March 2026,2026-04-10 14:30,Consumer Price Index,699,145766,March,3,"0,9% m/m","0,9% m/m","0,3% m/m",1775824200,1,1,1,pinned_report_and_event_name,EconomicCalendar/raw/oanda/daily/2026-04-10.json
PPI,2026-04-14T07:30:00-05:00,2026-04-14,BLS,March 2026,2026-04-14 14:30,Producer Price Index,703,145826,March,2,"0,5% m/m","1,1% m/m","0,7% m/m",1776169800,1,1,1,pinned_report_and_event_name,EconomicCalendar/raw/oanda/daily/2026-04-14.json
RETAIL_SALES,2026-04-21T07:30:00-05:00,2026-04-21,CENSUS,March 2026,2026-04-21 14:30,Retail Sales,696,150523,March,3,"1,7% m/m","1,4% m/m","0,6% m/m",1776774600,1,1,1,pinned_report_and_event_name,EconomicCalendar/raw/oanda/daily/2026-04-21.json
DURABLE_GOODS,2026-04-29T07:30:00-05:00,2026-04-29,CENSUS,March 2026,2026-04-29 14:30,Durable Goods Orders - pre..,59,150532,March,3,"0,8% m/m","0,5% m/m","-1,3% m/m",1777465800,1,1,1,pinned_report_and_event_name,EconomicCalendar/raw/oanda/daily/2026-04-29.json
FOMC,2026-04-29T13:00:00-05:00,2026-04-29,FEDERAL_RESERVE,FOMC 2026-04-29,2026-04-29 20:00,FOMC Interest Rate Decision,82,135342,April,3,"3,50-3,75%","3,50-3,75%","3,50-3,75%",1777485600,1,1,1,pinned_report_and_event_name,EconomicCalendar/raw/oanda/daily/2026-04-29.json
GDP,2026-04-30T07:30:00-05:00,2026-04-30,BEA,Q1 2026 Advance,2026-04-30 14:30,GDP (Annualized) - pre..,690,149613,1Q,3,2%,"2,3%","0,5%",1777552200,1,1,1,pinned_report_and_event_name,EconomicCalendar/raw/oanda/daily/2026-04-30.json
PCE,2026-04-30T07:30:00-05:00,2026-04-30,BEA,March 2026,2026-04-30 14:30,Personal Consumption Expenditures,694,145274,March,2,"0,9% m/m","0,9% m/m","0,5% m/m",1777552200,1,1,1,pinned_report_and_event_name,EconomicCalendar/raw/oanda/daily/2026-04-30.json
JOLTS,2026-05-05T09:00:00-05:00,2026-05-05,BLS,March 2026,2026-05-05 16:00,JOLTS Job Openings,1371,150503,March,3,"6,866 mn","6,835 mn","6,882 mn",1777989600,1,1,1,pinned_report_and_event_name,EconomicCalendar/raw/oanda/daily/2026-05-05.json
EMPLOYMENT,2026-05-08T07:30:00-05:00,2026-05-08,BLS,April 2026,2026-05-08 14:30,Non-Farm Employment Change,707,146067,April,3,115 k,62 k,178 k,1778243400,1,1,1,pinned_report_and_event_name,EconomicCalendar/raw/oanda/daily/2026-05-08.json
CPI,2026-05-12T07:30:00-05:00,2026-05-12,BLS,April 2026,2026-05-12 14:30,Consumer Price Index,699,145771,April,3,"0,6% m/m","0,6% m/m","0,9% m/m",1778589000,1,1,1,pinned_report_and_event_name,EconomicCalendar/raw/oanda/daily/2026-05-12.json
PPI,2026-05-13T07:30:00-05:00,2026-05-13,BLS,April 2026,2026-05-13 14:30,Producer Price Index,703,145831,April,2,"1,4% m/m","0,5% m/m","0,5% m/m",1778675400,1,1,1,pinned_report_and_event_name,EconomicCalendar/raw/oanda/daily/2026-05-13.json
RETAIL_SALES,2026-05-14T07:30:00-05:00,2026-05-14,CENSUS,April 2026,2026-05-14 14:30,Retail Sales,696,146219,April,3,"0,5% m/m","0,5% m/m","1,7% m/m",1778761800,1,1,1,pinned_report_and_event_name,EconomicCalendar/raw/oanda/daily/2026-05-14.json
DURABLE_GOODS,2026-05-28T07:30:00-05:00,2026-05-28,CENSUS,April 2026,2026-05-28 14:30,Durable Goods Orders - pre..,59,146276,April,3,"7,9% m/m","3,4% m/m","0,8% m/m",1779971400,1,1,1,pinned_report_and_event_name,EconomicCalendar/raw/oanda/daily/2026-05-28.json
GDP,2026-05-28T07:30:00-05:00,2026-05-28,BEA,Q1 2026 Second,2026-05-28 14:30,GDP (Annualized) - rev..,690,149731,1Q,3,"1,6%",2%,"0,5%",1779971400,1,1,1,pinned_report_and_event_name,EconomicCalendar/raw/oanda/daily/2026-05-28.json
PCE,2026-05-28T07:30:00-05:00,2026-05-28,BEA,April 2026,2026-05-28 14:30,Personal Consumption Expenditures,694,145280,April,2,"0,5% m/m","0,5% m/m","0,9% m/m",1779971400,1,1,1,pinned_report_and_event_name,EconomicCalendar/raw/oanda/daily/2026-05-28.json
JOLTS,2026-06-02T09:00:00-05:00,2026-06-02,BLS,April 2026,2026-06-02 16:00,JOLTS Job Openings,1371,150504,April,3,"7,618 mn","6,88 mn","6,866 mn",1780408800,1,1,1,pinned_report_and_event_name,EconomicCalendar/raw/oanda/daily/2026-06-02.json
EMPLOYMENT,2026-06-05T07:30:00-05:00,2026-06-05,BLS,May 2026,2026-06-05 14:30,Non-Farm Employment Change,707,146075,May,3,172 k,85 k,115 k,1780662600,1,1,1,pinned_report_and_event_name,EconomicCalendar/raw/oanda/daily/2026-06-05.json
CPI,2026-06-10T07:30:00-05:00,2026-06-10,BLS,May 2026,2026-06-10 14:30,Consumer Price Index,699,145776,May,3,"0,5% m/m","0,5% m/m","0,6% m/m",1781094600,1,1,1,pinned_report_and_event_name,EconomicCalendar/raw/oanda/daily/2026-06-10.json
PPI,2026-06-11T07:30:00-05:00,2026-06-11,BLS,May 2026,2026-06-11 14:30,Producer Price Index,703,145836,May,2,"1,1% m/m","0,7% m/m","1,4% m/m",1781181000,1,1,1,pinned_report_and_event_name,EconomicCalendar/raw/oanda/daily/2026-06-11.json
RETAIL_SALES,2026-06-17T07:30:00-05:00,2026-06-17,CENSUS,May 2026,2026-06-17 14:30,Retail Sales,696,146224,May,3,"0,9% m/m","0,5% m/m","0,5% m/m",1781699400,1,1,1,pinned_report_and_event_name,EconomicCalendar/raw/oanda/daily/2026-06-17.json
FOMC,2026-06-17T13:00:00-05:00,2026-06-17,FEDERAL_RESERVE,FOMC 2026-06-17,2026-06-17 20:00,FOMC Interest Rate Decision,82,135343,June,3,"3,50-3,75%","3,50-3,75%","3,50-3,75%",1781719200,1,1,1,pinned_report_and_event_name,EconomicCalendar/raw/oanda/daily/2026-06-17.json
DURABLE_GOODS,2026-06-25T07:30:00-05:00,2026-06-25,CENSUS,May 2026,2026-06-25 14:30,Durable Goods Orders - pre..,59,146277,May,3,"-4,5% m/m","-4,4% m/m",8% m/m,1782390600,1,1,1,pinned_report_and_event_name,EconomicCalendar/raw/oanda/daily/2026-06-25.json
GDP,2026-06-25T07:30:00-05:00,2026-06-25,BEA,Q1 2026 Third,2026-06-25 14:30,GDP (Annualized) - fin..,690,149736,1Q,3,"2,1%","1,6%","0,5%",1782390600,1,1,1,pinned_report_and_event_name,EconomicCalendar/raw/oanda/daily/2026-06-25.json
PCE,2026-06-25T07:30:00-05:00,2026-06-25,BEA,May 2026,2026-06-25 14:30,Personal Consumption Expenditures,694,145286,May,2,"0,7% m/m","0,6% m/m","0,5% m/m",1782390600,1,1,1,pinned_report_and_event_name,EconomicCalendar/raw/oanda/daily/2026-06-25.json
JOLTS,2026-06-30T09:00:00-05:00,2026-06-30,BLS,May 2026,2026-06-30 16:00,JOLTS Job Openings,1371,150505,May,3,"7,594 mn","7,3 mn","7,618 mn",1782828000,1,1,1,pinned_report_and_event_name,EconomicCalendar/raw/oanda/daily/2026-06-30.json
EMPLOYMENT,2026-07-02T07:30:00-05:00,2026-07-02,BLS,June 2026,2026-07-02 14:30,Non-Farm Employment Change,707,146083,June,3,57 k,110 k,172 k,1782995400,1,1,1,pinned_report_and_event_name,EconomicCalendar/raw/oanda/daily/2026-07-02.json
CPI,2026-07-14T07:30:00-05:00,2026-07-14,BLS,June 2026,2026-07-14 14:30,Consumer Price Index,699,145781,June,3,"-0,4% m/m","-0,1% m/m","0,5% m/m",1784032200,1,1,1,pinned_report_and_event_name,EconomicCalendar/raw/oanda/daily/2026-07-14.json
PPI,2026-07-15T07:30:00-05:00,2026-07-15,BLS,June 2026,2026-07-15 14:30,Producer Price Index,703,145841,June,2,"-0,3% m/m","0,0% m/m","1,1% m/m",1784118600,1,1,1,pinned_report_and_event_name,EconomicCalendar/raw/oanda/daily/2026-07-15.json
RETAIL_SALES,2026-07-16T07:30:00-05:00,2026-07-16,CENSUS,June 2026,2026-07-16 14:30,Retail Sales,696,146229,June,3,"0,2% m/m","0,2% m/m","0,9% m/m",1784205000,1,1,1,pinned_report_and_event_name,EconomicCalendar/raw/oanda/daily/2026-07-16.json
DURABLE_GOODS,2026-07-27T07:30:00-05:00,2026-07-27,CENSUS,June 2026,2026-07-27 14:30,Durable Goods Orders - pre..,59,146278,June,3,"0,3% m/m","2,5% m/m","-4,5% m/m",1785155400,1,1,1,pinned_report_and_event_name,EconomicCalendar/raw/oanda/daily/2026-07-27.json
FOMC,2026-07-29T13:00:00-05:00,2026-07-29,FEDERAL_RESERVE,FOMC 2026-07-29,2026-07-29 20:00,FOMC Interest Rate Decision,82,135344,July,3,"3,50-3,75%","3,50-3,75%","3,50-3,75%",1785348000,1,1,1,pinned_report_and_event_name,EconomicCalendar/raw/oanda/daily/2026-07-29.json
GDP,2026-07-30T07:30:00-05:00,2026-07-30,BEA,Q2 2026 Advance,2026-07-30 14:30,GDP (Annualized) - pre..,690,149741,2Q,3,"1,5%","2,1%","2,1%",1785414600,1,1,1,pinned_report_and_event_name,EconomicCalendar/raw/oanda/daily/2026-07-30.json
JOLTS,2026-08-04T09:00:00-05:00,2026-08-04,BLS,June 2026,2026-08-04 16:00,JOLTS Job Openings,1371,150506,June,3,"7,359 mn","7,45 mn","7,594 mn",1785852000,1,1,1,pinned_report_and_event_name,EconomicCalendar/raw/oanda/daily/2026-08-04.json
EMPLOYMENT,2026-08-07T07:30:00-05:00,2026-08-07,BLS,July 2026,2026-08-07 14:30,Non-Farm Employment Change,707,146091,July,3,-23 k,80 k,57 k,1786105800,1,1,1,pinned_report_and_event_name,EconomicCalendar/raw/oanda/daily/2026-08-07.json
CPI,2026-08-12T07:30:00-05:00,2026-08-12,BLS,July 2026,2026-08-12 14:30,Consumer Price Index,699,145786,July,3,"0,1% m/m","0,1% m/m","-0,4% m/m",1786537800,1,1,1,pinned_report_and_event_name,EconomicCalendar/raw/oanda/daily/2026-08-12.json
PPI,2026-08-13T07:30:00-05:00,2026-08-13,BLS,July 2026,2026-08-13 14:30,Producer Price Index,703,145846,July,2,"0,0% m/m","0,2% m/m","-0,3% m/m",1786624200,1,1,1,pinned_report_and_event_name,EconomicCalendar/raw/oanda/daily/2026-08-13.json
RETAIL_SALES,2026-08-14T07:30:00-05:00,2026-08-14,CENSUS,July 2026,2026-08-14 14:30,Retail Sales,696,146234,July,3,"-0,6% m/m","0,1% m/m","0,2% m/m",1786710600,1,1,1,pinned_report_and_event_name,EconomicCalendar/raw/oanda/daily/2026-08-14.json
