economic_event_id,event_family,event_timestamp_utc,source_agency,source_event_id,reference_period,event_importance,historical_time_confidence,source_release_date,source_release_time,source_timezone,official_source_url,consensus_source,oanda_report_id,oanda_event_id,oanda_event,oanda_period,oanda_priority,oanda_timestamp,oanda_date,oanda_source_file,match_rule,forecast_raw,previous_raw,actual_raw,forecast_parse_status,forecast_value_kind,forecast_value_low,forecast_value_high,forecast_canonical_value_low,forecast_canonical_value_high,forecast_unit,forecast_scale,forecast_qualifier,previous_parse_status,previous_value_kind,previous_value_low,previous_value_high,previous_canonical_value_low,previous_canonical_value_high,previous_unit,previous_scale,previous_qualifier,actual_parse_status,actual_value_kind,actual_value_low,actual_value_high,actual_canonical_value_low,actual_canonical_value_high,actual_unit,actual_scale,actual_qualifier
77,PPI,2011-07-14T07:30:00-05:00,BLS,bls:ppi:20110714T123000Z:june-2011,June 2011,3,exact,2011-07-14,08:30:00,America/New_York,https://www.bls.gov/schedule/2011/home.htm,OANDA,703,24462,Producer Price Index,June,2,1310646600,2011-07-14 14:30,EconomicCalendar/raw/oanda/daily/2011-07-14.json,pinned_report_and_event_name,-0.1% m/m,0.2% m/m,-0.4% m/m,parsed,scalar,-0.1,,-0.1,,percent,1,m/m,parsed,scalar,0.2,,0.2,,percent,1,m/m,parsed,scalar,-0.4,,-0.4,,percent,1,m/m
2301,RETAIL_SALES,2011-07-14T07:30:00-05:00,CENSUS,census:retail-sales-2011-06,June 2011,3,exact,2011-07-14,08:30:00,America/New_York,https://www2.census.gov/retail/releases/historical/marts/adv1106.pdf,OANDA,696,24144,Retail Sales,June,3,1310646600,2011-07-14 14:30,EconomicCalendar/raw/oanda/daily/2011-07-14.json,pinned_report_and_event_name,,-0.2% m/m,0.1% m/m,missing,,,,,,,,,parsed,scalar,-0.2,,-0.2,,percent,1,m/m,parsed,scalar,0.1,,0.1,,percent,1,m/m
78,CPI,2011-07-15T07:30:00-05:00,BLS,bls:cpi:20110715T123000Z:june-2011,June 2011,3,exact,2011-07-15,08:30:00,America/New_York,https://www.bls.gov/schedule/2011/home.htm,OANDA,699,24290,Consumer Price Index,June,3,1310733000,2011-07-15 14:30,EconomicCalendar/raw/oanda/daily/2011-07-15.json,pinned_report_and_event_name,-0.1% m/m,0.2% m/m,-0.2% m/m,parsed,scalar,-0.1,,-0.1,,percent,1,m/m,parsed,scalar,0.2,,0.2,,percent,1,m/m,parsed,scalar,-0.2,,-0.2,,percent,1,m/m
2302,DURABLE_GOODS,2011-07-27T07:30:00-05:00,CENSUS,census:durable-goods-2011-06,June 2011,3,exact,2011-07-27,08:30:00,America/New_York,https://www.census.gov/manufacturing/m3/historical_data/pressreleases/adv/2011/jun11adv.pdf,OANDA,59,4333,Durable Goods Orders - pre..,June,3,1311769800,2011-07-27 14:30,EconomicCalendar/raw/oanda/daily/2011-07-27.json,pinned_report_and_event_name,0.3% m/m,2.1% m/m,-2.1% m/m,parsed,scalar,0.3,,0.3,,percent,1,m/m,parsed,scalar,2.1,,2.1,,percent,1,m/m,parsed,scalar,-2.1,,-2.1,,percent,1,m/m
1636,GDP,2011-07-29T07:30:00-05:00,BEA,bea:gdp:20110729T123000Z:q2-2011-advance,Q2 2011 Advance,3,exact,2011-07-29,08:30:00,America/New_York,https://www.bea.gov/news/2011/gross-domestic-product-2nd-quarter-2011-advance-estimate,OANDA,690,23812,GDP (Annualized) - pre..,2Q,3,1311942600,2011-07-29 14:30,EconomicCalendar/raw/oanda/daily/2011-07-29.json,pinned_report_and_event_name,1.9%,1.9%,1.3%,parsed,scalar,1.9,,1.9,,percent,1,,parsed,scalar,1.9,,1.9,,percent,1,,parsed,scalar,1.3,,1.3,,percent,1,
1637,PCE,2011-08-02T07:30:00-05:00,BEA,bea:pce:20110802T123000Z:june-2011,June 2011,3,exact,2011-08-02,08:30:00,America/New_York,https://www.bea.gov/news/2011/personal-income-and-outlays-june-2011,OANDA,694,24035,Personal Consumption Expenditures,June,2,1312288200,2011-08-02 14:30,EconomicCalendar/raw/oanda/daily/2011-08-02.json,pinned_report_and_event_name,0.2% m/m,,-0.2% m/m,parsed,scalar,0.2,,0.2,,percent,1,m/m,missing,,,,,,,,,parsed,scalar,-0.2,,-0.2,,percent,1,m/m
79,EMPLOYMENT,2011-08-05T07:30:00-05:00,BLS,bls:employment:20110805T123000Z:july-2011,July 2011,3,exact,2011-08-05,08:30:00,America/New_York,https://www.bls.gov/schedule/2011/home.htm,OANDA,707,24661,Non-Farm Employment Change,July,3,1312547400,2011-08-05 14:30,EconomicCalendar/raw/oanda/daily/2011-08-05.json,pinned_report_and_event_name,90 k,18 k,117 k,parsed,scalar,90,,90000,,count,1000,,parsed,scalar,18,,18000,,count,1000,,parsed,scalar,117,,117000,,count,1000,
2142,FOMC,2011-08-09T13:15:00-05:00,FEDERAL_RESERVE,federal_reserve:fomc:20110809T181500Z,FOMC 2011-08-09,3,exact,2011-08-09,14:15:00,America/New_York,https://www.federalreserve.gov/newsevents/pressreleases/monetary20110809a.htm,OANDA,82,7007,FOMC Interest Rate Decision,August,3,1312913880,2011-08-09 20:18,EconomicCalendar/raw/oanda/daily/2011-08-09.json,pinned_report_and_event_name,0.25%,0.25%,0.25%,parsed,scalar,0.25,,0.25,,percent,1,,parsed,scalar,0.25,,0.25,,percent,1,,parsed,scalar,0.25,,0.25,,percent,1,
2303,RETAIL_SALES,2011-08-12T07:30:00-05:00,CENSUS,census:retail-sales-2011-07,July 2011,3,exact,2011-08-12,08:30:00,America/New_York,https://www2.census.gov/retail/releases/historical/marts/adv1107.pdf,OANDA,696,24149,Retail Sales,July,3,1313152200,2011-08-12 14:30,EconomicCalendar/raw/oanda/daily/2011-08-12.json,pinned_report_and_event_name,0.5% m/m,0.1% m/m,0.5% m/m,parsed,scalar,0.5,,0.5,,percent,1,m/m,parsed,scalar,0.1,,0.1,,percent,1,m/m,parsed,scalar,0.5,,0.5,,percent,1,m/m
81,PPI,2011-08-17T07:30:00-05:00,BLS,bls:ppi:20110817T123000Z:july-2011,July 2011,3,exact,2011-08-17,08:30:00,America/New_York,https://www.bls.gov/schedule/2011/home.htm,OANDA,703,24466,Producer Price Index,July,2,1313584200,2011-08-17 14:30,EconomicCalendar/raw/oanda/daily/2011-08-17.json,pinned_report_and_event_name,,-0.4% m/m,0.2% m/m,missing,,,,,,,,,parsed,scalar,-0.4,,-0.4,,percent,1,m/m,parsed,scalar,0.2,,0.2,,percent,1,m/m
82,CPI,2011-08-18T07:30:00-05:00,BLS,bls:cpi:20110818T123000Z:july-2011,July 2011,3,exact,2011-08-18,08:30:00,America/New_York,https://www.bls.gov/schedule/2011/home.htm,OANDA,699,24294,Consumer Price Index,July,3,1313670600,2011-08-18 14:30,EconomicCalendar/raw/oanda/daily/2011-08-18.json,pinned_report_and_event_name,0.2% m/m,-0.2% m/m,0.5% m/m,parsed,scalar,0.2,,0.2,,percent,1,m/m,parsed,scalar,-0.2,,-0.2,,percent,1,m/m,parsed,scalar,0.5,,0.5,,percent,1,m/m
2304,DURABLE_GOODS,2011-08-24T07:30:00-05:00,CENSUS,census:durable-goods-2011-07,July 2011,3,exact,2011-08-24,08:30:00,America/New_York,https://www.census.gov/manufacturing/m3/historical_data/pressreleases/adv/2011/jul11adv.pdf,OANDA,59,4343,Durable Goods Orders - pre..,July,3,1314189000,2011-08-24 14:30,EconomicCalendar/raw/oanda/daily/2011-08-24.json,pinned_report_and_event_name,1.9% m/m,-1.9% m/m,4% m/m,parsed,scalar,1.9,,1.9,,percent,1,m/m,parsed,scalar,-1.9,,-1.9,,percent,1,m/m,parsed,scalar,4,,4,,percent,1,m/m
1638,GDP,2011-08-26T07:30:00-05:00,BEA,bea:gdp:20110826T123000Z:q2-2011-second,Q2 2011 Second,3,exact,2011-08-26,08:30:00,America/New_York,https://www.bea.gov/news/2011/gross-domestic-product-2nd-quarter-2011-second-estimate-corporate-profits-2nd-quarter,OANDA,690,23815,GDP (Annualized) - rev..,2Q,3,1314361800,2011-08-26 14:30,EconomicCalendar/raw/oanda/daily/2011-08-26.json,pinned_report_and_event_name,1.1%,0.4%,1%,parsed,scalar,1.1,,1.1,,percent,1,,parsed,scalar,0.4,,0.4,,percent,1,,parsed,scalar,1,,1,,percent,1,
1639,PCE,2011-08-29T07:30:00-05:00,BEA,bea:pce:20110829T123000Z:july-2011,July 2011,3,exact,2011-08-29,08:30:00,America/New_York,https://www.bea.gov/news/2011/personal-income-and-outlays-july-2011,OANDA,694,24040,Personal Consumption Expenditures,July,2,1314621000,2011-08-29 14:30,EconomicCalendar/raw/oanda/daily/2011-08-29.json,pinned_report_and_event_name,0.4% m/m,-0.2% m/m,0.8% m/m,parsed,scalar,0.4,,0.4,,percent,1,m/m,parsed,scalar,-0.2,,-0.2,,percent,1,m/m,parsed,scalar,0.8,,0.8,,percent,1,m/m
83,EMPLOYMENT,2011-09-02T07:30:00-05:00,BLS,bls:employment:20110902T123000Z:august-2011,August 2011,3,exact,2011-09-02,08:30:00,America/New_York,https://www.bls.gov/schedule/2011/home.htm,OANDA,707,24666,Non-Farm Employment Change,August,3,1314966600,2011-09-02 14:30,EconomicCalendar/raw/oanda/daily/2011-09-02.json,pinned_report_and_event_name,75 k,117 k,,parsed,scalar,75,,75000,,count,1000,,parsed,scalar,117,,117000,,count,1000,,missing,,,,,,,,
85,PPI,2011-09-14T07:30:00-05:00,BLS,bls:ppi:20110914T123000Z:august-2011,August 2011,3,exact,2011-09-14,08:30:00,America/New_York,https://www.bls.gov/schedule/2011/home.htm,OANDA,703,24470,Producer Price Index,August,2,1316003400,2011-09-14 14:30,EconomicCalendar/raw/oanda/daily/2011-09-14.json,pinned_report_and_event_name,-0.1% m/m,0.2% m/m,,parsed,scalar,-0.1,,-0.1,,percent,1,m/m,parsed,scalar,0.2,,0.2,,percent,1,m/m,missing,,,,,,,,
2305,RETAIL_SALES,2011-09-14T07:30:00-05:00,CENSUS,census:retail-sales-2011-08,August 2011,3,exact,2011-09-14,08:30:00,America/New_York,https://www2.census.gov/retail/releases/historical/marts/adv1108.pdf,OANDA,696,24154,Retail Sales,August,3,1316003400,2011-09-14 14:30,EconomicCalendar/raw/oanda/daily/2011-09-14.json,pinned_report_and_event_name,0.2% m/m,0.5% m/m,,parsed,scalar,0.2,,0.2,,percent,1,m/m,parsed,scalar,0.5,,0.5,,percent,1,m/m,missing,,,,,,,,
86,CPI,2011-09-15T07:30:00-05:00,BLS,bls:cpi:20110915T123000Z:august-2011,August 2011,3,exact,2011-09-15,08:30:00,America/New_York,https://www.bls.gov/schedule/2011/home.htm,OANDA,699,24298,Consumer Price Index,August,3,1316089800,2011-09-15 14:30,EconomicCalendar/raw/oanda/daily/2011-09-15.json,pinned_report_and_event_name,0.2% m/m,0.5% m/m,0.4% m/m,parsed,scalar,0.2,,0.2,,percent,1,m/m,parsed,scalar,0.5,,0.5,,percent,1,m/m,parsed,scalar,0.4,,0.4,,percent,1,m/m
2143,FOMC,2011-09-21T13:15:00-05:00,FEDERAL_RESERVE,federal_reserve:fomc:20110921T181500Z,FOMC 2011-09-21,3,exact,2011-09-21,14:15:00,America/New_York,https://www.federalreserve.gov/newsevents/pressreleases/monetary20110921a.htm,OANDA,82,7014,FOMC Interest Rate Decision,September,3,1316629320,2011-09-21 20:22,EconomicCalendar/raw/oanda/daily/2011-09-21.json,pinned_report_and_event_name,0.25%,0.25%,0.25%,parsed,scalar,0.25,,0.25,,percent,1,,parsed,scalar,0.25,,0.25,,percent,1,,parsed,scalar,0.25,,0.25,,percent,1,
2306,DURABLE_GOODS,2011-09-28T07:30:00-05:00,CENSUS,census:durable-goods-2011-08,August 2011,3,exact,2011-09-28,08:30:00,America/New_York,https://www.census.gov/manufacturing/m3/historical_data/pressreleases/adv/2011/aug11adv.pdf,OANDA,59,4353,Durable Goods Orders - pre..,August,3,1317213000,2011-09-28 14:30,EconomicCalendar/raw/oanda/daily/2011-09-28.json,pinned_report_and_event_name,-0.6% m/m,4.1% m/m,-0.1% m/m,parsed,scalar,-0.6,,-0.6,,percent,1,m/m,parsed,scalar,4.1,,4.1,,percent,1,m/m,parsed,scalar,-0.1,,-0.1,,percent,1,m/m
1640,GDP,2011-09-29T07:30:00-05:00,BEA,bea:gdp:20110929T123000Z:q2-2011-third,Q2 2011 Third,3,exact,2011-09-29,08:30:00,America/New_York,https://www.bea.gov/news/2011/gross-domestic-product-2nd-quarter-2011-third-estimate-corporate-profits-2nd-quarter-2011,OANDA,690,23820,GDP (Annualized) - fin..,2Q,3,1317299400,2011-09-29 14:30,EconomicCalendar/raw/oanda/daily/2011-09-29.json,pinned_report_and_event_name,1.2%,0.4%,1.3%,parsed,scalar,1.2,,1.2,,percent,1,,parsed,scalar,0.4,,0.4,,percent,1,,parsed,scalar,1.3,,1.3,,percent,1,
1641,PCE,2011-09-30T07:30:00-05:00,BEA,bea:pce:20110930T123000Z:august-2011,August 2011,3,exact,2011-09-30,08:30:00,America/New_York,https://www.bea.gov/news/2011/personal-income-and-outlays-august-2011,OANDA,694,24045,Personal Consumption Expenditures,August,2,1317385800,2011-09-30 14:30,EconomicCalendar/raw/oanda/daily/2011-09-30.json,pinned_report_and_event_name,0.2% m/m,0.8% m/m,0.2% m/m,parsed,scalar,0.2,,0.2,,percent,1,m/m,parsed,scalar,0.8,,0.8,,percent,1,m/m,parsed,scalar,0.2,,0.2,,percent,1,m/m
87,EMPLOYMENT,2011-10-07T07:30:00-05:00,BLS,bls:employment:20111007T123000Z:september-2011,September 2011,3,exact,2011-10-07,08:30:00,America/New_York,https://www.bls.gov/schedule/2011/home.htm,OANDA,707,24671,Non-Farm Employment Change,September,3,1317990600,2011-10-07 14:30,EconomicCalendar/raw/oanda/daily/2011-10-07.json,pinned_report_and_event_name,60 k,,103 k,parsed,scalar,60,,60000,,count,1000,,missing,,,,,,,,,parsed,scalar,103,,103000,,count,1000,
2307,RETAIL_SALES,2011-10-14T07:30:00-05:00,CENSUS,census:retail-sales-2011-09,September 2011,3,exact,2011-10-14,08:30:00,America/New_York,https://www2.census.gov/retail/releases/historical/marts/adv1109.pdf,OANDA,696,24159,Retail Sales,September,3,1318595400,2011-10-14 14:30,EconomicCalendar/raw/oanda/daily/2011-10-14.json,pinned_report_and_event_name,0.6% m/m,,1.1% m/m,parsed,scalar,0.6,,0.6,,percent,1,m/m,missing,,,,,,,,,parsed,scalar,1.1,,1.1,,percent,1,m/m
89,PPI,2011-10-18T07:30:00-05:00,BLS,bls:ppi:20111018T123000Z:september-2011,September 2011,3,exact,2011-10-18,08:30:00,America/New_York,https://www.bls.gov/schedule/2011/home.htm,OANDA,703,24474,Producer Price Index,September,2,1318941000,2011-10-18 14:30,EconomicCalendar/raw/oanda/daily/2011-10-18.json,pinned_report_and_event_name,0.2% m/m,,0.8% m/m,parsed,scalar,0.2,,0.2,,percent,1,m/m,missing,,,,,,,,,parsed,scalar,0.8,,0.8,,percent,1,m/m
90,CPI,2011-10-19T07:30:00-05:00,BLS,bls:cpi:20111019T123000Z:september-2011,September 2011,3,exact,2011-10-19,08:30:00,America/New_York,https://www.bls.gov/schedule/2011/home.htm,OANDA,699,24302,Consumer Price Index,September,3,1319027400,2011-10-19 14:30,EconomicCalendar/raw/oanda/daily/2011-10-19.json,pinned_report_and_event_name,0.3% m/m,0.4% m/m,0.3% m/m,parsed,scalar,0.3,,0.3,,percent,1,m/m,parsed,scalar,0.4,,0.4,,percent,1,m/m,parsed,scalar,0.3,,0.3,,percent,1,m/m
2308,DURABLE_GOODS,2011-10-26T07:30:00-05:00,CENSUS,census:durable-goods-2011-09,September 2011,3,exact,2011-10-26,08:30:00,America/New_York,https://www.census.gov/manufacturing/m3/historical_data/pressreleases/adv/2011/sep11adv.pdf,OANDA,59,4363,Durable Goods Orders - pre..,September,3,1319632200,2011-10-26 14:30,EconomicCalendar/raw/oanda/daily/2011-10-26.json,pinned_report_and_event_name,-0.7% m/m,-0.1% m/m,-0.8% m/m,parsed,scalar,-0.7,,-0.7,,percent,1,m/m,parsed,scalar,-0.1,,-0.1,,percent,1,m/m,parsed,scalar,-0.8,,-0.8,,percent,1,m/m
1642,GDP,2011-10-27T07:30:00-05:00,BEA,bea:gdp:20111027T123000Z:q3-2011-advance,Q3 2011 Advance,3,exact,2011-10-27,08:30:00,America/New_York,https://www.bea.gov/news/2011/gross-domestic-product-3rd-quarter-2011-advance-estimate,OANDA,690,23813,GDP (Annualized) - pre..,3Q,3,1319718600,2011-10-27 14:30,EconomicCalendar/raw/oanda/daily/2011-10-27.json,pinned_report_and_event_name,2.5%,1.3%,2.5%,parsed,scalar,2.5,,2.5,,percent,1,,parsed,scalar,1.3,,1.3,,percent,1,,parsed,scalar,2.5,,2.5,,percent,1,
1643,PCE,2011-10-28T07:30:00-05:00,BEA,bea:pce:20111028T123000Z:september-2011,September 2011,3,exact,2011-10-28,08:30:00,America/New_York,https://www.bea.gov/news/2011/personal-income-and-outlays-september-2011,OANDA,694,24050,Personal Consumption Expenditures,September,2,1319805000,2011-10-28 14:30,EconomicCalendar/raw/oanda/daily/2011-10-28.json,pinned_report_and_event_name,0.5% m/m,0.2% m/m,0.6% m/m,parsed,scalar,0.5,,0.5,,percent,1,m/m,parsed,scalar,0.2,,0.2,,percent,1,m/m,parsed,scalar,0.6,,0.6,,percent,1,m/m
2144,FOMC,2011-11-02T11:30:00-05:00,FEDERAL_RESERVE,federal_reserve:fomc:20111102T163000Z,FOMC 2011-11-02,3,exact,2011-11-02,12:30:00,America/New_York,https://www.federalreserve.gov/newsevents/pressreleases/monetary20111102a.htm,OANDA,82,7026,FOMC Interest Rate Decision,November,3,1320251400,2011-11-02 17:30,EconomicCalendar/raw/oanda/daily/2011-11-02.json,pinned_report_and_event_name,0.25%,0.25%,0.25%,parsed,scalar,0.25,,0.25,,percent,1,,parsed,scalar,0.25,,0.25,,percent,1,,parsed,scalar,0.25,,0.25,,percent,1,
91,EMPLOYMENT,2011-11-04T07:30:00-05:00,BLS,bls:employment:20111104T123000Z:october-2011,October 2011,3,exact,2011-11-04,08:30:00,America/New_York,https://www.bls.gov/schedule/2011/home.htm,OANDA,707,24676,Non-Farm Employment Change,October,3,1320409800,2011-11-04 13:30,EconomicCalendar/raw/oanda/daily/2011-11-04.json,pinned_report_and_event_name,95 k,103 k,80 k,parsed,scalar,95,,95000,,count,1000,,parsed,scalar,103,,103000,,count,1000,,parsed,scalar,80,,80000,,count,1000,
93,PPI,2011-11-15T07:30:00-06:00,BLS,bls:ppi:20111115T133000Z:october-2011,October 2011,3,exact,2011-11-15,08:30:00,America/New_York,https://www.bls.gov/schedule/2011/home.htm,OANDA,703,24478,Producer Price Index,October,2,1321363800,2011-11-15 14:30,EconomicCalendar/raw/oanda/daily/2011-11-15.json,pinned_report_and_event_name,0.1% m/m,0.8% m/m,-0.3% m/m,parsed,scalar,0.1,,0.1,,percent,1,m/m,parsed,scalar,0.8,,0.8,,percent,1,m/m,parsed,scalar,-0.3,,-0.3,,percent,1,m/m
2309,RETAIL_SALES,2011-11-15T07:30:00-06:00,CENSUS,census:retail-sales-2011-10,October 2011,3,exact,2011-11-15,08:30:00,America/New_York,https://www2.census.gov/retail/releases/historical/marts/adv1110.pdf,OANDA,696,24164,Retail Sales,October,3,1321363800,2011-11-15 14:30,EconomicCalendar/raw/oanda/daily/2011-11-15.json,pinned_report_and_event_name,0.2% m/m,1.1% m/m,0.5% m/m,parsed,scalar,0.2,,0.2,,percent,1,m/m,parsed,scalar,1.1,,1.1,,percent,1,m/m,parsed,scalar,0.5,,0.5,,percent,1,m/m
94,CPI,2011-11-16T07:30:00-06:00,BLS,bls:cpi:20111116T133000Z:october-2011,October 2011,3,exact,2011-11-16,08:30:00,America/New_York,https://www.bls.gov/schedule/2011/home.htm,OANDA,699,24306,Consumer Price Index,October,3,1321450200,2011-11-16 14:30,EconomicCalendar/raw/oanda/daily/2011-11-16.json,pinned_report_and_event_name,,0.3% m/m,-0.1% m/m,missing,,,,,,,,,parsed,scalar,0.3,,0.3,,percent,1,m/m,parsed,scalar,-0.1,,-0.1,,percent,1,m/m
1644,GDP,2011-11-22T07:30:00-06:00,BEA,bea:gdp:20111122T133000Z:q3-2011-second,Q3 2011 Second,3,exact,2011-11-22,08:30:00,America/New_York,https://www.bea.gov/news/2011/gross-domestic-product-3rd-quarter-2011-second-estimate-corporate-profits-3rd-quarter,OANDA,690,23816,GDP (Annualized) - rev..,3Q,3,1321968600,2011-11-22 14:30,EconomicCalendar/raw/oanda/daily/2011-11-22.json,pinned_report_and_event_name,2.5%,1.3%,2%,parsed,scalar,2.5,,2.5,,percent,1,,parsed,scalar,1.3,,1.3,,percent,1,,parsed,scalar,2,,2,,percent,1,
2310,DURABLE_GOODS,2011-11-23T07:30:00-06:00,CENSUS,census:durable-goods-2011-10,October 2011,3,exact,2011-11-23,08:30:00,America/New_York,https://www.census.gov/manufacturing/m3/historical_data/pressreleases/adv/2011/oct11adv.pdf,OANDA,59,4373,Durable Goods Orders - pre..,October,3,1322055000,2011-11-23 14:30,EconomicCalendar/raw/oanda/daily/2011-11-23.json,pinned_report_and_event_name,-0.9% m/m,-0.6% m/m,-0.7% m/m,parsed,scalar,-0.9,,-0.9,,percent,1,m/m,parsed,scalar,-0.6,,-0.6,,percent,1,m/m,parsed,scalar,-0.7,,-0.7,,percent,1,m/m
1645,PCE,2011-11-23T07:30:00-06:00,BEA,bea:pce:20111123T133000Z:october-2011,October 2011,3,exact,2011-11-23,08:30:00,America/New_York,https://www.bea.gov/news/2011/personal-income-and-outlays-october-2011,OANDA,694,24055,Personal Consumption Expenditures,October,2,1322055000,2011-11-23 14:30,EconomicCalendar/raw/oanda/daily/2011-11-23.json,pinned_report_and_event_name,0.3% m/m,0.6% m/m,0.1% m/m,parsed,scalar,0.3,,0.3,,percent,1,m/m,parsed,scalar,0.6,,0.6,,percent,1,m/m,parsed,scalar,0.1,,0.1,,percent,1,m/m
95,EMPLOYMENT,2011-12-02T07:30:00-06:00,BLS,bls:employment:20111202T133000Z:november-2011,November 2011,3,exact,2011-12-02,08:30:00,America/New_York,https://www.bls.gov/schedule/2011/home.htm,OANDA,707,24681,Non-Farm Employment Change,November,3,1322832600,2011-12-02 14:30,EconomicCalendar/raw/oanda/daily/2011-12-02.json,pinned_report_and_event_name,125 k,80 k,120 k,parsed,scalar,125,,125000,,count,1000,,parsed,scalar,80,,80000,,count,1000,,parsed,scalar,120,,120000,,count,1000,
2311,RETAIL_SALES,2011-12-13T07:30:00-06:00,CENSUS,census:retail-sales-2011-11,November 2011,3,exact,2011-12-13,08:30:00,America/New_York,https://www2.census.gov/retail/releases/historical/marts/adv1111.pdf,OANDA,696,24169,Retail Sales,November,3,1323783000,2011-12-13 14:30,EconomicCalendar/raw/oanda/daily/2011-12-13.json,pinned_report_and_event_name,0.5% m/m,0.5% m/m,0.2% m/m,parsed,scalar,0.5,,0.5,,percent,1,m/m,parsed,scalar,0.5,,0.5,,percent,1,m/m,parsed,scalar,0.2,,0.2,,percent,1,m/m
2145,FOMC,2011-12-13T13:15:00-06:00,FEDERAL_RESERVE,federal_reserve:fomc:20111213T191500Z,FOMC 2011-12-13,3,exact,2011-12-13,14:15:00,America/New_York,https://www.federalreserve.gov/newsevents/pressreleases/monetary20111213a.htm,OANDA,82,7030,FOMC Interest Rate Decision,December,3,1323803580,2011-12-13 20:13,EconomicCalendar/raw/oanda/daily/2011-12-13.json,pinned_report_and_event_name,0.25%,0.25%,0.25%,parsed,scalar,0.25,,0.25,,percent,1,,parsed,scalar,0.25,,0.25,,percent,1,,parsed,scalar,0.25,,0.25,,percent,1,
97,PPI,2011-12-15T07:30:00-06:00,BLS,bls:ppi:20111215T133000Z:november-2011,November 2011,3,exact,2011-12-15,08:30:00,America/New_York,https://www.bls.gov/schedule/2011/home.htm,OANDA,703,24482,Producer Price Index,November,2,1323955800,2011-12-15 14:30,EconomicCalendar/raw/oanda/daily/2011-12-15.json,pinned_report_and_event_name,0.2% m/m,-0.3% m/m,0.3% m/m,parsed,scalar,0.2,,0.2,,percent,1,m/m,parsed,scalar,-0.3,,-0.3,,percent,1,m/m,parsed,scalar,0.3,,0.3,,percent,1,m/m
98,CPI,2011-12-16T07:30:00-06:00,BLS,bls:cpi:20111216T133000Z:november-2011,November 2011,3,exact,2011-12-16,08:30:00,America/New_York,https://www.bls.gov/schedule/2011/home.htm,OANDA,699,24310,Consumer Price Index,November,3,1324042200,2011-12-16 14:30,EconomicCalendar/raw/oanda/daily/2011-12-16.json,pinned_report_and_event_name,0.1% m/m,-0.1% m/m,,parsed,scalar,0.1,,0.1,,percent,1,m/m,parsed,scalar,-0.1,,-0.1,,percent,1,m/m,missing,,,,,,,,
1646,GDP,2011-12-22T07:30:00-06:00,BEA,bea:gdp:20111222T133000Z:q3-2011-third,Q3 2011 Third,3,exact,2011-12-22,08:30:00,America/New_York,https://www.bea.gov/news/2011/gross-domestic-product-3rd-quarter-2011-third-estimate-corporate-profits-3rd-quarter-2011,OANDA,690,23821,GDP (Annualized) - fin..,3Q,3,1324560600,2011-12-22 14:30,EconomicCalendar/raw/oanda/daily/2011-12-22.json,pinned_report_and_event_name,2%,1.3%,1.8%,parsed,scalar,2,,2,,percent,1,,parsed,scalar,1.3,,1.3,,percent,1,,parsed,scalar,1.8,,1.8,,percent,1,
2312,DURABLE_GOODS,2011-12-23T07:30:00-06:00,CENSUS,census:durable-goods-2011-11,November 2011,3,exact,2011-12-23,08:30:00,America/New_York,https://www.census.gov/manufacturing/m3/historical_data/pressreleases/adv/2011/nov11adv.pdf,OANDA,59,4382,Durable Goods Orders - pre..,November,3,1324647000,2011-12-23 14:30,EconomicCalendar/raw/oanda/daily/2011-12-23.json,pinned_report_and_event_name,2% m/m,-0.5% m/m,3.8% m/m,parsed,scalar,2,,2,,percent,1,m/m,parsed,scalar,-0.5,,-0.5,,percent,1,m/m,parsed,scalar,3.8,,3.8,,percent,1,m/m
1647,PCE,2011-12-23T07:30:00-06:00,BEA,bea:pce:20111223T133000Z:november-2011,November 2011,3,exact,2011-12-23,08:30:00,America/New_York,https://www.bea.gov/news/2011/personal-income-and-outlays-november-2011,OANDA,694,24060,Personal Consumption Expenditures,November,2,1324647000,2011-12-23 14:30,EconomicCalendar/raw/oanda/daily/2011-12-23.json,pinned_report_and_event_name,0.3% m/m,0.1% m/m,0.1% m/m,parsed,scalar,0.3,,0.3,,percent,1,m/m,parsed,scalar,0.1,,0.1,,percent,1,m/m,parsed,scalar,0.1,,0.1,,percent,1,m/m
99,EMPLOYMENT,2012-01-06T07:30:00-06:00,BLS,bls:employment:20120106T133000Z:december-2011,December 2011,3,exact,2012-01-06,08:30:00,America/New_York,https://www.bls.gov/schedule/2012/home.htm,OANDA,707,24686,Non-Farm Employment Change,December,3,1325856600,2012-01-06 14:30,EconomicCalendar/raw/oanda/daily/2012-01-06.json,pinned_report_and_event_name,150 k,120 k,200 k,parsed,scalar,150,,150000,,count,1000,,parsed,scalar,120,,120000,,count,1000,,parsed,scalar,200,,200000,,count,1000,
2313,RETAIL_SALES,2012-01-12T07:30:00-06:00,CENSUS,census:retail-sales-2011-12,December 2011,3,exact,2012-01-12,08:30:00,America/New_York,https://www2.census.gov/retail/releases/historical/marts/adv1112.pdf,OANDA,696,24174,Retail Sales,December,3,1326375000,2012-01-12 14:30,EconomicCalendar/raw/oanda/daily/2012-01-12.json,pinned_report_and_event_name,0.3% m/m,0.2% m/m,0.1% m/m,parsed,scalar,0.3,,0.3,,percent,1,m/m,parsed,scalar,0.2,,0.2,,percent,1,m/m,parsed,scalar,0.1,,0.1,,percent,1,m/m
101,PPI,2012-01-18T07:30:00-06:00,BLS,bls:ppi:20120118T133000Z:december-2011,December 2011,3,exact,2012-01-18,08:30:00,America/New_York,https://www.bls.gov/schedule/2012/home.htm,OANDA,703,24486,Producer Price Index,December,2,1326893400,2012-01-18 14:30,EconomicCalendar/raw/oanda/daily/2012-01-18.json,pinned_report_and_event_name,0.1% m/m,0.3% m/m,-0.1% m/m,parsed,scalar,0.1,,0.1,,percent,1,m/m,parsed,scalar,0.3,,0.3,,percent,1,m/m,parsed,scalar,-0.1,,-0.1,,percent,1,m/m
102,CPI,2012-01-19T07:30:00-06:00,BLS,bls:cpi:20120119T133000Z:december-2011,December 2011,3,exact,2012-01-19,08:30:00,America/New_York,https://www.bls.gov/schedule/2012/home.htm,OANDA,699,24314,Consumer Price Index,December,3,1326979800,2012-01-19 14:30,EconomicCalendar/raw/oanda/daily/2012-01-19.json,pinned_report_and_event_name,0.1% m/m,,,parsed,scalar,0.1,,0.1,,percent,1,m/m,missing,,,,,,,,,missing,,,,,,,,
2146,FOMC,2012-01-25T11:30:00-06:00,FEDERAL_RESERVE,federal_reserve:fomc:20120125T173000Z,FOMC 2012-01-25,3,exact,2012-01-25,12:30:00,America/New_York,https://www.federalreserve.gov/newsevents/pressreleases/monetary20120125a.htm,OANDA,82,6984,FOMC Interest Rate Decision,January,3,1327512420,2012-01-25 18:27,EconomicCalendar/raw/oanda/daily/2012-01-25.json,pinned_report_and_event_name,0.25%,0.25%,0.25%,parsed,scalar,0.25,,0.25,,percent,1,,parsed,scalar,0.25,,0.25,,percent,1,,parsed,scalar,0.25,,0.25,,percent,1,
2314,DURABLE_GOODS,2012-01-26T07:30:00-06:00,CENSUS,census:durable-goods-2011-12,December 2011,3,exact,2012-01-26,08:30:00,America/New_York,https://www.census.gov/manufacturing/m3/historical_data/pressreleases/adv/2011/dec11adv.pdf,OANDA,59,4393,Durable Goods Orders - pre..,December,3,1327584600,2012-01-26 14:30,EconomicCalendar/raw/oanda/daily/2012-01-26.json,pinned_report_and_event_name,2% m/m,3.7% m/m,3% m/m,parsed,scalar,2,,2,,percent,1,m/m,parsed,scalar,3.7,,3.7,,percent,1,m/m,parsed,scalar,3,,3,,percent,1,m/m
1648,GDP,2012-01-27T07:30:00-06:00,BEA,bea:gdp:20120127T133000Z:q4-2011-advance,Q4 2011 Advance,3,exact,2012-01-27,08:30:00,America/New_York,https://www.bea.gov/news/2012/gross-domestic-product-4th-quarter-and-annual-2011-advance-estimate,OANDA,690,23822,GDP (Annualized) - pre..,4Q,3,1327671000,2012-01-27 14:30,EconomicCalendar/raw/oanda/daily/2012-01-27.json,pinned_report_and_event_name,3%,1.8%,2.8%,parsed,scalar,3,,3,,percent,1,,parsed,scalar,1.8,,1.8,,percent,1,,parsed,scalar,2.8,,2.8,,percent,1,
1649,PCE,2012-01-30T07:30:00-06:00,BEA,bea:pce:20120130T133000Z:december-2011,December 2011,3,exact,2012-01-30,08:30:00,America/New_York,https://www.bea.gov/news/2012/personal-income-and-outlays-december-2011,OANDA,694,24065,Personal Consumption Expenditures,December,2,1327930200,2012-01-30 14:30,EconomicCalendar/raw/oanda/daily/2012-01-30.json,pinned_report_and_event_name,0.1% m/m,0.1% m/m,,parsed,scalar,0.1,,0.1,,percent,1,m/m,parsed,scalar,0.1,,0.1,,percent,1,m/m,missing,,,,,,,,
103,EMPLOYMENT,2012-02-03T07:30:00-06:00,BLS,bls:employment:20120203T133000Z:january-2012,January 2012,3,exact,2012-02-03,08:30:00,America/New_York,https://www.bls.gov/schedule/2012/home.htm,OANDA,707,24634,Non-Farm Employment Change,January,3,1328275800,2012-02-03 14:30,EconomicCalendar/raw/oanda/daily/2012-02-03.json,pinned_report_and_event_name,155 k,200 k,243 k,parsed,scalar,155,,155000,,count,1000,,parsed,scalar,200,,200000,,count,1000,,parsed,scalar,243,,243000,,count,1000,
2315,RETAIL_SALES,2012-02-14T07:30:00-06:00,CENSUS,census:retail-sales-2012-01,January 2012,3,exact,2012-02-14,08:30:00,America/New_York,https://www2.census.gov/retail/releases/historical/marts/adv1201.pdf,OANDA,696,24124,Retail Sales,January,3,1329226200,2012-02-14 14:30,EconomicCalendar/raw/oanda/daily/2012-02-14.json,pinned_report_and_event_name,0.6% m/m,0.1% m/m,0.4% m/m,parsed,scalar,0.6,,0.6,,percent,1,m/m,parsed,scalar,0.1,,0.1,,percent,1,m/m,parsed,scalar,0.4,,0.4,,percent,1,m/m
105,PPI,2012-02-16T07:30:00-06:00,BLS,bls:ppi:20120216T133000Z:january-2012,January 2012,3,exact,2012-02-16,08:30:00,America/New_York,https://www.bls.gov/schedule/2012/home.htm,OANDA,703,24446,Producer Price Index,January,2,1329399000,2012-02-16 14:30,EconomicCalendar/raw/oanda/daily/2012-02-16.json,pinned_report_and_event_name,0.4% m/m,-0.1% m/m,0.1% m/m,parsed,scalar,0.4,,0.4,,percent,1,m/m,parsed,scalar,-0.1,,-0.1,,percent,1,m/m,parsed,scalar,0.1,,0.1,,percent,1,m/m
106,CPI,2012-02-17T07:30:00-06:00,BLS,bls:cpi:20120217T133000Z:january-2012,January 2012,3,exact,2012-02-17,08:30:00,America/New_York,https://www.bls.gov/schedule/2012/home.htm,OANDA,699,24274,Consumer Price Index,January,3,1329485400,2012-02-17 14:30,EconomicCalendar/raw/oanda/daily/2012-02-17.json,pinned_report_and_event_name,0.3% m/m,,0.2% m/m,parsed,scalar,0.3,,0.3,,percent,1,m/m,missing,,,,,,,,,parsed,scalar,0.2,,0.2,,percent,1,m/m
2316,DURABLE_GOODS,2012-02-28T07:30:00-06:00,CENSUS,census:durable-goods-2012-01,January 2012,3,exact,2012-02-28,08:30:00,America/New_York,https://www.census.gov/manufacturing/m3/historical_data/pressreleases/adv/2012/jan12adv.pdf,OANDA,59,4291,Durable Goods Orders - pre..,January,3,1330435800,2012-02-28 14:30,EconomicCalendar/raw/oanda/daily/2012-02-28.json,pinned_report_and_event_name,"-0,9% m/m",3% m/m,-4% m/m,parsed,scalar,-0.9,,-0.9,,percent,1,m/m,parsed,scalar,3,,3,,percent,1,m/m,parsed,scalar,-4,,-4,,percent,1,m/m
1650,GDP,2012-02-29T07:30:00-06:00,BEA,bea:gdp:20120229T133000Z:q4-2011-second,Q4 2011 Second,3,exact,2012-02-29,08:30:00,America/New_York,https://www.bea.gov/news/2012/gross-domestic-product-4th-quarter-2011-and-annual-2011-second-estimate,OANDA,690,23823,GDP (Annualized) - rev..,4Q,3,1330522200,2012-02-29 14:30,EconomicCalendar/raw/oanda/daily/2012-02-29.json,pinned_report_and_event_name,2.8%,1.8%,3%,parsed,scalar,2.8,,2.8,,percent,1,,parsed,scalar,1.8,,1.8,,percent,1,,parsed,scalar,3,,3,,percent,1,
1651,PCE,2012-03-01T07:30:00-06:00,BEA,bea:pce:20120301T133000Z:january-2012,January 2012,3,exact,2012-03-01,08:30:00,America/New_York,https://www.bea.gov/news/2012/personal-income-and-outlays-january-2012,OANDA,694,24014,Personal Consumption Expenditures,January,2,1330608600,2012-03-01 14:30,EconomicCalendar/raw/oanda/daily/2012-03-01.json,pinned_report_and_event_name,0.4% m/m,,0.2% m/m,parsed,scalar,0.4,,0.4,,percent,1,m/m,missing,,,,,,,,,parsed,scalar,0.2,,0.2,,percent,1,m/m
107,EMPLOYMENT,2012-03-09T07:30:00-06:00,BLS,bls:employment:20120309T133000Z:february-2012,February 2012,3,exact,2012-03-09,08:30:00,America/New_York,https://www.bls.gov/schedule/2012/home.htm,OANDA,707,24638,Non-Farm Employment Change,February,3,1331299800,2012-03-09 14:30,EconomicCalendar/raw/oanda/daily/2012-03-09.json,pinned_report_and_event_name,210 k,243 k,227 k,parsed,scalar,210,,210000,,count,1000,,parsed,scalar,243,,243000,,count,1000,,parsed,scalar,227,,227000,,count,1000,
2317,RETAIL_SALES,2012-03-13T07:30:00-05:00,CENSUS,census:retail-sales-2012-02,February 2012,3,exact,2012-03-13,08:30:00,America/New_York,https://www2.census.gov/retail/releases/historical/marts/adv1202.pdf,OANDA,696,24128,Retail Sales,February,3,1331641800,2012-03-13 13:30,EconomicCalendar/raw/oanda/daily/2012-03-13.json,pinned_report_and_event_name,1% m/m,0.4% m/m,1.1% m/m,parsed,scalar,1,,1,,percent,1,m/m,parsed,scalar,0.4,,0.4,,percent,1,m/m,parsed,scalar,1.1,,1.1,,percent,1,m/m
2147,FOMC,2012-03-13T13:15:00-05:00,FEDERAL_RESERVE,federal_reserve:fomc:20120313T181500Z,FOMC 2012-03-13,3,exact,2012-03-13,14:15:00,America/New_York,https://www.federalreserve.gov/newsevents/pressreleases/monetary20120313a.htm,OANDA,82,6990,FOMC Interest Rate Decision,March,3,1331662500,2012-03-13 19:15,EconomicCalendar/raw/oanda/daily/2012-03-13.json,pinned_report_and_event_name,0.25%,0.25%,0.25%,parsed,scalar,0.25,,0.25,,percent,1,,parsed,scalar,0.25,,0.25,,percent,1,,parsed,scalar,0.25,,0.25,,percent,1,
109,PPI,2012-03-15T07:30:00-05:00,BLS,bls:ppi:20120315T123000Z:february-2012,February 2012,3,exact,2012-03-15,08:30:00,America/New_York,https://www.bls.gov/schedule/2012/home.htm,OANDA,703,24449,Producer Price Index,February,2,1331814600,2012-03-15 13:30,EconomicCalendar/raw/oanda/daily/2012-03-15.json,pinned_report_and_event_name,0.4% m/m,0.1% m/m,0.4% m/m,parsed,scalar,0.4,,0.4,,percent,1,m/m,parsed,scalar,0.1,,0.1,,percent,1,m/m,parsed,scalar,0.4,,0.4,,percent,1,m/m
110,CPI,2012-03-16T07:30:00-05:00,BLS,bls:cpi:20120316T123000Z:february-2012,February 2012,3,exact,2012-03-16,08:30:00,America/New_York,https://www.bls.gov/schedule/2012/home.htm,OANDA,699,24277,Consumer Price Index,February,3,1331901000,2012-03-16 13:30,EconomicCalendar/raw/oanda/daily/2012-03-16.json,pinned_report_and_event_name,0.4% m/m,0.2% m/m,0.4% m/m,parsed,scalar,0.4,,0.4,,percent,1,m/m,parsed,scalar,0.2,,0.2,,percent,1,m/m,parsed,scalar,0.4,,0.4,,percent,1,m/m
2318,DURABLE_GOODS,2012-03-28T07:30:00-05:00,CENSUS,census:durable-goods-2012-02,February 2012,3,exact,2012-03-28,08:30:00,America/New_York,https://www.census.gov/manufacturing/m3/historical_data/pressreleases/adv/2012/feb12adv.pdf,OANDA,59,4299,Durable Goods Orders - pre..,February,3,1332937800,2012-03-28 14:30,EconomicCalendar/raw/oanda/daily/2012-03-28.json,pinned_report_and_event_name,3% m/m,"-3,7% m/m","2,2% m/m",parsed,scalar,3,,3,,percent,1,m/m,parsed,scalar,-3.7,,-3.7,,percent,1,m/m,parsed,scalar,2.2,,2.2,,percent,1,m/m
1652,GDP,2012-03-29T07:30:00-05:00,BEA,bea:gdp:20120329T123000Z:q4-2011-third,Q4 2011 Third,3,exact,2012-03-29,08:30:00,America/New_York,https://www.bea.gov/news/2012/gross-domestic-product-4th-quarter-2011-and-annual-2011-third-estimate-corporate-profits,OANDA,690,23824,GDP (Annualized) - fin..,4Q,3,1333024200,2012-03-29 14:30,EconomicCalendar/raw/oanda/daily/2012-03-29.json,pinned_report_and_event_name,3%,1.8%,3%,parsed,scalar,3,,3,,percent,1,,parsed,scalar,1.8,,1.8,,percent,1,,parsed,scalar,3,,3,,percent,1,
1653,PCE,2012-03-30T07:30:00-05:00,BEA,bea:pce:20120330T123000Z:february-2012,February 2012,3,exact,2012-03-30,08:30:00,America/New_York,https://www.bea.gov/news/2012/personal-income-and-outlays-february-2012,OANDA,694,24019,Personal Consumption Expenditures,February,2,1333110600,2012-03-30 14:30,EconomicCalendar/raw/oanda/daily/2012-03-30.json,pinned_report_and_event_name,0.5% m/m,0.2% m/m,0.8% m/m,parsed,scalar,0.5,,0.5,,percent,1,m/m,parsed,scalar,0.2,,0.2,,percent,1,m/m,parsed,scalar,0.8,,0.8,,percent,1,m/m
112,EMPLOYMENT,2012-04-06T07:30:00-05:00,BLS,bls:employment:20120406T123000Z:march-2012,March 2012,3,exact,2012-04-06,08:30:00,America/New_York,https://www.bls.gov/schedule/2012/home.htm,OANDA,707,24643,Non-Farm Employment Change,March,3,1333715400,2012-04-06 14:30,EconomicCalendar/raw/oanda/daily/2012-04-06.json,pinned_report_and_event_name,200 k,227 k,120 k,parsed,scalar,200,,200000,,count,1000,,parsed,scalar,227,,227000,,count,1000,,parsed,scalar,120,,120000,,count,1000,
114,PPI,2012-04-12T07:30:00-05:00,BLS,bls:ppi:20120412T123000Z:march-2012,March 2012,3,exact,2012-04-12,08:30:00,America/New_York,https://www.bls.gov/schedule/2012/home.htm,OANDA,703,24452,Producer Price Index,March,2,1334233800,2012-04-12 14:30,EconomicCalendar/raw/oanda/daily/2012-04-12.json,pinned_report_and_event_name,0.3% m/m,0.4% m/m,,parsed,scalar,0.3,,0.3,,percent,1,m/m,parsed,scalar,0.4,,0.4,,percent,1,m/m,missing,,,,,,,,
115,CPI,2012-04-13T07:30:00-05:00,BLS,bls:cpi:20120413T123000Z:march-2012,March 2012,3,exact,2012-04-13,08:30:00,America/New_York,https://www.bls.gov/schedule/2012/home.htm,OANDA,699,24280,Consumer Price Index,March,3,1334320200,2012-04-13 14:30,EconomicCalendar/raw/oanda/daily/2012-04-13.json,pinned_report_and_event_name,0.3% m/m,0.4% m/m,0.3% m/m,parsed,scalar,0.3,,0.3,,percent,1,m/m,parsed,scalar,0.4,,0.4,,percent,1,m/m,parsed,scalar,0.3,,0.3,,percent,1,m/m
2319,RETAIL_SALES,2012-04-16T07:30:00-05:00,CENSUS,census:retail-sales-2012-03,March 2012,3,exact,2012-04-16,08:30:00,America/New_York,https://www2.census.gov/retail/releases/historical/marts/adv1203.pdf,OANDA,696,24132,Retail Sales,March,3,1334579400,2012-04-16 14:30,EconomicCalendar/raw/oanda/daily/2012-04-16.json,pinned_report_and_event_name,0.3% m/m,1.1% m/m,0.8% m/m,parsed,scalar,0.3,,0.3,,percent,1,m/m,parsed,scalar,1.1,,1.1,,percent,1,m/m,parsed,scalar,0.8,,0.8,,percent,1,m/m
2320,DURABLE_GOODS,2012-04-25T07:30:00-05:00,CENSUS,census:durable-goods-2012-03,March 2012,3,exact,2012-04-25,08:30:00,America/New_York,https://www.census.gov/manufacturing/m3/historical_data/pressreleases/adv/2012/mar12adv.pdf,OANDA,59,4307,Durable Goods Orders - pre..,March,3,1335357000,2012-04-25 14:30,EconomicCalendar/raw/oanda/daily/2012-04-25.json,pinned_report_and_event_name,"-1,5% m/m","2,4% m/m","-4,2% m/m",parsed,scalar,-1.5,,-1.5,,percent,1,m/m,parsed,scalar,2.4,,2.4,,percent,1,m/m,parsed,scalar,-4.2,,-4.2,,percent,1,m/m
2148,FOMC,2012-04-25T11:30:00-05:00,FEDERAL_RESERVE,federal_reserve:fomc:20120425T163000Z,FOMC 2012-04-25,3,exact,2012-04-25,12:30:00,America/New_York,https://www.federalreserve.gov/newsevents/pressreleases/monetary20120425a.htm,OANDA,82,6995,FOMC Interest Rate Decision,April,3,1335371400,2012-04-25 18:30,EconomicCalendar/raw/oanda/daily/2012-04-25.json,pinned_report_and_event_name,0.25%,0.25%,0.25%,parsed,scalar,0.25,,0.25,,percent,1,,parsed,scalar,0.25,,0.25,,percent,1,,parsed,scalar,0.25,,0.25,,percent,1,
1654,GDP,2012-04-27T07:30:00-05:00,BEA,bea:gdp:20120427T123000Z:q1-2012-advance,Q1 2012 Advance,3,exact,2012-04-27,08:30:00,America/New_York,https://www.bea.gov/news/2012/gross-domestic-product-1st-quarter-2012-advance-estimate,OANDA,690,23825,GDP (Annualized) - pre..,1Q,3,1335529800,2012-04-27 14:30,EconomicCalendar/raw/oanda/daily/2012-04-27.json,pinned_report_and_event_name,"2,5%",3%,"2,2%",parsed,scalar,2.5,,2.5,,percent,1,,parsed,scalar,3,,3,,percent,1,,parsed,scalar,2.2,,2.2,,percent,1,
1655,PCE,2012-04-30T07:30:00-05:00,BEA,bea:pce:20120430T123000Z:march-2012,March 2012,3,exact,2012-04-30,08:30:00,America/New_York,https://www.bea.gov/news/2012/personal-income-and-outlays-march-2012,OANDA,694,24023,Personal Consumption Expenditures,March,2,1335789000,2012-04-30 14:30,EconomicCalendar/raw/oanda/daily/2012-04-30.json,pinned_report_and_event_name,0.5% m/m,0.8% m/m,0.3% m/m,parsed,scalar,0.5,,0.5,,percent,1,m/m,parsed,scalar,0.8,,0.8,,percent,1,m/m,parsed,scalar,0.3,,0.3,,percent,1,m/m
116,EMPLOYMENT,2012-05-04T07:30:00-05:00,BLS,bls:employment:20120504T123000Z:april-2012,April 2012,3,exact,2012-05-04,08:30:00,America/New_York,https://www.bls.gov/schedule/2012/home.htm,OANDA,707,24647,Non-Farm Employment Change,April,3,1336134600,2012-05-04 14:30,EconomicCalendar/raw/oanda/daily/2012-05-04.json,pinned_report_and_event_name,170 k,120 k,115 k,parsed,scalar,170,,170000,,count,1000,,parsed,scalar,120,,120000,,count,1000,,parsed,scalar,115,,115000,,count,1000,
118,PPI,2012-05-11T07:30:00-05:00,BLS,bls:ppi:20120511T123000Z:april-2012,April 2012,3,exact,2012-05-11,08:30:00,America/New_York,https://www.bls.gov/schedule/2012/home.htm,OANDA,703,24455,Producer Price Index,April,2,1336739400,2012-05-11 14:30,EconomicCalendar/raw/oanda/daily/2012-05-11.json,pinned_report_and_event_name,,,-0.2% m/m,missing,,,,,,,,,missing,,,,,,,,,parsed,scalar,-0.2,,-0.2,,percent,1,m/m
119,CPI,2012-05-15T07:30:00-05:00,BLS,bls:cpi:20120515T123000Z:april-2012,April 2012,3,exact,2012-05-15,08:30:00,America/New_York,https://www.bls.gov/schedule/2012/home.htm,OANDA,699,24283,Consumer Price Index,April,3,1337085000,2012-05-15 14:30,EconomicCalendar/raw/oanda/daily/2012-05-15.json,pinned_report_and_event_name,0.1% m/m,0.3% m/m,,parsed,scalar,0.1,,0.1,,percent,1,m/m,parsed,scalar,0.3,,0.3,,percent,1,m/m,missing,,,,,,,,
2321,RETAIL_SALES,2012-05-15T07:30:00-05:00,CENSUS,census:retail-sales-2012-04,April 2012,3,exact,2012-05-15,08:30:00,America/New_York,https://www2.census.gov/retail/releases/historical/marts/adv1204.pdf,OANDA,696,24136,Retail Sales,April,3,1337085000,2012-05-15 14:30,EconomicCalendar/raw/oanda/daily/2012-05-15.json,pinned_report_and_event_name,0.2% m/m,0.8% m/m,0.1% m/m,parsed,scalar,0.2,,0.2,,percent,1,m/m,parsed,scalar,0.8,,0.8,,percent,1,m/m,parsed,scalar,0.1,,0.1,,percent,1,m/m
2322,DURABLE_GOODS,2012-05-24T07:30:00-05:00,CENSUS,census:durable-goods-2012-04,April 2012,3,exact,2012-05-24,08:30:00,America/New_York,https://www.census.gov/manufacturing/m3/historical_data/pressreleases/adv/2012/apr12adv.pdf,OANDA,59,4316,Durable Goods Orders - pre..,April,3,1337862600,2012-05-24 14:30,EconomicCalendar/raw/oanda/daily/2012-05-24.json,pinned_report_and_event_name,"0,5% m/m",-4% m/m,"0,2% m/m",parsed,scalar,0.5,,0.5,,percent,1,m/m,parsed,scalar,-4,,-4,,percent,1,m/m,parsed,scalar,0.2,,0.2,,percent,1,m/m
1656,GDP,2012-05-31T07:30:00-05:00,BEA,bea:gdp:20120531T123000Z:q1-2012-second,Q1 2012 Second,3,exact,2012-05-31,08:30:00,America/New_York,https://www.bea.gov/news/2012/gross-domestic-product-1st-quarter-2012-second-estimate-corporate-profits-1st-quarter,OANDA,690,23826,GDP (Annualized) - rev..,1Q,3,1338467400,2012-05-31 14:30,EconomicCalendar/raw/oanda/daily/2012-05-31.json,pinned_report_and_event_name,"1,9%",3%,"1,9%",parsed,scalar,1.9,,1.9,,percent,1,,parsed,scalar,3,,3,,percent,1,,parsed,scalar,1.9,,1.9,,percent,1,
120,EMPLOYMENT,2012-06-01T07:30:00-05:00,BLS,bls:employment:20120601T123000Z:may-2012,May 2012,3,exact,2012-06-01,08:30:00,America/New_York,https://www.bls.gov/schedule/2012/home.htm,OANDA,707,24651,Non-Farm Employment Change,May,3,1338553800,2012-06-01 14:30,EconomicCalendar/raw/oanda/daily/2012-06-01.json,pinned_report_and_event_name,150 k,115 k,69 k,parsed,scalar,150,,150000,,count,1000,,parsed,scalar,115,,115000,,count,1000,,parsed,scalar,69,,69000,,count,1000,
1657,PCE,2012-06-01T07:30:00-05:00,BEA,bea:pce:20120601T123000Z:april-2012,April 2012,3,exact,2012-06-01,08:30:00,America/New_York,https://www.bea.gov/news/2012/personal-income-and-outlays-april-2012,OANDA,694,24027,Personal Consumption Expenditures,April,2,1338553800,2012-06-01 14:30,EconomicCalendar/raw/oanda/daily/2012-06-01.json,pinned_report_and_event_name,0.3% m/m,0.3% m/m,0.3% m/m,parsed,scalar,0.3,,0.3,,percent,1,m/m,parsed,scalar,0.3,,0.3,,percent,1,m/m,parsed,scalar,0.3,,0.3,,percent,1,m/m
121,PPI,2012-06-13T07:30:00-05:00,BLS,bls:ppi:20120613T123000Z:may-2012,May 2012,3,exact,2012-06-13,08:30:00,America/New_York,https://www.bls.gov/schedule/2012/home.htm,OANDA,703,24459,Producer Price Index,May,2,1339590600,2012-06-13 14:30,EconomicCalendar/raw/oanda/daily/2012-06-13.json,pinned_report_and_event_name,-0.6% m/m,-0.2% m/m,-1% m/m,parsed,scalar,-0.6,,-0.6,,percent,1,m/m,parsed,scalar,-0.2,,-0.2,,percent,1,m/m,parsed,scalar,-1,,-1,,percent,1,m/m
2323,RETAIL_SALES,2012-06-13T07:30:00-05:00,CENSUS,census:retail-sales-2012-05,May 2012,3,exact,2012-06-13,08:30:00,America/New_York,https://www2.census.gov/retail/releases/historical/marts/adv1205.pdf,OANDA,696,24140,Retail Sales,May,3,1339590600,2012-06-13 14:30,EconomicCalendar/raw/oanda/daily/2012-06-13.json,pinned_report_and_event_name,-0.2% m/m,0.1% m/m,-0.2% m/m,parsed,scalar,-0.2,,-0.2,,percent,1,m/m,parsed,scalar,0.1,,0.1,,percent,1,m/m,parsed,scalar,-0.2,,-0.2,,percent,1,m/m
122,CPI,2012-06-14T07:30:00-05:00,BLS,bls:cpi:20120614T123000Z:may-2012,May 2012,3,exact,2012-06-14,08:30:00,America/New_York,https://www.bls.gov/schedule/2012/home.htm,OANDA,699,24287,Consumer Price Index,May,3,1339677000,2012-06-14 14:30,EconomicCalendar/raw/oanda/daily/2012-06-14.json,pinned_report_and_event_name,-0.2% m/m,,-0.3% m/m,parsed,scalar,-0.2,,-0.2,,percent,1,m/m,missing,,,,,,,,,parsed,scalar,-0.3,,-0.3,,percent,1,m/m
2149,FOMC,2012-06-20T11:30:00-05:00,FEDERAL_RESERVE,federal_reserve:fomc:20120620T163000Z,FOMC 2012-06-20,3,exact,2012-06-20,12:30:00,America/New_York,https://www.federalreserve.gov/newsevents/pressreleases/monetary20120620a.htm,OANDA,82,7000,FOMC Interest Rate Decision,June,3,1340209800,2012-06-20 18:30,EconomicCalendar/raw/oanda/daily/2012-06-20.json,pinned_report_and_event_name,0.25%,0.25%,0.25%,parsed,scalar,0.25,,0.25,,percent,1,,parsed,scalar,0.25,,0.25,,percent,1,,parsed,scalar,0.25,,0.25,,percent,1,
2324,DURABLE_GOODS,2012-06-27T07:30:00-05:00,CENSUS,census:durable-goods-2012-05,May 2012,3,exact,2012-06-27,08:30:00,America/New_York,https://www.census.gov/manufacturing/m3/historical_data/pressreleases/adv/2012/may12adv.pdf,OANDA,59,4326,Durable Goods Orders - pre..,May,3,1340800200,2012-06-27 14:30,EconomicCalendar/raw/oanda/daily/2012-06-27.json,pinned_report_and_event_name,"0,4% m/m",,"1,1% m/m",parsed,scalar,0.4,,0.4,,percent,1,m/m,missing,,,,,,,,,parsed,scalar,1.1,,1.1,,percent,1,m/m
1658,GDP,2012-06-28T07:30:00-05:00,BEA,bea:gdp:20120628T123000Z:q1-2012-third,Q1 2012 Third,3,exact,2012-06-28,08:30:00,America/New_York,https://www.bea.gov/news/2012/gross-domestic-product-1st-quarter-2012-third-estimate-corporate-profits-1st-quarter-2012,OANDA,690,23827,GDP (Annualized) - fin..,1Q,3,1340886600,2012-06-28 14:30,EconomicCalendar/raw/oanda/daily/2012-06-28.json,pinned_report_and_event_name,"1,9%",3%,"1,9%",parsed,scalar,1.9,,1.9,,percent,1,,parsed,scalar,3,,3,,percent,1,,parsed,scalar,1.9,,1.9,,percent,1,
1659,PCE,2012-06-29T07:30:00-05:00,BEA,bea:pce:20120629T123000Z:may-2012,May 2012,3,exact,2012-06-29,08:30:00,America/New_York,https://www.bea.gov/news/2012/personal-income-and-outlays-may-2012,OANDA,694,24031,Personal Consumption Expenditures,May,2,1340973000,2012-06-29 14:30,EconomicCalendar/raw/oanda/daily/2012-06-29.json,pinned_report_and_event_name,,0.3% m/m,,missing,,,,,,,,,parsed,scalar,0.3,,0.3,,percent,1,m/m,missing,,,,,,,,
124,EMPLOYMENT,2012-07-06T07:30:00-05:00,BLS,bls:employment:20120706T123000Z:june-2012,June 2012,3,exact,2012-07-06,08:30:00,America/New_York,https://www.bls.gov/schedule/2012/home.htm,OANDA,707,24657,Non-Farm Employment Change,June,3,1341577800,2012-07-06 14:30,EconomicCalendar/raw/oanda/daily/2012-07-06.json,pinned_report_and_event_name,90 k,69 k,80 k,parsed,scalar,90,,90000,,count,1000,,parsed,scalar,69,,69000,,count,1000,,parsed,scalar,80,,80000,,count,1000,
126,PPI,2012-07-13T07:30:00-05:00,BLS,bls:ppi:20120713T123000Z:june-2012,June 2012,3,exact,2012-07-13,08:30:00,America/New_York,https://www.bls.gov/schedule/2012/home.htm,OANDA,703,24463,Producer Price Index,June,2,1342182600,2012-07-13 14:30,EconomicCalendar/raw/oanda/daily/2012-07-13.json,pinned_report_and_event_name,-0.6% m/m,-1% m/m,0.1% m/m,parsed,scalar,-0.6,,-0.6,,percent,1,m/m,parsed,scalar,-1,,-1,,percent,1,m/m,parsed,scalar,0.1,,0.1,,percent,1,m/m
2325,RETAIL_SALES,2012-07-16T07:30:00-05:00,CENSUS,census:retail-sales-2012-06,June 2012,3,exact,2012-07-16,08:30:00,America/New_York,https://www2.census.gov/retail/releases/historical/marts/adv1206.pdf,OANDA,696,24145,Retail Sales,June,3,1342441800,2012-07-16 14:30,EconomicCalendar/raw/oanda/daily/2012-07-16.json,pinned_report_and_event_name,0.2% m/m,-0.2% m/m,-0.5% m/m,parsed,scalar,0.2,,0.2,,percent,1,m/m,parsed,scalar,-0.2,,-0.2,,percent,1,m/m,parsed,scalar,-0.5,,-0.5,,percent,1,m/m
127,CPI,2012-07-17T07:30:00-05:00,BLS,bls:cpi:20120717T123000Z:june-2012,June 2012,3,exact,2012-07-17,08:30:00,America/New_York,https://www.bls.gov/schedule/2012/home.htm,OANDA,699,24291,Consumer Price Index,June,3,1342528200,2012-07-17 14:30,EconomicCalendar/raw/oanda/daily/2012-07-17.json,pinned_report_and_event_name,,-0.3% m/m,,missing,,,,,,,,,parsed,scalar,-0.3,,-0.3,,percent,1,m/m,missing,,,,,,,,
2326,DURABLE_GOODS,2012-07-26T07:30:00-05:00,CENSUS,census:durable-goods-2012-06,June 2012,3,exact,2012-07-26,08:30:00,America/New_York,https://www.census.gov/manufacturing/m3/historical_data/pressreleases/adv/2012/jun12adv.pdf,OANDA,59,4335,Durable Goods Orders - pre..,June,3,1343305800,2012-07-26 14:30,EconomicCalendar/raw/oanda/daily/2012-07-26.json,pinned_report_and_event_name,"0,4% m/m","1,3% m/m","1,6% m/m",parsed,scalar,0.4,,0.4,,percent,1,m/m,parsed,scalar,1.3,,1.3,,percent,1,m/m,parsed,scalar,1.6,,1.6,,percent,1,m/m
1660,GDP,2012-07-27T07:30:00-05:00,BEA,bea:gdp:20120727T123000Z:q2-2012-advance,Q2 2012 Advance,3,exact,2012-07-27,08:30:00,America/New_York,https://www.bea.gov/news/2012/gross-domestic-product-2nd-quarter-2012-advance-estimate-revised-estimates-2009-through,OANDA,690,23828,GDP (Annualized) - pre..,2Q,3,1343392200,2012-07-27 14:30,EconomicCalendar/raw/oanda/daily/2012-07-27.json,pinned_report_and_event_name,"1,4%","1,9%","1,5%",parsed,scalar,1.4,,1.4,,percent,1,,parsed,scalar,1.9,,1.9,,percent,1,,parsed,scalar,1.5,,1.5,,percent,1,
1661,PCE,2012-07-31T07:30:00-05:00,BEA,bea:pce:20120731T123000Z:june-2012,June 2012,3,exact,2012-07-31,08:30:00,America/New_York,https://www.bea.gov/news/2012/personal-income-and-outlays-june-2012-revised-estimates-2009-through-may-2012,OANDA,694,24036,Personal Consumption Expenditures,June,2,1343737800,2012-07-31 14:30,EconomicCalendar/raw/oanda/daily/2012-07-31.json,pinned_report_and_event_name,0.1% m/m,,,parsed,scalar,0.1,,0.1,,percent,1,m/m,missing,,,,,,,,,missing,,,,,,,,
2150,FOMC,2012-08-01T13:15:00-05:00,FEDERAL_RESERVE,federal_reserve:fomc:20120801T181500Z,FOMC 2012-08-01,3,exact,2012-08-01,14:15:00,America/New_York,https://www.federalreserve.gov/newsevents/pressreleases/monetary20120801a.htm,OANDA,82,7008,FOMC Interest Rate Decision,August,3,1343844840,2012-08-01 20:14,EconomicCalendar/raw/oanda/daily/2012-08-01.json,pinned_report_and_event_name,0.25%,0.25%,0.25%,parsed,scalar,0.25,,0.25,,percent,1,,parsed,scalar,0.25,,0.25,,percent,1,,parsed,scalar,0.25,,0.25,,percent,1,
128,EMPLOYMENT,2012-08-03T07:30:00-05:00,BLS,bls:employment:20120803T123000Z:july-2012,July 2012,3,exact,2012-08-03,08:30:00,America/New_York,https://www.bls.gov/schedule/2012/home.htm,OANDA,707,24662,Non-Farm Employment Change,July,3,1343997000,2012-08-03 14:30,EconomicCalendar/raw/oanda/daily/2012-08-03.json,pinned_report_and_event_name,100 k,80 k,163 k,parsed,scalar,100,,100000,,count,1000,,parsed,scalar,80,,80000,,count,1000,,parsed,scalar,163,,163000,,count,1000,
130,PPI,2012-08-14T07:30:00-05:00,BLS,bls:ppi:20120814T123000Z:july-2012,July 2012,3,exact,2012-08-14,08:30:00,America/New_York,https://www.bls.gov/schedule/2012/home.htm,OANDA,703,24467,Producer Price Index,July,2,1344947400,2012-08-14 14:30,EconomicCalendar/raw/oanda/daily/2012-08-14.json,pinned_report_and_event_name,0.2% m/m,0.1% m/m,0.3% m/m,parsed,scalar,0.2,,0.2,,percent,1,m/m,parsed,scalar,0.1,,0.1,,percent,1,m/m,parsed,scalar,0.3,,0.3,,percent,1,m/m
2327,RETAIL_SALES,2012-08-14T07:30:00-05:00,CENSUS,census:retail-sales-2012-07,July 2012,3,exact,2012-08-14,08:30:00,America/New_York,https://www2.census.gov/retail/releases/historical/marts/adv1207.pdf,OANDA,696,24150,Retail Sales,July,3,1344947400,2012-08-14 14:30,EconomicCalendar/raw/oanda/daily/2012-08-14.json,pinned_report_and_event_name,0.3% m/m,-0.5% m/m,0.8% m/m,parsed,scalar,0.3,,0.3,,percent,1,m/m,parsed,scalar,-0.5,,-0.5,,percent,1,m/m,parsed,scalar,0.8,,0.8,,percent,1,m/m
131,CPI,2012-08-15T07:30:00-05:00,BLS,bls:cpi:20120815T123000Z:july-2012,July 2012,3,exact,2012-08-15,08:30:00,America/New_York,https://www.bls.gov/schedule/2012/home.htm,OANDA,699,24295,Consumer Price Index,July,3,1345033800,2012-08-15 14:30,EconomicCalendar/raw/oanda/daily/2012-08-15.json,pinned_report_and_event_name,0.2% m/m,,,parsed,scalar,0.2,,0.2,,percent,1,m/m,missing,,,,,,,,,missing,,,,,,,,
2328,DURABLE_GOODS,2012-08-24T07:30:00-05:00,CENSUS,census:durable-goods-2012-07,July 2012,3,exact,2012-08-24,08:30:00,America/New_York,https://www.census.gov/manufacturing/m3/historical_data/pressreleases/adv/2012/jul12adv.pdf,OANDA,59,4346,Durable Goods Orders - pre..,July,3,1345811400,2012-08-24 14:30,EconomicCalendar/raw/oanda/daily/2012-08-24.json,pinned_report_and_event_name,"2,4% m/m","1,3% m/m","4,2% m/m",parsed,scalar,2.4,,2.4,,percent,1,m/m,parsed,scalar,1.3,,1.3,,percent,1,m/m,parsed,scalar,4.2,,4.2,,percent,1,m/m
1662,GDP,2012-08-29T07:30:00-05:00,BEA,bea:gdp:20120829T123000Z:q2-2012-second,Q2 2012 Second,3,exact,2012-08-29,08:30:00,America/New_York,https://www.bea.gov/news/2012/gross-domestic-product-2nd-quarter-2012-second-estimate-corporate-profits-2nd-quarter,OANDA,690,23829,GDP (Annualized) - rev..,2Q,3,1346243400,2012-08-29 14:30,EconomicCalendar/raw/oanda/daily/2012-08-29.json,pinned_report_and_event_name,"1,7%",2%,"1,7%",parsed,scalar,1.7,,1.7,,percent,1,,parsed,scalar,2,,2,,percent,1,,parsed,scalar,1.7,,1.7,,percent,1,
1663,PCE,2012-08-30T07:30:00-05:00,BEA,bea:pce:20120830T123000Z:july-2012,July 2012,3,exact,2012-08-30,08:30:00,America/New_York,https://www.bea.gov/news/2012/personal-income-and-outlays-july-2012,OANDA,694,24041,Personal Consumption Expenditures,July,2,1346329800,2012-08-30 14:30,EconomicCalendar/raw/oanda/daily/2012-08-30.json,pinned_report_and_event_name,0.4% m/m,,0.4% m/m,parsed,scalar,0.4,,0.4,,percent,1,m/m,missing,,,,,,,,,parsed,scalar,0.4,,0.4,,percent,1,m/m
132,EMPLOYMENT,2012-09-07T07:30:00-05:00,BLS,bls:employment:20120907T123000Z:august-2012,August 2012,3,exact,2012-09-07,08:30:00,America/New_York,https://www.bls.gov/schedule/2012/home.htm,OANDA,707,24667,Non-Farm Employment Change,August,3,1347021000,2012-09-07 14:30,EconomicCalendar/raw/oanda/daily/2012-09-07.json,pinned_report_and_event_name,125 k,163 k,96 k,parsed,scalar,125,,125000,,count,1000,,parsed,scalar,163,,163000,,count,1000,,parsed,scalar,96,,96000,,count,1000,
134,PPI,2012-09-13T07:30:00-05:00,BLS,bls:ppi:20120913T123000Z:august-2012,August 2012,3,exact,2012-09-13,08:30:00,America/New_York,https://www.bls.gov/schedule/2012/home.htm,OANDA,703,24471,Producer Price Index,August,2,1347539400,2012-09-13 14:30,EconomicCalendar/raw/oanda/daily/2012-09-13.json,pinned_report_and_event_name,1.1% m/m,0.3% m/m,1.7% m/m,parsed,scalar,1.1,,1.1,,percent,1,m/m,parsed,scalar,0.3,,0.3,,percent,1,m/m,parsed,scalar,1.7,,1.7,,percent,1,m/m
2151,FOMC,2012-09-13T11:30:00-05:00,FEDERAL_RESERVE,federal_reserve:fomc:20120913T163000Z,FOMC 2012-09-13,3,exact,2012-09-13,12:30:00,America/New_York,https://www.federalreserve.gov/newsevents/pressreleases/monetary20120913a.htm,OANDA,82,7015,FOMC Interest Rate Decision,September,3,1347553800,2012-09-13 18:30,EconomicCalendar/raw/oanda/daily/2012-09-13.json,pinned_report_and_event_name,0.25%,0.25%,0.25%,parsed,scalar,0.25,,0.25,,percent,1,,parsed,scalar,0.25,,0.25,,percent,1,,parsed,scalar,0.25,,0.25,,percent,1,
135,CPI,2012-09-14T07:30:00-05:00,BLS,bls:cpi:20120914T123000Z:august-2012,August 2012,3,exact,2012-09-14,08:30:00,America/New_York,https://www.bls.gov/schedule/2012/home.htm,OANDA,699,24299,Consumer Price Index,August,3,1347625800,2012-09-14 14:30,EconomicCalendar/raw/oanda/daily/2012-09-14.json,pinned_report_and_event_name,0.5% m/m,,0.6% m/m,parsed,scalar,0.5,,0.5,,percent,1,m/m,missing,,,,,,,,,parsed,scalar,0.6,,0.6,,percent,1,m/m
2329,RETAIL_SALES,2012-09-14T07:30:00-05:00,CENSUS,census:retail-sales-2012-08,August 2012,3,exact,2012-09-14,08:30:00,America/New_York,https://www2.census.gov/retail/releases/historical/marts/adv1208.pdf,OANDA,696,24155,Retail Sales,August,3,1347625800,2012-09-14 14:30,EconomicCalendar/raw/oanda/daily/2012-09-14.json,pinned_report_and_event_name,0.7% m/m,0.8% m/m,0.9% m/m,parsed,scalar,0.7,,0.7,,percent,1,m/m,parsed,scalar,0.8,,0.8,,percent,1,m/m,parsed,scalar,0.9,,0.9,,percent,1,m/m
2330,DURABLE_GOODS,2012-09-27T07:30:00-05:00,CENSUS,census:durable-goods-2012-08,August 2012,3,exact,2012-09-27,08:30:00,America/New_York,https://www.census.gov/manufacturing/m3/historical_data/pressreleases/adv/2012/aug12adv.pdf,OANDA,59,4356,Durable Goods Orders - pre..,August,3,1348749000,2012-09-27 14:30,EconomicCalendar/raw/oanda/daily/2012-09-27.json,pinned_report_and_event_name,"-4,5% m/m","4,1% m/m","-13,2% m/m",parsed,scalar,-4.5,,-4.5,,percent,1,m/m,parsed,scalar,4.1,,4.1,,percent,1,m/m,parsed,scalar,-13.2,,-13.2,,percent,1,m/m
1664,GDP,2012-09-27T07:30:00-05:00,BEA,bea:gdp:20120927T123000Z:q2-2012-third,Q2 2012 Third,3,exact,2012-09-27,08:30:00,America/New_York,https://www.bea.gov/news/2012/gross-domestic-product-2nd-quarter-2012-third-estimate-corporate-profits-2nd-quarter-2012,OANDA,690,23830,GDP (Annualized) - fin..,2Q,3,1348749000,2012-09-27 14:30,EconomicCalendar/raw/oanda/daily/2012-09-27.json,pinned_report_and_event_name,"1,7%",2%,"1,3%",parsed,scalar,1.7,,1.7,,percent,1,,parsed,scalar,2,,2,,percent,1,,parsed,scalar,1.3,,1.3,,percent,1,
1665,PCE,2012-09-28T07:30:00-05:00,BEA,bea:pce:20120928T123000Z:august-2012,August 2012,3,exact,2012-09-28,08:30:00,America/New_York,https://www.bea.gov/news/2012/personal-income-and-outlays-august-2012,OANDA,694,24046,Personal Consumption Expenditures,August,2,1348835400,2012-09-28 14:30,EconomicCalendar/raw/oanda/daily/2012-09-28.json,pinned_report_and_event_name,0.4% m/m,0.4% m/m,0.5% m/m,parsed,scalar,0.4,,0.4,,percent,1,m/m,parsed,scalar,0.4,,0.4,,percent,1,m/m,parsed,scalar,0.5,,0.5,,percent,1,m/m
136,EMPLOYMENT,2012-10-05T07:30:00-05:00,BLS,bls:employment:20121005T123000Z:september-2012,September 2012,3,exact,2012-10-05,08:30:00,America/New_York,https://www.bls.gov/schedule/2012/home.htm,OANDA,707,24672,Non-Farm Employment Change,September,3,1349440200,2012-10-05 14:30,EconomicCalendar/raw/oanda/daily/2012-10-05.json,pinned_report_and_event_name,112 k,96 k,114 k,parsed,scalar,112,,112000,,count,1000,,parsed,scalar,96,,96000,,count,1000,,parsed,scalar,114,,114000,,count,1000,
138,PPI,2012-10-12T07:30:00-05:00,BLS,bls:ppi:20121012T123000Z:september-2012,September 2012,3,exact,2012-10-12,08:30:00,America/New_York,https://www.bls.gov/schedule/2012/home.htm,OANDA,703,24475,Producer Price Index,September,2,1350045000,2012-10-12 14:30,EconomicCalendar/raw/oanda/daily/2012-10-12.json,pinned_report_and_event_name,0.7% m/m,1.7% m/m,1.1% m/m,parsed,scalar,0.7,,0.7,,percent,1,m/m,parsed,scalar,1.7,,1.7,,percent,1,m/m,parsed,scalar,1.1,,1.1,,percent,1,m/m
2331,RETAIL_SALES,2012-10-15T07:30:00-05:00,CENSUS,census:retail-sales-2012-09,September 2012,3,exact,2012-10-15,08:30:00,America/New_York,https://www2.census.gov/retail/releases/historical/marts/adv1209.pdf,OANDA,696,24160,Retail Sales,September,3,1350304200,2012-10-15 14:30,EconomicCalendar/raw/oanda/daily/2012-10-15.json,pinned_report_and_event_name,0.8% m/m,0.9% m/m,1.1% m/m,parsed,scalar,0.8,,0.8,,percent,1,m/m,parsed,scalar,0.9,,0.9,,percent,1,m/m,parsed,scalar,1.1,,1.1,,percent,1,m/m
139,CPI,2012-10-16T07:30:00-05:00,BLS,bls:cpi:20121016T123000Z:september-2012,September 2012,3,exact,2012-10-16,08:30:00,America/New_York,https://www.bls.gov/schedule/2012/home.htm,OANDA,699,24303,Consumer Price Index,September,3,1350390600,2012-10-16 14:30,EconomicCalendar/raw/oanda/daily/2012-10-16.json,pinned_report_and_event_name,0.5% m/m,0.6% m/m,0.6% m/m,parsed,scalar,0.5,,0.5,,percent,1,m/m,parsed,scalar,0.6,,0.6,,percent,1,m/m,parsed,scalar,0.6,,0.6,,percent,1,m/m
2152,FOMC,2012-10-24T13:15:00-05:00,FEDERAL_RESERVE,federal_reserve:fomc:20121024T181500Z,FOMC 2012-10-24,3,exact,2012-10-24,14:15:00,America/New_York,https://www.federalreserve.gov/newsevents/pressreleases/monetary20121024a.htm,OANDA,82,7021,FOMC Interest Rate Decision,October,3,1351102500,2012-10-24 20:15,EconomicCalendar/raw/oanda/daily/2012-10-24.json,pinned_report_and_event_name,0.25%,0.25%,0.25%,parsed,scalar,0.25,,0.25,,percent,1,,parsed,scalar,0.25,,0.25,,percent,1,,parsed,scalar,0.25,,0.25,,percent,1,
2332,DURABLE_GOODS,2012-10-25T07:30:00-05:00,CENSUS,census:durable-goods-2012-09,September 2012,3,exact,2012-10-25,08:30:00,America/New_York,https://www.census.gov/manufacturing/m3/historical_data/pressreleases/adv/2012/sep12adv.pdf,OANDA,59,4366,Durable Goods Orders - pre..,September,3,1351168200,2012-10-25 14:30,EconomicCalendar/raw/oanda/daily/2012-10-25.json,pinned_report_and_event_name,7% m/m,"-13,2% m/m","9,9% m/m",parsed,scalar,7,,7,,percent,1,m/m,parsed,scalar,-13.2,,-13.2,,percent,1,m/m,parsed,scalar,9.9,,9.9,,percent,1,m/m
1666,GDP,2012-10-26T07:30:00-05:00,BEA,bea:gdp:20121026T123000Z:q3-2012-advance,Q3 2012 Advance,3,exact,2012-10-26,08:30:00,America/New_York,https://www.bea.gov/news/2012/gross-domestic-product-3rd-quarter-2012-advance-estimate,OANDA,690,23831,GDP (Annualized) - pre..,3Q,3,1351254600,2012-10-26 14:30,EconomicCalendar/raw/oanda/daily/2012-10-26.json,pinned_report_and_event_name,"1,9%","1,3%",2%,parsed,scalar,1.9,,1.9,,percent,1,,parsed,scalar,1.3,,1.3,,percent,1,,parsed,scalar,2,,2,,percent,1,
1667,PCE,2012-10-29T07:30:00-05:00,BEA,bea:pce:20121029T123000Z:september-2012,September 2012,3,exact,2012-10-29,08:30:00,America/New_York,https://www.bea.gov/news/2012/personal-income-and-outlays-september-2012,OANDA,694,24051,Personal Consumption Expenditures,September,2,1351513800,2012-10-29 13:30,EconomicCalendar/raw/oanda/daily/2012-10-29.json,pinned_report_and_event_name,0.6% m/m,0.5% m/m,0.8% m/m,parsed,scalar,0.6,,0.6,,percent,1,m/m,parsed,scalar,0.5,,0.5,,percent,1,m/m,parsed,scalar,0.8,,0.8,,percent,1,m/m
140,EMPLOYMENT,2012-11-02T07:30:00-05:00,BLS,bls:employment:20121102T123000Z:october-2012,October 2012,3,exact,2012-11-02,08:30:00,America/New_York,https://www.bls.gov/schedule/2012/home.htm,OANDA,707,24677,Non-Farm Employment Change,October,3,1351859400,2012-11-02 13:30,EconomicCalendar/raw/oanda/daily/2012-11-02.json,pinned_report_and_event_name,125 k,114 k,171 k,parsed,scalar,125,,125000,,count,1000,,parsed,scalar,114,,114000,,count,1000,,parsed,scalar,171,,171000,,count,1000,
142,PPI,2012-11-14T07:30:00-06:00,BLS,bls:ppi:20121114T133000Z:october-2012,October 2012,3,exact,2012-11-14,08:30:00,America/New_York,https://www.bls.gov/schedule/2012/home.htm,OANDA,703,24479,Producer Price Index,October,2,1352899800,2012-11-14 14:30,EconomicCalendar/raw/oanda/daily/2012-11-14.json,pinned_report_and_event_name,"0,2% m/m",1.1% m/m,-0.2% m/m,parsed,scalar,0.2,,0.2,,percent,1,m/m,parsed,scalar,1.1,,1.1,,percent,1,m/m,parsed,scalar,-0.2,,-0.2,,percent,1,m/m
2333,RETAIL_SALES,2012-11-14T07:30:00-06:00,CENSUS,census:retail-sales-2012-10,October 2012,3,exact,2012-11-14,08:30:00,America/New_York,https://www2.census.gov/retail/releases/historical/marts/adv1210.pdf,OANDA,696,24165,Retail Sales,October,3,1352899800,2012-11-14 14:30,EconomicCalendar/raw/oanda/daily/2012-11-14.json,pinned_report_and_event_name,"-0,2% m/m",1.1% m/m,-0.3% m/m,parsed,scalar,-0.2,,-0.2,,percent,1,m/m,parsed,scalar,1.1,,1.1,,percent,1,m/m,parsed,scalar,-0.3,,-0.3,,percent,1,m/m
143,CPI,2012-11-15T07:30:00-06:00,BLS,bls:cpi:20121115T133000Z:october-2012,October 2012,3,exact,2012-11-15,08:30:00,America/New_York,https://www.bls.gov/schedule/2012/home.htm,OANDA,699,24307,Consumer Price Index,October,3,1352986200,2012-11-15 14:30,EconomicCalendar/raw/oanda/daily/2012-11-15.json,pinned_report_and_event_name,"0,1% m/m",0.6% m/m,0.1% m/m,parsed,scalar,0.1,,0.1,,percent,1,m/m,parsed,scalar,0.6,,0.6,,percent,1,m/m,parsed,scalar,0.1,,0.1,,percent,1,m/m
2334,DURABLE_GOODS,2012-11-27T07:30:00-06:00,CENSUS,census:durable-goods-2012-10,October 2012,3,exact,2012-11-27,08:30:00,America/New_York,https://www.census.gov/manufacturing/m3/historical_data/pressreleases/adv/2012/oct12adv.pdf,OANDA,59,4376,Durable Goods Orders - pre..,October,3,1354023000,2012-11-27 14:30,EconomicCalendar/raw/oanda/daily/2012-11-27.json,pinned_report_and_event_name,"-0,5% m/m","9,8% m/m",,parsed,scalar,-0.5,,-0.5,,percent,1,m/m,parsed,scalar,9.8,,9.8,,percent,1,m/m,missing,,,,,,,,
1668,GDP,2012-11-29T07:30:00-06:00,BEA,bea:gdp:20121129T133000Z:q3-2012-second,Q3 2012 Second,3,exact,2012-11-29,08:30:00,America/New_York,https://www.bea.gov/news/2012/gross-domestic-product-3rd-quarter-2012-second-estimate-corporate-profits-3rd-quarter,OANDA,690,23832,GDP (Annualized) - rev..,3Q,3,1354195800,2012-11-29 14:30,EconomicCalendar/raw/oanda/daily/2012-11-29.json,pinned_report_and_event_name,"2,8%","1,3%","2,7%",parsed,scalar,2.8,,2.8,,percent,1,,parsed,scalar,1.3,,1.3,,percent,1,,parsed,scalar,2.7,,2.7,,percent,1,
1669,PCE,2012-11-30T07:30:00-06:00,BEA,bea:pce:20121130T133000Z:october-2012,October 2012,3,exact,2012-11-30,08:30:00,America/New_York,https://www.bea.gov/news/2012/personal-income-and-outlays-october-2012,OANDA,694,24056,Personal Consumption Expenditures,October,2,1354282200,2012-11-30 14:30,EconomicCalendar/raw/oanda/daily/2012-11-30.json,pinned_report_and_event_name,"0,1% m/m",0.8% m/m,"-0,2% m/m",parsed,scalar,0.1,,0.1,,percent,1,m/m,parsed,scalar,0.8,,0.8,,percent,1,m/m,parsed,scalar,-0.2,,-0.2,,percent,1,m/m
144,EMPLOYMENT,2012-12-07T07:30:00-06:00,BLS,bls:employment:20121207T133000Z:november-2012,November 2012,3,exact,2012-12-07,08:30:00,America/New_York,https://www.bls.gov/schedule/2012/home.htm,OANDA,707,24682,Non-Farm Employment Change,November,3,1354887000,2012-12-07 14:30,EconomicCalendar/raw/oanda/daily/2012-12-07.json,pinned_report_and_event_name,100 k,171 k,146 k,parsed,scalar,100,,100000,,count,1000,,parsed,scalar,171,,171000,,count,1000,,parsed,scalar,146,,146000,,count,1000,
2153,FOMC,2012-12-12T11:30:00-06:00,FEDERAL_RESERVE,federal_reserve:fomc:20121212T173000Z,FOMC 2012-12-12,3,exact,2012-12-12,12:30:00,America/New_York,https://www.federalreserve.gov/newsevents/pressreleases/monetary20121212a.htm,OANDA,82,7032,FOMC Interest Rate Decision,December,3,1355333400,2012-12-12 18:30,EconomicCalendar/raw/oanda/daily/2012-12-12.json,pinned_report_and_event_name,"0-0,25%","0-0,25%","0-0,25%",parsed,range,0,0.25,0,0.25,percent,1,,parsed,range,0,0.25,0,0.25,percent,1,,parsed,range,0,0.25,0,0.25,percent,1,
146,PPI,2012-12-13T07:30:00-06:00,BLS,bls:ppi:20121213T133000Z:november-2012,November 2012,3,exact,2012-12-13,08:30:00,America/New_York,https://www.bls.gov/schedule/2012/home.htm,OANDA,703,24483,Producer Price Index,November,2,1355405400,2012-12-13 14:30,EconomicCalendar/raw/oanda/daily/2012-12-13.json,pinned_report_and_event_name,"-0,5% m/m","-0,2% m/m","-0,8% m/m",parsed,scalar,-0.5,,-0.5,,percent,1,m/m,parsed,scalar,-0.2,,-0.2,,percent,1,m/m,parsed,scalar,-0.8,,-0.8,,percent,1,m/m
2335,RETAIL_SALES,2012-12-13T07:30:00-06:00,CENSUS,census:retail-sales-2012-11,November 2012,3,exact,2012-12-13,08:30:00,America/New_York,https://www2.census.gov/retail/releases/historical/marts/adv1211.pdf,OANDA,696,24170,Retail Sales,November,3,1355405400,2012-12-13 14:30,EconomicCalendar/raw/oanda/daily/2012-12-13.json,pinned_report_and_event_name,"0,5% m/m","-0,3% m/m","0,3% m/m",parsed,scalar,0.5,,0.5,,percent,1,m/m,parsed,scalar,-0.3,,-0.3,,percent,1,m/m,parsed,scalar,0.3,,0.3,,percent,1,m/m
147,CPI,2012-12-14T07:30:00-06:00,BLS,bls:cpi:20121214T133000Z:november-2012,November 2012,3,exact,2012-12-14,08:30:00,America/New_York,https://www.bls.gov/schedule/2012/home.htm,OANDA,699,24311,Consumer Price Index,November,3,1355491800,2012-12-14 14:30,EconomicCalendar/raw/oanda/daily/2012-12-14.json,pinned_report_and_event_name,"-0,2% m/m","0,1% m/m","-0,3% m/m",parsed,scalar,-0.2,,-0.2,,percent,1,m/m,parsed,scalar,0.1,,0.1,,percent,1,m/m,parsed,scalar,-0.3,,-0.3,,percent,1,m/m
1670,GDP,2012-12-20T07:30:00-06:00,BEA,bea:gdp:20121220T133000Z:q3-2012-third,Q3 2012 Third,3,exact,2012-12-20,08:30:00,America/New_York,https://www.bea.gov/news/2012/gross-domestic-product-3rd-quarter-2012-third-estimate-corporate-profits-3rd-quarter-2012,OANDA,690,23833,GDP (Annualized) - fin..,3Q,3,1356010200,2012-12-20 14:30,EconomicCalendar/raw/oanda/daily/2012-12-20.json,pinned_report_and_event_name,"2,7%","1,3%","3,1%",parsed,scalar,2.7,,2.7,,percent,1,,parsed,scalar,1.3,,1.3,,percent,1,,parsed,scalar,3.1,,3.1,,percent,1,
2336,DURABLE_GOODS,2012-12-21T07:30:00-06:00,CENSUS,census:durable-goods-2012-11,November 2012,3,exact,2012-12-21,08:30:00,America/New_York,https://www.census.gov/manufacturing/m3/historical_data/pressreleases/adv/2012/nov12adv.pdf,OANDA,59,33223,Durable Goods Orders - pre..,November,3,1356096600,2012-12-21 14:30,EconomicCalendar/raw/oanda/daily/2012-12-21.json,pinned_report_and_event_name,"0,2% m/m","0,5% m/m","0,7% m/m",parsed,scalar,0.2,,0.2,,percent,1,m/m,parsed,scalar,0.5,,0.5,,percent,1,m/m,parsed,scalar,0.7,,0.7,,percent,1,m/m
1671,PCE,2012-12-21T07:30:00-06:00,BEA,bea:pce:20121221T133000Z:november-2012,November 2012,3,exact,2012-12-21,08:30:00,America/New_York,https://www.bea.gov/news/2012/personal-income-and-outlays-november-2012,OANDA,694,24061,Personal Consumption Expenditures,November,2,1356096600,2012-12-21 14:30,EconomicCalendar/raw/oanda/daily/2012-12-21.json,pinned_report_and_event_name,"0,4% m/m","-0,2% m/m","0,4% m/m",parsed,scalar,0.4,,0.4,,percent,1,m/m,parsed,scalar,-0.2,,-0.2,,percent,1,m/m,parsed,scalar,0.4,,0.4,,percent,1,m/m
148,EMPLOYMENT,2013-01-04T07:30:00-06:00,BLS,bls:employment:20130104T133000Z:december-2012,December 2012,3,exact,2013-01-04,08:30:00,America/New_York,https://www.bls.gov/schedule/2013/home.htm,OANDA,707,33236,Non-Farm Employment Change,December,3,1357306200,2013-01-04 14:30,EconomicCalendar/raw/oanda/daily/2013-01-04.json,pinned_report_and_event_name,150 k,146 k,155 k,parsed,scalar,150,,150000,,count,1000,,parsed,scalar,146,,146000,,count,1000,,parsed,scalar,155,,155000,,count,1000,
150,PPI,2013-01-15T07:30:00-06:00,BLS,bls:ppi:20130115T133000Z:december-2012,December 2012,3,exact,2013-01-15,08:30:00,America/New_York,https://www.bls.gov/schedule/2013/home.htm,OANDA,703,33986,Producer Price Index,December,2,1358256600,2013-01-15 14:30,EconomicCalendar/raw/oanda/daily/2013-01-15.json,pinned_report_and_event_name,"-0,1% m/m","-0,8% m/m","-0,2% m/m",parsed,scalar,-0.1,,-0.1,,percent,1,m/m,parsed,scalar,-0.8,,-0.8,,percent,1,m/m,parsed,scalar,-0.2,,-0.2,,percent,1,m/m
2337,RETAIL_SALES,2013-01-15T07:30:00-06:00,CENSUS,census:retail-sales-2012-12,December 2012,3,exact,2013-01-15,08:30:00,America/New_York,https://www2.census.gov/retail/releases/historical/marts/adv1212.pdf,OANDA,696,34135,Retail Sales,December,3,1358256600,2013-01-15 14:30,EconomicCalendar/raw/oanda/daily/2013-01-15.json,pinned_report_and_event_name,"0,2% m/m","0,3% m/m","0,5% m/m",parsed,scalar,0.2,,0.2,,percent,1,m/m,parsed,scalar,0.3,,0.3,,percent,1,m/m,parsed,scalar,0.5,,0.5,,percent,1,m/m
151,CPI,2013-01-16T07:30:00-06:00,BLS,bls:cpi:20130116T133000Z:december-2012,December 2012,3,exact,2013-01-16,08:30:00,America/New_York,https://www.bls.gov/schedule/2013/home.htm,OANDA,699,33971,Consumer Price Index,December,3,1358343000,2013-01-16 14:30,EconomicCalendar/raw/oanda/daily/2013-01-16.json,pinned_report_and_event_name,"0,1% m/m","-0,3% m/m",,parsed,scalar,0.1,,0.1,,percent,1,m/m,parsed,scalar,-0.3,,-0.3,,percent,1,m/m,missing,,,,,,,,
2338,DURABLE_GOODS,2013-01-28T07:30:00-06:00,CENSUS,census:durable-goods-2012-12,December 2012,3,exact,2013-01-28,08:30:00,America/New_York,https://www.census.gov/manufacturing/m3/historical_data/pressreleases/adv/2012/dec12adv.pdf,OANDA,59,34590,Durable Goods Orders - pre..,December,3,1359379800,2013-01-28 14:30,EconomicCalendar/raw/oanda/daily/2013-01-28.json,pinned_report_and_event_name,"1,7% m/m","0,8% m/m","4,6% m/m",parsed,scalar,1.7,,1.7,,percent,1,m/m,parsed,scalar,0.8,,0.8,,percent,1,m/m,parsed,scalar,4.6,,4.6,,percent,1,m/m
1672,GDP,2013-01-30T07:30:00-06:00,BEA,bea:gdp:20130130T133000Z:q4-2012-advance,Q4 2012 Advance,3,exact,2013-01-30,08:30:00,America/New_York,https://www.bea.gov/news/2013/gross-domestic-product-4th-quarter-and-annual-2012-advance-estimate,OANDA,690,33188,GDP (Annualized) - pre..,4Q,3,1359552600,2013-01-30 14:30,EconomicCalendar/raw/oanda/daily/2013-01-30.json,pinned_report_and_event_name,"1,1%","3,1%","-0,1%",parsed,scalar,1.1,,1.1,,percent,1,,parsed,scalar,3.1,,3.1,,percent,1,,parsed,scalar,-0.1,,-0.1,,percent,1,
2154,FOMC,2013-01-30T13:15:00-06:00,FEDERAL_RESERVE,federal_reserve:fomc:20130130T191500Z,FOMC 2013-01-30,3,exact,2013-01-30,14:15:00,America/New_York,https://www.federalreserve.gov/newsevents/pressreleases/monetary20130130a.htm,OANDA,82,6985,FOMC Interest Rate Decision,January,3,1359573300,2013-01-30 20:15,EconomicCalendar/raw/oanda/daily/2013-01-30.json,pinned_report_and_event_name,"0-0,25%","0-0,25%","0-0,25%",parsed,range,0,0.25,0,0.25,percent,1,,parsed,range,0,0.25,0,0.25,percent,1,,parsed,range,0,0.25,0,0.25,percent,1,
1673,PCE,2013-01-31T07:30:00-06:00,BEA,bea:pce:20130131T133000Z:december-2012,December 2012,3,exact,2013-01-31,08:30:00,America/New_York,https://www.bea.gov/news/2013/personal-income-and-outlays-december-2012,OANDA,694,33888,Personal Consumption Expenditures,December,2,1359639000,2013-01-31 14:30,EconomicCalendar/raw/oanda/daily/2013-01-31.json,pinned_report_and_event_name,"0,3% m/m","0,4% m/m","0,2% m/m",parsed,scalar,0.3,,0.3,,percent,1,m/m,parsed,scalar,0.4,,0.4,,percent,1,m/m,parsed,scalar,0.2,,0.2,,percent,1,m/m
152,EMPLOYMENT,2013-02-01T07:30:00-06:00,BLS,bls:employment:20130201T133000Z:january-2013,January 2013,3,exact,2013-02-01,08:30:00,America/New_York,https://www.bls.gov/schedule/2013/home.htm,OANDA,707,34049,Non-Farm Employment Change,January,3,1359725400,2013-02-01 14:30,EconomicCalendar/raw/oanda/daily/2013-02-01.json,pinned_report_and_event_name,160 k,155 k,157 k,parsed,scalar,160,,160000,,count,1000,,parsed,scalar,155,,155000,,count,1000,,parsed,scalar,157,,157000,,count,1000,
2339,RETAIL_SALES,2013-02-13T07:30:00-06:00,CENSUS,census:retail-sales-2013-01,January 2013,3,exact,2013-02-13,08:30:00,America/New_York,https://www2.census.gov/retail/releases/historical/marts/adv1301.pdf,OANDA,696,34167,Retail Sales,January,3,1360762200,2013-02-13 14:30,EconomicCalendar/raw/oanda/daily/2013-02-13.json,pinned_report_and_event_name,"0,1% m/m","0,5% m/m","0,1% m/m",parsed,scalar,0.1,,0.1,,percent,1,m/m,parsed,scalar,0.5,,0.5,,percent,1,m/m,parsed,scalar,0.1,,0.1,,percent,1,m/m
154,PPI,2013-02-20T07:30:00-06:00,BLS,bls:ppi:20130220T133000Z:january-2013,January 2013,3,exact,2013-02-20,08:30:00,America/New_York,https://www.bls.gov/schedule/2013/home.htm,OANDA,703,33991,Producer Price Index,January,2,1361367000,2013-02-20 14:30,EconomicCalendar/raw/oanda/daily/2013-02-20.json,pinned_report_and_event_name,"0,3% m/m","-0,2% m/m","0,2% m/m",parsed,scalar,0.3,,0.3,,percent,1,m/m,parsed,scalar,-0.2,,-0.2,,percent,1,m/m,parsed,scalar,0.2,,0.2,,percent,1,m/m
155,CPI,2013-02-21T07:30:00-06:00,BLS,bls:cpi:20130221T133000Z:january-2013,January 2013,3,exact,2013-02-21,08:30:00,America/New_York,https://www.bls.gov/schedule/2013/home.htm,OANDA,699,33976,Consumer Price Index,January,3,1361453400,2013-02-21 14:30,EconomicCalendar/raw/oanda/daily/2013-02-21.json,pinned_report_and_event_name,"0,1% m/m",,,parsed,scalar,0.1,,0.1,,percent,1,m/m,missing,,,,,,,,,missing,,,,,,,,
2340,DURABLE_GOODS,2013-02-27T07:30:00-06:00,CENSUS,census:durable-goods-2013-01,January 2013,3,exact,2013-02-27,08:30:00,America/New_York,https://www.census.gov/manufacturing/m3/historical_data/pressreleases/adv/2013/jan13adv.pdf,OANDA,59,34592,Durable Goods Orders - pre..,January,3,1361971800,2013-02-27 14:30,EconomicCalendar/raw/oanda/daily/2013-02-27.json,pinned_report_and_event_name,"-3,9% m/m","4,3% m/m","-5,2% m/m",parsed,scalar,-3.9,,-3.9,,percent,1,m/m,parsed,scalar,4.3,,4.3,,percent,1,m/m,parsed,scalar,-5.2,,-5.2,,percent,1,m/m
1674,GDP,2013-02-28T07:30:00-06:00,BEA,bea:gdp:20130228T133000Z:q4-2012-second,Q4 2012 Second,3,exact,2013-02-28,08:30:00,America/New_York,https://www.bea.gov/news/2013/gross-domestic-product-4th-quarter-and-annual-2012-second-estimate,OANDA,690,33195,GDP (Annualized) - rev..,4Q,3,1362058200,2013-02-28 14:30,EconomicCalendar/raw/oanda/daily/2013-02-28.json,pinned_report_and_event_name,"0,5%","3,1%","0,1%",parsed,scalar,0.5,,0.5,,percent,1,,parsed,scalar,3.1,,3.1,,percent,1,,parsed,scalar,0.1,,0.1,,percent,1,
1675,PCE,2013-03-01T07:30:00-06:00,BEA,bea:pce:20130301T133000Z:january-2013,January 2013,3,exact,2013-03-01,08:30:00,America/New_York,https://www.bea.gov/news/2013/personal-income-and-outlays-january-2013,OANDA,694,33892,Personal Consumption Expenditures,January,2,1362144600,2013-03-01 14:30,EconomicCalendar/raw/oanda/daily/2013-03-01.json,pinned_report_and_event_name,"0,2% m/m","0,2% m/m","0,2% m/m",parsed,scalar,0.2,,0.2,,percent,1,m/m,parsed,scalar,0.2,,0.2,,percent,1,m/m,parsed,scalar,0.2,,0.2,,percent,1,m/m
156,EMPLOYMENT,2013-03-08T07:30:00-06:00,BLS,bls:employment:20130308T133000Z:february-2013,February 2013,3,exact,2013-03-08,08:30:00,America/New_York,https://www.bls.gov/schedule/2013/home.htm,OANDA,707,34055,Non-Farm Employment Change,February,3,1362749400,2013-03-08 14:30,EconomicCalendar/raw/oanda/daily/2013-03-08.json,pinned_report_and_event_name,160 k,157 k,236 k,parsed,scalar,160,,160000,,count,1000,,parsed,scalar,157,,157000,,count,1000,,parsed,scalar,236,,236000,,count,1000,
2341,RETAIL_SALES,2013-03-13T07:30:00-05:00,CENSUS,census:retail-sales-2013-02,February 2013,3,exact,2013-03-13,08:30:00,America/New_York,https://www2.census.gov/retail/releases/historical/marts/adv1302.pdf,OANDA,696,34170,Retail Sales,February,3,1363177800,2013-03-13 13:30,EconomicCalendar/raw/oanda/daily/2013-03-13.json,pinned_report_and_event_name,"0,5% m/m","0,1% m/m","1,1% m/m",parsed,scalar,0.5,,0.5,,percent,1,m/m,parsed,scalar,0.1,,0.1,,percent,1,m/m,parsed,scalar,1.1,,1.1,,percent,1,m/m
158,PPI,2013-03-14T07:30:00-05:00,BLS,bls:ppi:20130314T123000Z:february-2013,February 2013,3,exact,2013-03-14,08:30:00,America/New_York,https://www.bls.gov/schedule/2013/home.htm,OANDA,703,33996,Producer Price Index,February,2,1363264200,2013-03-14 13:30,EconomicCalendar/raw/oanda/daily/2013-03-14.json,pinned_report_and_event_name,"0,7% m/m","0,2% m/m","0,7% m/m",parsed,scalar,0.7,,0.7,,percent,1,m/m,parsed,scalar,0.2,,0.2,,percent,1,m/m,parsed,scalar,0.7,,0.7,,percent,1,m/m
159,CPI,2013-03-15T07:30:00-05:00,BLS,bls:cpi:20130315T123000Z:february-2013,February 2013,3,exact,2013-03-15,08:30:00,America/New_York,https://www.bls.gov/schedule/2013/home.htm,OANDA,699,33981,Consumer Price Index,February,3,1363350600,2013-03-15 13:30,EconomicCalendar/raw/oanda/daily/2013-03-15.json,pinned_report_and_event_name,"0,5% m/m",,"0,7% m/m",parsed,scalar,0.5,,0.5,,percent,1,m/m,missing,,,,,,,,,parsed,scalar,0.7,,0.7,,percent,1,m/m
2155,FOMC,2013-03-20T13:00:00-05:00,FEDERAL_RESERVE,federal_reserve:fomc:20130320T180000Z,FOMC 2013-03-20,3,exact,2013-03-20,14:00:00,America/New_York,https://www.federalreserve.gov/newsevents/pressreleases/monetary20130320a.htm,OANDA,82,6991,FOMC Interest Rate Decision,March,3,1363802400,2013-03-20 19:00,EconomicCalendar/raw/oanda/daily/2013-03-20.json,pinned_report_and_event_name,"0-0,25%","0-0,25%","0-0,25%",parsed,range,0,0.25,0,0.25,percent,1,,parsed,range,0,0.25,0,0.25,percent,1,,parsed,range,0,0.25,0,0.25,percent,1,
2342,DURABLE_GOODS,2013-03-26T07:30:00-05:00,CENSUS,census:durable-goods-2013-02,February 2013,3,exact,2013-03-26,08:30:00,America/New_York,https://www.census.gov/manufacturing/m3/historical_data/pressreleases/adv/2013/feb13adv.pdf,OANDA,59,34594,Durable Goods Orders - pre..,February,3,1364301000,2013-03-26 13:30,EconomicCalendar/raw/oanda/daily/2013-03-26.json,pinned_report_and_event_name,"3,9% m/m","-4,9% m/m","5,7% m/m",parsed,scalar,3.9,,3.9,,percent,1,m/m,parsed,scalar,-4.9,,-4.9,,percent,1,m/m,parsed,scalar,5.7,,5.7,,percent,1,m/m
1676,GDP,2013-03-28T07:30:00-05:00,BEA,bea:gdp:20130328T123000Z:q4-2012-third,Q4 2012 Third,3,exact,2013-03-28,08:30:00,America/New_York,https://www.bea.gov/news/2013/gross-domestic-product-4th-quarter-and-annual-2012-third-estimate-corporate-profits-4th,OANDA,690,33196,GDP (Annualized) - fin..,4Q,3,1364473800,2013-03-28 13:30,EconomicCalendar/raw/oanda/daily/2013-03-28.json,pinned_report_and_event_name,"0,4%","3,1%","0,4%",parsed,scalar,0.4,,0.4,,percent,1,,parsed,scalar,3.1,,3.1,,percent,1,,parsed,scalar,0.4,,0.4,,percent,1,
1677,PCE,2013-03-29T07:30:00-05:00,BEA,bea:pce:20130329T123000Z:february-2013,February 2013,3,exact,2013-03-29,08:30:00,America/New_York,https://www.bea.gov/news/2013/personal-income-and-outlays-february-2013,OANDA,694,36892,Personal Consumption Expenditures,February,2,1364560200,2013-03-29 13:30,EconomicCalendar/raw/oanda/daily/2013-03-29.json,pinned_report_and_event_name,"0,6% m/m","0,2% m/m","0,7% m/m",parsed,scalar,0.6,,0.6,,percent,1,m/m,parsed,scalar,0.2,,0.2,,percent,1,m/m,parsed,scalar,0.7,,0.7,,percent,1,m/m
161,EMPLOYMENT,2013-04-05T07:30:00-05:00,BLS,bls:employment:20130405T123000Z:march-2013,March 2013,3,exact,2013-04-05,08:30:00,America/New_York,https://www.bls.gov/schedule/2013/home.htm,OANDA,707,36940,Non-Farm Employment Change,March,3,1365165000,2013-04-05 14:30,EconomicCalendar/raw/oanda/daily/2013-04-05.json,pinned_report_and_event_name,200 k,236 k,88 k,parsed,scalar,200,,200000,,count,1000,,parsed,scalar,236,,236000,,count,1000,,parsed,scalar,88,,88000,,count,1000,
163,PPI,2013-04-12T07:30:00-05:00,BLS,bls:ppi:20130412T123000Z:march-2013,March 2013,3,exact,2013-04-12,08:30:00,America/New_York,https://www.bls.gov/schedule/2013/home.htm,OANDA,703,36982,Producer Price Index,March,2,1365769800,2013-04-12 14:30,EconomicCalendar/raw/oanda/daily/2013-04-12.json,pinned_report_and_event_name,"-0,2% m/m","0,7% m/m","-0,6% m/m",parsed,scalar,-0.2,,-0.2,,percent,1,m/m,parsed,scalar,0.7,,0.7,,percent,1,m/m,parsed,scalar,-0.6,,-0.6,,percent,1,m/m
2343,RETAIL_SALES,2013-04-12T07:30:00-05:00,CENSUS,census:retail-sales-2013-03,March 2013,3,exact,2013-04-12,08:30:00,America/New_York,https://www2.census.gov/retail/releases/historical/marts/adv1303.pdf,OANDA,696,34173,Retail Sales,March,3,1365769800,2013-04-12 14:30,EconomicCalendar/raw/oanda/daily/2013-04-12.json,pinned_report_and_event_name,"0,0% m/m","1,1% m/m","-0,4% m/m",parsed,scalar,0.0,,0.0,,percent,1,m/m,parsed,scalar,1.1,,1.1,,percent,1,m/m,parsed,scalar,-0.4,,-0.4,,percent,1,m/m
164,CPI,2013-04-16T07:30:00-05:00,BLS,bls:cpi:20130416T123000Z:march-2013,March 2013,3,exact,2013-04-16,08:30:00,America/New_York,https://www.bls.gov/schedule/2013/home.htm,OANDA,699,37001,Consumer Price Index,March,3,1366115400,2013-04-16 14:30,EconomicCalendar/raw/oanda/daily/2013-04-16.json,pinned_report_and_event_name,"0,0% m/m","0,7% m/m","-0,2% m/m",parsed,scalar,0.0,,0.0,,percent,1,m/m,parsed,scalar,0.7,,0.7,,percent,1,m/m,parsed,scalar,-0.2,,-0.2,,percent,1,m/m
2344,DURABLE_GOODS,2013-04-24T07:30:00-05:00,CENSUS,census:durable-goods-2013-03,March 2013,3,exact,2013-04-24,08:30:00,America/New_York,https://www.census.gov/manufacturing/m3/historical_data/pressreleases/adv/2013/mar13adv.pdf,OANDA,59,34596,Durable Goods Orders - pre..,March,3,1366806600,2013-04-24 14:30,EconomicCalendar/raw/oanda/daily/2013-04-24.json,pinned_report_and_event_name,"-2,8% m/m","5,6% m/m","-5,7% m/m",parsed,scalar,-2.8,,-2.8,,percent,1,m/m,parsed,scalar,5.6,,5.6,,percent,1,m/m,parsed,scalar,-5.7,,-5.7,,percent,1,m/m
1678,GDP,2013-04-26T07:30:00-05:00,BEA,bea:gdp:20130426T123000Z:q1-2013-advance,Q1 2013 Advance,3,exact,2013-04-26,08:30:00,America/New_York,https://www.bea.gov/news/2013/gross-domestic-product-1st-quarter-2013-advance-estimate,OANDA,690,36912,GDP (Annualized) - pre..,1Q,3,1366979400,2013-04-26 14:30,EconomicCalendar/raw/oanda/daily/2013-04-26.json,pinned_report_and_event_name,"3,0%","-0,1%","2,5%",parsed,scalar,3.0,,3.0,,percent,1,,parsed,scalar,-0.1,,-0.1,,percent,1,,parsed,scalar,2.5,,2.5,,percent,1,
1679,PCE,2013-04-29T07:30:00-05:00,BEA,bea:pce:20130429T123000Z:march-2013,March 2013,3,exact,2013-04-29,08:30:00,America/New_York,https://www.bea.gov/news/2013/personal-income-and-outlays-march-2013,OANDA,694,36896,Personal Consumption Expenditures,March,2,1367238600,2013-04-29 14:30,EconomicCalendar/raw/oanda/daily/2013-04-29.json,pinned_report_and_event_name,"0,1% m/m","0,7% m/m","0,2% m/m",parsed,scalar,0.1,,0.1,,percent,1,m/m,parsed,scalar,0.7,,0.7,,percent,1,m/m,parsed,scalar,0.2,,0.2,,percent,1,m/m
2156,FOMC,2013-05-01T13:00:00-05:00,FEDERAL_RESERVE,federal_reserve:fomc:20130501T180000Z,FOMC 2013-05-01,3,exact,2013-05-01,14:00:00,America/New_York,https://www.federalreserve.gov/newsevents/pressreleases/monetary20130501a.htm,OANDA,82,6996,FOMC Interest Rate Decision,May,3,1367431200,2013-05-01 20:00,EconomicCalendar/raw/oanda/daily/2013-05-01.json,pinned_report_and_event_name,"0-0,25%","0-0,25%","0-0,25%",parsed,range,0,0.25,0,0.25,percent,1,,parsed,range,0,0.25,0,0.25,percent,1,,parsed,range,0,0.25,0,0.25,percent,1,
165,EMPLOYMENT,2013-05-03T07:30:00-05:00,BLS,bls:employment:20130503T123000Z:april-2013,April 2013,3,exact,2013-05-03,08:30:00,America/New_York,https://www.bls.gov/schedule/2013/home.htm,OANDA,707,37456,Non-Farm Employment Change,April,3,1367584200,2013-05-03 14:30,EconomicCalendar/raw/oanda/daily/2013-05-03.json,pinned_report_and_event_name,145 k,88 k,165 k,parsed,scalar,145,,145000,,count,1000,,parsed,scalar,88,,88000,,count,1000,,parsed,scalar,165,,165000,,count,1000,
2345,RETAIL_SALES,2013-05-13T07:30:00-05:00,CENSUS,census:retail-sales-2013-04,April 2013,3,exact,2013-05-13,08:30:00,America/New_York,https://www2.census.gov/retail/releases/historical/marts/adv1304.pdf,OANDA,696,39201,Retail Sales,April,3,1368448200,2013-05-13 14:30,EconomicCalendar/raw/oanda/daily/2013-05-13.json,pinned_report_and_event_name,"-0,3% m/m","-0,4% m/m","0,1% m/m",parsed,scalar,-0.3,,-0.3,,percent,1,m/m,parsed,scalar,-0.4,,-0.4,,percent,1,m/m,parsed,scalar,0.1,,0.1,,percent,1,m/m
167,PPI,2013-05-15T07:30:00-05:00,BLS,bls:ppi:20130515T123000Z:april-2013,April 2013,3,exact,2013-05-15,08:30:00,America/New_York,https://www.bls.gov/schedule/2013/home.htm,OANDA,703,38948,Producer Price Index,April,2,1368621000,2013-05-15 14:30,EconomicCalendar/raw/oanda/daily/2013-05-15.json,pinned_report_and_event_name,"-0,6% m/m","-0,6% m/m","-0,7% m/m",parsed,scalar,-0.6,,-0.6,,percent,1,m/m,parsed,scalar,-0.6,,-0.6,,percent,1,m/m,parsed,scalar,-0.7,,-0.7,,percent,1,m/m
168,CPI,2013-05-16T07:30:00-05:00,BLS,bls:cpi:20130516T123000Z:april-2013,April 2013,3,exact,2013-05-16,08:30:00,America/New_York,https://www.bls.gov/schedule/2013/home.htm,OANDA,699,38909,Consumer Price Index,April,3,1368707400,2013-05-16 14:30,EconomicCalendar/raw/oanda/daily/2013-05-16.json,pinned_report_and_event_name,"-0,2% m/m","-0,2% m/m","-0,4% m/m",parsed,scalar,-0.2,,-0.2,,percent,1,m/m,parsed,scalar,-0.2,,-0.2,,percent,1,m/m,parsed,scalar,-0.4,,-0.4,,percent,1,m/m
2346,DURABLE_GOODS,2013-05-24T07:30:00-05:00,CENSUS,census:durable-goods-2013-04,April 2013,3,exact,2013-05-24,08:30:00,America/New_York,https://www.census.gov/manufacturing/m3/historical_data/pressreleases/adv/2013/apr13adv.pdf,OANDA,59,39341,Durable Goods Orders - pre..,April,3,1369398600,2013-05-24 14:30,EconomicCalendar/raw/oanda/daily/2013-05-24.json,pinned_report_and_event_name,"1,5% m/m","-5,8% m/m","3,3% m/m",parsed,scalar,1.5,,1.5,,percent,1,m/m,parsed,scalar,-5.8,,-5.8,,percent,1,m/m,parsed,scalar,3.3,,3.3,,percent,1,m/m
1680,GDP,2013-05-30T07:30:00-05:00,BEA,bea:gdp:20130530T123000Z:q1-2013-second,Q1 2013 Second,3,exact,2013-05-30,08:30:00,America/New_York,https://www.bea.gov/news/2013/gross-domestic-product-1st-quarter-2013-second-estimate-corporate-profits-1st-quarter,OANDA,690,36916,GDP (Annualized) - rev..,1Q,3,1369917000,2013-05-30 14:30,EconomicCalendar/raw/oanda/daily/2013-05-30.json,pinned_report_and_event_name,"2,5%","0,1%","2,4%",parsed,scalar,2.5,,2.5,,percent,1,,parsed,scalar,0.1,,0.1,,percent,1,,parsed,scalar,2.4,,2.4,,percent,1,
1681,PCE,2013-05-31T07:30:00-05:00,BEA,bea:pce:20130531T123000Z:april-2013,April 2013,3,exact,2013-05-31,08:30:00,America/New_York,https://www.bea.gov/news/2013/personal-income-and-outlays-april-2013,OANDA,694,38565,Personal Consumption Expenditures,April,2,1370003400,2013-05-31 14:30,EconomicCalendar/raw/oanda/daily/2013-05-31.json,pinned_report_and_event_name,"0,1% m/m","0,2% m/m","-0,2% m/m",parsed,scalar,0.1,,0.1,,percent,1,m/m,parsed,scalar,0.2,,0.2,,percent,1,m/m,parsed,scalar,-0.2,,-0.2,,percent,1,m/m
169,EMPLOYMENT,2013-06-07T07:30:00-05:00,BLS,bls:employment:20130607T123000Z:may-2013,May 2013,3,exact,2013-06-07,08:30:00,America/New_York,https://www.bls.gov/schedule/2013/home.htm,OANDA,707,38988,Non-Farm Employment Change,May,3,1370608200,2013-06-07 14:30,EconomicCalendar/raw/oanda/daily/2013-06-07.json,pinned_report_and_event_name,170 k,165 k,175 k,parsed,scalar,170,,170000,,count,1000,,parsed,scalar,165,,165000,,count,1000,,parsed,scalar,175,,175000,,count,1000,
2347,RETAIL_SALES,2013-06-13T07:30:00-05:00,CENSUS,census:retail-sales-2013-05,May 2013,3,exact,2013-06-13,08:30:00,America/New_York,https://www2.census.gov/retail/releases/historical/marts/adv1305.pdf,OANDA,696,39204,Retail Sales,May,3,1371126600,2013-06-13 14:30,EconomicCalendar/raw/oanda/daily/2013-06-13.json,pinned_report_and_event_name,"0,4% m/m","0,1% m/m","0,6% m/m",parsed,scalar,0.4,,0.4,,percent,1,m/m,parsed,scalar,0.1,,0.1,,percent,1,m/m,parsed,scalar,0.6,,0.6,,percent,1,m/m
171,PPI,2013-06-14T07:30:00-05:00,BLS,bls:ppi:20130614T123000Z:may-2013,May 2013,3,exact,2013-06-14,08:30:00,America/New_York,https://www.bls.gov/schedule/2013/home.htm,OANDA,703,38953,Producer Price Index,May,2,1371213000,2013-06-14 14:30,EconomicCalendar/raw/oanda/daily/2013-06-14.json,pinned_report_and_event_name,"0,1% m/m","-0,7% m/m","0,5% m/m",parsed,scalar,0.1,,0.1,,percent,1,m/m,parsed,scalar,-0.7,,-0.7,,percent,1,m/m,parsed,scalar,0.5,,0.5,,percent,1,m/m
172,CPI,2013-06-18T07:30:00-05:00,BLS,bls:cpi:20130618T123000Z:may-2013,May 2013,3,exact,2013-06-18,08:30:00,America/New_York,https://www.bls.gov/schedule/2013/home.htm,OANDA,699,38914,Consumer Price Index,May,3,1371558600,2013-06-18 14:30,EconomicCalendar/raw/oanda/daily/2013-06-18.json,pinned_report_and_event_name,"0,1% m/m","-0,4% m/m","0,1% m/m",parsed,scalar,0.1,,0.1,,percent,1,m/m,parsed,scalar,-0.4,,-0.4,,percent,1,m/m,parsed,scalar,0.1,,0.1,,percent,1,m/m
2157,FOMC,2013-06-19T13:00:00-05:00,FEDERAL_RESERVE,federal_reserve:fomc:20130619T180000Z,FOMC 2013-06-19,3,exact,2013-06-19,14:00:00,America/New_York,https://www.federalreserve.gov/newsevents/pressreleases/monetary20130619a.htm,OANDA,82,7001,FOMC Interest Rate Decision,June,3,1371664800,2013-06-19 20:00,EconomicCalendar/raw/oanda/daily/2013-06-19.json,pinned_report_and_event_name,"0-0,25%","0-0,25%","0-0,25%",parsed,range,0,0.25,0,0.25,percent,1,,parsed,range,0,0.25,0,0.25,percent,1,,parsed,range,0,0.25,0,0.25,percent,1,
2348,DURABLE_GOODS,2013-06-25T07:30:00-05:00,CENSUS,census:durable-goods-2013-05,May 2013,3,exact,2013-06-25,08:30:00,America/New_York,https://www.census.gov/manufacturing/m3/historical_data/pressreleases/adv/2013/may13adv.pdf,OANDA,59,39342,Durable Goods Orders - pre..,May,3,1372163400,2013-06-25 14:30,EconomicCalendar/raw/oanda/daily/2013-06-25.json,pinned_report_and_event_name,3% m/m,"3,5% m/m","3,6% m/m",parsed,scalar,3,,3,,percent,1,m/m,parsed,scalar,3.5,,3.5,,percent,1,m/m,parsed,scalar,3.6,,3.6,,percent,1,m/m
1682,GDP,2013-06-26T07:30:00-05:00,BEA,bea:gdp:20130626T123000Z:q1-2013-third,Q1 2013 Third,3,exact,2013-06-26,08:30:00,America/New_York,https://www.bea.gov/news/2013/gross-domestic-product-1st-quarter-2013-third-estimate-corporate-profits-1st-quarter-2013,OANDA,690,37437,GDP (Annualized) - fin..,1Q,3,1372249800,2013-06-26 14:30,EconomicCalendar/raw/oanda/daily/2013-06-26.json,pinned_report_and_event_name,"2,4%","0,4%","1,8%",parsed,scalar,2.4,,2.4,,percent,1,,parsed,scalar,0.4,,0.4,,percent,1,,parsed,scalar,1.8,,1.8,,percent,1,
1683,PCE,2013-06-27T07:30:00-05:00,BEA,bea:pce:20130627T123000Z:may-2013,May 2013,3,exact,2013-06-27,08:30:00,America/New_York,https://www.bea.gov/news/2013/personal-income-and-outlays-may-2013,OANDA,694,38569,Personal Consumption Expenditures,May,2,1372336200,2013-06-27 14:30,EconomicCalendar/raw/oanda/daily/2013-06-27.json,pinned_report_and_event_name,"0,3% m/m","-0,2% m/m","0,3% m/m",parsed,scalar,0.3,,0.3,,percent,1,m/m,parsed,scalar,-0.2,,-0.2,,percent,1,m/m,parsed,scalar,0.3,,0.3,,percent,1,m/m
173,EMPLOYMENT,2013-07-05T07:30:00-05:00,BLS,bls:employment:20130705T123000Z:june-2013,June 2013,3,exact,2013-07-05,08:30:00,America/New_York,https://www.bls.gov/schedule/2013/home.htm,OANDA,707,38994,Non-Farm Employment Change,June,3,1373027400,2013-07-05 14:30,EconomicCalendar/raw/oanda/daily/2013-07-05.json,pinned_report_and_event_name,165 k,175 k,195 k,parsed,scalar,165,,165000,,count,1000,,parsed,scalar,175,,175000,,count,1000,,parsed,scalar,195,,195000,,count,1000,
175,PPI,2013-07-12T07:30:00-05:00,BLS,bls:ppi:20130712T123000Z:june-2013,June 2013,3,exact,2013-07-12,08:30:00,America/New_York,https://www.bls.gov/schedule/2013/home.htm,OANDA,703,38958,Producer Price Index,June,2,1373632200,2013-07-12 14:30,EconomicCalendar/raw/oanda/daily/2013-07-12.json,pinned_report_and_event_name,"0,5% m/m","0,5% m/m","0,8% m/m",parsed,scalar,0.5,,0.5,,percent,1,m/m,parsed,scalar,0.5,,0.5,,percent,1,m/m,parsed,scalar,0.8,,0.8,,percent,1,m/m
2349,RETAIL_SALES,2013-07-15T07:30:00-05:00,CENSUS,census:retail-sales-2013-06,June 2013,3,exact,2013-07-15,08:30:00,America/New_York,https://www2.census.gov/retail/releases/historical/marts/adv1306.pdf,OANDA,696,39207,Retail Sales,June,3,1373891400,2013-07-15 14:30,EconomicCalendar/raw/oanda/daily/2013-07-15.json,pinned_report_and_event_name,"0,8% m/m","0,6% m/m","0,4% m/m",parsed,scalar,0.8,,0.8,,percent,1,m/m,parsed,scalar,0.6,,0.6,,percent,1,m/m,parsed,scalar,0.4,,0.4,,percent,1,m/m
176,CPI,2013-07-16T07:30:00-05:00,BLS,bls:cpi:20130716T123000Z:june-2013,June 2013,3,exact,2013-07-16,08:30:00,America/New_York,https://www.bls.gov/schedule/2013/home.htm,OANDA,699,38919,Consumer Price Index,June,3,1373977800,2013-07-16 14:30,EconomicCalendar/raw/oanda/daily/2013-07-16.json,pinned_report_and_event_name,"0,3% m/m","0,1% m/m","0,5% m/m",parsed,scalar,0.3,,0.3,,percent,1,m/m,parsed,scalar,0.1,,0.1,,percent,1,m/m,parsed,scalar,0.5,,0.5,,percent,1,m/m
2350,DURABLE_GOODS,2013-07-25T07:30:00-05:00,CENSUS,census:durable-goods-2013-06,June 2013,3,exact,2013-07-25,08:30:00,America/New_York,https://www.census.gov/manufacturing/m3/historical_data/pressreleases/adv/2013/jun13adv.pdf,OANDA,59,39343,Durable Goods Orders - pre..,June,3,1374755400,2013-07-25 14:30,EconomicCalendar/raw/oanda/daily/2013-07-25.json,pinned_report_and_event_name,"1,2% m/m","3,7% m/m","4,2% m/m",parsed,scalar,1.2,,1.2,,percent,1,m/m,parsed,scalar,3.7,,3.7,,percent,1,m/m,parsed,scalar,4.2,,4.2,,percent,1,m/m
1684,GDP,2013-07-31T07:30:00-05:00,BEA,bea:gdp:20130731T123000Z:q2-2013-advance,Q2 2013 Advance,3,exact,2013-07-31,08:30:00,America/New_York,https://www.bea.gov/news/2013/gross-domestic-product-2nd-quarter-2013-advance-estimate-comprehensive-revision-1929,OANDA,690,36924,GDP (Annualized) - pre..,2Q,3,1375273800,2013-07-31 14:30,EconomicCalendar/raw/oanda/daily/2013-07-31.json,pinned_report_and_event_name,"1,0%","1,8%","1,7%",parsed,scalar,1.0,,1.0,,percent,1,,parsed,scalar,1.8,,1.8,,percent,1,,parsed,scalar,1.7,,1.7,,percent,1,
2158,FOMC,2013-07-31T13:00:00-05:00,FEDERAL_RESERVE,federal_reserve:fomc:20130731T180000Z,FOMC 2013-07-31,3,exact,2013-07-31,14:00:00,America/New_York,https://www.federalreserve.gov/newsevents/pressreleases/monetary20130731a.htm,OANDA,82,7003,FOMC Interest Rate Decision,July,3,1375293600,2013-07-31 20:00,EconomicCalendar/raw/oanda/daily/2013-07-31.json,pinned_report_and_event_name,"0-0,25%","0-0,25%","0-0,25%",parsed,range,0,0.25,0,0.25,percent,1,,parsed,range,0,0.25,0,0.25,percent,1,,parsed,range,0,0.25,0,0.25,percent,1,
177,EMPLOYMENT,2013-08-02T07:30:00-05:00,BLS,bls:employment:20130802T123000Z:july-2013,July 2013,3,exact,2013-08-02,08:30:00,America/New_York,https://www.bls.gov/schedule/2013/home.htm,OANDA,707,39000,Non-Farm Employment Change,July,3,1375446600,2013-08-02 14:30,EconomicCalendar/raw/oanda/daily/2013-08-02.json,pinned_report_and_event_name,184 k,195 k,162 k,parsed,scalar,184,,184000,,count,1000,,parsed,scalar,195,,195000,,count,1000,,parsed,scalar,162,,162000,,count,1000,
1685,PCE,2013-08-02T07:30:00-05:00,BEA,bea:pce:20130802T123000Z:june-2013,June 2013,3,exact,2013-08-02,08:30:00,America/New_York,https://www.bea.gov/news/2013/personal-income-and-outlays-june-2013,OANDA,694,38573,Personal Consumption Expenditures,June,2,1375446600,2013-08-02 14:30,EconomicCalendar/raw/oanda/daily/2013-08-02.json,pinned_report_and_event_name,"0,5% m/m","0,3% m/m","0,5% m/m",parsed,scalar,0.5,,0.5,,percent,1,m/m,parsed,scalar,0.3,,0.3,,percent,1,m/m,parsed,scalar,0.5,,0.5,,percent,1,m/m
2351,RETAIL_SALES,2013-08-13T07:30:00-05:00,CENSUS,census:retail-sales-2013-07,July 2013,3,exact,2013-08-13,08:30:00,America/New_York,https://www2.census.gov/retail/releases/historical/marts/adv1307.pdf,OANDA,696,39210,Retail Sales,July,3,1376397000,2013-08-13 14:30,EconomicCalendar/raw/oanda/daily/2013-08-13.json,pinned_report_and_event_name,"0,4% m/m","0,4% m/m","0,2% m/m",parsed,scalar,0.4,,0.4,,percent,1,m/m,parsed,scalar,0.4,,0.4,,percent,1,m/m,parsed,scalar,0.2,,0.2,,percent,1,m/m
179,PPI,2013-08-14T07:30:00-05:00,BLS,bls:ppi:20130814T123000Z:july-2013,July 2013,3,exact,2013-08-14,08:30:00,America/New_York,https://www.bls.gov/schedule/2013/home.htm,OANDA,703,38963,Producer Price Index,July,2,1376483400,2013-08-14 14:30,EconomicCalendar/raw/oanda/daily/2013-08-14.json,pinned_report_and_event_name,"0,3% m/m","0,8% m/m","0,0% m/m",parsed,scalar,0.3,,0.3,,percent,1,m/m,parsed,scalar,0.8,,0.8,,percent,1,m/m,parsed,scalar,0.0,,0.0,,percent,1,m/m
180,CPI,2013-08-15T07:30:00-05:00,BLS,bls:cpi:20130815T123000Z:july-2013,July 2013,3,exact,2013-08-15,08:30:00,America/New_York,https://www.bls.gov/schedule/2013/home.htm,OANDA,699,38924,Consumer Price Index,July,3,1376569800,2013-08-15 14:30,EconomicCalendar/raw/oanda/daily/2013-08-15.json,pinned_report_and_event_name,"0,2% m/m","0,5% m/m","0,2% m/m",parsed,scalar,0.2,,0.2,,percent,1,m/m,parsed,scalar,0.5,,0.5,,percent,1,m/m,parsed,scalar,0.2,,0.2,,percent,1,m/m
2352,DURABLE_GOODS,2013-08-26T07:30:00-05:00,CENSUS,census:durable-goods-2013-07,July 2013,3,exact,2013-08-26,08:30:00,America/New_York,https://www.census.gov/manufacturing/m3/historical_data/pressreleases/adv/2013/jul13adv.pdf,OANDA,59,39344,Durable Goods Orders - pre..,July,3,1377520200,2013-08-26 14:30,EconomicCalendar/raw/oanda/daily/2013-08-26.json,pinned_report_and_event_name,"-4,0% m/m","3,9% m/m","-7,3% m/m",parsed,scalar,-4.0,,-4.0,,percent,1,m/m,parsed,scalar,3.9,,3.9,,percent,1,m/m,parsed,scalar,-7.3,,-7.3,,percent,1,m/m
1686,GDP,2013-08-29T07:30:00-05:00,BEA,bea:gdp:20130829T123000Z:q2-2013-second,Q2 2013 Second,3,exact,2013-08-29,08:30:00,America/New_York,https://www.bea.gov/news/2013/gross-domestic-product-2nd-quarter-2013-second-estimate-corporate-profits-2nd-quarter,OANDA,690,36928,GDP (Annualized) - rev..,2Q,3,1377779400,2013-08-29 14:30,EconomicCalendar/raw/oanda/daily/2013-08-29.json,pinned_report_and_event_name,"1,7%","1,1%","2,5%",parsed,scalar,1.7,,1.7,,percent,1,,parsed,scalar,1.1,,1.1,,percent,1,,parsed,scalar,2.5,,2.5,,percent,1,
1687,PCE,2013-08-30T07:30:00-05:00,BEA,bea:pce:20130830T123000Z:july-2013,July 2013,3,exact,2013-08-30,08:30:00,America/New_York,https://www.bea.gov/news/2013/personal-income-and-outlays-july-2013,OANDA,694,38577,Personal Consumption Expenditures,July,2,1377865800,2013-08-30 14:30,EconomicCalendar/raw/oanda/daily/2013-08-30.json,pinned_report_and_event_name,"0,2% m/m","0,5% m/m","0,1% m/m",parsed,scalar,0.2,,0.2,,percent,1,m/m,parsed,scalar,0.5,,0.5,,percent,1,m/m,parsed,scalar,0.1,,0.1,,percent,1,m/m
181,EMPLOYMENT,2013-09-06T07:30:00-05:00,BLS,bls:employment:20130906T123000Z:august-2013,August 2013,3,exact,2013-09-06,08:30:00,America/New_York,https://www.bls.gov/schedule/2013/home.htm,OANDA,707,39006,Non-Farm Employment Change,August,3,1378470600,2013-09-06 14:30,EconomicCalendar/raw/oanda/daily/2013-09-06.json,pinned_report_and_event_name,180 k,162 k,169 k,parsed,scalar,180,,180000,,count,1000,,parsed,scalar,162,,162000,,count,1000,,parsed,scalar,169,,169000,,count,1000,
183,PPI,2013-09-13T07:30:00-05:00,BLS,bls:ppi:20130913T123000Z:august-2013,August 2013,3,exact,2013-09-13,08:30:00,America/New_York,https://www.bls.gov/schedule/2013/home.htm,OANDA,703,38968,Producer Price Index,August,2,1379075400,2013-09-13 14:30,EconomicCalendar/raw/oanda/daily/2013-09-13.json,pinned_report_and_event_name,"0,2% m/m","0,0% m/m","0,3% m/m",parsed,scalar,0.2,,0.2,,percent,1,m/m,parsed,scalar,0.0,,0.0,,percent,1,m/m,parsed,scalar,0.3,,0.3,,percent,1,m/m
2353,RETAIL_SALES,2013-09-13T07:30:00-05:00,CENSUS,census:retail-sales-2013-08,August 2013,3,exact,2013-09-13,08:30:00,America/New_York,https://www2.census.gov/retail/releases/historical/marts/adv1308.pdf,OANDA,696,39213,Retail Sales,August,3,1379075400,2013-09-13 14:30,EconomicCalendar/raw/oanda/daily/2013-09-13.json,pinned_report_and_event_name,"0,4% m/m","0,2% m/m","0,2% m/m",parsed,scalar,0.4,,0.4,,percent,1,m/m,parsed,scalar,0.2,,0.2,,percent,1,m/m,parsed,scalar,0.2,,0.2,,percent,1,m/m
184,CPI,2013-09-17T07:30:00-05:00,BLS,bls:cpi:20130917T123000Z:august-2013,August 2013,3,exact,2013-09-17,08:30:00,America/New_York,https://www.bls.gov/schedule/2013/home.htm,OANDA,699,38929,Consumer Price Index,August,3,1379421000,2013-09-17 14:30,EconomicCalendar/raw/oanda/daily/2013-09-17.json,pinned_report_and_event_name,"0,2% m/m","0,2% m/m","0,1% m/m",parsed,scalar,0.2,,0.2,,percent,1,m/m,parsed,scalar,0.2,,0.2,,percent,1,m/m,parsed,scalar,0.1,,0.1,,percent,1,m/m
2159,FOMC,2013-09-18T13:00:00-05:00,FEDERAL_RESERVE,federal_reserve:fomc:20130918T180000Z,FOMC 2013-09-18,3,exact,2013-09-18,14:00:00,America/New_York,https://www.federalreserve.gov/newsevents/pressreleases/monetary20130918a.htm,OANDA,82,7016,FOMC Interest Rate Decision,September,3,1379527200,2013-09-18 20:00,EconomicCalendar/raw/oanda/daily/2013-09-18.json,pinned_report_and_event_name,"0-0,25%","0-0,25%","0-0,25%",parsed,range,0,0.25,0,0.25,percent,1,,parsed,range,0,0.25,0,0.25,percent,1,,parsed,range,0,0.25,0,0.25,percent,1,
2354,DURABLE_GOODS,2013-09-25T07:30:00-05:00,CENSUS,census:durable-goods-2013-08,August 2013,3,exact,2013-09-25,08:30:00,America/New_York,https://www.census.gov/manufacturing/m3/historical_data/pressreleases/adv/2013/aug13adv.pdf,OANDA,59,39345,Durable Goods Orders - pre..,August,3,1380112200,2013-09-25 14:30,EconomicCalendar/raw/oanda/daily/2013-09-25.json,pinned_report_and_event_name,"0,0% m/m","-7,4% m/m","0,1% m/m",parsed,scalar,0.0,,0.0,,percent,1,m/m,parsed,scalar,-7.4,,-7.4,,percent,1,m/m,parsed,scalar,0.1,,0.1,,percent,1,m/m
1688,GDP,2013-09-26T07:30:00-05:00,BEA,bea:gdp:20130926T123000Z:q2-2013-third,Q2 2013 Third,3,exact,2013-09-26,08:30:00,America/New_York,https://www.bea.gov/news/2013/gross-domestic-product-2nd-quarter-2013-third-estimate-corporate-profits-2nd-quarter-2013,OANDA,690,37441,GDP (Annualized) - fin..,2Q,3,1380198600,2013-09-26 14:30,EconomicCalendar/raw/oanda/daily/2013-09-26.json,pinned_report_and_event_name,"2,5%","1,1%","2,5%",parsed,scalar,2.5,,2.5,,percent,1,,parsed,scalar,1.1,,1.1,,percent,1,,parsed,scalar,2.5,,2.5,,percent,1,
1689,PCE,2013-09-27T07:30:00-05:00,BEA,bea:pce:20130927T123000Z:august-2013,August 2013,3,exact,2013-09-27,08:30:00,America/New_York,https://www.bea.gov/news/2013/personal-income-and-outlays-august-2013,OANDA,694,38581,Personal Consumption Expenditures,August,2,1380285000,2013-09-27 14:30,EconomicCalendar/raw/oanda/daily/2013-09-27.json,pinned_report_and_event_name,"0,3% m/m","0,1% m/m","0,3% m/m",parsed,scalar,0.3,,0.3,,percent,1,m/m,parsed,scalar,0.1,,0.1,,percent,1,m/m,parsed,scalar,0.3,,0.3,,percent,1,m/m
185,EMPLOYMENT,2013-10-22T07:30:00-05:00,BLS,bls:employment:20131022T123000Z:september-2013,September 2013,3,exact,2013-10-22,08:30:00,America/New_York,https://www.bls.gov/schedule/2013/home.htm,OANDA,707,41702,Non-Farm Employment Change,September,3,1382445000,2013-10-22 14:30,EconomicCalendar/raw/oanda/daily/2013-10-22.json,pinned_report_and_event_name,180 k,169 k,148 k,parsed,scalar,180,,180000,,count,1000,,parsed,scalar,169,,169000,,count,1000,,parsed,scalar,148,,148000,,count,1000,
2355,DURABLE_GOODS,2013-10-25T07:30:00-05:00,CENSUS,census:durable-goods-2013-09,September 2013,3,exact,2013-10-25,08:30:00,America/New_York,https://www.census.gov/manufacturing/m3/historical_data/pressreleases/adv/2013/sep13adv.pdf,OANDA,59,39346,Durable Goods Orders - pre..,September,3,1382704200,2013-10-25 14:30,EconomicCalendar/raw/oanda/daily/2013-10-25.json,pinned_report_and_event_name,"1,9% m/m","0,2% m/m","3,7% m/m",parsed,scalar,1.9,,1.9,,percent,1,m/m,parsed,scalar,0.2,,0.2,,percent,1,m/m,parsed,scalar,3.7,,3.7,,percent,1,m/m
187,PPI,2013-10-29T07:30:00-05:00,BLS,bls:ppi:20131029T123000Z:september-2013,September 2013,3,exact,2013-10-29,08:30:00,America/New_York,https://www.bls.gov/schedule/2013/home.htm,OANDA,703,41707,Producer Price Index,September,2,1383049800,2013-10-29 13:30,EconomicCalendar/raw/oanda/daily/2013-10-29.json,pinned_report_and_event_name,"0,2% m/m","0,3% m/m","-0,1% m/m",parsed,scalar,0.2,,0.2,,percent,1,m/m,parsed,scalar,0.3,,0.3,,percent,1,m/m,parsed,scalar,-0.1,,-0.1,,percent,1,m/m
2356,RETAIL_SALES,2013-10-29T07:30:00-05:00,CENSUS,census:retail-sales-2013-09,September 2013,3,exact,2013-10-29,08:30:00,America/New_York,https://www2.census.gov/retail/releases/historical/marts/adv1309.pdf,OANDA,696,41745,Retail Sales,September,3,1383049800,2013-10-29 13:30,EconomicCalendar/raw/oanda/daily/2013-10-29.json,pinned_report_and_event_name,"0,1% m/m","0,2% m/m","-0,1% m/m",parsed,scalar,0.1,,0.1,,percent,1,m/m,parsed,scalar,0.2,,0.2,,percent,1,m/m,parsed,scalar,-0.1,,-0.1,,percent,1,m/m
188,CPI,2013-10-30T07:30:00-05:00,BLS,bls:cpi:20131030T123000Z:september-2013,September 2013,3,exact,2013-10-30,08:30:00,America/New_York,https://www.bls.gov/schedule/2013/home.htm,OANDA,699,41714,Consumer Price Index,September,3,1383136200,2013-10-30 13:30,EconomicCalendar/raw/oanda/daily/2013-10-30.json,pinned_report_and_event_name,"0,2% m/m","0,1% m/m","0,2% m/m",parsed,scalar,0.2,,0.2,,percent,1,m/m,parsed,scalar,0.1,,0.1,,percent,1,m/m,parsed,scalar,0.2,,0.2,,percent,1,m/m
2160,FOMC,2013-10-30T13:00:00-05:00,FEDERAL_RESERVE,federal_reserve:fomc:20131030T180000Z,FOMC 2013-10-30,3,exact,2013-10-30,14:00:00,America/New_York,https://www.federalreserve.gov/newsevents/pressreleases/monetary20131030a.htm,OANDA,82,7022,FOMC Interest Rate Decision,October,3,1383156000,2013-10-30 19:00,EconomicCalendar/raw/oanda/daily/2013-10-30.json,pinned_report_and_event_name,"0-0,25%","0-0,25%","0-0,25%",parsed,range,0,0.25,0,0.25,percent,1,,parsed,range,0,0.25,0,0.25,percent,1,,parsed,range,0,0.25,0,0.25,percent,1,
1690,GDP,2013-11-07T07:30:00-06:00,BEA,bea:gdp:20131107T133000Z:q3-2013-advance,Q3 2013 Advance,3,exact,2013-11-07,08:30:00,America/New_York,https://www.bea.gov/news/2013/gross-domestic-product-3rd-quarter-2013-advance-estimate,OANDA,690,41779,GDP (Annualized) - pre..,3Q,3,1383831000,2013-11-07 14:30,EconomicCalendar/raw/oanda/daily/2013-11-07.json,pinned_report_and_event_name,"1,9%","2,5%","2,8%",parsed,scalar,1.9,,1.9,,percent,1,,parsed,scalar,2.5,,2.5,,percent,1,,parsed,scalar,2.8,,2.8,,percent,1,
189,EMPLOYMENT,2013-11-08T07:30:00-06:00,BLS,bls:employment:20131108T133000Z:october-2013,October 2013,3,exact,2013-11-08,08:30:00,America/New_York,https://www.bls.gov/schedule/2013/home.htm,OANDA,707,41718,Non-Farm Employment Change,October,3,1383917400,2013-11-08 14:30,EconomicCalendar/raw/oanda/daily/2013-11-08.json,pinned_report_and_event_name,125 k,148 k,204 k,parsed,scalar,125,,125000,,count,1000,,parsed,scalar,148,,148000,,count,1000,,parsed,scalar,204,,204000,,count,1000,
1691,PCE,2013-11-08T07:30:00-06:00,BEA,bea:pce:20131108T133000Z:september-2013,September 2013,3,exact,2013-11-08,08:30:00,America/New_York,https://www.bea.gov/news/2013/personal-income-and-outlays-september-2013,OANDA,694,41787,Personal Consumption Expenditures,September,2,1383917400,2013-11-08 14:30,EconomicCalendar/raw/oanda/daily/2013-11-08.json,pinned_report_and_event_name,"0,2% m/m","0,3% m/m","0,2% m/m",parsed,scalar,0.2,,0.2,,percent,1,m/m,parsed,scalar,0.3,,0.3,,percent,1,m/m,parsed,scalar,0.2,,0.2,,percent,1,m/m
190,CPI,2013-11-20T07:30:00-06:00,BLS,bls:cpi:20131120T133000Z:october-2013,October 2013,3,exact,2013-11-20,08:30:00,America/New_York,https://www.bls.gov/schedule/2013/home.htm,OANDA,699,41797,Consumer Price Index,October,3,1384954200,2013-11-20 14:30,EconomicCalendar/raw/oanda/daily/2013-11-20.json,pinned_report_and_event_name,"0,0% m/m","0,2% m/m","-0,1% m/m",parsed,scalar,0.0,,0.0,,percent,1,m/m,parsed,scalar,0.2,,0.2,,percent,1,m/m,parsed,scalar,-0.1,,-0.1,,percent,1,m/m
2357,RETAIL_SALES,2013-11-20T07:30:00-06:00,CENSUS,census:retail-sales-2013-10,October 2013,3,exact,2013-11-20,08:30:00,America/New_York,https://www2.census.gov/retail/releases/historical/marts/adv1310.pdf,OANDA,696,41750,Retail Sales,October,3,1384954200,2013-11-20 14:30,EconomicCalendar/raw/oanda/daily/2013-11-20.json,pinned_report_and_event_name,"0,1% m/m","-0,1% m/m","0,4% m/m",parsed,scalar,0.1,,0.1,,percent,1,m/m,parsed,scalar,-0.1,,-0.1,,percent,1,m/m,parsed,scalar,0.4,,0.4,,percent,1,m/m
191,PPI,2013-11-21T07:30:00-06:00,BLS,bls:ppi:20131121T133000Z:october-2013,October 2013,3,exact,2013-11-21,08:30:00,America/New_York,https://www.bls.gov/schedule/2013/home.htm,OANDA,703,41790,Producer Price Index,October,2,1385040600,2013-11-21 14:30,EconomicCalendar/raw/oanda/daily/2013-11-21.json,pinned_report_and_event_name,"-0,2% m/m","-0,1% m/m","-0,2% m/m",parsed,scalar,-0.2,,-0.2,,percent,1,m/m,parsed,scalar,-0.1,,-0.1,,percent,1,m/m,parsed,scalar,-0.2,,-0.2,,percent,1,m/m
2358,DURABLE_GOODS,2013-11-27T07:30:00-06:00,CENSUS,census:durable-goods-2013-10,October 2013,3,exact,2013-11-27,08:30:00,America/New_York,https://www.census.gov/manufacturing/m3/historical_data/pressreleases/adv/2013/oct13adv.pdf,OANDA,59,39347,Durable Goods Orders - pre..,October,3,1385559000,2013-11-27 14:30,EconomicCalendar/raw/oanda/daily/2013-11-27.json,pinned_report_and_event_name,"-1,9% m/m","3,8% m/m","-2,0% m/m",parsed,scalar,-1.9,,-1.9,,percent,1,m/m,parsed,scalar,3.8,,3.8,,percent,1,m/m,parsed,scalar,-2.0,,-2.0,,percent,1,m/m
1692,GDP,2013-12-05T07:30:00-06:00,BEA,bea:gdp:20131205T133000Z:q3-2013-second,Q3 2013 Second,3,exact,2013-12-05,08:30:00,America/New_York,https://www.bea.gov/news/2013/gross-domestic-product-3rd-quarter-2013-second-estimate-corporate-profits-3rd-quarter,OANDA,690,41803,GDP (Annualized) - rev..,3Q,3,1386250200,2013-12-05 14:30,EconomicCalendar/raw/oanda/daily/2013-12-05.json,pinned_report_and_event_name,"2,9%","2,5%","3,6%",parsed,scalar,2.9,,2.9,,percent,1,,parsed,scalar,2.5,,2.5,,percent,1,,parsed,scalar,3.6,,3.6,,percent,1,
193,EMPLOYMENT,2013-12-06T07:30:00-06:00,BLS,bls:employment:20131206T133000Z:november-2013,November 2013,3,exact,2013-12-06,08:30:00,America/New_York,https://www.bls.gov/schedule/2013/home.htm,OANDA,707,39024,Non-Farm Employment Change,November,3,1386336600,2013-12-06 14:30,EconomicCalendar/raw/oanda/daily/2013-12-06.json,pinned_report_and_event_name,180 k,204 k,203 k,parsed,scalar,180,,180000,,count,1000,,parsed,scalar,204,,204000,,count,1000,,parsed,scalar,203,,203000,,count,1000,
1693,PCE,2013-12-06T07:30:00-06:00,BEA,bea:pce:20131206T133000Z:october-2013,October 2013,3,exact,2013-12-06,08:30:00,America/New_York,https://www.bea.gov/news/2013/personal-income-and-outlays-october-2013,OANDA,694,41807,Personal Consumption Expenditures,October,2,1386336600,2013-12-06 14:30,EconomicCalendar/raw/oanda/daily/2013-12-06.json,pinned_report_and_event_name,"0,2% m/m","0,2% m/m","0,3% m/m",parsed,scalar,0.2,,0.2,,percent,1,m/m,parsed,scalar,0.2,,0.2,,percent,1,m/m,parsed,scalar,0.3,,0.3,,percent,1,m/m
2359,RETAIL_SALES,2013-12-12T07:30:00-06:00,CENSUS,census:retail-sales-2013-11,November 2013,3,exact,2013-12-12,08:30:00,America/New_York,https://www2.census.gov/retail/releases/historical/marts/adv1311.pdf,OANDA,696,39222,Retail Sales,November,3,1386855000,2013-12-12 14:30,EconomicCalendar/raw/oanda/daily/2013-12-12.json,pinned_report_and_event_name,"0,6% m/m","0,4% m/m","0,7% m/m",parsed,scalar,0.6,,0.6,,percent,1,m/m,parsed,scalar,0.4,,0.4,,percent,1,m/m,parsed,scalar,0.7,,0.7,,percent,1,m/m
195,PPI,2013-12-13T07:30:00-06:00,BLS,bls:ppi:20131213T133000Z:november-2013,November 2013,3,exact,2013-12-13,08:30:00,America/New_York,https://www.bls.gov/schedule/2013/home.htm,OANDA,703,38983,Producer Price Index,November,2,1386941400,2013-12-13 14:30,EconomicCalendar/raw/oanda/daily/2013-12-13.json,pinned_report_and_event_name,,"-0,2% m/m","-0,1% m/m",missing,,,,,,,,,parsed,scalar,-0.2,,-0.2,,percent,1,m/m,parsed,scalar,-0.1,,-0.1,,percent,1,m/m
196,CPI,2013-12-17T07:30:00-06:00,BLS,bls:cpi:20131217T133000Z:november-2013,November 2013,3,exact,2013-12-17,08:30:00,America/New_York,https://www.bls.gov/schedule/2013/home.htm,OANDA,699,38944,Consumer Price Index,November,3,1387287000,2013-12-17 14:30,EconomicCalendar/raw/oanda/daily/2013-12-17.json,pinned_report_and_event_name,"0,1% m/m","-0,1% m/m","0,0% m/m",parsed,scalar,0.1,,0.1,,percent,1,m/m,parsed,scalar,-0.1,,-0.1,,percent,1,m/m,parsed,scalar,0.0,,0.0,,percent,1,m/m
2161,FOMC,2013-12-18T13:00:00-06:00,FEDERAL_RESERVE,federal_reserve:fomc:20131218T190000Z,FOMC 2013-12-18,3,exact,2013-12-18,14:00:00,America/New_York,https://www.federalreserve.gov/newsevents/pressreleases/monetary20131218a.htm,OANDA,82,7033,FOMC Interest Rate Decision,December,3,1387393200,2013-12-18 20:00,EconomicCalendar/raw/oanda/daily/2013-12-18.json,pinned_report_and_event_name,"0-0,25%","0-0,25%","0-0,25%",parsed,range,0,0.25,0,0.25,percent,1,,parsed,range,0,0.25,0,0.25,percent,1,,parsed,range,0,0.25,0,0.25,percent,1,
1694,GDP,2013-12-20T07:30:00-06:00,BEA,bea:gdp:20131220T133000Z:q3-2013-third,Q3 2013 Third,3,exact,2013-12-20,08:30:00,America/New_York,https://www.bea.gov/news/2013/gross-domestic-product-3rd-quarter-2013-third-estimate-corporate-profits-3rd-quarter-2013,OANDA,690,40780,GDP (Annualized) - fin..,3Q,3,1387546200,2013-12-20 14:30,EconomicCalendar/raw/oanda/daily/2013-12-20.json,pinned_report_and_event_name,"3,6%","2,5%","4,1%",parsed,scalar,3.6,,3.6,,percent,1,,parsed,scalar,2.5,,2.5,,percent,1,,parsed,scalar,4.1,,4.1,,percent,1,
1695,PCE,2013-12-23T07:30:00-06:00,BEA,bea:pce:20131223T133000Z:november-2013,November 2013,3,exact,2013-12-23,08:30:00,America/New_York,https://www.bea.gov/news/2013/personal-income-and-outlays-november-2013,OANDA,694,38593,Personal Consumption Expenditures,November,2,1387805400,2013-12-23 14:30,EconomicCalendar/raw/oanda/daily/2013-12-23.json,pinned_report_and_event_name,"0,5% m/m","0,3% m/m","0,5% m/m",parsed,scalar,0.5,,0.5,,percent,1,m/m,parsed,scalar,0.3,,0.3,,percent,1,m/m,parsed,scalar,0.5,,0.5,,percent,1,m/m
2360,DURABLE_GOODS,2013-12-24T07:30:00-06:00,CENSUS,census:durable-goods-2013-11,November 2013,3,exact,2013-12-24,08:30:00,America/New_York,https://www.census.gov/manufacturing/m3/historical_data/pressreleases/adv/2013/nov13adv.pdf,OANDA,59,39348,Durable Goods Orders - pre..,November,3,1387891800,2013-12-24 14:30,EconomicCalendar/raw/oanda/daily/2013-12-24.json,pinned_report_and_event_name,2% m/m,"-1,6% m/m","3,5% m/m",parsed,scalar,2,,2,,percent,1,m/m,parsed,scalar,-1.6,,-1.6,,percent,1,m/m,parsed,scalar,3.5,,3.5,,percent,1,m/m
197,EMPLOYMENT,2014-01-10T07:30:00-06:00,BLS,bls:employment:20140110T133000Z:december-2013,December 2013,3,exact,2014-01-10,08:30:00,America/New_York,https://www.bls.gov/schedule/2014/home.htm,OANDA,707,43590,Non-Farm Employment Change,December,3,1389360600,2014-01-10 14:30,EconomicCalendar/raw/oanda/daily/2014-01-10.json,pinned_report_and_event_name,196 k,203 k,74 k,parsed,scalar,196,,196000,,count,1000,,parsed,scalar,203,,203000,,count,1000,,parsed,scalar,74,,74000,,count,1000,
2361,RETAIL_SALES,2014-01-14T07:30:00-06:00,CENSUS,census:retail-sales-2013-12,December 2013,3,exact,2014-01-14,08:30:00,America/New_York,https://www2.census.gov/retail/releases/historical/marts/adv1312.pdf,OANDA,696,45333,Retail Sales,December,3,1389706200,2014-01-14 14:30,EconomicCalendar/raw/oanda/daily/2014-01-14.json,pinned_report_and_event_name,"0,1% m/m","0,7% m/m","0,2% m/m",parsed,scalar,0.1,,0.1,,percent,1,m/m,parsed,scalar,0.7,,0.7,,percent,1,m/m,parsed,scalar,0.2,,0.2,,percent,1,m/m
198,PPI,2014-01-15T07:30:00-06:00,BLS,bls:ppi:20140115T133000Z:december-2013,December 2013,3,exact,2014-01-15,08:30:00,America/New_York,https://www.bls.gov/schedule/2014/home.htm,OANDA,703,43459,Producer Price Index,December,2,1389792600,2014-01-15 14:30,EconomicCalendar/raw/oanda/daily/2014-01-15.json,pinned_report_and_event_name,"0,4% m/m","-0,1% m/m","0,4% m/m",parsed,scalar,0.4,,0.4,,percent,1,m/m,parsed,scalar,-0.1,,-0.1,,percent,1,m/m,parsed,scalar,0.4,,0.4,,percent,1,m/m
199,CPI,2014-01-16T07:30:00-06:00,BLS,bls:cpi:20140116T133000Z:december-2013,December 2013,3,exact,2014-01-16,08:30:00,America/New_York,https://www.bls.gov/schedule/2014/home.htm,OANDA,699,43401,Consumer Price Index,December,3,1389879000,2014-01-16 14:30,EconomicCalendar/raw/oanda/daily/2014-01-16.json,pinned_report_and_event_name,"0,3% m/m","0,0% m/m","0,3% m/m",parsed,scalar,0.3,,0.3,,percent,1,m/m,parsed,scalar,0.0,,0.0,,percent,1,m/m,parsed,scalar,0.3,,0.3,,percent,1,m/m
2362,DURABLE_GOODS,2014-01-28T07:30:00-06:00,CENSUS,census:durable-goods-2013-12,December 2013,3,exact,2014-01-28,08:30:00,America/New_York,https://www.census.gov/manufacturing/m3/historical_data/pressreleases/adv/2013/dec13adv.pdf,OANDA,59,45392,Durable Goods Orders - pre..,December,3,1390915800,2014-01-28 14:30,EconomicCalendar/raw/oanda/daily/2014-01-28.json,pinned_report_and_event_name,"1,8% m/m","3,4% m/m","-4,3% m/m",parsed,scalar,1.8,,1.8,,percent,1,m/m,parsed,scalar,3.4,,3.4,,percent,1,m/m,parsed,scalar,-4.3,,-4.3,,percent,1,m/m
2162,FOMC,2014-01-29T13:00:00-06:00,FEDERAL_RESERVE,federal_reserve:fomc:20140129T190000Z,FOMC 2014-01-29,3,exact,2014-01-29,14:00:00,America/New_York,https://www.federalreserve.gov/newsevents/pressreleases/monetary20140129a.htm,OANDA,82,43194,FOMC Interest Rate Decision,January,3,1391022000,2014-01-29 20:00,EconomicCalendar/raw/oanda/daily/2014-01-29.json,pinned_report_and_event_name,"0-0,25%","0-0,25%","0-0,25%",parsed,range,0,0.25,0,0.25,percent,1,,parsed,range,0,0.25,0,0.25,percent,1,,parsed,range,0,0.25,0,0.25,percent,1,
1696,GDP,2014-01-30T07:30:00-06:00,BEA,bea:gdp:20140130T133000Z:q4-2013-advance,Q4 2013 Advance,3,exact,2014-01-30,08:30:00,America/New_York,https://www.bea.gov/news/2014/gross-domestic-product-4th-quarter-and-annual-2013-advance-estimate,OANDA,690,43541,GDP (Annualized) - pre..,4Q,3,1391088600,2014-01-30 14:30,EconomicCalendar/raw/oanda/daily/2014-01-30.json,pinned_report_and_event_name,"3,2%","4,1%","3,2%",parsed,scalar,3.2,,3.2,,percent,1,,parsed,scalar,4.1,,4.1,,percent,1,,parsed,scalar,3.2,,3.2,,percent,1,
1697,PCE,2014-01-31T07:30:00-06:00,BEA,bea:pce:20140131T133000Z:december-2013,December 2013,3,exact,2014-01-31,08:30:00,America/New_York,https://www.bea.gov/news/2014/personal-income-and-outlays-december-2013,OANDA,694,43204,Personal Consumption Expenditures,December,2,1391175000,2014-01-31 14:30,EconomicCalendar/raw/oanda/daily/2014-01-31.json,pinned_report_and_event_name,"0,2% m/m","0,5% m/m","0,4% m/m",parsed,scalar,0.2,,0.2,,percent,1,m/m,parsed,scalar,0.5,,0.5,,percent,1,m/m,parsed,scalar,0.4,,0.4,,percent,1,m/m
201,EMPLOYMENT,2014-02-07T07:30:00-06:00,BLS,bls:employment:20140207T133000Z:january-2014,January 2014,3,exact,2014-02-07,08:30:00,America/New_York,https://www.bls.gov/schedule/2014/home.htm,OANDA,707,43596,Non-Farm Employment Change,January,3,1391779800,2014-02-07 14:30,EconomicCalendar/raw/oanda/daily/2014-02-07.json,pinned_report_and_event_name,184 k,74 k,113 k,parsed,scalar,184,,184000,,count,1000,,parsed,scalar,74,,74000,,count,1000,,parsed,scalar,113,,113000,,count,1000,
2363,RETAIL_SALES,2014-02-13T07:30:00-06:00,CENSUS,census:retail-sales-2014-01,January 2014,3,exact,2014-02-13,08:30:00,America/New_York,https://www2.census.gov/retail/releases/historical/marts/adv1401.pdf,OANDA,696,45336,Retail Sales,January,3,1392298200,2014-02-13 14:30,EconomicCalendar/raw/oanda/daily/2014-02-13.json,pinned_report_and_event_name,"0,0% m/m","0,2% m/m","-0,4% m/m",parsed,scalar,0.0,,0.0,,percent,1,m/m,parsed,scalar,0.2,,0.2,,percent,1,m/m,parsed,scalar,-0.4,,-0.4,,percent,1,m/m
203,PPI,2014-02-19T07:30:00-06:00,BLS,bls:ppi:20140219T133000Z:january-2014,January 2014,3,exact,2014-02-19,08:30:00,America/New_York,https://www.bls.gov/schedule/2014/home.htm,OANDA,703,43464,Producer Price Index,January,2,1392816600,2014-02-19 14:30,EconomicCalendar/raw/oanda/daily/2014-02-19.json,pinned_report_and_event_name,"0,1% m/m","0,4% m/m","0,2% m/m",parsed,scalar,0.1,,0.1,,percent,1,m/m,parsed,scalar,0.4,,0.4,,percent,1,m/m,parsed,scalar,0.2,,0.2,,percent,1,m/m
204,CPI,2014-02-20T07:30:00-06:00,BLS,bls:cpi:20140220T133000Z:january-2014,January 2014,3,exact,2014-02-20,08:30:00,America/New_York,https://www.bls.gov/schedule/2014/home.htm,OANDA,699,43406,Consumer Price Index,January,3,1392903000,2014-02-20 14:30,EconomicCalendar/raw/oanda/daily/2014-02-20.json,pinned_report_and_event_name,"0,1% m/m","0,3% m/m","0,1% m/m",parsed,scalar,0.1,,0.1,,percent,1,m/m,parsed,scalar,0.3,,0.3,,percent,1,m/m,parsed,scalar,0.1,,0.1,,percent,1,m/m
2364,DURABLE_GOODS,2014-02-27T07:30:00-06:00,CENSUS,census:durable-goods-2014-01,January 2014,3,exact,2014-02-27,08:30:00,America/New_York,https://www.census.gov/manufacturing/m3/historical_data/pressreleases/adv/2014/jan14adv.pdf,OANDA,59,45394,Durable Goods Orders - pre..,January,3,1393507800,2014-02-27 14:30,EconomicCalendar/raw/oanda/daily/2014-02-27.json,pinned_report_and_event_name,-1% m/m,"-4,2% m/m",-1% m/m,parsed,scalar,-1,,-1,,percent,1,m/m,parsed,scalar,-4.2,,-4.2,,percent,1,m/m,parsed,scalar,-1,,-1,,percent,1,m/m
1698,GDP,2014-02-28T07:30:00-06:00,BEA,bea:gdp:20140228T133000Z:q4-2013-second,Q4 2013 Second,3,exact,2014-02-28,08:30:00,America/New_York,https://www.bea.gov/news/2014/gross-domestic-product-4th-quarter-and-annual-2013-second-estimate,OANDA,690,43545,GDP (Annualized) - rev..,4Q,3,1393594200,2014-02-28 14:30,EconomicCalendar/raw/oanda/daily/2014-02-28.json,pinned_report_and_event_name,"3,2%","4,1%","2,4%",parsed,scalar,3.2,,3.2,,percent,1,,parsed,scalar,4.1,,4.1,,percent,1,,parsed,scalar,2.4,,2.4,,percent,1,
1699,PCE,2014-03-03T07:30:00-06:00,BEA,bea:pce:20140303T133000Z:january-2014,January 2014,3,exact,2014-03-03,08:30:00,America/New_York,https://www.bea.gov/news/2014/personal-income-and-outlays-january-2014,OANDA,694,43208,Personal Consumption Expenditures,January,2,1393853400,2014-03-03 14:30,EconomicCalendar/raw/oanda/daily/2014-03-03.json,pinned_report_and_event_name,"0,1% m/m","0,4% m/m","0,4% m/m",parsed,scalar,0.1,,0.1,,percent,1,m/m,parsed,scalar,0.4,,0.4,,percent,1,m/m,parsed,scalar,0.4,,0.4,,percent,1,m/m
205,EMPLOYMENT,2014-03-07T07:30:00-06:00,BLS,bls:employment:20140307T133000Z:february-2014,February 2014,3,exact,2014-03-07,08:30:00,America/New_York,https://www.bls.gov/schedule/2014/home.htm,OANDA,707,43602,Non-Farm Employment Change,February,3,1394199000,2014-03-07 14:30,EconomicCalendar/raw/oanda/daily/2014-03-07.json,pinned_report_and_event_name,150 k,113 k,175 k,parsed,scalar,150,,150000,,count,1000,,parsed,scalar,113,,113000,,count,1000,,parsed,scalar,175,,175000,,count,1000,
2365,RETAIL_SALES,2014-03-13T07:30:00-05:00,CENSUS,census:retail-sales-2014-02,February 2014,3,exact,2014-03-13,08:30:00,America/New_York,https://www2.census.gov/retail/releases/historical/marts/adv1402.pdf,OANDA,696,45339,Retail Sales,February,3,1394713800,2014-03-13 13:30,EconomicCalendar/raw/oanda/daily/2014-03-13.json,pinned_report_and_event_name,"0,2% m/m","-0,4% m/m","0,3% m/m",parsed,scalar,0.2,,0.2,,percent,1,m/m,parsed,scalar,-0.4,,-0.4,,percent,1,m/m,parsed,scalar,0.3,,0.3,,percent,1,m/m
207,PPI,2014-03-14T07:30:00-05:00,BLS,bls:ppi:20140314T123000Z:february-2014,February 2014,3,exact,2014-03-14,08:30:00,America/New_York,https://www.bls.gov/schedule/2014/home.htm,OANDA,703,43469,Producer Price Index,February,2,1394800200,2014-03-14 13:30,EconomicCalendar/raw/oanda/daily/2014-03-14.json,pinned_report_and_event_name,"0,2% m/m","0,2% m/m","-0,1% m/m",parsed,scalar,0.2,,0.2,,percent,1,m/m,parsed,scalar,0.2,,0.2,,percent,1,m/m,parsed,scalar,-0.1,,-0.1,,percent,1,m/m
208,CPI,2014-03-18T07:30:00-05:00,BLS,bls:cpi:20140318T123000Z:february-2014,February 2014,3,exact,2014-03-18,08:30:00,America/New_York,https://www.bls.gov/schedule/2014/home.htm,OANDA,699,43411,Consumer Price Index,February,3,1395145800,2014-03-18 13:30,EconomicCalendar/raw/oanda/daily/2014-03-18.json,pinned_report_and_event_name,"0,1% m/m","0,1% m/m","0,1% m/m",parsed,scalar,0.1,,0.1,,percent,1,m/m,parsed,scalar,0.1,,0.1,,percent,1,m/m,parsed,scalar,0.1,,0.1,,percent,1,m/m
2163,FOMC,2014-03-19T13:00:00-05:00,FEDERAL_RESERVE,federal_reserve:fomc:20140319T180000Z,FOMC 2014-03-19,3,exact,2014-03-19,14:00:00,America/New_York,https://www.federalreserve.gov/newsevents/pressreleases/monetary20140319a.htm,OANDA,82,43195,FOMC Interest Rate Decision,March,3,1395252000,2014-03-19 19:00,EconomicCalendar/raw/oanda/daily/2014-03-19.json,pinned_report_and_event_name,"0-0,25%","0-0,25%","0-0,25%",parsed,range,0,0.25,0,0.25,percent,1,,parsed,range,0,0.25,0,0.25,percent,1,,parsed,range,0,0.25,0,0.25,percent,1,
2366,DURABLE_GOODS,2014-03-26T07:30:00-05:00,CENSUS,census:durable-goods-2014-02,February 2014,3,exact,2014-03-26,08:30:00,America/New_York,https://www.census.gov/manufacturing/m3/historical_data/pressreleases/adv/2014/feb14adv.pdf,OANDA,59,45396,Durable Goods Orders - pre..,February,3,1395837000,2014-03-26 13:30,EconomicCalendar/raw/oanda/daily/2014-03-26.json,pinned_report_and_event_name,"1,0% m/m","-1,0% m/m","2,2% m/m",parsed,scalar,1.0,,1.0,,percent,1,m/m,parsed,scalar,-1.0,,-1.0,,percent,1,m/m,parsed,scalar,2.2,,2.2,,percent,1,m/m
1700,GDP,2014-03-27T07:30:00-05:00,BEA,bea:gdp:20140327T123000Z:q4-2013-third,Q4 2013 Third,3,exact,2014-03-27,08:30:00,America/New_York,https://www.bea.gov/news/2014/gross-domestic-product-4th-quarter-and-annual-2013-third-estimate-corporate-profits-4th,OANDA,690,43549,GDP (Annualized) - fin..,4Q,3,1395923400,2014-03-27 13:30,EconomicCalendar/raw/oanda/daily/2014-03-27.json,pinned_report_and_event_name,"2,7%","4,1%","2,6%",parsed,scalar,2.7,,2.7,,percent,1,,parsed,scalar,4.1,,4.1,,percent,1,,parsed,scalar,2.6,,2.6,,percent,1,
1701,PCE,2014-03-28T07:30:00-05:00,BEA,bea:pce:20140328T123000Z:february-2014,February 2014,3,exact,2014-03-28,08:30:00,America/New_York,https://www.bea.gov/news/2014/personal-income-and-outlays-february-2014,OANDA,694,43212,Personal Consumption Expenditures,February,2,1396009800,2014-03-28 13:30,EconomicCalendar/raw/oanda/daily/2014-03-28.json,pinned_report_and_event_name,"0,3% m/m","0,4% m/m","0,3% m/m",parsed,scalar,0.3,,0.3,,percent,1,m/m,parsed,scalar,0.4,,0.4,,percent,1,m/m,parsed,scalar,0.3,,0.3,,percent,1,m/m
210,EMPLOYMENT,2014-04-04T07:30:00-05:00,BLS,bls:employment:20140404T123000Z:march-2014,March 2014,3,exact,2014-04-04,08:30:00,America/New_York,https://www.bls.gov/schedule/2014/home.htm,OANDA,707,43608,Non-Farm Employment Change,March,3,1396614600,2014-04-04 14:30,EconomicCalendar/raw/oanda/daily/2014-04-04.json,pinned_report_and_event_name,200 k,175 k,192 k,parsed,scalar,200,,200000,,count,1000,,parsed,scalar,175,,175000,,count,1000,,parsed,scalar,192,,192000,,count,1000,
212,PPI,2014-04-11T07:30:00-05:00,BLS,bls:ppi:20140411T123000Z:march-2014,March 2014,3,exact,2014-04-11,08:30:00,America/New_York,https://www.bls.gov/schedule/2014/home.htm,OANDA,703,43474,Producer Price Index,March,2,1397219400,2014-04-11 14:30,EconomicCalendar/raw/oanda/daily/2014-04-11.json,pinned_report_and_event_name,"0,1% m/m","-0,1% m/m","0,5% m/m",parsed,scalar,0.1,,0.1,,percent,1,m/m,parsed,scalar,-0.1,,-0.1,,percent,1,m/m,parsed,scalar,0.5,,0.5,,percent,1,m/m
2367,RETAIL_SALES,2014-04-14T07:30:00-05:00,CENSUS,census:retail-sales-2014-03,March 2014,3,exact,2014-04-14,08:30:00,America/New_York,https://www2.census.gov/retail/releases/historical/marts/adv1403.pdf,OANDA,696,45342,Retail Sales,March,3,1397478600,2014-04-14 14:30,EconomicCalendar/raw/oanda/daily/2014-04-14.json,pinned_report_and_event_name,"0,8% m/m","0,3% m/m","1,1% m/m",parsed,scalar,0.8,,0.8,,percent,1,m/m,parsed,scalar,0.3,,0.3,,percent,1,m/m,parsed,scalar,1.1,,1.1,,percent,1,m/m
213,CPI,2014-04-15T07:30:00-05:00,BLS,bls:cpi:20140415T123000Z:march-2014,March 2014,3,exact,2014-04-15,08:30:00,America/New_York,https://www.bls.gov/schedule/2014/home.htm,OANDA,699,43416,Consumer Price Index,March,3,1397565000,2014-04-15 14:30,EconomicCalendar/raw/oanda/daily/2014-04-15.json,pinned_report_and_event_name,"0,1% m/m","0,1% m/m","0,2% m/m",parsed,scalar,0.1,,0.1,,percent,1,m/m,parsed,scalar,0.1,,0.1,,percent,1,m/m,parsed,scalar,0.2,,0.2,,percent,1,m/m
2368,DURABLE_GOODS,2014-04-24T07:30:00-05:00,CENSUS,census:durable-goods-2014-03,March 2014,3,exact,2014-04-24,08:30:00,America/New_York,https://www.census.gov/manufacturing/m3/historical_data/pressreleases/adv/2014/mar14adv.pdf,OANDA,59,45398,Durable Goods Orders - pre..,March,3,1398342600,2014-04-24 14:30,EconomicCalendar/raw/oanda/daily/2014-04-24.json,pinned_report_and_event_name,"2,0% m/m","2,2% m/m","2,6% m/m",parsed,scalar,2.0,,2.0,,percent,1,m/m,parsed,scalar,2.2,,2.2,,percent,1,m/m,parsed,scalar,2.6,,2.6,,percent,1,m/m
1702,GDP,2014-04-30T07:30:00-05:00,BEA,bea:gdp:20140430T123000Z:q1-2014-advance,Q1 2014 Advance,3,exact,2014-04-30,08:30:00,America/New_York,https://www.bea.gov/news/2014/gross-domestic-product-1st-quarter-2014-advance-estimate,OANDA,690,43553,GDP (Annualized) - pre..,1Q,3,1398861000,2014-04-30 14:30,EconomicCalendar/raw/oanda/daily/2014-04-30.json,pinned_report_and_event_name,"1,2%","3,2%","0,1%",parsed,scalar,1.2,,1.2,,percent,1,,parsed,scalar,3.2,,3.2,,percent,1,,parsed,scalar,0.1,,0.1,,percent,1,
2164,FOMC,2014-04-30T13:00:00-05:00,FEDERAL_RESERVE,federal_reserve:fomc:20140430T180000Z,FOMC 2014-04-30,3,exact,2014-04-30,14:00:00,America/New_York,https://www.federalreserve.gov/newsevents/pressreleases/monetary20140430a.htm,OANDA,82,43196,FOMC Interest Rate Decision,April,3,1398880800,2014-04-30 20:00,EconomicCalendar/raw/oanda/daily/2014-04-30.json,pinned_report_and_event_name,"0-0,25%","0-0,25%","0-0,25%",parsed,range,0,0.25,0,0.25,percent,1,,parsed,range,0,0.25,0,0.25,percent,1,,parsed,range,0,0.25,0,0.25,percent,1,
1703,PCE,2014-05-01T07:30:00-05:00,BEA,bea:pce:20140501T123000Z:march-2014,March 2014,3,exact,2014-05-01,08:30:00,America/New_York,https://www.bea.gov/news/2014/personal-income-and-outlays-march-2014,OANDA,694,43216,Personal Consumption Expenditures,March,2,1398947400,2014-05-01 14:30,EconomicCalendar/raw/oanda/daily/2014-05-01.json,pinned_report_and_event_name,"0,6% m/m","0,3% m/m","0,9% m/m",parsed,scalar,0.6,,0.6,,percent,1,m/m,parsed,scalar,0.3,,0.3,,percent,1,m/m,parsed,scalar,0.9,,0.9,,percent,1,m/m
214,EMPLOYMENT,2014-05-02T07:30:00-05:00,BLS,bls:employment:20140502T123000Z:april-2014,April 2014,3,exact,2014-05-02,08:30:00,America/New_York,https://www.bls.gov/schedule/2014/home.htm,OANDA,707,43614,Non-Farm Employment Change,April,3,1399033800,2014-05-02 14:30,EconomicCalendar/raw/oanda/daily/2014-05-02.json,pinned_report_and_event_name,210 k,192 k,288 k,parsed,scalar,210,,210000,,count,1000,,parsed,scalar,192,,192000,,count,1000,,parsed,scalar,288,,288000,,count,1000,
2369,RETAIL_SALES,2014-05-13T07:30:00-05:00,CENSUS,census:retail-sales-2014-04,April 2014,3,exact,2014-05-13,08:30:00,America/New_York,https://www2.census.gov/retail/releases/historical/marts/adv1404.pdf,OANDA,696,45345,Retail Sales,April,3,1399984200,2014-05-13 14:30,EconomicCalendar/raw/oanda/daily/2014-05-13.json,pinned_report_and_event_name,"0,4% m/m","1,1% m/m","0,1% m/m",parsed,scalar,0.4,,0.4,,percent,1,m/m,parsed,scalar,1.1,,1.1,,percent,1,m/m,parsed,scalar,0.1,,0.1,,percent,1,m/m
216,PPI,2014-05-14T07:30:00-05:00,BLS,bls:ppi:20140514T123000Z:april-2014,April 2014,3,exact,2014-05-14,08:30:00,America/New_York,https://www.bls.gov/schedule/2014/home.htm,OANDA,703,43479,Producer Price Index,April,2,1400070600,2014-05-14 14:30,EconomicCalendar/raw/oanda/daily/2014-05-14.json,pinned_report_and_event_name,"0,2% m/m","0,5% m/m","0,6% m/m",parsed,scalar,0.2,,0.2,,percent,1,m/m,parsed,scalar,0.5,,0.5,,percent,1,m/m,parsed,scalar,0.6,,0.6,,percent,1,m/m
217,CPI,2014-05-15T07:30:00-05:00,BLS,bls:cpi:20140515T123000Z:april-2014,April 2014,3,exact,2014-05-15,08:30:00,America/New_York,https://www.bls.gov/schedule/2014/home.htm,OANDA,699,43421,Consumer Price Index,April,3,1400157000,2014-05-15 14:30,EconomicCalendar/raw/oanda/daily/2014-05-15.json,pinned_report_and_event_name,"0,3% m/m","0,2% m/m","0,3% m/m",parsed,scalar,0.3,,0.3,,percent,1,m/m,parsed,scalar,0.2,,0.2,,percent,1,m/m,parsed,scalar,0.3,,0.3,,percent,1,m/m
2370,DURABLE_GOODS,2014-05-27T07:30:00-05:00,CENSUS,census:durable-goods-2014-04,April 2014,3,exact,2014-05-27,08:30:00,America/New_York,https://www.census.gov/manufacturing/m3/historical_data/pressreleases/adv/2014/apr14adv.pdf,OANDA,59,45400,Durable Goods Orders - pre..,April,3,1401193800,2014-05-27 14:30,EconomicCalendar/raw/oanda/daily/2014-05-27.json,pinned_report_and_event_name,"-0,5% m/m","2,9% m/m","0,8% m/m",parsed,scalar,-0.5,,-0.5,,percent,1,m/m,parsed,scalar,2.9,,2.9,,percent,1,m/m,parsed,scalar,0.8,,0.8,,percent,1,m/m
1704,GDP,2014-05-29T07:30:00-05:00,BEA,bea:gdp:20140529T123000Z:q1-2014-second,Q1 2014 Second,3,exact,2014-05-29,08:30:00,America/New_York,https://www.bea.gov/news/2014/gross-domestic-product-1st-quarter-2014-second-estimate-corporate-profits-1st-quarter,OANDA,690,43557,GDP (Annualized) - rev..,1Q,3,1401366600,2014-05-29 14:30,EconomicCalendar/raw/oanda/daily/2014-05-29.json,pinned_report_and_event_name,"0,1%","2,4%","-1,0%",parsed,scalar,0.1,,0.1,,percent,1,,parsed,scalar,2.4,,2.4,,percent,1,,parsed,scalar,-1.0,,-1.0,,percent,1,
1705,PCE,2014-05-30T07:30:00-05:00,BEA,bea:pce:20140530T123000Z:april-2014,April 2014,3,exact,2014-05-30,08:30:00,America/New_York,https://www.bea.gov/news/2014/personal-income-and-outlays-april-2014,OANDA,694,43220,Personal Consumption Expenditures,April,2,1401453000,2014-05-30 14:30,EconomicCalendar/raw/oanda/daily/2014-05-30.json,pinned_report_and_event_name,"0,2% m/m","0,9% m/m","-0,1% m/m",parsed,scalar,0.2,,0.2,,percent,1,m/m,parsed,scalar,0.9,,0.9,,percent,1,m/m,parsed,scalar,-0.1,,-0.1,,percent,1,m/m
218,EMPLOYMENT,2014-06-06T07:30:00-05:00,BLS,bls:employment:20140606T123000Z:may-2014,May 2014,3,exact,2014-06-06,08:30:00,America/New_York,https://www.bls.gov/schedule/2014/home.htm,OANDA,707,43620,Non-Farm Employment Change,May,3,1402057800,2014-06-06 14:30,EconomicCalendar/raw/oanda/daily/2014-06-06.json,pinned_report_and_event_name,215 k,288 k,217 k,parsed,scalar,215,,215000,,count,1000,,parsed,scalar,288,,288000,,count,1000,,parsed,scalar,217,,217000,,count,1000,
2371,RETAIL_SALES,2014-06-12T07:30:00-05:00,CENSUS,census:retail-sales-2014-05,May 2014,3,exact,2014-06-12,08:30:00,America/New_York,https://www2.census.gov/retail/releases/historical/marts/adv1405.pdf,OANDA,696,45348,Retail Sales,May,3,1402576200,2014-06-12 14:30,EconomicCalendar/raw/oanda/daily/2014-06-12.json,pinned_report_and_event_name,"0,6% m/m","0,1% m/m","0,3% m/m",parsed,scalar,0.6,,0.6,,percent,1,m/m,parsed,scalar,0.1,,0.1,,percent,1,m/m,parsed,scalar,0.3,,0.3,,percent,1,m/m
220,PPI,2014-06-13T07:30:00-05:00,BLS,bls:ppi:20140613T123000Z:may-2014,May 2014,3,exact,2014-06-13,08:30:00,America/New_York,https://www.bls.gov/schedule/2014/home.htm,OANDA,703,43484,Producer Price Index,May,2,1402662600,2014-06-13 14:30,EconomicCalendar/raw/oanda/daily/2014-06-13.json,pinned_report_and_event_name,"0,1% m/m","0,6% m/m","-0,2% m/m",parsed,scalar,0.1,,0.1,,percent,1,m/m,parsed,scalar,0.6,,0.6,,percent,1,m/m,parsed,scalar,-0.2,,-0.2,,percent,1,m/m
221,CPI,2014-06-17T07:30:00-05:00,BLS,bls:cpi:20140617T123000Z:may-2014,May 2014,3,exact,2014-06-17,08:30:00,America/New_York,https://www.bls.gov/schedule/2014/home.htm,OANDA,699,43426,Consumer Price Index,May,3,1403008200,2014-06-17 14:30,EconomicCalendar/raw/oanda/daily/2014-06-17.json,pinned_report_and_event_name,"0,2% m/m","0,3% m/m","0,4% m/m",parsed,scalar,0.2,,0.2,,percent,1,m/m,parsed,scalar,0.3,,0.3,,percent,1,m/m,parsed,scalar,0.4,,0.4,,percent,1,m/m
2165,FOMC,2014-06-18T13:00:00-05:00,FEDERAL_RESERVE,federal_reserve:fomc:20140618T180000Z,FOMC 2014-06-18,3,exact,2014-06-18,14:00:00,America/New_York,https://www.federalreserve.gov/newsevents/pressreleases/monetary20140618a.htm,OANDA,82,43197,FOMC Interest Rate Decision,June,3,1403114400,2014-06-18 20:00,EconomicCalendar/raw/oanda/daily/2014-06-18.json,pinned_report_and_event_name,"0-0,25%","0-0,25%","0-0,25%",parsed,range,0,0.25,0,0.25,percent,1,,parsed,range,0,0.25,0,0.25,percent,1,,parsed,range,0,0.25,0,0.25,percent,1,
2372,DURABLE_GOODS,2014-06-25T07:30:00-05:00,CENSUS,census:durable-goods-2014-05,May 2014,3,exact,2014-06-25,08:30:00,America/New_York,https://www.census.gov/manufacturing/m3/historical_data/pressreleases/adv/2014/may14adv.pdf,OANDA,59,45402,Durable Goods Orders - pre..,May,3,1403699400,2014-06-25 14:30,EconomicCalendar/raw/oanda/daily/2014-06-25.json,pinned_report_and_event_name,"0,0% m/m","0,6% m/m","-1,0% m/m",parsed,scalar,0.0,,0.0,,percent,1,m/m,parsed,scalar,0.6,,0.6,,percent,1,m/m,parsed,scalar,-1.0,,-1.0,,percent,1,m/m
1706,GDP,2014-06-25T07:30:00-05:00,BEA,bea:gdp:20140625T123000Z:q1-2014-third,Q1 2014 Third,3,exact,2014-06-25,08:30:00,America/New_York,https://www.bea.gov/news/2014/gross-domestic-product-1st-quarter-2014-third-estimate-corporate-profits-1st-quarter-2014,OANDA,690,43561,GDP (Annualized) - fin..,1Q,3,1403699400,2014-06-25 14:30,EconomicCalendar/raw/oanda/daily/2014-06-25.json,pinned_report_and_event_name,"-1,0%","2,6%","-2,9%",parsed,scalar,-1.0,,-1.0,,percent,1,,parsed,scalar,2.6,,2.6,,percent,1,,parsed,scalar,-2.9,,-2.9,,percent,1,
1707,PCE,2014-06-26T07:30:00-05:00,BEA,bea:pce:20140626T123000Z:may-2014,May 2014,3,exact,2014-06-26,08:30:00,America/New_York,https://www.bea.gov/news/2014/personal-income-and-outlays-may-2014,OANDA,694,43224,Personal Consumption Expenditures,May,2,1403785800,2014-06-26 14:30,EconomicCalendar/raw/oanda/daily/2014-06-26.json,pinned_report_and_event_name,"0,4% m/m","-0,1% m/m","0,2% m/m",parsed,scalar,0.4,,0.4,,percent,1,m/m,parsed,scalar,-0.1,,-0.1,,percent,1,m/m,parsed,scalar,0.2,,0.2,,percent,1,m/m
222,EMPLOYMENT,2014-07-03T07:30:00-05:00,BLS,bls:employment:20140703T123000Z:june-2014,June 2014,3,exact,2014-07-03,08:30:00,America/New_York,https://www.bls.gov/schedule/2014/home.htm,OANDA,707,43626,Non-Farm Employment Change,June,3,1404390600,2014-07-03 14:30,EconomicCalendar/raw/oanda/daily/2014-07-03.json,pinned_report_and_event_name,212 k,217 k,288 k,parsed,scalar,212,,212000,,count,1000,,parsed,scalar,217,,217000,,count,1000,,parsed,scalar,288,,288000,,count,1000,
2373,RETAIL_SALES,2014-07-15T07:30:00-05:00,CENSUS,census:retail-sales-2014-06,June 2014,3,exact,2014-07-15,08:30:00,America/New_York,https://www2.census.gov/retail/releases/historical/marts/adv1406.pdf,OANDA,696,45351,Retail Sales,June,3,1405427400,2014-07-15 14:30,EconomicCalendar/raw/oanda/daily/2014-07-15.json,pinned_report_and_event_name,"0,6% m/m","0,3% m/m","0,2% m/m",parsed,scalar,0.6,,0.6,,percent,1,m/m,parsed,scalar,0.3,,0.3,,percent,1,m/m,parsed,scalar,0.2,,0.2,,percent,1,m/m
224,PPI,2014-07-16T07:30:00-05:00,BLS,bls:ppi:20140716T123000Z:june-2014,June 2014,3,exact,2014-07-16,08:30:00,America/New_York,https://www.bls.gov/schedule/2014/home.htm,OANDA,703,43489,Producer Price Index,June,2,1405513800,2014-07-16 14:30,EconomicCalendar/raw/oanda/daily/2014-07-16.json,pinned_report_and_event_name,"0,2% m/m","-0,2% m/m","0,4% m/m",parsed,scalar,0.2,,0.2,,percent,1,m/m,parsed,scalar,-0.2,,-0.2,,percent,1,m/m,parsed,scalar,0.4,,0.4,,percent,1,m/m
225,CPI,2014-07-22T07:30:00-05:00,BLS,bls:cpi:20140722T123000Z:june-2014,June 2014,3,exact,2014-07-22,08:30:00,America/New_York,https://www.bls.gov/schedule/2014/home.htm,OANDA,699,43431,Consumer Price Index,June,3,1406032200,2014-07-22 14:30,EconomicCalendar/raw/oanda/daily/2014-07-22.json,pinned_report_and_event_name,"0,3% m/m","0,4% m/m","0,3% m/m",parsed,scalar,0.3,,0.3,,percent,1,m/m,parsed,scalar,0.4,,0.4,,percent,1,m/m,parsed,scalar,0.3,,0.3,,percent,1,m/m
2374,DURABLE_GOODS,2014-07-25T07:30:00-05:00,CENSUS,census:durable-goods-2014-06,June 2014,3,exact,2014-07-25,08:30:00,America/New_York,https://www.census.gov/manufacturing/m3/historical_data/pressreleases/adv/2014/jun14adv.pdf,OANDA,59,45404,Durable Goods Orders - pre..,June,3,1406291400,2014-07-25 14:30,EconomicCalendar/raw/oanda/daily/2014-07-25.json,pinned_report_and_event_name,"0,5% m/m","-0,9% m/m","0,7% m/m",parsed,scalar,0.5,,0.5,,percent,1,m/m,parsed,scalar,-0.9,,-0.9,,percent,1,m/m,parsed,scalar,0.7,,0.7,,percent,1,m/m
1708,GDP,2014-07-30T07:30:00-05:00,BEA,bea:gdp:20140730T123000Z:q2-2014-advance,Q2 2014 Advance,3,exact,2014-07-30,08:30:00,America/New_York,https://www.bea.gov/news/2014/gross-domestic-product-2nd-quarter-2014-advance-estimate-includes-historical-revisions,OANDA,690,43565,GDP (Annualized) - pre..,2Q,3,1406723400,2014-07-30 14:30,EconomicCalendar/raw/oanda/daily/2014-07-30.json,pinned_report_and_event_name,"3,0%","-2,9%","4,0%",parsed,scalar,3.0,,3.0,,percent,1,,parsed,scalar,-2.9,,-2.9,,percent,1,,parsed,scalar,4.0,,4.0,,percent,1,
2166,FOMC,2014-07-30T13:00:00-05:00,FEDERAL_RESERVE,federal_reserve:fomc:20140730T180000Z,FOMC 2014-07-30,3,exact,2014-07-30,14:00:00,America/New_York,https://www.federalreserve.gov/newsevents/pressreleases/monetary20140730a.htm,OANDA,82,43198,FOMC Interest Rate Decision,July,3,1406743200,2014-07-30 20:00,EconomicCalendar/raw/oanda/daily/2014-07-30.json,pinned_report_and_event_name,"0-0,25%","0-0,25%","0-0,25%",parsed,range,0,0.25,0,0.25,percent,1,,parsed,range,0,0.25,0,0.25,percent,1,,parsed,range,0,0.25,0,0.25,percent,1,
226,EMPLOYMENT,2014-08-01T07:30:00-05:00,BLS,bls:employment:20140801T123000Z:july-2014,July 2014,3,exact,2014-08-01,08:30:00,America/New_York,https://www.bls.gov/schedule/2014/home.htm,OANDA,707,43632,Non-Farm Employment Change,July,3,1406896200,2014-08-01 14:30,EconomicCalendar/raw/oanda/daily/2014-08-01.json,pinned_report_and_event_name,233 k,288 k,209 k,parsed,scalar,233,,233000,,count,1000,,parsed,scalar,288,,288000,,count,1000,,parsed,scalar,209,,209000,,count,1000,
1709,PCE,2014-08-01T07:30:00-05:00,BEA,bea:pce:20140801T123000Z:june-2014,June 2014,3,exact,2014-08-01,08:30:00,America/New_York,https://www.bea.gov/news/2014/personal-income-and-outlays-june-2014-revised-estimates-1999-through-may-2014,OANDA,694,43228,Personal Consumption Expenditures,June,2,1406896200,2014-08-01 14:30,EconomicCalendar/raw/oanda/daily/2014-08-01.json,pinned_report_and_event_name,"0,4% m/m","0,2% m/m","0,4% m/m",parsed,scalar,0.4,,0.4,,percent,1,m/m,parsed,scalar,0.2,,0.2,,percent,1,m/m,parsed,scalar,0.4,,0.4,,percent,1,m/m
2375,RETAIL_SALES,2014-08-13T07:30:00-05:00,CENSUS,census:retail-sales-2014-07,July 2014,3,exact,2014-08-13,08:30:00,America/New_York,https://www2.census.gov/retail/releases/historical/marts/adv1407.pdf,OANDA,696,45354,Retail Sales,July,3,1407933000,2014-08-13 14:30,EconomicCalendar/raw/oanda/daily/2014-08-13.json,pinned_report_and_event_name,"0,3% m/m","0,2% m/m","0,0% m/m",parsed,scalar,0.3,,0.3,,percent,1,m/m,parsed,scalar,0.2,,0.2,,percent,1,m/m,parsed,scalar,0.0,,0.0,,percent,1,m/m
228,PPI,2014-08-15T07:30:00-05:00,BLS,bls:ppi:20140815T123000Z:july-2014,July 2014,3,exact,2014-08-15,08:30:00,America/New_York,https://www.bls.gov/schedule/2014/home.htm,OANDA,703,43494,Producer Price Index,July,2,1408105800,2014-08-15 14:30,EconomicCalendar/raw/oanda/daily/2014-08-15.json,pinned_report_and_event_name,"0,1% m/m","0,4% m/m","0,1% m/m",parsed,scalar,0.1,,0.1,,percent,1,m/m,parsed,scalar,0.4,,0.4,,percent,1,m/m,parsed,scalar,0.1,,0.1,,percent,1,m/m
229,CPI,2014-08-19T07:30:00-05:00,BLS,bls:cpi:20140819T123000Z:july-2014,July 2014,3,exact,2014-08-19,08:30:00,America/New_York,https://www.bls.gov/schedule/2014/home.htm,OANDA,699,43436,Consumer Price Index,July,3,1408451400,2014-08-19 14:30,EconomicCalendar/raw/oanda/daily/2014-08-19.json,pinned_report_and_event_name,"0,1% m/m","0,3% m/m","0,1% m/m",parsed,scalar,0.1,,0.1,,percent,1,m/m,parsed,scalar,0.3,,0.3,,percent,1,m/m,parsed,scalar,0.1,,0.1,,percent,1,m/m
2376,DURABLE_GOODS,2014-08-26T07:30:00-05:00,CENSUS,census:durable-goods-2014-07,July 2014,3,exact,2014-08-26,08:30:00,America/New_York,https://www.census.gov/manufacturing/m3/historical_data/pressreleases/adv/2014/jul14adv.pdf,OANDA,59,45406,Durable Goods Orders - pre..,July,3,1409056200,2014-08-26 14:30,EconomicCalendar/raw/oanda/daily/2014-08-26.json,pinned_report_and_event_name,"7,5% m/m","1,7% m/m","22,6% m/m",parsed,scalar,7.5,,7.5,,percent,1,m/m,parsed,scalar,1.7,,1.7,,percent,1,m/m,parsed,scalar,22.6,,22.6,,percent,1,m/m
1710,GDP,2014-08-28T07:30:00-05:00,BEA,bea:gdp:20140828T123000Z:q2-2014-second,Q2 2014 Second,3,exact,2014-08-28,08:30:00,America/New_York,https://www.bea.gov/news/2014/gross-domestic-product-2nd-quarter-2014-second-estimate-corporate-profits-2nd-quarter,OANDA,690,43569,GDP (Annualized) - rev..,2Q,3,1409229000,2014-08-28 14:30,EconomicCalendar/raw/oanda/daily/2014-08-28.json,pinned_report_and_event_name,"4,0%","-2,1%","4,2%",parsed,scalar,4.0,,4.0,,percent,1,,parsed,scalar,-2.1,,-2.1,,percent,1,,parsed,scalar,4.2,,4.2,,percent,1,
1711,PCE,2014-08-29T07:30:00-05:00,BEA,bea:pce:20140829T123000Z:july-2014,July 2014,3,exact,2014-08-29,08:30:00,America/New_York,https://www.bea.gov/news/2014/personal-income-and-outlays-july-2014,OANDA,694,43232,Personal Consumption Expenditures,July,2,1409315400,2014-08-29 14:30,EconomicCalendar/raw/oanda/daily/2014-08-29.json,pinned_report_and_event_name,"0,2% m/m","0,4% m/m","-0,1% m/m",parsed,scalar,0.2,,0.2,,percent,1,m/m,parsed,scalar,0.4,,0.4,,percent,1,m/m,parsed,scalar,-0.1,,-0.1,,percent,1,m/m
230,EMPLOYMENT,2014-09-05T07:30:00-05:00,BLS,bls:employment:20140905T123000Z:august-2014,August 2014,3,exact,2014-09-05,08:30:00,America/New_York,https://www.bls.gov/schedule/2014/home.htm,OANDA,707,43638,Non-Farm Employment Change,August,3,1409920200,2014-09-05 14:30,EconomicCalendar/raw/oanda/daily/2014-09-05.json,pinned_report_and_event_name,225 k,209 k,142 k,parsed,scalar,225,,225000,,count,1000,,parsed,scalar,209,,209000,,count,1000,,parsed,scalar,142,,142000,,count,1000,
2377,RETAIL_SALES,2014-09-12T07:30:00-05:00,CENSUS,census:retail-sales-2014-08,August 2014,3,exact,2014-09-12,08:30:00,America/New_York,https://www2.census.gov/retail/releases/historical/marts/adv1408.pdf,OANDA,696,45357,Retail Sales,August,3,1410525000,2014-09-12 14:30,EconomicCalendar/raw/oanda/daily/2014-09-12.json,pinned_report_and_event_name,"0,6% m/m","0,0% m/m","0,6% m/m",parsed,scalar,0.6,,0.6,,percent,1,m/m,parsed,scalar,0.0,,0.0,,percent,1,m/m,parsed,scalar,0.6,,0.6,,percent,1,m/m
232,PPI,2014-09-16T07:30:00-05:00,BLS,bls:ppi:20140916T123000Z:august-2014,August 2014,3,exact,2014-09-16,08:30:00,America/New_York,https://www.bls.gov/schedule/2014/home.htm,OANDA,703,43499,Producer Price Index,August,2,1410870600,2014-09-16 14:30,EconomicCalendar/raw/oanda/daily/2014-09-16.json,pinned_report_and_event_name,"0,0% m/m","0,1% m/m","0,0% m/m",parsed,scalar,0.0,,0.0,,percent,1,m/m,parsed,scalar,0.1,,0.1,,percent,1,m/m,parsed,scalar,0.0,,0.0,,percent,1,m/m
233,CPI,2014-09-17T07:30:00-05:00,BLS,bls:cpi:20140917T123000Z:august-2014,August 2014,3,exact,2014-09-17,08:30:00,America/New_York,https://www.bls.gov/schedule/2014/home.htm,OANDA,699,43441,Consumer Price Index,August,3,1410957000,2014-09-17 14:30,EconomicCalendar/raw/oanda/daily/2014-09-17.json,pinned_report_and_event_name,"0,0% m/m","0,1% m/m","-0,2% m/m",parsed,scalar,0.0,,0.0,,percent,1,m/m,parsed,scalar,0.1,,0.1,,percent,1,m/m,parsed,scalar,-0.2,,-0.2,,percent,1,m/m
2167,FOMC,2014-09-17T13:00:00-05:00,FEDERAL_RESERVE,federal_reserve:fomc:20140917T180000Z,FOMC 2014-09-17,3,exact,2014-09-17,14:00:00,America/New_York,https://www.federalreserve.gov/newsevents/pressreleases/monetary20140917a.htm,OANDA,82,43199,FOMC Interest Rate Decision,September,3,1410976800,2014-09-17 20:00,EconomicCalendar/raw/oanda/daily/2014-09-17.json,pinned_report_and_event_name,"0-0,25%","0-0,25%","0-0,25%",parsed,range,0,0.25,0,0.25,percent,1,,parsed,range,0,0.25,0,0.25,percent,1,,parsed,range,0,0.25,0,0.25,percent,1,
2378,DURABLE_GOODS,2014-09-25T07:30:00-05:00,CENSUS,census:durable-goods-2014-08,August 2014,3,exact,2014-09-25,08:30:00,America/New_York,https://www.census.gov/manufacturing/m3/historical_data/pressreleases/adv/2014/aug14adv.pdf,OANDA,59,45408,Durable Goods Orders - pre..,August,3,1411648200,2014-09-25 14:30,EconomicCalendar/raw/oanda/daily/2014-09-25.json,pinned_report_and_event_name,-18% m/m,"22,5% m/m","-18,2% m/m",parsed,scalar,-18,,-18,,percent,1,m/m,parsed,scalar,22.5,,22.5,,percent,1,m/m,parsed,scalar,-18.2,,-18.2,,percent,1,m/m
1712,GDP,2014-09-26T07:30:00-05:00,BEA,bea:gdp:20140926T123000Z:q2-2014-third,Q2 2014 Third,3,exact,2014-09-26,08:30:00,America/New_York,https://www.bea.gov/news/2014/gross-domestic-product-2nd-quarter-2014-third-estimate-corporate-profits-2nd-quarter-2014,OANDA,690,43573,GDP (Annualized) - fin..,2Q,3,1411734600,2014-09-26 14:30,EconomicCalendar/raw/oanda/daily/2014-09-26.json,pinned_report_and_event_name,"4,2%","-2,1%","4,6%",parsed,scalar,4.2,,4.2,,percent,1,,parsed,scalar,-2.1,,-2.1,,percent,1,,parsed,scalar,4.6,,4.6,,percent,1,
1713,PCE,2014-09-29T07:30:00-05:00,BEA,bea:pce:20140929T123000Z:august-2014,August 2014,3,exact,2014-09-29,08:30:00,America/New_York,https://www.bea.gov/news/2014/personal-income-and-outlays-august-2014,OANDA,694,43236,Personal Consumption Expenditures,August,2,1411993800,2014-09-29 14:30,EconomicCalendar/raw/oanda/daily/2014-09-29.json,pinned_report_and_event_name,"0,4% m/m","-0,1% m/m","0,5% m/m",parsed,scalar,0.4,,0.4,,percent,1,m/m,parsed,scalar,-0.1,,-0.1,,percent,1,m/m,parsed,scalar,0.5,,0.5,,percent,1,m/m
234,EMPLOYMENT,2014-10-03T07:30:00-05:00,BLS,bls:employment:20141003T123000Z:september-2014,September 2014,3,exact,2014-10-03,08:30:00,America/New_York,https://www.bls.gov/schedule/2014/home.htm,OANDA,707,43644,Non-Farm Employment Change,September,3,1412339400,2014-10-03 14:30,EconomicCalendar/raw/oanda/daily/2014-10-03.json,pinned_report_and_event_name,215 k,142 k,248 k,parsed,scalar,215,,215000,,count,1000,,parsed,scalar,142,,142000,,count,1000,,parsed,scalar,248,,248000,,count,1000,
236,PPI,2014-10-15T07:30:00-05:00,BLS,bls:ppi:20141015T123000Z:september-2014,September 2014,3,exact,2014-10-15,08:30:00,America/New_York,https://www.bls.gov/schedule/2014/home.htm,OANDA,703,43504,Producer Price Index,September,2,1413376200,2014-10-15 14:30,EconomicCalendar/raw/oanda/daily/2014-10-15.json,pinned_report_and_event_name,"0,1% m/m","0,0% m/m","-0,1% m/m",parsed,scalar,0.1,,0.1,,percent,1,m/m,parsed,scalar,0.0,,0.0,,percent,1,m/m,parsed,scalar,-0.1,,-0.1,,percent,1,m/m
2379,RETAIL_SALES,2014-10-15T07:30:00-05:00,CENSUS,census:retail-sales-2014-09,September 2014,3,exact,2014-10-15,08:30:00,America/New_York,https://www2.census.gov/retail/releases/historical/marts/adv1409.pdf,OANDA,696,45360,Retail Sales,September,3,1413376200,2014-10-15 14:30,EconomicCalendar/raw/oanda/daily/2014-10-15.json,pinned_report_and_event_name,"-0,1% m/m","0,6% m/m","-0,3% m/m",parsed,scalar,-0.1,,-0.1,,percent,1,m/m,parsed,scalar,0.6,,0.6,,percent,1,m/m,parsed,scalar,-0.3,,-0.3,,percent,1,m/m
237,CPI,2014-10-22T07:30:00-05:00,BLS,bls:cpi:20141022T123000Z:september-2014,September 2014,3,exact,2014-10-22,08:30:00,America/New_York,https://www.bls.gov/schedule/2014/home.htm,OANDA,699,43446,Consumer Price Index,September,3,1413981000,2014-10-22 14:30,EconomicCalendar/raw/oanda/daily/2014-10-22.json,pinned_report_and_event_name,"0,1% m/m","-0,2% m/m","0,1% m/m",parsed,scalar,0.1,,0.1,,percent,1,m/m,parsed,scalar,-0.2,,-0.2,,percent,1,m/m,parsed,scalar,0.1,,0.1,,percent,1,m/m
2380,DURABLE_GOODS,2014-10-28T07:30:00-05:00,CENSUS,census:durable-goods-2014-09,September 2014,3,exact,2014-10-28,08:30:00,America/New_York,https://www.census.gov/manufacturing/m3/historical_data/pressreleases/adv/2014/sep14adv.pdf,OANDA,59,45410,Durable Goods Orders - pre..,September,3,1414499400,2014-10-28 13:30,EconomicCalendar/raw/oanda/daily/2014-10-28.json,pinned_report_and_event_name,"0,5% m/m","-18,4% m/m","-1,3% m/m",parsed,scalar,0.5,,0.5,,percent,1,m/m,parsed,scalar,-18.4,,-18.4,,percent,1,m/m,parsed,scalar,-1.3,,-1.3,,percent,1,m/m
2168,FOMC,2014-10-29T13:00:00-05:00,FEDERAL_RESERVE,federal_reserve:fomc:20141029T180000Z,FOMC 2014-10-29,3,exact,2014-10-29,14:00:00,America/New_York,https://www.federalreserve.gov/newsevents/pressreleases/monetary20141029a.htm,OANDA,82,43200,FOMC Interest Rate Decision,October,3,1414605600,2014-10-29 19:00,EconomicCalendar/raw/oanda/daily/2014-10-29.json,pinned_report_and_event_name,"0-0,25%","0-0,25%","0-0,25%",parsed,range,0,0.25,0,0.25,percent,1,,parsed,range,0,0.25,0,0.25,percent,1,,parsed,range,0,0.25,0,0.25,percent,1,
1714,GDP,2014-10-30T07:30:00-05:00,BEA,bea:gdp:20141030T123000Z:q3-2014-advance,Q3 2014 Advance,3,exact,2014-10-30,08:30:00,America/New_York,https://www.bea.gov/news/2014/gross-domestic-product-3rd-quarter-2014-advance-estimate,OANDA,690,43577,GDP (Annualized) - pre..,3Q,3,1414672200,2014-10-30 13:30,EconomicCalendar/raw/oanda/daily/2014-10-30.json,pinned_report_and_event_name,"3,0%","4,6%","3,5%",parsed,scalar,3.0,,3.0,,percent,1,,parsed,scalar,4.6,,4.6,,percent,1,,parsed,scalar,3.5,,3.5,,percent,1,
1715,PCE,2014-10-31T07:30:00-05:00,BEA,bea:pce:20141031T123000Z:september-2014,September 2014,3,exact,2014-10-31,08:30:00,America/New_York,https://www.bea.gov/news/2014/personal-income-and-outlays-september-2014,OANDA,694,43240,Personal Consumption Expenditures,September,2,1414758600,2014-10-31 13:30,EconomicCalendar/raw/oanda/daily/2014-10-31.json,pinned_report_and_event_name,"0,3% m/m","0,5% m/m","-0,2% m/m",parsed,scalar,0.3,,0.3,,percent,1,m/m,parsed,scalar,0.5,,0.5,,percent,1,m/m,parsed,scalar,-0.2,,-0.2,,percent,1,m/m
238,EMPLOYMENT,2014-11-07T07:30:00-06:00,BLS,bls:employment:20141107T133000Z:october-2014,October 2014,3,exact,2014-11-07,08:30:00,America/New_York,https://www.bls.gov/schedule/2014/home.htm,OANDA,707,43650,Non-Farm Employment Change,October,3,1415367000,2014-11-07 14:30,EconomicCalendar/raw/oanda/daily/2014-11-07.json,pinned_report_and_event_name,231 k,248 k,214 k,parsed,scalar,231,,231000,,count,1000,,parsed,scalar,248,,248000,,count,1000,,parsed,scalar,214,,214000,,count,1000,
2381,RETAIL_SALES,2014-11-14T07:30:00-06:00,CENSUS,census:retail-sales-2014-10,October 2014,3,exact,2014-11-14,08:30:00,America/New_York,https://www2.census.gov/retail/releases/historical/marts/adv1410.pdf,OANDA,696,45363,Retail Sales,October,3,1415971800,2014-11-14 14:30,EconomicCalendar/raw/oanda/daily/2014-11-14.json,pinned_report_and_event_name,"0,2% m/m","-0,3% m/m","0,3% m/m",parsed,scalar,0.2,,0.2,,percent,1,m/m,parsed,scalar,-0.3,,-0.3,,percent,1,m/m,parsed,scalar,0.3,,0.3,,percent,1,m/m
240,PPI,2014-11-18T07:30:00-06:00,BLS,bls:ppi:20141118T133000Z:october-2014,October 2014,3,exact,2014-11-18,08:30:00,America/New_York,https://www.bls.gov/schedule/2014/home.htm,OANDA,703,43509,Producer Price Index,October,2,1416317400,2014-11-18 14:30,EconomicCalendar/raw/oanda/daily/2014-11-18.json,pinned_report_and_event_name,"-0,1% m/m","-0,1% m/m","0,2% m/m",parsed,scalar,-0.1,,-0.1,,percent,1,m/m,parsed,scalar,-0.1,,-0.1,,percent,1,m/m,parsed,scalar,0.2,,0.2,,percent,1,m/m
241,CPI,2014-11-20T07:30:00-06:00,BLS,bls:cpi:20141120T133000Z:october-2014,October 2014,3,exact,2014-11-20,08:30:00,America/New_York,https://www.bls.gov/schedule/2014/home.htm,OANDA,699,43451,Consumer Price Index,October,3,1416490200,2014-11-20 14:30,EconomicCalendar/raw/oanda/daily/2014-11-20.json,pinned_report_and_event_name,"-0,1% m/m","0,1% m/m","0,0% m/m",parsed,scalar,-0.1,,-0.1,,percent,1,m/m,parsed,scalar,0.1,,0.1,,percent,1,m/m,parsed,scalar,0.0,,0.0,,percent,1,m/m
1716,GDP,2014-11-25T07:30:00-06:00,BEA,bea:gdp:20141125T133000Z:q3-2014-second,Q3 2014 Second,3,exact,2014-11-25,08:30:00,America/New_York,https://www.bea.gov/news/2014/gross-domestic-product-3rd-quarter-2014-second-estimate-corporate-profits-3rd-quarter,OANDA,690,43581,GDP (Annualized) - rev..,3Q,3,1416922200,2014-11-25 14:30,EconomicCalendar/raw/oanda/daily/2014-11-25.json,pinned_report_and_event_name,"3,5%","4,6%","3,9%",parsed,scalar,3.5,,3.5,,percent,1,,parsed,scalar,4.6,,4.6,,percent,1,,parsed,scalar,3.9,,3.9,,percent,1,
2382,DURABLE_GOODS,2014-11-26T07:30:00-06:00,CENSUS,census:durable-goods-2014-10,October 2014,3,exact,2014-11-26,08:30:00,America/New_York,https://www.census.gov/manufacturing/m3/historical_data/pressreleases/adv/2014/oct14adv.pdf,OANDA,59,45412,Durable Goods Orders - pre..,October,3,1417008600,2014-11-26 14:30,EconomicCalendar/raw/oanda/daily/2014-11-26.json,pinned_report_and_event_name,"-0,6% m/m","-1,1% m/m","0,4% m/m",parsed,scalar,-0.6,,-0.6,,percent,1,m/m,parsed,scalar,-1.1,,-1.1,,percent,1,m/m,parsed,scalar,0.4,,0.4,,percent,1,m/m
1717,PCE,2014-11-26T07:30:00-06:00,BEA,bea:pce:20141126T133000Z:october-2014,October 2014,3,exact,2014-11-26,08:30:00,America/New_York,https://www.bea.gov/news/2014/personal-income-and-outlays-october-2014,OANDA,694,43244,Personal Consumption Expenditures,October,2,1417008600,2014-11-26 14:30,EconomicCalendar/raw/oanda/daily/2014-11-26.json,pinned_report_and_event_name,"0,3% m/m","-0,2% m/m","0,2% m/m",parsed,scalar,0.3,,0.3,,percent,1,m/m,parsed,scalar,-0.2,,-0.2,,percent,1,m/m,parsed,scalar,0.2,,0.2,,percent,1,m/m
242,EMPLOYMENT,2014-12-05T07:30:00-06:00,BLS,bls:employment:20141205T133000Z:november-2014,November 2014,3,exact,2014-12-05,08:30:00,America/New_York,https://www.bls.gov/schedule/2014/home.htm,OANDA,707,43656,Non-Farm Employment Change,November,3,1417786200,2014-12-05 14:30,EconomicCalendar/raw/oanda/daily/2014-12-05.json,pinned_report_and_event_name,232 k,214 k,321 k,parsed,scalar,232,,232000,,count,1000,,parsed,scalar,214,,214000,,count,1000,,parsed,scalar,321,,321000,,count,1000,
2383,RETAIL_SALES,2014-12-11T07:30:00-06:00,CENSUS,census:retail-sales-2014-11,November 2014,3,exact,2014-12-11,08:30:00,America/New_York,https://www2.census.gov/retail/releases/historical/marts/adv1411.pdf,OANDA,696,45366,Retail Sales,November,3,1418304600,2014-12-11 14:30,EconomicCalendar/raw/oanda/daily/2014-12-11.json,pinned_report_and_event_name,"0,4% m/m","0,3% m/m","0,7% m/m",parsed,scalar,0.4,,0.4,,percent,1,m/m,parsed,scalar,0.3,,0.3,,percent,1,m/m,parsed,scalar,0.7,,0.7,,percent,1,m/m
244,PPI,2014-12-12T07:30:00-06:00,BLS,bls:ppi:20141212T133000Z:november-2014,November 2014,3,exact,2014-12-12,08:30:00,America/New_York,https://www.bls.gov/schedule/2014/home.htm,OANDA,703,43514,Producer Price Index,November,2,1418391000,2014-12-12 14:30,EconomicCalendar/raw/oanda/daily/2014-12-12.json,pinned_report_and_event_name,"-0,1% m/m","0,2% m/m","-0,2% m/m",parsed,scalar,-0.1,,-0.1,,percent,1,m/m,parsed,scalar,0.2,,0.2,,percent,1,m/m,parsed,scalar,-0.2,,-0.2,,percent,1,m/m
245,CPI,2014-12-17T07:30:00-06:00,BLS,bls:cpi:20141217T133000Z:november-2014,November 2014,3,exact,2014-12-17,08:30:00,America/New_York,https://www.bls.gov/schedule/2014/home.htm,OANDA,699,43456,Consumer Price Index,November,3,1418823000,2014-12-17 14:30,EconomicCalendar/raw/oanda/daily/2014-12-17.json,pinned_report_and_event_name,"-0,1% m/m","0,0% m/m","-0,3% m/m",parsed,scalar,-0.1,,-0.1,,percent,1,m/m,parsed,scalar,0.0,,0.0,,percent,1,m/m,parsed,scalar,-0.3,,-0.3,,percent,1,m/m
2169,FOMC,2014-12-17T13:00:00-06:00,FEDERAL_RESERVE,federal_reserve:fomc:20141217T190000Z,FOMC 2014-12-17,3,exact,2014-12-17,14:00:00,America/New_York,https://www.federalreserve.gov/newsevents/pressreleases/monetary20141217a.htm,OANDA,82,43201,FOMC Interest Rate Decision,December,3,1418842800,2014-12-17 20:00,EconomicCalendar/raw/oanda/daily/2014-12-17.json,pinned_report_and_event_name,"0-0,25%","0-0,25%","0-0,25%",parsed,range,0,0.25,0,0.25,percent,1,,parsed,range,0,0.25,0,0.25,percent,1,,parsed,range,0,0.25,0,0.25,percent,1,
2384,DURABLE_GOODS,2014-12-23T07:30:00-06:00,CENSUS,census:durable-goods-2014-11,November 2014,3,exact,2014-12-23,08:30:00,America/New_York,https://www.census.gov/manufacturing/m3/historical_data/pressreleases/adv/2014/nov14adv.pdf,OANDA,59,45414,Durable Goods Orders - pre..,November,3,1419341400,2014-12-23 14:30,EconomicCalendar/raw/oanda/daily/2014-12-23.json,pinned_report_and_event_name,"1,8% m/m","0,3% m/m","-0,7% m/m",parsed,scalar,1.8,,1.8,,percent,1,m/m,parsed,scalar,0.3,,0.3,,percent,1,m/m,parsed,scalar,-0.7,,-0.7,,percent,1,m/m
1718,GDP,2014-12-23T07:30:00-06:00,BEA,bea:gdp:20141223T133000Z:q3-2014-third,Q3 2014 Third,3,exact,2014-12-23,08:30:00,America/New_York,https://www.bea.gov/news/2014/gross-domestic-product-3rd-quarter-2014-third-estimate-corporate-profits-3rd-quarter-2014,OANDA,690,43585,GDP (Annualized) - fin..,3Q,3,1419341400,2014-12-23 14:30,EconomicCalendar/raw/oanda/daily/2014-12-23.json,pinned_report_and_event_name,"3,9%","4,6%",5%,parsed,scalar,3.9,,3.9,,percent,1,,parsed,scalar,4.6,,4.6,,percent,1,,parsed,scalar,5,,5,,percent,1,
1719,PCE,2014-12-23T09:00:00-06:00,BEA,bea:pce:20141223T150000Z:november-2014,November 2014,3,exact,2014-12-23,10:00:00,America/New_York,https://www.bea.gov/news/2014/personal-income-and-outlays-november-2014,OANDA,694,43248,Personal Consumption Expenditures,November,2,1419346800,2014-12-23 16:00,EconomicCalendar/raw/oanda/daily/2014-12-23.json,pinned_report_and_event_name,"0,5% m/m","0,2% m/m","0,6% m/m",parsed,scalar,0.5,,0.5,,percent,1,m/m,parsed,scalar,0.2,,0.2,,percent,1,m/m,parsed,scalar,0.6,,0.6,,percent,1,m/m
246,EMPLOYMENT,2015-01-09T07:30:00-06:00,BLS,bls:employment:20150109T133000Z:december-2014,December 2014,3,exact,2015-01-09,08:30:00,America/New_York,https://www.bls.gov/schedule/2015/home.htm,OANDA,707,50661,Non-Farm Employment Change,December,3,1420810200,2015-01-09 14:30,EconomicCalendar/raw/oanda/daily/2015-01-09.json,pinned_report_and_event_name,240 k,321 k,252 k,parsed,scalar,240,,240000,,count,1000,,parsed,scalar,321,,321000,,count,1000,,parsed,scalar,252,,252000,,count,1000,
2385,RETAIL_SALES,2015-01-14T07:30:00-06:00,CENSUS,census:retail-sales-2014-12,December 2014,3,exact,2015-01-14,08:30:00,America/New_York,https://www2.census.gov/retail/releases/historical/marts/adv1412.pdf,OANDA,696,53014,Retail Sales,December,3,1421242200,2015-01-14 14:30,EconomicCalendar/raw/oanda/daily/2015-01-14.json,pinned_report_and_event_name,"-0,1% m/m","0,7% m/m","-0,9% m/m",parsed,scalar,-0.1,,-0.1,,percent,1,m/m,parsed,scalar,0.7,,0.7,,percent,1,m/m,parsed,scalar,-0.9,,-0.9,,percent,1,m/m
248,PPI,2015-01-15T07:30:00-06:00,BLS,bls:ppi:20150115T133000Z:december-2014,December 2014,3,exact,2015-01-15,08:30:00,America/New_York,https://www.bls.gov/schedule/2015/home.htm,OANDA,703,50535,Producer Price Index,December,2,1421328600,2015-01-15 14:30,EconomicCalendar/raw/oanda/daily/2015-01-15.json,pinned_report_and_event_name,"-0,4% m/m","-0,2% m/m","-0,3% m/m",parsed,scalar,-0.4,,-0.4,,percent,1,m/m,parsed,scalar,-0.2,,-0.2,,percent,1,m/m,parsed,scalar,-0.3,,-0.3,,percent,1,m/m
249,CPI,2015-01-16T07:30:00-06:00,BLS,bls:cpi:20150116T133000Z:december-2014,December 2014,3,exact,2015-01-16,08:30:00,America/New_York,https://www.bls.gov/schedule/2015/home.htm,OANDA,699,50477,Consumer Price Index,December,3,1421415000,2015-01-16 14:30,EconomicCalendar/raw/oanda/daily/2015-01-16.json,pinned_report_and_event_name,"-0,4% m/m","-0,3% m/m","-0,4% m/m",parsed,scalar,-0.4,,-0.4,,percent,1,m/m,parsed,scalar,-0.3,,-0.3,,percent,1,m/m,parsed,scalar,-0.4,,-0.4,,percent,1,m/m
2386,DURABLE_GOODS,2015-01-27T07:30:00-06:00,CENSUS,census:durable-goods-2014-12,December 2014,3,exact,2015-01-27,08:30:00,America/New_York,https://www.census.gov/manufacturing/m3/historical_data/pressreleases/adv/2014/dec14adv.pdf,OANDA,59,53073,Durable Goods Orders - pre..,December,3,1422365400,2015-01-27 14:30,EconomicCalendar/raw/oanda/daily/2015-01-27.json,pinned_report_and_event_name,"0,5% m/m","-0,9% m/m","-3,4% m/m",parsed,scalar,0.5,,0.5,,percent,1,m/m,parsed,scalar,-0.9,,-0.9,,percent,1,m/m,parsed,scalar,-3.4,,-3.4,,percent,1,m/m
2170,FOMC,2015-01-28T13:00:00-06:00,FEDERAL_RESERVE,federal_reserve:fomc:20150128T190000Z,FOMC 2015-01-28,3,exact,2015-01-28,14:00:00,America/New_York,https://www.federalreserve.gov/newsevents/pressreleases/monetary20150128a.htm,OANDA,82,50310,FOMC Interest Rate Decision,January,3,1422471600,2015-01-28 20:00,EconomicCalendar/raw/oanda/daily/2015-01-28.json,pinned_report_and_event_name,"0-0,25%","0-0,25%","0-0,25%",parsed,range,0,0.25,0,0.25,percent,1,,parsed,range,0,0.25,0,0.25,percent,1,,parsed,range,0,0.25,0,0.25,percent,1,
1720,GDP,2015-01-30T07:30:00-06:00,BEA,bea:gdp:20150130T133000Z:q4-2014-advance,Q4 2014 Advance,3,exact,2015-01-30,08:30:00,America/New_York,https://www.bea.gov/news/2015/gross-domestic-product-4th-quarter-and-annual-2014-advance-estimate,OANDA,690,50613,GDP (Annualized) - pre..,4Q,3,1422624600,2015-01-30 14:30,EconomicCalendar/raw/oanda/daily/2015-01-30.json,pinned_report_and_event_name,3%,5%,"2,6%",parsed,scalar,3,,3,,percent,1,,parsed,scalar,5,,5,,percent,1,,parsed,scalar,2.6,,2.6,,percent,1,
1721,PCE,2015-02-02T07:30:00-06:00,BEA,bea:pce:20150202T133000Z:december-2014,December 2014,3,exact,2015-02-02,08:30:00,America/New_York,https://www.bea.gov/news/2015/personal-income-and-outlays-december-2014,OANDA,694,50320,Personal Consumption Expenditures,December,2,1422883800,2015-02-02 14:30,EconomicCalendar/raw/oanda/daily/2015-02-02.json,pinned_report_and_event_name,"-0,2% m/m","0,6% m/m","-0,3% m/m",parsed,scalar,-0.2,,-0.2,,percent,1,m/m,parsed,scalar,0.6,,0.6,,percent,1,m/m,parsed,scalar,-0.3,,-0.3,,percent,1,m/m
250,EMPLOYMENT,2015-02-06T07:30:00-06:00,BLS,bls:employment:20150206T133000Z:january-2015,January 2015,3,exact,2015-02-06,08:30:00,America/New_York,https://www.bls.gov/schedule/2015/home.htm,OANDA,707,50667,Non-Farm Employment Change,January,3,1423229400,2015-02-06 14:30,EconomicCalendar/raw/oanda/daily/2015-02-06.json,pinned_report_and_event_name,234 k,252 k,257 k,parsed,scalar,234,,234000,,count,1000,,parsed,scalar,252,,252000,,count,1000,,parsed,scalar,257,,257000,,count,1000,
2387,RETAIL_SALES,2015-02-12T07:30:00-06:00,CENSUS,census:retail-sales-2015-01,January 2015,3,exact,2015-02-12,08:30:00,America/New_York,https://www2.census.gov/retail/releases/historical/marts/adv1501.pdf,OANDA,696,53017,Retail Sales,January,3,1423747800,2015-02-12 14:30,EconomicCalendar/raw/oanda/daily/2015-02-12.json,pinned_report_and_event_name,"-0,5% m/m","-0,9% m/m","-0,8% m/m",parsed,scalar,-0.5,,-0.5,,percent,1,m/m,parsed,scalar,-0.9,,-0.9,,percent,1,m/m,parsed,scalar,-0.8,,-0.8,,percent,1,m/m
252,PPI,2015-02-18T07:30:00-06:00,BLS,bls:ppi:20150218T133000Z:january-2015,January 2015,3,exact,2015-02-18,08:30:00,America/New_York,https://www.bls.gov/schedule/2015/home.htm,OANDA,703,50540,Producer Price Index,January,2,1424266200,2015-02-18 14:30,EconomicCalendar/raw/oanda/daily/2015-02-18.json,pinned_report_and_event_name,"-0,4% m/m","-0,3% m/m","-0,8% m/m",parsed,scalar,-0.4,,-0.4,,percent,1,m/m,parsed,scalar,-0.3,,-0.3,,percent,1,m/m,parsed,scalar,-0.8,,-0.8,,percent,1,m/m
253,CPI,2015-02-26T07:30:00-06:00,BLS,bls:cpi:20150226T133000Z:january-2015,January 2015,3,exact,2015-02-26,08:30:00,America/New_York,https://www.bls.gov/schedule/2015/home.htm,OANDA,699,50482,Consumer Price Index,January,3,1424957400,2015-02-26 14:30,EconomicCalendar/raw/oanda/daily/2015-02-26.json,pinned_report_and_event_name,"-0,6% m/m","-0,4% m/m","-0,7% m/m",parsed,scalar,-0.6,,-0.6,,percent,1,m/m,parsed,scalar,-0.4,,-0.4,,percent,1,m/m,parsed,scalar,-0.7,,-0.7,,percent,1,m/m
2388,DURABLE_GOODS,2015-02-26T07:30:00-06:00,CENSUS,census:durable-goods-2015-01,January 2015,3,exact,2015-02-26,08:30:00,America/New_York,https://www.census.gov/manufacturing/m3/historical_data/pressreleases/adv/2015/jan15adv.pdf,OANDA,59,53075,Durable Goods Orders - pre..,January,3,1424957400,2015-02-26 14:30,EconomicCalendar/raw/oanda/daily/2015-02-26.json,pinned_report_and_event_name,"1,9% m/m","-3,3% m/m","2,8% m/m",parsed,scalar,1.9,,1.9,,percent,1,m/m,parsed,scalar,-3.3,,-3.3,,percent,1,m/m,parsed,scalar,2.8,,2.8,,percent,1,m/m
1722,GDP,2015-02-27T07:30:00-06:00,BEA,bea:gdp:20150227T133000Z:q4-2014-second,Q4 2014 Second,3,exact,2015-02-27,08:30:00,America/New_York,https://www.bea.gov/news/2015/gross-domestic-product-4th-quarter-and-annual-2014-second-estimate,OANDA,690,50617,GDP (Annualized) - rev..,4Q,3,1425043800,2015-02-27 14:30,EconomicCalendar/raw/oanda/daily/2015-02-27.json,pinned_report_and_event_name,"2,6%",5%,"2,2%",parsed,scalar,2.6,,2.6,,percent,1,,parsed,scalar,5,,5,,percent,1,,parsed,scalar,2.2,,2.2,,percent,1,
1723,PCE,2015-03-02T07:30:00-06:00,BEA,bea:pce:20150302T133000Z:january-2015,January 2015,3,exact,2015-03-02,08:30:00,America/New_York,https://www.bea.gov/news/2015/personal-income-and-outlays-january-2015,OANDA,694,50324,Personal Consumption Expenditures,January,2,1425303000,2015-03-02 14:30,EconomicCalendar/raw/oanda/daily/2015-03-02.json,pinned_report_and_event_name,"-0,1% m/m","-0,3% m/m","-0,2% m/m",parsed,scalar,-0.1,,-0.1,,percent,1,m/m,parsed,scalar,-0.3,,-0.3,,percent,1,m/m,parsed,scalar,-0.2,,-0.2,,percent,1,m/m
254,EMPLOYMENT,2015-03-06T07:30:00-06:00,BLS,bls:employment:20150306T133000Z:february-2015,February 2015,3,exact,2015-03-06,08:30:00,America/New_York,https://www.bls.gov/schedule/2015/home.htm,OANDA,707,50673,Non-Farm Employment Change,February,3,1425648600,2015-03-06 14:30,EconomicCalendar/raw/oanda/daily/2015-03-06.json,pinned_report_and_event_name,240 k,257 k,295 k,parsed,scalar,240,,240000,,count,1000,,parsed,scalar,257,,257000,,count,1000,,parsed,scalar,295,,295000,,count,1000,
2389,RETAIL_SALES,2015-03-12T07:30:00-05:00,CENSUS,census:retail-sales-2015-02,February 2015,3,exact,2015-03-12,08:30:00,America/New_York,https://www2.census.gov/retail/releases/historical/marts/adv1502.pdf,OANDA,696,53020,Retail Sales,February,3,1426163400,2015-03-12 13:30,EconomicCalendar/raw/oanda/daily/2015-03-12.json,pinned_report_and_event_name,"0,3% m/m","-0,8% m/m","-0,6% m/m",parsed,scalar,0.3,,0.3,,percent,1,m/m,parsed,scalar,-0.8,,-0.8,,percent,1,m/m,parsed,scalar,-0.6,,-0.6,,percent,1,m/m
256,PPI,2015-03-13T07:30:00-05:00,BLS,bls:ppi:20150313T123000Z:february-2015,February 2015,3,exact,2015-03-13,08:30:00,America/New_York,https://www.bls.gov/schedule/2015/home.htm,OANDA,703,50545,Producer Price Index,February,2,1426249800,2015-03-13 13:30,EconomicCalendar/raw/oanda/daily/2015-03-13.json,pinned_report_and_event_name,"0,3% m/m","-0,8% m/m","-0,5% m/m",parsed,scalar,0.3,,0.3,,percent,1,m/m,parsed,scalar,-0.8,,-0.8,,percent,1,m/m,parsed,scalar,-0.5,,-0.5,,percent,1,m/m
2171,FOMC,2015-03-18T13:00:00-05:00,FEDERAL_RESERVE,federal_reserve:fomc:20150318T180000Z,FOMC 2015-03-18,3,exact,2015-03-18,14:00:00,America/New_York,https://www.federalreserve.gov/newsevents/pressreleases/monetary20150318a.htm,OANDA,82,50311,FOMC Interest Rate Decision,March,3,1426701600,2015-03-18 19:00,EconomicCalendar/raw/oanda/daily/2015-03-18.json,pinned_report_and_event_name,"0-0,25%","0-0,25%","0-0,25%",parsed,range,0,0.25,0,0.25,percent,1,,parsed,range,0,0.25,0,0.25,percent,1,,parsed,range,0,0.25,0,0.25,percent,1,
258,CPI,2015-03-24T07:30:00-05:00,BLS,bls:cpi:20150324T123000Z:february-2015,February 2015,3,exact,2015-03-24,08:30:00,America/New_York,https://www.bls.gov/schedule/2015/home.htm,OANDA,699,50487,Consumer Price Index,February,3,1427200200,2015-03-24 13:30,EconomicCalendar/raw/oanda/daily/2015-03-24.json,pinned_report_and_event_name,"0,2% m/m","-0,7% m/m","0,2% m/m",parsed,scalar,0.2,,0.2,,percent,1,m/m,parsed,scalar,-0.7,,-0.7,,percent,1,m/m,parsed,scalar,0.2,,0.2,,percent,1,m/m
2390,DURABLE_GOODS,2015-03-25T07:30:00-05:00,CENSUS,census:durable-goods-2015-02,February 2015,3,exact,2015-03-25,08:30:00,America/New_York,https://www.census.gov/manufacturing/m3/historical_data/pressreleases/adv/2015/feb15adv.pdf,OANDA,59,53077,Durable Goods Orders - pre..,February,3,1427286600,2015-03-25 13:30,EconomicCalendar/raw/oanda/daily/2015-03-25.json,pinned_report_and_event_name,"0,4% m/m","2,8% m/m","-1,4% m/m",parsed,scalar,0.4,,0.4,,percent,1,m/m,parsed,scalar,2.8,,2.8,,percent,1,m/m,parsed,scalar,-1.4,,-1.4,,percent,1,m/m
1724,GDP,2015-03-27T07:30:00-05:00,BEA,bea:gdp:20150327T123000Z:q4-2014-third,Q4 2014 Third,3,exact,2015-03-27,08:30:00,America/New_York,https://www.bea.gov/news/2015/gross-domestic-product-4th-quarter-and-annual-2014-third-estimate-corporate-profits-4th,OANDA,690,57359,GDP (Annualized) - fin..,4Q,3,1427459400,2015-03-27 13:30,EconomicCalendar/raw/oanda/daily/2015-03-27.json,pinned_report_and_event_name,"2,2%",5%,"2,2%",parsed,scalar,2.2,,2.2,,percent,1,,parsed,scalar,5,,5,,percent,1,,parsed,scalar,2.2,,2.2,,percent,1,
1725,PCE,2015-03-30T07:30:00-05:00,BEA,bea:pce:20150330T123000Z:february-2015,February 2015,3,exact,2015-03-30,08:30:00,America/New_York,https://www.bea.gov/news/2015/personal-income-and-outlays-february-2015,OANDA,694,50328,Personal Consumption Expenditures,February,2,1427718600,2015-03-30 14:30,EconomicCalendar/raw/oanda/daily/2015-03-30.json,pinned_report_and_event_name,"0,2% m/m","-0,2% m/m","0,1% m/m",parsed,scalar,0.2,,0.2,,percent,1,m/m,parsed,scalar,-0.2,,-0.2,,percent,1,m/m,parsed,scalar,0.1,,0.1,,percent,1,m/m
259,EMPLOYMENT,2015-04-03T07:30:00-05:00,BLS,bls:employment:20150403T123000Z:march-2015,March 2015,3,exact,2015-04-03,08:30:00,America/New_York,https://www.bls.gov/schedule/2015/home.htm,OANDA,707,50679,Non-Farm Employment Change,March,3,1428064200,2015-04-03 14:30,EconomicCalendar/raw/oanda/daily/2015-04-03.json,pinned_report_and_event_name,244 k,295 k,126 k,parsed,scalar,244,,244000,,count,1000,,parsed,scalar,295,,295000,,count,1000,,parsed,scalar,126,,126000,,count,1000,
261,PPI,2015-04-14T07:30:00-05:00,BLS,bls:ppi:20150414T123000Z:march-2015,March 2015,3,exact,2015-04-14,08:30:00,America/New_York,https://www.bls.gov/schedule/2015/home.htm,OANDA,703,50550,Producer Price Index,March,2,1429014600,2015-04-14 14:30,EconomicCalendar/raw/oanda/daily/2015-04-14.json,pinned_report_and_event_name,"0,2% m/m","-0,5% m/m","0,2% m/m",parsed,scalar,0.2,,0.2,,percent,1,m/m,parsed,scalar,-0.5,,-0.5,,percent,1,m/m,parsed,scalar,0.2,,0.2,,percent,1,m/m
2391,RETAIL_SALES,2015-04-14T07:30:00-05:00,CENSUS,census:retail-sales-2015-03,March 2015,3,exact,2015-04-14,08:30:00,America/New_York,https://www2.census.gov/retail/releases/historical/marts/adv1503.pdf,OANDA,696,53023,Retail Sales,March,3,1429014600,2015-04-14 14:30,EconomicCalendar/raw/oanda/daily/2015-04-14.json,pinned_report_and_event_name,1% m/m,"-0,6% m/m","0,9% m/m",parsed,scalar,1,,1,,percent,1,m/m,parsed,scalar,-0.6,,-0.6,,percent,1,m/m,parsed,scalar,0.9,,0.9,,percent,1,m/m
262,CPI,2015-04-17T07:30:00-05:00,BLS,bls:cpi:20150417T123000Z:march-2015,March 2015,3,exact,2015-04-17,08:30:00,America/New_York,https://www.bls.gov/schedule/2015/home.htm,OANDA,699,50492,Consumer Price Index,March,3,1429273800,2015-04-17 14:30,EconomicCalendar/raw/oanda/daily/2015-04-17.json,pinned_report_and_event_name,"0,2% m/m","0,2% m/m","0,2% m/m",parsed,scalar,0.2,,0.2,,percent,1,m/m,parsed,scalar,0.2,,0.2,,percent,1,m/m,parsed,scalar,0.2,,0.2,,percent,1,m/m
2392,DURABLE_GOODS,2015-04-24T07:30:00-05:00,CENSUS,census:durable-goods-2015-03,March 2015,3,exact,2015-04-24,08:30:00,America/New_York,https://www.census.gov/manufacturing/m3/historical_data/pressreleases/adv/2015/mar15adv.pdf,OANDA,59,53079,Durable Goods Orders - pre..,March,3,1429878600,2015-04-24 14:30,EconomicCalendar/raw/oanda/daily/2015-04-24.json,pinned_report_and_event_name,"0,8% m/m","-1,4% m/m",4% m/m,parsed,scalar,0.8,,0.8,,percent,1,m/m,parsed,scalar,-1.4,,-1.4,,percent,1,m/m,parsed,scalar,4,,4,,percent,1,m/m
1726,GDP,2015-04-29T07:30:00-05:00,BEA,bea:gdp:20150429T123000Z:q1-2015-advance,Q1 2015 Advance,3,exact,2015-04-29,08:30:00,America/New_York,https://www.bea.gov/news/2015/gross-domestic-product-1st-quarter-2015-advance-estimate,OANDA,690,50625,GDP (Annualized) - pre..,1Q,3,1430310600,2015-04-29 14:30,EconomicCalendar/raw/oanda/daily/2015-04-29.json,pinned_report_and_event_name,1%,"2,6%","0,2%",parsed,scalar,1,,1,,percent,1,,parsed,scalar,2.6,,2.6,,percent,1,,parsed,scalar,0.2,,0.2,,percent,1,
2172,FOMC,2015-04-29T13:00:00-05:00,FEDERAL_RESERVE,federal_reserve:fomc:20150429T180000Z,FOMC 2015-04-29,3,exact,2015-04-29,14:00:00,America/New_York,https://www.federalreserve.gov/newsevents/pressreleases/monetary20150429a.htm,OANDA,82,50312,FOMC Interest Rate Decision,April,3,1430330400,2015-04-29 20:00,EconomicCalendar/raw/oanda/daily/2015-04-29.json,pinned_report_and_event_name,"0-0,25%","0-0,25%","0-0,25%",parsed,range,0,0.25,0,0.25,percent,1,,parsed,range,0,0.25,0,0.25,percent,1,,parsed,range,0,0.25,0,0.25,percent,1,
1727,PCE,2015-04-30T07:30:00-05:00,BEA,bea:pce:20150430T123000Z:march-2015,March 2015,3,exact,2015-04-30,08:30:00,America/New_York,https://www.bea.gov/news/2015/personal-income-and-outlays-march-2015,OANDA,694,50332,Personal Consumption Expenditures,March,2,1430397000,2015-04-30 14:30,EconomicCalendar/raw/oanda/daily/2015-04-30.json,pinned_report_and_event_name,"0,5% m/m","0,1% m/m","0,4% m/m",parsed,scalar,0.5,,0.5,,percent,1,m/m,parsed,scalar,0.1,,0.1,,percent,1,m/m,parsed,scalar,0.4,,0.4,,percent,1,m/m
263,EMPLOYMENT,2015-05-08T07:30:00-05:00,BLS,bls:employment:20150508T123000Z:april-2015,April 2015,3,exact,2015-05-08,08:30:00,America/New_York,https://www.bls.gov/schedule/2015/home.htm,OANDA,707,50685,Non-Farm Employment Change,April,3,1431088200,2015-05-08 14:30,EconomicCalendar/raw/oanda/daily/2015-05-08.json,pinned_report_and_event_name,225 k,126 k,223 k,parsed,scalar,225,,225000,,count,1000,,parsed,scalar,126,,126000,,count,1000,,parsed,scalar,223,,223000,,count,1000,
2393,RETAIL_SALES,2015-05-13T07:30:00-05:00,CENSUS,census:retail-sales-2015-04,April 2015,3,exact,2015-05-13,08:30:00,America/New_York,https://www2.census.gov/retail/releases/historical/marts/adv1504.pdf,OANDA,696,53026,Retail Sales,April,3,1431520200,2015-05-13 14:30,EconomicCalendar/raw/oanda/daily/2015-05-13.json,pinned_report_and_event_name,"0,3% m/m","0,9% m/m","0,0% m/m",parsed,scalar,0.3,,0.3,,percent,1,m/m,parsed,scalar,0.9,,0.9,,percent,1,m/m,parsed,scalar,0.0,,0.0,,percent,1,m/m
265,PPI,2015-05-14T07:30:00-05:00,BLS,bls:ppi:20150514T123000Z:april-2015,April 2015,3,exact,2015-05-14,08:30:00,America/New_York,https://www.bls.gov/schedule/2015/home.htm,OANDA,703,50555,Producer Price Index,April,2,1431606600,2015-05-14 14:30,EconomicCalendar/raw/oanda/daily/2015-05-14.json,pinned_report_and_event_name,"0,2% m/m","0,2% m/m","-0,4% m/m",parsed,scalar,0.2,,0.2,,percent,1,m/m,parsed,scalar,0.2,,0.2,,percent,1,m/m,parsed,scalar,-0.4,,-0.4,,percent,1,m/m
266,CPI,2015-05-22T07:30:00-05:00,BLS,bls:cpi:20150522T123000Z:april-2015,April 2015,3,exact,2015-05-22,08:30:00,America/New_York,https://www.bls.gov/schedule/2015/home.htm,OANDA,699,50497,Consumer Price Index,April,3,1432297800,2015-05-22 14:30,EconomicCalendar/raw/oanda/daily/2015-05-22.json,pinned_report_and_event_name,"0,1% m/m","0,2% m/m","0,1% m/m",parsed,scalar,0.1,,0.1,,percent,1,m/m,parsed,scalar,0.2,,0.2,,percent,1,m/m,parsed,scalar,0.1,,0.1,,percent,1,m/m
2394,DURABLE_GOODS,2015-05-26T07:30:00-05:00,CENSUS,census:durable-goods-2015-04,April 2015,3,exact,2015-05-26,08:30:00,America/New_York,https://www.census.gov/manufacturing/m3/historical_data/pressreleases/adv/2015/apr15adv.pdf,OANDA,59,53081,Durable Goods Orders - pre..,April,3,1432643400,2015-05-26 14:30,EconomicCalendar/raw/oanda/daily/2015-05-26.json,pinned_report_and_event_name,"-0,4% m/m","4,4% m/m","-0,5% m/m",parsed,scalar,-0.4,,-0.4,,percent,1,m/m,parsed,scalar,4.4,,4.4,,percent,1,m/m,parsed,scalar,-0.5,,-0.5,,percent,1,m/m
1728,GDP,2015-05-29T07:30:00-05:00,BEA,bea:gdp:20150529T123000Z:q1-2015-second,Q1 2015 Second,3,exact,2015-05-29,08:30:00,America/New_York,https://www.bea.gov/news/2015/gross-domestic-product-1st-quarter-2015-second-estimate-corporate-profits-1st-quarter,OANDA,690,50629,GDP (Annualized) - rev..,1Q,3,1432902600,2015-05-29 14:30,EconomicCalendar/raw/oanda/daily/2015-05-29.json,pinned_report_and_event_name,"0,2%","2,2%","-0,7%",parsed,scalar,0.2,,0.2,,percent,1,,parsed,scalar,2.2,,2.2,,percent,1,,parsed,scalar,-0.7,,-0.7,,percent,1,
1729,PCE,2015-06-01T07:30:00-05:00,BEA,bea:pce:20150601T123000Z:april-2015,April 2015,3,exact,2015-06-01,08:30:00,America/New_York,https://www.bea.gov/news/2015/personal-income-and-outlays-april-2015,OANDA,694,50336,Personal Consumption Expenditures,April,2,1433161800,2015-06-01 14:30,EconomicCalendar/raw/oanda/daily/2015-06-01.json,pinned_report_and_event_name,"0,2% m/m","0,4% m/m","0,0% m/m",parsed,scalar,0.2,,0.2,,percent,1,m/m,parsed,scalar,0.4,,0.4,,percent,1,m/m,parsed,scalar,0.0,,0.0,,percent,1,m/m
267,EMPLOYMENT,2015-06-05T07:30:00-05:00,BLS,bls:employment:20150605T123000Z:may-2015,May 2015,3,exact,2015-06-05,08:30:00,America/New_York,https://www.bls.gov/schedule/2015/home.htm,OANDA,707,50691,Non-Farm Employment Change,May,3,1433507400,2015-06-05 14:30,EconomicCalendar/raw/oanda/daily/2015-06-05.json,pinned_report_and_event_name,225 k,223 k,280 k,parsed,scalar,225,,225000,,count,1000,,parsed,scalar,223,,223000,,count,1000,,parsed,scalar,280,,280000,,count,1000,
2395,RETAIL_SALES,2015-06-11T07:30:00-05:00,CENSUS,census:retail-sales-2015-05,May 2015,3,exact,2015-06-11,08:30:00,America/New_York,https://www2.census.gov/retail/releases/historical/marts/adv1505.pdf,OANDA,696,53029,Retail Sales,May,3,1434025800,2015-06-11 14:30,EconomicCalendar/raw/oanda/daily/2015-06-11.json,pinned_report_and_event_name,"1,1% m/m","0,0% m/m","1,2% m/m",parsed,scalar,1.1,,1.1,,percent,1,m/m,parsed,scalar,0.0,,0.0,,percent,1,m/m,parsed,scalar,1.2,,1.2,,percent,1,m/m
269,PPI,2015-06-12T07:30:00-05:00,BLS,bls:ppi:20150612T123000Z:may-2015,May 2015,3,exact,2015-06-12,08:30:00,America/New_York,https://www.bls.gov/schedule/2015/home.htm,OANDA,703,50560,Producer Price Index,May,2,1434112200,2015-06-12 14:30,EconomicCalendar/raw/oanda/daily/2015-06-12.json,pinned_report_and_event_name,"0,4% m/m","-0,4% m/m","0,5% m/m",parsed,scalar,0.4,,0.4,,percent,1,m/m,parsed,scalar,-0.4,,-0.4,,percent,1,m/m,parsed,scalar,0.5,,0.5,,percent,1,m/m
2173,FOMC,2015-06-17T13:00:00-05:00,FEDERAL_RESERVE,federal_reserve:fomc:20150617T180000Z,FOMC 2015-06-17,3,exact,2015-06-17,14:00:00,America/New_York,https://www.federalreserve.gov/newsevents/pressreleases/monetary20150617a.htm,OANDA,82,50313,FOMC Interest Rate Decision,June,3,1434564000,2015-06-17 20:00,EconomicCalendar/raw/oanda/daily/2015-06-17.json,pinned_report_and_event_name,"0-0,25%","0-0,25%","0-0,25%",parsed,range,0,0.25,0,0.25,percent,1,,parsed,range,0,0.25,0,0.25,percent,1,,parsed,range,0,0.25,0,0.25,percent,1,
270,CPI,2015-06-18T07:30:00-05:00,BLS,bls:cpi:20150618T123000Z:may-2015,May 2015,3,exact,2015-06-18,08:30:00,America/New_York,https://www.bls.gov/schedule/2015/home.htm,OANDA,699,50502,Consumer Price Index,May,3,1434630600,2015-06-18 14:30,EconomicCalendar/raw/oanda/daily/2015-06-18.json,pinned_report_and_event_name,"0,5% m/m","0,1% m/m","0,4% m/m",parsed,scalar,0.5,,0.5,,percent,1,m/m,parsed,scalar,0.1,,0.1,,percent,1,m/m,parsed,scalar,0.4,,0.4,,percent,1,m/m
2396,DURABLE_GOODS,2015-06-23T07:30:00-05:00,CENSUS,census:durable-goods-2015-05,May 2015,3,exact,2015-06-23,08:30:00,America/New_York,https://www.census.gov/manufacturing/m3/historical_data/pressreleases/adv/2015/may15adv.pdf,OANDA,59,53083,Durable Goods Orders - pre..,May,3,1435062600,2015-06-23 14:30,EconomicCalendar/raw/oanda/daily/2015-06-23.json,pinned_report_and_event_name,"0,2% m/m",-1% m/m,"-1,8% m/m",parsed,scalar,0.2,,0.2,,percent,1,m/m,parsed,scalar,-1,,-1,,percent,1,m/m,parsed,scalar,-1.8,,-1.8,,percent,1,m/m
1730,GDP,2015-06-24T07:30:00-05:00,BEA,bea:gdp:20150624T123000Z:q1-2015-third,Q1 2015 Third,3,exact,2015-06-24,08:30:00,America/New_York,https://www.bea.gov/news/2015/gross-domestic-product-1st-quarter-2015-third-estimate-corporate-profits-1st-quarter-2015,OANDA,690,50633,GDP (Annualized) - fin..,1Q,3,1435149000,2015-06-24 14:30,EconomicCalendar/raw/oanda/daily/2015-06-24.json,pinned_report_and_event_name,"-0,7%","2,2%","-0,2%",parsed,scalar,-0.7,,-0.7,,percent,1,,parsed,scalar,2.2,,2.2,,percent,1,,parsed,scalar,-0.2,,-0.2,,percent,1,
1731,PCE,2015-06-25T07:30:00-05:00,BEA,bea:pce:20150625T123000Z:may-2015,May 2015,3,exact,2015-06-25,08:30:00,America/New_York,https://www.bea.gov/news/2015/personal-income-and-outlays-may-2015,OANDA,694,50340,Personal Consumption Expenditures,May,2,1435235400,2015-06-25 14:30,EconomicCalendar/raw/oanda/daily/2015-06-25.json,pinned_report_and_event_name,"0,6% m/m","0,0% m/m","0,9% m/m",parsed,scalar,0.6,,0.6,,percent,1,m/m,parsed,scalar,0.0,,0.0,,percent,1,m/m,parsed,scalar,0.9,,0.9,,percent,1,m/m
271,EMPLOYMENT,2015-07-02T07:30:00-05:00,BLS,bls:employment:20150702T123000Z:june-2015,June 2015,3,exact,2015-07-02,08:30:00,America/New_York,https://www.bls.gov/schedule/2015/home.htm,OANDA,707,50697,Non-Farm Employment Change,June,3,1435840200,2015-07-02 14:30,EconomicCalendar/raw/oanda/daily/2015-07-02.json,pinned_report_and_event_name,230 k,280 k,223 k,parsed,scalar,230,,230000,,count,1000,,parsed,scalar,280,,280000,,count,1000,,parsed,scalar,223,,223000,,count,1000,
2397,RETAIL_SALES,2015-07-14T07:30:00-05:00,CENSUS,census:retail-sales-2015-06,June 2015,3,exact,2015-07-14,08:30:00,America/New_York,https://www2.census.gov/retail/releases/historical/marts/adv1506.pdf,OANDA,696,53032,Retail Sales,June,3,1436877000,2015-07-14 14:30,EconomicCalendar/raw/oanda/daily/2015-07-14.json,pinned_report_and_event_name,"0,2% m/m","1,2% m/m","-0,3% m/m",parsed,scalar,0.2,,0.2,,percent,1,m/m,parsed,scalar,1.2,,1.2,,percent,1,m/m,parsed,scalar,-0.3,,-0.3,,percent,1,m/m
273,PPI,2015-07-15T07:30:00-05:00,BLS,bls:ppi:20150715T123000Z:june-2015,June 2015,3,exact,2015-07-15,08:30:00,America/New_York,https://www.bls.gov/schedule/2015/home.htm,OANDA,703,50565,Producer Price Index,June,2,1436963400,2015-07-15 14:30,EconomicCalendar/raw/oanda/daily/2015-07-15.json,pinned_report_and_event_name,"0,2% m/m","0,5% m/m","0,4% m/m",parsed,scalar,0.2,,0.2,,percent,1,m/m,parsed,scalar,0.5,,0.5,,percent,1,m/m,parsed,scalar,0.4,,0.4,,percent,1,m/m
274,CPI,2015-07-17T07:30:00-05:00,BLS,bls:cpi:20150717T123000Z:june-2015,June 2015,3,exact,2015-07-17,08:30:00,America/New_York,https://www.bls.gov/schedule/2015/home.htm,OANDA,699,50507,Consumer Price Index,June,3,1437136200,2015-07-17 14:30,EconomicCalendar/raw/oanda/daily/2015-07-17.json,pinned_report_and_event_name,"0,3% m/m","0,4% m/m","0,3% m/m",parsed,scalar,0.3,,0.3,,percent,1,m/m,parsed,scalar,0.4,,0.4,,percent,1,m/m,parsed,scalar,0.3,,0.3,,percent,1,m/m
2398,DURABLE_GOODS,2015-07-27T07:30:00-05:00,CENSUS,census:durable-goods-2015-06,June 2015,3,exact,2015-07-27,08:30:00,America/New_York,https://www.census.gov/manufacturing/m3/historical_data/pressreleases/adv/2015/jun15adv.pdf,OANDA,59,53085,Durable Goods Orders - pre..,June,3,1438000200,2015-07-27 14:30,EconomicCalendar/raw/oanda/daily/2015-07-27.json,pinned_report_and_event_name,3% m/m,"-2,2% m/m","3,4% m/m",parsed,scalar,3,,3,,percent,1,m/m,parsed,scalar,-2.2,,-2.2,,percent,1,m/m,parsed,scalar,3.4,,3.4,,percent,1,m/m
2174,FOMC,2015-07-29T13:00:00-05:00,FEDERAL_RESERVE,federal_reserve:fomc:20150729T180000Z,FOMC 2015-07-29,3,exact,2015-07-29,14:00:00,America/New_York,https://www.federalreserve.gov/newsevents/pressreleases/monetary20150729a.htm,OANDA,82,50314,FOMC Interest Rate Decision,July,3,1438192800,2015-07-29 20:00,EconomicCalendar/raw/oanda/daily/2015-07-29.json,pinned_report_and_event_name,"0-0,25%","0-0,25%","0-0,25%",parsed,range,0,0.25,0,0.25,percent,1,,parsed,range,0,0.25,0,0.25,percent,1,,parsed,range,0,0.25,0,0.25,percent,1,
1732,GDP,2015-07-30T07:30:00-05:00,BEA,bea:gdp:20150730T123000Z:q2-2015-advance,Q2 2015 Advance,3,exact,2015-07-30,08:30:00,America/New_York,https://www.bea.gov/news/2015/gross-domestic-product-2nd-quarter-2015-advance-estimate-includes-historical-revisions,OANDA,690,50637,GDP (Annualized) - pre..,2Q,3,1438259400,2015-07-30 14:30,EconomicCalendar/raw/oanda/daily/2015-07-30.json,pinned_report_and_event_name,"2,6%","-0,2%","2,3%",parsed,scalar,2.6,,2.6,,percent,1,,parsed,scalar,-0.2,,-0.2,,percent,1,,parsed,scalar,2.3,,2.3,,percent,1,
1733,PCE,2015-08-03T07:30:00-05:00,BEA,bea:pce:20150803T123000Z:june-2015,June 2015,3,exact,2015-08-03,08:30:00,America/New_York,https://www.bea.gov/news/2015/personal-income-and-outlays-june-2015-includes-historical-revisions,OANDA,694,50344,Personal Consumption Expenditures,June,2,1438605000,2015-08-03 14:30,EconomicCalendar/raw/oanda/daily/2015-08-03.json,pinned_report_and_event_name,"0,2% m/m","0,9% m/m","0,2% m/m",parsed,scalar,0.2,,0.2,,percent,1,m/m,parsed,scalar,0.9,,0.9,,percent,1,m/m,parsed,scalar,0.2,,0.2,,percent,1,m/m
275,EMPLOYMENT,2015-08-07T07:30:00-05:00,BLS,bls:employment:20150807T123000Z:july-2015,July 2015,3,exact,2015-08-07,08:30:00,America/New_York,https://www.bls.gov/schedule/2015/home.htm,OANDA,707,50703,Non-Farm Employment Change,July,3,1438950600,2015-08-07 14:30,EconomicCalendar/raw/oanda/daily/2015-08-07.json,pinned_report_and_event_name,223 k,223 k,215 k,parsed,scalar,223,,223000,,count,1000,,parsed,scalar,223,,223000,,count,1000,,parsed,scalar,215,,215000,,count,1000,
2399,RETAIL_SALES,2015-08-13T07:30:00-05:00,CENSUS,census:retail-sales-2015-07,July 2015,3,exact,2015-08-13,08:30:00,America/New_York,https://www2.census.gov/retail/releases/historical/marts/adv1507.pdf,OANDA,696,53035,Retail Sales,July,3,1439469000,2015-08-13 14:30,EconomicCalendar/raw/oanda/daily/2015-08-13.json,pinned_report_and_event_name,"0,4% m/m","-0,3% m/m","0,6% m/m",parsed,scalar,0.4,,0.4,,percent,1,m/m,parsed,scalar,-0.3,,-0.3,,percent,1,m/m,parsed,scalar,0.6,,0.6,,percent,1,m/m
277,PPI,2015-08-14T07:30:00-05:00,BLS,bls:ppi:20150814T123000Z:july-2015,July 2015,3,exact,2015-08-14,08:30:00,America/New_York,https://www.bls.gov/schedule/2015/home.htm,OANDA,703,50570,Producer Price Index,July,2,1439555400,2015-08-14 14:30,EconomicCalendar/raw/oanda/daily/2015-08-14.json,pinned_report_and_event_name,"0,2% m/m","0,4% m/m","0,2% m/m",parsed,scalar,0.2,,0.2,,percent,1,m/m,parsed,scalar,0.4,,0.4,,percent,1,m/m,parsed,scalar,0.2,,0.2,,percent,1,m/m
278,CPI,2015-08-19T07:30:00-05:00,BLS,bls:cpi:20150819T123000Z:july-2015,July 2015,3,exact,2015-08-19,08:30:00,America/New_York,https://www.bls.gov/schedule/2015/home.htm,OANDA,699,50512,Consumer Price Index,July,3,1439987400,2015-08-19 14:30,EconomicCalendar/raw/oanda/daily/2015-08-19.json,pinned_report_and_event_name,"0,2% m/m","0,3% m/m","0,1% m/m",parsed,scalar,0.2,,0.2,,percent,1,m/m,parsed,scalar,0.3,,0.3,,percent,1,m/m,parsed,scalar,0.1,,0.1,,percent,1,m/m
2400,DURABLE_GOODS,2015-08-26T07:30:00-05:00,CENSUS,census:durable-goods-2015-07,July 2015,3,exact,2015-08-26,08:30:00,America/New_York,https://www.census.gov/manufacturing/m3/historical_data/pressreleases/adv/2015/jul15adv.pdf,OANDA,59,53087,Durable Goods Orders - pre..,July,3,1440592200,2015-08-26 14:30,EconomicCalendar/raw/oanda/daily/2015-08-26.json,pinned_report_and_event_name,"-0,4% m/m","3,4% m/m",2% m/m,parsed,scalar,-0.4,,-0.4,,percent,1,m/m,parsed,scalar,3.4,,3.4,,percent,1,m/m,parsed,scalar,2,,2,,percent,1,m/m
1734,GDP,2015-08-27T07:30:00-05:00,BEA,bea:gdp:20150827T123000Z:q2-2015-second,Q2 2015 Second,3,exact,2015-08-27,08:30:00,America/New_York,https://www.bea.gov/news/2015/gross-domestic-product-2nd-quarter-2015-second-estimate-corporate-profits-2nd-quarter,OANDA,690,50641,GDP (Annualized) - rev..,2Q,3,1440678600,2015-08-27 14:30,EconomicCalendar/raw/oanda/daily/2015-08-27.json,pinned_report_and_event_name,"2,3%","0,6%","3,7%",parsed,scalar,2.3,,2.3,,percent,1,,parsed,scalar,0.6,,0.6,,percent,1,,parsed,scalar,3.7,,3.7,,percent,1,
1735,PCE,2015-08-28T07:30:00-05:00,BEA,bea:pce:20150828T123000Z:july-2015,July 2015,3,exact,2015-08-28,08:30:00,America/New_York,https://www.bea.gov/news/2015/personal-income-and-outlays-july-2015,OANDA,694,50348,Personal Consumption Expenditures,July,2,1440765000,2015-08-28 14:30,EconomicCalendar/raw/oanda/daily/2015-08-28.json,pinned_report_and_event_name,"0,1% m/m","0,2% m/m","0,3% m/m",parsed,scalar,0.1,,0.1,,percent,1,m/m,parsed,scalar,0.2,,0.2,,percent,1,m/m,parsed,scalar,0.3,,0.3,,percent,1,m/m
279,EMPLOYMENT,2015-09-04T07:30:00-05:00,BLS,bls:employment:20150904T123000Z:august-2015,August 2015,3,exact,2015-09-04,08:30:00,America/New_York,https://www.bls.gov/schedule/2015/home.htm,OANDA,707,50709,Non-Farm Employment Change,August,3,1441369800,2015-09-04 14:30,EconomicCalendar/raw/oanda/daily/2015-09-04.json,pinned_report_and_event_name,220 k,215 k,173 k,parsed,scalar,220,,220000,,count,1000,,parsed,scalar,215,,215000,,count,1000,,parsed,scalar,173,,173000,,count,1000,
281,PPI,2015-09-11T07:30:00-05:00,BLS,bls:ppi:20150911T123000Z:august-2015,August 2015,3,exact,2015-09-11,08:30:00,America/New_York,https://www.bls.gov/schedule/2015/home.htm,OANDA,703,50575,Producer Price Index,August,2,1441974600,2015-09-11 14:30,EconomicCalendar/raw/oanda/daily/2015-09-11.json,pinned_report_and_event_name,"-0,1% m/m","0,2% m/m","0,0% m/m",parsed,scalar,-0.1,,-0.1,,percent,1,m/m,parsed,scalar,0.2,,0.2,,percent,1,m/m,parsed,scalar,0.0,,0.0,,percent,1,m/m
2401,RETAIL_SALES,2015-09-15T07:30:00-05:00,CENSUS,census:retail-sales-2015-08,August 2015,3,exact,2015-09-15,08:30:00,America/New_York,https://www2.census.gov/retail/releases/historical/marts/adv1508.pdf,OANDA,696,53038,Retail Sales,August,3,1442320200,2015-09-15 14:30,EconomicCalendar/raw/oanda/daily/2015-09-15.json,pinned_report_and_event_name,"0,3% m/m","0,6% m/m","0,2% m/m",parsed,scalar,0.3,,0.3,,percent,1,m/m,parsed,scalar,0.6,,0.6,,percent,1,m/m,parsed,scalar,0.2,,0.2,,percent,1,m/m
282,CPI,2015-09-16T07:30:00-05:00,BLS,bls:cpi:20150916T123000Z:august-2015,August 2015,3,exact,2015-09-16,08:30:00,America/New_York,https://www.bls.gov/schedule/2015/home.htm,OANDA,699,50517,Consumer Price Index,August,3,1442406600,2015-09-16 14:30,EconomicCalendar/raw/oanda/daily/2015-09-16.json,pinned_report_and_event_name,"0,0% m/m","0,1% m/m","-0,1% m/m",parsed,scalar,0.0,,0.0,,percent,1,m/m,parsed,scalar,0.1,,0.1,,percent,1,m/m,parsed,scalar,-0.1,,-0.1,,percent,1,m/m
2175,FOMC,2015-09-17T13:00:00-05:00,FEDERAL_RESERVE,federal_reserve:fomc:20150917T180000Z,FOMC 2015-09-17,3,exact,2015-09-17,14:00:00,America/New_York,https://www.federalreserve.gov/newsevents/pressreleases/monetary20150917a.htm,OANDA,82,50315,FOMC Interest Rate Decision,September,3,1442512800,2015-09-17 20:00,EconomicCalendar/raw/oanda/daily/2015-09-17.json,pinned_report_and_event_name,"0-0,25%","0-0,25%","0-0,25%",parsed,range,0,0.25,0,0.25,percent,1,,parsed,range,0,0.25,0,0.25,percent,1,,parsed,range,0,0.25,0,0.25,percent,1,
2402,DURABLE_GOODS,2015-09-24T07:30:00-05:00,CENSUS,census:durable-goods-2015-08,August 2015,3,exact,2015-09-24,08:30:00,America/New_York,https://www.census.gov/manufacturing/m3/historical_data/pressreleases/adv/2015/aug15adv.pdf,OANDA,59,53089,Durable Goods Orders - pre..,August,3,1443097800,2015-09-24 14:30,EconomicCalendar/raw/oanda/daily/2015-09-24.json,pinned_report_and_event_name,-2% m/m,"2,2% m/m",-2% m/m,parsed,scalar,-2,,-2,,percent,1,m/m,parsed,scalar,2.2,,2.2,,percent,1,m/m,parsed,scalar,-2,,-2,,percent,1,m/m
1736,GDP,2015-09-25T07:30:00-05:00,BEA,bea:gdp:20150925T123000Z:q2-2015-third,Q2 2015 Third,3,exact,2015-09-25,08:30:00,America/New_York,https://www.bea.gov/news/2015/gross-domestic-product-2nd-quarter-2015-third-estimate-corporate-profits-2nd-quarter-2015,OANDA,690,50645,GDP (Annualized) - fin..,2Q,3,1443184200,2015-09-25 14:30,EconomicCalendar/raw/oanda/daily/2015-09-25.json,pinned_report_and_event_name,"3,7%","0,6%","3,9%",parsed,scalar,3.7,,3.7,,percent,1,,parsed,scalar,0.6,,0.6,,percent,1,,parsed,scalar,3.9,,3.9,,percent,1,
1737,PCE,2015-09-28T07:30:00-05:00,BEA,bea:pce:20150928T123000Z:august-2015,August 2015,3,exact,2015-09-28,08:30:00,America/New_York,https://www.bea.gov/news/2015/personal-income-and-outlays-august-2015,OANDA,694,50352,Personal Consumption Expenditures,August,2,1443443400,2015-09-28 14:30,EconomicCalendar/raw/oanda/daily/2015-09-28.json,pinned_report_and_event_name,"0,3% m/m","0,3% m/m","0,4% m/m",parsed,scalar,0.3,,0.3,,percent,1,m/m,parsed,scalar,0.3,,0.3,,percent,1,m/m,parsed,scalar,0.4,,0.4,,percent,1,m/m
283,EMPLOYMENT,2015-10-02T07:30:00-05:00,BLS,bls:employment:20151002T123000Z:september-2015,September 2015,3,exact,2015-10-02,08:30:00,America/New_York,https://www.bls.gov/schedule/2015/home.htm,OANDA,707,50715,Non-Farm Employment Change,September,3,1443789000,2015-10-02 14:30,EconomicCalendar/raw/oanda/daily/2015-10-02.json,pinned_report_and_event_name,200 k,173 k,142 k,parsed,scalar,200,,200000,,count,1000,,parsed,scalar,173,,173000,,count,1000,,parsed,scalar,142,,142000,,count,1000,
284,PPI,2015-10-14T07:30:00-05:00,BLS,bls:ppi:20151014T123000Z:september-2015,September 2015,3,exact,2015-10-14,08:30:00,America/New_York,https://www.bls.gov/schedule/2015/home.htm,OANDA,703,50580,Producer Price Index,September,2,1444825800,2015-10-14 14:30,EconomicCalendar/raw/oanda/daily/2015-10-14.json,pinned_report_and_event_name,"-0,2% m/m","0,0% m/m","-0,5% m/m",parsed,scalar,-0.2,,-0.2,,percent,1,m/m,parsed,scalar,0.0,,0.0,,percent,1,m/m,parsed,scalar,-0.5,,-0.5,,percent,1,m/m
2403,RETAIL_SALES,2015-10-14T07:30:00-05:00,CENSUS,census:retail-sales-2015-09,September 2015,3,exact,2015-10-14,08:30:00,America/New_York,https://www2.census.gov/retail/releases/historical/marts/adv1509.pdf,OANDA,696,53041,Retail Sales,September,3,1444825800,2015-10-14 14:30,EconomicCalendar/raw/oanda/daily/2015-10-14.json,pinned_report_and_event_name,"0,2% m/m","0,2% m/m","0,1% m/m",parsed,scalar,0.2,,0.2,,percent,1,m/m,parsed,scalar,0.2,,0.2,,percent,1,m/m,parsed,scalar,0.1,,0.1,,percent,1,m/m
285,CPI,2015-10-15T07:30:00-05:00,BLS,bls:cpi:20151015T123000Z:september-2015,September 2015,3,exact,2015-10-15,08:30:00,America/New_York,https://www.bls.gov/schedule/2015/home.htm,OANDA,699,50522,Consumer Price Index,September,3,1444912200,2015-10-15 14:30,EconomicCalendar/raw/oanda/daily/2015-10-15.json,pinned_report_and_event_name,"-0,2% m/m","-0,1% m/m","-0,2% m/m",parsed,scalar,-0.2,,-0.2,,percent,1,m/m,parsed,scalar,-0.1,,-0.1,,percent,1,m/m,parsed,scalar,-0.2,,-0.2,,percent,1,m/m
2404,DURABLE_GOODS,2015-10-27T07:30:00-05:00,CENSUS,census:durable-goods-2015-09,September 2015,3,exact,2015-10-27,08:30:00,America/New_York,https://www.census.gov/manufacturing/m3/historical_data/pressreleases/adv/2015/sep15adv.pdf,OANDA,59,53091,Durable Goods Orders - pre..,September,3,1445949000,2015-10-27 13:30,EconomicCalendar/raw/oanda/daily/2015-10-27.json,pinned_report_and_event_name,"-1,2% m/m","-2,3% m/m","-1,2% m/m",parsed,scalar,-1.2,,-1.2,,percent,1,m/m,parsed,scalar,-2.3,,-2.3,,percent,1,m/m,parsed,scalar,-1.2,,-1.2,,percent,1,m/m
2176,FOMC,2015-10-28T13:00:00-05:00,FEDERAL_RESERVE,federal_reserve:fomc:20151028T180000Z,FOMC 2015-10-28,3,exact,2015-10-28,14:00:00,America/New_York,https://www.federalreserve.gov/newsevents/pressreleases/monetary20151028a.htm,OANDA,82,50316,FOMC Interest Rate Decision,October,3,1446055200,2015-10-28 19:00,EconomicCalendar/raw/oanda/daily/2015-10-28.json,pinned_report_and_event_name,"0-0,25%","0-0,25%","0-0,25%",parsed,range,0,0.25,0,0.25,percent,1,,parsed,range,0,0.25,0,0.25,percent,1,,parsed,range,0,0.25,0,0.25,percent,1,
1738,GDP,2015-10-29T07:30:00-05:00,BEA,bea:gdp:20151029T123000Z:q3-2015-advance,Q3 2015 Advance,3,exact,2015-10-29,08:30:00,America/New_York,https://www.bea.gov/news/2015/gross-domestic-product-3rd-quarter-2015-advance-estimate,OANDA,690,50649,GDP (Annualized) - pre..,3Q,3,1446121800,2015-10-29 13:30,EconomicCalendar/raw/oanda/daily/2015-10-29.json,pinned_report_and_event_name,"1,6%","3,9%","1,5%",parsed,scalar,1.6,,1.6,,percent,1,,parsed,scalar,3.9,,3.9,,percent,1,,parsed,scalar,1.5,,1.5,,percent,1,
1739,PCE,2015-10-30T07:30:00-05:00,BEA,bea:pce:20151030T123000Z:september-2015,September 2015,3,exact,2015-10-30,08:30:00,America/New_York,https://www.bea.gov/news/2015/personal-income-and-outlays-september-2015,OANDA,694,50356,Personal Consumption Expenditures,September,2,1446208200,2015-10-30 13:30,EconomicCalendar/raw/oanda/daily/2015-10-30.json,pinned_report_and_event_name,"0,2% m/m","0,4% m/m","0,1% m/m",parsed,scalar,0.2,,0.2,,percent,1,m/m,parsed,scalar,0.4,,0.4,,percent,1,m/m,parsed,scalar,0.1,,0.1,,percent,1,m/m
287,EMPLOYMENT,2015-11-06T07:30:00-06:00,BLS,bls:employment:20151106T133000Z:october-2015,October 2015,3,exact,2015-11-06,08:30:00,America/New_York,https://www.bls.gov/schedule/2015/home.htm,OANDA,707,50721,Non-Farm Employment Change,October,3,1446816600,2015-11-06 14:30,EconomicCalendar/raw/oanda/daily/2015-11-06.json,pinned_report_and_event_name,180 k,142 k,271 k,parsed,scalar,180,,180000,,count,1000,,parsed,scalar,142,,142000,,count,1000,,parsed,scalar,271,,271000,,count,1000,
289,PPI,2015-11-13T07:30:00-06:00,BLS,bls:ppi:20151113T133000Z:october-2015,October 2015,3,exact,2015-11-13,08:30:00,America/New_York,https://www.bls.gov/schedule/2015/home.htm,OANDA,703,50585,Producer Price Index,October,2,1447421400,2015-11-13 14:30,EconomicCalendar/raw/oanda/daily/2015-11-13.json,pinned_report_and_event_name,"0,1% m/m","-0,5% m/m","-0,4% m/m",parsed,scalar,0.1,,0.1,,percent,1,m/m,parsed,scalar,-0.5,,-0.5,,percent,1,m/m,parsed,scalar,-0.4,,-0.4,,percent,1,m/m
2405,RETAIL_SALES,2015-11-13T07:30:00-06:00,CENSUS,census:retail-sales-2015-10,October 2015,3,exact,2015-11-13,08:30:00,America/New_York,https://www2.census.gov/retail/releases/historical/marts/adv1510.pdf,OANDA,696,53044,Retail Sales,October,3,1447421400,2015-11-13 14:30,EconomicCalendar/raw/oanda/daily/2015-11-13.json,pinned_report_and_event_name,"0,3% m/m","0,1% m/m","0,1% m/m",parsed,scalar,0.3,,0.3,,percent,1,m/m,parsed,scalar,0.1,,0.1,,percent,1,m/m,parsed,scalar,0.1,,0.1,,percent,1,m/m
290,CPI,2015-11-17T07:30:00-06:00,BLS,bls:cpi:20151117T133000Z:october-2015,October 2015,3,exact,2015-11-17,08:30:00,America/New_York,https://www.bls.gov/schedule/2015/home.htm,OANDA,699,50527,Consumer Price Index,October,3,1447767000,2015-11-17 14:30,EconomicCalendar/raw/oanda/daily/2015-11-17.json,pinned_report_and_event_name,"0,2% m/m","-0,2% m/m","0,2% m/m",parsed,scalar,0.2,,0.2,,percent,1,m/m,parsed,scalar,-0.2,,-0.2,,percent,1,m/m,parsed,scalar,0.2,,0.2,,percent,1,m/m
1740,GDP,2015-11-24T07:30:00-06:00,BEA,bea:gdp:20151124T133000Z:q3-2015-second,Q3 2015 Second,3,exact,2015-11-24,08:30:00,America/New_York,https://www.bea.gov/news/2015/gross-domestic-product-3rd-quarter-2015-second-estimate-corporate-profits-3rd-quarter,OANDA,690,50653,GDP (Annualized) - rev..,3Q,3,1448371800,2015-11-24 14:30,EconomicCalendar/raw/oanda/daily/2015-11-24.json,pinned_report_and_event_name,"1,5%","3,9%","2,1%",parsed,scalar,1.5,,1.5,,percent,1,,parsed,scalar,3.9,,3.9,,percent,1,,parsed,scalar,2.1,,2.1,,percent,1,
2406,DURABLE_GOODS,2015-11-25T07:30:00-06:00,CENSUS,census:durable-goods-2015-10,October 2015,3,exact,2015-11-25,08:30:00,America/New_York,https://www.census.gov/manufacturing/m3/historical_data/pressreleases/adv/2015/oct15adv.pdf,OANDA,59,53093,Durable Goods Orders - pre..,October,3,1448458200,2015-11-25 14:30,EconomicCalendar/raw/oanda/daily/2015-11-25.json,pinned_report_and_event_name,"1,5% m/m","-1,2% m/m",3% m/m,parsed,scalar,1.5,,1.5,,percent,1,m/m,parsed,scalar,-1.2,,-1.2,,percent,1,m/m,parsed,scalar,3,,3,,percent,1,m/m
1741,PCE,2015-11-25T07:30:00-06:00,BEA,bea:pce:20151125T133000Z:october-2015,October 2015,3,exact,2015-11-25,08:30:00,America/New_York,https://www.bea.gov/news/2015/personal-income-and-outlays-october-2015,OANDA,694,50360,Personal Consumption Expenditures,October,2,1448458200,2015-11-25 14:30,EconomicCalendar/raw/oanda/daily/2015-11-25.json,pinned_report_and_event_name,"0,3% m/m","0,1% m/m","0,1% m/m",parsed,scalar,0.3,,0.3,,percent,1,m/m,parsed,scalar,0.1,,0.1,,percent,1,m/m,parsed,scalar,0.1,,0.1,,percent,1,m/m
291,EMPLOYMENT,2015-12-04T07:30:00-06:00,BLS,bls:employment:20151204T133000Z:november-2015,November 2015,3,exact,2015-12-04,08:30:00,America/New_York,https://www.bls.gov/schedule/2015/home.htm,OANDA,707,50727,Non-Farm Employment Change,November,3,1449235800,2015-12-04 14:30,EconomicCalendar/raw/oanda/daily/2015-12-04.json,pinned_report_and_event_name,200 k,271 k,211 k,parsed,scalar,200,,200000,,count,1000,,parsed,scalar,271,,271000,,count,1000,,parsed,scalar,211,,211000,,count,1000,
293,PPI,2015-12-11T07:30:00-06:00,BLS,bls:ppi:20151211T133000Z:november-2015,November 2015,3,exact,2015-12-11,08:30:00,America/New_York,https://www.bls.gov/schedule/2015/home.htm,OANDA,703,50590,Producer Price Index,November,2,1449840600,2015-12-11 14:30,EconomicCalendar/raw/oanda/daily/2015-12-11.json,pinned_report_and_event_name,"0,0% m/m","-0,4% m/m","0,3% m/m",parsed,scalar,0.0,,0.0,,percent,1,m/m,parsed,scalar,-0.4,,-0.4,,percent,1,m/m,parsed,scalar,0.3,,0.3,,percent,1,m/m
2407,RETAIL_SALES,2015-12-11T07:30:00-06:00,CENSUS,census:retail-sales-2015-11,November 2015,3,exact,2015-12-11,08:30:00,America/New_York,https://www2.census.gov/retail/releases/historical/marts/adv1511.pdf,OANDA,696,53047,Retail Sales,November,3,1449840600,2015-12-11 14:30,EconomicCalendar/raw/oanda/daily/2015-12-11.json,pinned_report_and_event_name,"0,3% m/m","0,1% m/m","0,2% m/m",parsed,scalar,0.3,,0.3,,percent,1,m/m,parsed,scalar,0.1,,0.1,,percent,1,m/m,parsed,scalar,0.2,,0.2,,percent,1,m/m
294,CPI,2015-12-15T07:30:00-06:00,BLS,bls:cpi:20151215T133000Z:november-2015,November 2015,3,exact,2015-12-15,08:30:00,America/New_York,https://www.bls.gov/schedule/2015/home.htm,OANDA,699,50532,Consumer Price Index,November,3,1450186200,2015-12-15 14:30,EconomicCalendar/raw/oanda/daily/2015-12-15.json,pinned_report_and_event_name,"0,0% m/m","0,2% m/m","0,0% m/m",parsed,scalar,0.0,,0.0,,percent,1,m/m,parsed,scalar,0.2,,0.2,,percent,1,m/m,parsed,scalar,0.0,,0.0,,percent,1,m/m
2177,FOMC,2015-12-16T13:00:00-06:00,FEDERAL_RESERVE,federal_reserve:fomc:20151216T190000Z,FOMC 2015-12-16,3,exact,2015-12-16,14:00:00,America/New_York,https://www.federalreserve.gov/newsevents/pressreleases/monetary20151216a.htm,OANDA,82,50317,FOMC Interest Rate Decision,December,3,1450292400,2015-12-16 20:00,EconomicCalendar/raw/oanda/daily/2015-12-16.json,pinned_report_and_event_name,"0,25-0,50%","0-0,25%","0,25-0,50%",parsed,range,0.25,0.50,0.25,0.50,percent,1,,parsed,range,0,0.25,0,0.25,percent,1,,parsed,range,0.25,0.50,0.25,0.50,percent,1,
1742,GDP,2015-12-22T07:30:00-06:00,BEA,bea:gdp:20151222T133000Z:q3-2015-third,Q3 2015 Third,3,exact,2015-12-22,08:30:00,America/New_York,https://www.bea.gov/news/2015/gross-domestic-product-3rd-quarter-2015-third-estimate-corporate-profits-3rd-quarter-2015,OANDA,690,50657,GDP (Annualized) - fin..,3Q,3,1450791000,2015-12-22 14:30,EconomicCalendar/raw/oanda/daily/2015-12-22.json,pinned_report_and_event_name,"2,1%","3,9%","2,0%",parsed,scalar,2.1,,2.1,,percent,1,,parsed,scalar,3.9,,3.9,,percent,1,,parsed,scalar,2.0,,2.0,,percent,1,
2408,DURABLE_GOODS,2015-12-23T07:30:00-06:00,CENSUS,census:durable-goods-2015-11,November 2015,3,exact,2015-12-23,08:30:00,America/New_York,https://www.census.gov/manufacturing/m3/historical_data/pressreleases/adv/2015/nov15adv.pdf,OANDA,59,53095,Durable Goods Orders - pre..,November,3,1450877400,2015-12-23 14:30,EconomicCalendar/raw/oanda/daily/2015-12-23.json,pinned_report_and_event_name,"-0,6% m/m","2,9% m/m","0,0% m/m",parsed,scalar,-0.6,,-0.6,,percent,1,m/m,parsed,scalar,2.9,,2.9,,percent,1,m/m,parsed,scalar,0.0,,0.0,,percent,1,m/m
1743,PCE,2015-12-23T07:30:00-06:00,BEA,bea:pce:20151223T133000Z:november-2015,November 2015,3,exact,2015-12-23,08:30:00,America/New_York,https://www.bea.gov/news/2015/personal-income-and-outlays-november-2015,OANDA,694,50364,Personal Consumption Expenditures,November,2,1450877400,2015-12-23 14:30,EconomicCalendar/raw/oanda/daily/2015-12-23.json,pinned_report_and_event_name,"0,3% m/m","0,1% m/m","0,3% m/m",parsed,scalar,0.3,,0.3,,percent,1,m/m,parsed,scalar,0.1,,0.1,,percent,1,m/m,parsed,scalar,0.3,,0.3,,percent,1,m/m
295,EMPLOYMENT,2016-01-08T07:30:00-06:00,BLS,bls:employment:20160108T133000Z:december-2015,December 2015,3,exact,2016-01-08,08:30:00,America/New_York,https://www.bls.gov/schedule/2016/home.htm,OANDA,707,59859,Non-Farm Employment Change,December,3,1452259800,2016-01-08 14:30,EconomicCalendar/raw/oanda/daily/2016-01-08.json,pinned_report_and_event_name,200 k,211 k,292 k,parsed,scalar,200,,200000,,count,1000,,parsed,scalar,211,,211000,,count,1000,,parsed,scalar,292,,292000,,count,1000,
297,PPI,2016-01-15T07:30:00-06:00,BLS,bls:ppi:20160115T133000Z:december-2015,December 2015,3,exact,2016-01-15,08:30:00,America/New_York,https://www.bls.gov/schedule/2016/home.htm,OANDA,703,59659,Producer Price Index,December,2,1452864600,2016-01-15 14:30,EconomicCalendar/raw/oanda/daily/2016-01-15.json,pinned_report_and_event_name,"-0,1% m/m","0,3% m/m","-0,2% m/m",parsed,scalar,-0.1,,-0.1,,percent,1,m/m,parsed,scalar,0.3,,0.3,,percent,1,m/m,parsed,scalar,-0.2,,-0.2,,percent,1,m/m
2409,RETAIL_SALES,2016-01-15T07:30:00-06:00,CENSUS,census:retail-sales-2015-12,December 2015,3,exact,2016-01-15,08:30:00,America/New_York,https://www2.census.gov/retail/releases/historical/marts/adv1512.pdf,OANDA,696,60273,Retail Sales,December,3,1452864600,2016-01-15 14:30,EconomicCalendar/raw/oanda/daily/2016-01-15.json,pinned_report_and_event_name,"0,0% m/m","0,2% m/m","-0,1% m/m",parsed,scalar,0.0,,0.0,,percent,1,m/m,parsed,scalar,0.2,,0.2,,percent,1,m/m,parsed,scalar,-0.1,,-0.1,,percent,1,m/m
298,CPI,2016-01-20T07:30:00-06:00,BLS,bls:cpi:20160120T133000Z:december-2015,December 2015,3,exact,2016-01-20,08:30:00,America/New_York,https://www.bls.gov/schedule/2016/home.htm,OANDA,699,59599,Consumer Price Index,December,3,1453296600,2016-01-20 14:30,EconomicCalendar/raw/oanda/daily/2016-01-20.json,pinned_report_and_event_name,"0,0% m/m","0,0% m/m","-0,1% m/m",parsed,scalar,0.0,,0.0,,percent,1,m/m,parsed,scalar,0.0,,0.0,,percent,1,m/m,parsed,scalar,-0.1,,-0.1,,percent,1,m/m
2178,FOMC,2016-01-27T13:00:00-06:00,FEDERAL_RESERVE,federal_reserve:fomc:20160127T190000Z,FOMC 2016-01-27,3,exact,2016-01-27,14:00:00,America/New_York,https://www.federalreserve.gov/newsevents/pressreleases/monetary20160127a.htm,OANDA,82,56616,FOMC Interest Rate Decision,January,3,1453921200,2016-01-27 20:00,EconomicCalendar/raw/oanda/daily/2016-01-27.json,pinned_report_and_event_name,"0,25-0,50%","0,25-0,50%","0,25-0,50%",parsed,range,0.25,0.50,0.25,0.50,percent,1,,parsed,range,0.25,0.50,0.25,0.50,percent,1,,parsed,range,0.25,0.50,0.25,0.50,percent,1,
2410,DURABLE_GOODS,2016-01-28T07:30:00-06:00,CENSUS,census:durable-goods-2015-12,December 2015,3,exact,2016-01-28,08:30:00,America/New_York,https://www.census.gov/manufacturing/m3/historical_data/pressreleases/adv/2015/dec15adv.pdf,OANDA,59,60340,Durable Goods Orders - pre..,December,3,1453987800,2016-01-28 14:30,EconomicCalendar/raw/oanda/daily/2016-01-28.json,pinned_report_and_event_name,"-0,6% m/m","0,0% m/m","-5,1% m/m",parsed,scalar,-0.6,,-0.6,,percent,1,m/m,parsed,scalar,0.0,,0.0,,percent,1,m/m,parsed,scalar,-5.1,,-5.1,,percent,1,m/m
1744,GDP,2016-01-29T07:30:00-06:00,BEA,bea:gdp:20160129T133000Z:q4-2015-advance,Q4 2015 Advance,3,exact,2016-01-29,08:30:00,America/New_York,https://www.bea.gov/news/2016/gross-domestic-product-4th-quarter-and-annual-2015-advance-estimate,OANDA,690,63581,GDP (Annualized) - pre..,4Q,3,1454074200,2016-01-29 14:30,EconomicCalendar/raw/oanda/daily/2016-01-29.json,pinned_report_and_event_name,"0,8%","2,0%","0,7%",parsed,scalar,0.8,,0.8,,percent,1,,parsed,scalar,2.0,,2.0,,percent,1,,parsed,scalar,0.7,,0.7,,percent,1,
1745,PCE,2016-02-01T07:30:00-06:00,BEA,bea:pce:20160201T133000Z:december-2015,December 2015,3,exact,2016-02-01,08:30:00,America/New_York,https://www.bea.gov/news/2016/personal-income-and-outlays-december-2015,OANDA,694,58156,Personal Consumption Expenditures,December,2,1454333400,2016-02-01 14:30,EconomicCalendar/raw/oanda/daily/2016-02-01.json,pinned_report_and_event_name,"0,1% m/m","0,3% m/m","0,0% m/m",parsed,scalar,0.1,,0.1,,percent,1,m/m,parsed,scalar,0.3,,0.3,,percent,1,m/m,parsed,scalar,0.0,,0.0,,percent,1,m/m
299,EMPLOYMENT,2016-02-05T07:30:00-06:00,BLS,bls:employment:20160205T133000Z:january-2016,January 2016,3,exact,2016-02-05,08:30:00,America/New_York,https://www.bls.gov/schedule/2016/home.htm,OANDA,707,59865,Non-Farm Employment Change,January,3,1454679000,2016-02-05 14:30,EconomicCalendar/raw/oanda/daily/2016-02-05.json,pinned_report_and_event_name,190 k,292 k,151 k,parsed,scalar,190,,190000,,count,1000,,parsed,scalar,292,,292000,,count,1000,,parsed,scalar,151,,151000,,count,1000,
2411,RETAIL_SALES,2016-02-12T07:30:00-06:00,CENSUS,census:retail-sales-2016-01,January 2016,3,exact,2016-02-12,08:30:00,America/New_York,https://www2.census.gov/retail/releases/historical/marts/adv1601.pdf,OANDA,696,60276,Retail Sales,January,3,1455283800,2016-02-12 14:30,EconomicCalendar/raw/oanda/daily/2016-02-12.json,pinned_report_and_event_name,"0,1% m/m","-0,1% m/m","0,2% m/m",parsed,scalar,0.1,,0.1,,percent,1,m/m,parsed,scalar,-0.1,,-0.1,,percent,1,m/m,parsed,scalar,0.2,,0.2,,percent,1,m/m
301,PPI,2016-02-17T07:30:00-06:00,BLS,bls:ppi:20160217T133000Z:january-2016,January 2016,3,exact,2016-02-17,08:30:00,America/New_York,https://www.bls.gov/schedule/2016/home.htm,OANDA,703,59664,Producer Price Index,January,2,1455715800,2016-02-17 14:30,EconomicCalendar/raw/oanda/daily/2016-02-17.json,pinned_report_and_event_name,"-0,2% m/m","-0,2% m/m","0,1% m/m",parsed,scalar,-0.2,,-0.2,,percent,1,m/m,parsed,scalar,-0.2,,-0.2,,percent,1,m/m,parsed,scalar,0.1,,0.1,,percent,1,m/m
302,CPI,2016-02-19T07:30:00-06:00,BLS,bls:cpi:20160219T133000Z:january-2016,January 2016,3,exact,2016-02-19,08:30:00,America/New_York,https://www.bls.gov/schedule/2016/home.htm,OANDA,699,59604,Consumer Price Index,January,3,1455888600,2016-02-19 14:30,EconomicCalendar/raw/oanda/daily/2016-02-19.json,pinned_report_and_event_name,"-0,1% m/m","-0,1% m/m","0,0% m/m",parsed,scalar,-0.1,,-0.1,,percent,1,m/m,parsed,scalar,-0.1,,-0.1,,percent,1,m/m,parsed,scalar,0.0,,0.0,,percent,1,m/m
2412,DURABLE_GOODS,2016-02-25T07:30:00-06:00,CENSUS,census:durable-goods-2016-01,January 2016,3,exact,2016-02-25,08:30:00,America/New_York,https://www.census.gov/manufacturing/m3/historical_data/pressreleases/adv/2016/jan16adv.pdf,OANDA,59,60342,Durable Goods Orders - pre..,January,3,1456407000,2016-02-25 14:30,EconomicCalendar/raw/oanda/daily/2016-02-25.json,pinned_report_and_event_name,"2,5% m/m",-5% m/m,"4,9% m/m",parsed,scalar,2.5,,2.5,,percent,1,m/m,parsed,scalar,-5,,-5,,percent,1,m/m,parsed,scalar,4.9,,4.9,,percent,1,m/m
1746,GDP,2016-02-26T07:30:00-06:00,BEA,bea:gdp:20160226T133000Z:q4-2015-second,Q4 2015 Second,3,exact,2016-02-26,08:30:00,America/New_York,https://www.bea.gov/news/2016/gross-domestic-product-4th-quarter-and-annual-2015-second-estimate,OANDA,690,63582,GDP (Annualized) - rev..,4Q,3,1456493400,2016-02-26 14:30,EconomicCalendar/raw/oanda/daily/2016-02-26.json,pinned_report_and_event_name,"0,7%","2,0%",1%,parsed,scalar,0.7,,0.7,,percent,1,,parsed,scalar,2.0,,2.0,,percent,1,,parsed,scalar,1,,1,,percent,1,
1747,PCE,2016-02-26T09:00:00-06:00,BEA,bea:pce:20160226T150000Z:january-2016,January 2016,3,exact,2016-02-26,10:00:00,America/New_York,https://www.bea.gov/news/2016/personal-income-and-outlays-january-2016,OANDA,694,58160,Personal Consumption Expenditures,January,2,1456498800,2016-02-26 16:00,EconomicCalendar/raw/oanda/daily/2016-02-26.json,pinned_report_and_event_name,"0,3% m/m","0,0% m/m","0,5% m/m",parsed,scalar,0.3,,0.3,,percent,1,m/m,parsed,scalar,0.0,,0.0,,percent,1,m/m,parsed,scalar,0.5,,0.5,,percent,1,m/m
303,EMPLOYMENT,2016-03-04T07:30:00-06:00,BLS,bls:employment:20160304T133000Z:february-2016,February 2016,3,exact,2016-03-04,08:30:00,America/New_York,https://www.bls.gov/schedule/2016/home.htm,OANDA,707,59871,Non-Farm Employment Change,February,3,1457098200,2016-03-04 14:30,EconomicCalendar/raw/oanda/daily/2016-03-04.json,pinned_report_and_event_name,190 k,151 k,242 k,parsed,scalar,190,,190000,,count,1000,,parsed,scalar,151,,151000,,count,1000,,parsed,scalar,242,,242000,,count,1000,
304,PPI,2016-03-15T07:30:00-05:00,BLS,bls:ppi:20160315T123000Z:february-2016,February 2016,3,exact,2016-03-15,08:30:00,America/New_York,https://www.bls.gov/schedule/2016/home.htm,OANDA,703,59669,Producer Price Index,February,2,1458045000,2016-03-15 13:30,EconomicCalendar/raw/oanda/daily/2016-03-15.json,pinned_report_and_event_name,"-0,1% m/m","0,1% m/m","-0,2% m/m",parsed,scalar,-0.1,,-0.1,,percent,1,m/m,parsed,scalar,0.1,,0.1,,percent,1,m/m,parsed,scalar,-0.2,,-0.2,,percent,1,m/m
2413,RETAIL_SALES,2016-03-15T07:30:00-05:00,CENSUS,census:retail-sales-2016-02,February 2016,3,exact,2016-03-15,08:30:00,America/New_York,https://www2.census.gov/retail/releases/historical/marts/adv1602.pdf,OANDA,696,60279,Retail Sales,February,3,1458045000,2016-03-15 13:30,EconomicCalendar/raw/oanda/daily/2016-03-15.json,pinned_report_and_event_name,"-0,2% m/m","0,2% m/m","-0,1% m/m",parsed,scalar,-0.2,,-0.2,,percent,1,m/m,parsed,scalar,0.2,,0.2,,percent,1,m/m,parsed,scalar,-0.1,,-0.1,,percent,1,m/m
305,CPI,2016-03-16T07:30:00-05:00,BLS,bls:cpi:20160316T123000Z:february-2016,February 2016,3,exact,2016-03-16,08:30:00,America/New_York,https://www.bls.gov/schedule/2016/home.htm,OANDA,699,59609,Consumer Price Index,February,3,1458131400,2016-03-16 13:30,EconomicCalendar/raw/oanda/daily/2016-03-16.json,pinned_report_and_event_name,"-0,2% m/m","0,0% m/m","-0,2% m/m",parsed,scalar,-0.2,,-0.2,,percent,1,m/m,parsed,scalar,0.0,,0.0,,percent,1,m/m,parsed,scalar,-0.2,,-0.2,,percent,1,m/m
2179,FOMC,2016-03-16T13:00:00-05:00,FEDERAL_RESERVE,federal_reserve:fomc:20160316T180000Z,FOMC 2016-03-16,3,exact,2016-03-16,14:00:00,America/New_York,https://www.federalreserve.gov/newsevents/pressreleases/monetary20160316a.htm,OANDA,82,56617,FOMC Interest Rate Decision,March,3,1458151200,2016-03-16 19:00,EconomicCalendar/raw/oanda/daily/2016-03-16.json,pinned_report_and_event_name,"0,25-0,50%","0,25-0,50%","0,25-0,50%",parsed,range,0.25,0.50,0.25,0.50,percent,1,,parsed,range,0.25,0.50,0.25,0.50,percent,1,,parsed,range,0.25,0.50,0.25,0.50,percent,1,
2414,DURABLE_GOODS,2016-03-24T07:30:00-05:00,CENSUS,census:durable-goods-2016-02,February 2016,3,exact,2016-03-24,08:30:00,America/New_York,https://www.census.gov/manufacturing/m3/historical_data/pressreleases/adv/2016/feb16adv.pdf,OANDA,59,60344,Durable Goods Orders - pre..,February,3,1458822600,2016-03-24 13:30,EconomicCalendar/raw/oanda/daily/2016-03-24.json,pinned_report_and_event_name,"-2,9% m/m","4,7% m/m","-2,8% m/m",parsed,scalar,-2.9,,-2.9,,percent,1,m/m,parsed,scalar,4.7,,4.7,,percent,1,m/m,parsed,scalar,-2.8,,-2.8,,percent,1,m/m
1748,GDP,2016-03-25T07:30:00-05:00,BEA,bea:gdp:20160325T123000Z:q4-2015-third,Q4 2015 Third,3,exact,2016-03-25,08:30:00,America/New_York,https://www.bea.gov/news/2016/gross-domestic-product-4th-quarter-and-annual-2015-third-estimate-corporate-profits-4th,OANDA,690,63583,GDP (Annualized) - fin..,4Q,3,1458909000,2016-03-25 13:30,EconomicCalendar/raw/oanda/daily/2016-03-25.json,pinned_report_and_event_name,1%,"2,0%","1,4%",parsed,scalar,1,,1,,percent,1,,parsed,scalar,2.0,,2.0,,percent,1,,parsed,scalar,1.4,,1.4,,percent,1,
1749,PCE,2016-03-28T07:30:00-05:00,BEA,bea:pce:20160328T123000Z:february-2016,February 2016,3,exact,2016-03-28,08:30:00,America/New_York,https://www.bea.gov/news/2016/personal-income-and-outlays-february-2016,OANDA,694,58164,Personal Consumption Expenditures,February,2,1459168200,2016-03-28 14:30,EconomicCalendar/raw/oanda/daily/2016-03-28.json,pinned_report_and_event_name,"0,1% m/m","0,5% m/m","0,1% m/m",parsed,scalar,0.1,,0.1,,percent,1,m/m,parsed,scalar,0.5,,0.5,,percent,1,m/m,parsed,scalar,0.1,,0.1,,percent,1,m/m
308,EMPLOYMENT,2016-04-01T07:30:00-05:00,BLS,bls:employment:20160401T123000Z:march-2016,March 2016,3,exact,2016-04-01,08:30:00,America/New_York,https://www.bls.gov/schedule/2016/home.htm,OANDA,707,59877,Non-Farm Employment Change,March,3,1459513800,2016-04-01 14:30,EconomicCalendar/raw/oanda/daily/2016-04-01.json,pinned_report_and_event_name,205 k,242 k,215 k,parsed,scalar,205,,205000,,count,1000,,parsed,scalar,242,,242000,,count,1000,,parsed,scalar,215,,215000,,count,1000,
310,PPI,2016-04-13T07:30:00-05:00,BLS,bls:ppi:20160413T123000Z:march-2016,March 2016,3,exact,2016-04-13,08:30:00,America/New_York,https://www.bls.gov/schedule/2016/home.htm,OANDA,703,59674,Producer Price Index,March,2,1460550600,2016-04-13 14:30,EconomicCalendar/raw/oanda/daily/2016-04-13.json,pinned_report_and_event_name,"0,3% m/m","-0,2% m/m","-0,1% m/m",parsed,scalar,0.3,,0.3,,percent,1,m/m,parsed,scalar,-0.2,,-0.2,,percent,1,m/m,parsed,scalar,-0.1,,-0.1,,percent,1,m/m
2415,RETAIL_SALES,2016-04-13T07:30:00-05:00,CENSUS,census:retail-sales-2016-03,March 2016,3,exact,2016-04-13,08:30:00,America/New_York,https://www2.census.gov/retail/releases/historical/marts/adv1603.pdf,OANDA,696,60282,Retail Sales,March,3,1460550600,2016-04-13 14:30,EconomicCalendar/raw/oanda/daily/2016-04-13.json,pinned_report_and_event_name,"0,1% m/m","-0,1% m/m","-0,3% m/m",parsed,scalar,0.1,,0.1,,percent,1,m/m,parsed,scalar,-0.1,,-0.1,,percent,1,m/m,parsed,scalar,-0.3,,-0.3,,percent,1,m/m
311,CPI,2016-04-14T07:30:00-05:00,BLS,bls:cpi:20160414T123000Z:march-2016,March 2016,3,exact,2016-04-14,08:30:00,America/New_York,https://www.bls.gov/schedule/2016/home.htm,OANDA,699,59614,Consumer Price Index,March,3,1460637000,2016-04-14 14:30,EconomicCalendar/raw/oanda/daily/2016-04-14.json,pinned_report_and_event_name,"0,2% m/m","-0,2% m/m","0,1% m/m",parsed,scalar,0.2,,0.2,,percent,1,m/m,parsed,scalar,-0.2,,-0.2,,percent,1,m/m,parsed,scalar,0.1,,0.1,,percent,1,m/m
2416,DURABLE_GOODS,2016-04-26T07:30:00-05:00,CENSUS,census:durable-goods-2016-03,March 2016,3,exact,2016-04-26,08:30:00,America/New_York,https://www.census.gov/manufacturing/m3/historical_data/pressreleases/adv/2016/mar16adv.pdf,OANDA,59,60346,Durable Goods Orders - pre..,March,3,1461673800,2016-04-26 14:30,EconomicCalendar/raw/oanda/daily/2016-04-26.json,pinned_report_and_event_name,"1,7% m/m",-3% m/m,"0,8% m/m",parsed,scalar,1.7,,1.7,,percent,1,m/m,parsed,scalar,-3,,-3,,percent,1,m/m,parsed,scalar,0.8,,0.8,,percent,1,m/m
2180,FOMC,2016-04-27T13:00:00-05:00,FEDERAL_RESERVE,federal_reserve:fomc:20160427T180000Z,FOMC 2016-04-27,3,exact,2016-04-27,14:00:00,America/New_York,https://www.federalreserve.gov/newsevents/pressreleases/monetary20160427a.htm,OANDA,82,56618,FOMC Interest Rate Decision,April,3,1461780000,2016-04-27 20:00,EconomicCalendar/raw/oanda/daily/2016-04-27.json,pinned_report_and_event_name,"0,25-0,50%","0,25-0,50%","0,25-0,50%",parsed,range,0.25,0.50,0.25,0.50,percent,1,,parsed,range,0.25,0.50,0.25,0.50,percent,1,,parsed,range,0.25,0.50,0.25,0.50,percent,1,
1750,GDP,2016-04-28T07:30:00-05:00,BEA,bea:gdp:20160428T123000Z:q1-2016-advance,Q1 2016 Advance,3,exact,2016-04-28,08:30:00,America/New_York,https://www.bea.gov/news/2016/gross-domestic-product-1st-quarter-2016-advance-estimate,OANDA,690,57366,GDP (Annualized) - pre..,1Q,3,1461846600,2016-04-28 14:30,EconomicCalendar/raw/oanda/daily/2016-04-28.json,pinned_report_and_event_name,"0,7%","0,7%","0,5%",parsed,scalar,0.7,,0.7,,percent,1,,parsed,scalar,0.7,,0.7,,percent,1,,parsed,scalar,0.5,,0.5,,percent,1,
1751,PCE,2016-04-29T07:30:00-05:00,BEA,bea:pce:20160429T123000Z:march-2016,March 2016,3,exact,2016-04-29,08:30:00,America/New_York,https://www.bea.gov/news/2016/personal-income-and-outlays-march-2016,OANDA,694,58168,Personal Consumption Expenditures,March,2,1461933000,2016-04-29 14:30,EconomicCalendar/raw/oanda/daily/2016-04-29.json,pinned_report_and_event_name,"0,2% m/m","0,1% m/m","0,1% m/m",parsed,scalar,0.2,,0.2,,percent,1,m/m,parsed,scalar,0.1,,0.1,,percent,1,m/m,parsed,scalar,0.1,,0.1,,percent,1,m/m
312,EMPLOYMENT,2016-05-06T07:30:00-05:00,BLS,bls:employment:20160506T123000Z:april-2016,April 2016,3,exact,2016-05-06,08:30:00,America/New_York,https://www.bls.gov/schedule/2016/home.htm,OANDA,707,59883,Non-Farm Employment Change,April,3,1462537800,2016-05-06 14:30,EconomicCalendar/raw/oanda/daily/2016-05-06.json,pinned_report_and_event_name,200 k,215 k,160 k,parsed,scalar,200,,200000,,count,1000,,parsed,scalar,215,,215000,,count,1000,,parsed,scalar,160,,160000,,count,1000,
314,PPI,2016-05-13T07:30:00-05:00,BLS,bls:ppi:20160513T123000Z:april-2016,April 2016,3,exact,2016-05-13,08:30:00,America/New_York,https://www.bls.gov/schedule/2016/home.htm,OANDA,703,59679,Producer Price Index,April,2,1463142600,2016-05-13 14:30,EconomicCalendar/raw/oanda/daily/2016-05-13.json,pinned_report_and_event_name,"0,3% m/m","-0,1% m/m","0,2% m/m",parsed,scalar,0.3,,0.3,,percent,1,m/m,parsed,scalar,-0.1,,-0.1,,percent,1,m/m,parsed,scalar,0.2,,0.2,,percent,1,m/m
2417,RETAIL_SALES,2016-05-13T07:30:00-05:00,CENSUS,census:retail-sales-2016-04,April 2016,3,exact,2016-05-13,08:30:00,America/New_York,https://www2.census.gov/retail/releases/historical/marts/adv1604.pdf,OANDA,696,60285,Retail Sales,April,3,1463142600,2016-05-13 14:30,EconomicCalendar/raw/oanda/daily/2016-05-13.json,pinned_report_and_event_name,"0,7% m/m","-0,3% m/m","1,3% m/m",parsed,scalar,0.7,,0.7,,percent,1,m/m,parsed,scalar,-0.3,,-0.3,,percent,1,m/m,parsed,scalar,1.3,,1.3,,percent,1,m/m
315,CPI,2016-05-17T07:30:00-05:00,BLS,bls:cpi:20160517T123000Z:april-2016,April 2016,3,exact,2016-05-17,08:30:00,America/New_York,https://www.bls.gov/schedule/2016/home.htm,OANDA,699,59619,Consumer Price Index,April,3,1463488200,2016-05-17 14:30,EconomicCalendar/raw/oanda/daily/2016-05-17.json,pinned_report_and_event_name,"0,3% m/m","0,1% m/m",04% m/m,parsed,scalar,0.3,,0.3,,percent,1,m/m,parsed,scalar,0.1,,0.1,,percent,1,m/m,parsed,scalar,4,,4,,percent,1,m/m
2418,DURABLE_GOODS,2016-05-26T07:30:00-05:00,CENSUS,census:durable-goods-2016-04,April 2016,3,exact,2016-05-26,08:30:00,America/New_York,https://www.census.gov/manufacturing/m3/historical_data/pressreleases/adv/2016/apr16adv.pdf,OANDA,59,60348,Durable Goods Orders - pre..,April,3,1464265800,2016-05-26 14:30,EconomicCalendar/raw/oanda/daily/2016-05-26.json,pinned_report_and_event_name,"0,5% m/m","0,8% m/m","3,4% m/m",parsed,scalar,0.5,,0.5,,percent,1,m/m,parsed,scalar,0.8,,0.8,,percent,1,m/m,parsed,scalar,3.4,,3.4,,percent,1,m/m
1752,GDP,2016-05-27T07:30:00-05:00,BEA,bea:gdp:20160527T123000Z:q1-2016-second,Q1 2016 Second,3,exact,2016-05-27,08:30:00,America/New_York,https://www.bea.gov/news/2016/gross-domestic-product-1st-quarter-2016-second-estimate-corporate-profits-1st-quarter,OANDA,690,57370,GDP (Annualized) - rev..,1Q,3,1464352200,2016-05-27 14:30,EconomicCalendar/raw/oanda/daily/2016-05-27.json,pinned_report_and_event_name,"0,5%",1%,"0,8%",parsed,scalar,0.5,,0.5,,percent,1,,parsed,scalar,1,,1,,percent,1,,parsed,scalar,0.8,,0.8,,percent,1,
1753,PCE,2016-05-31T07:30:00-05:00,BEA,bea:pce:20160531T123000Z:april-2016,April 2016,3,exact,2016-05-31,08:30:00,America/New_York,https://www.bea.gov/news/2016/personal-income-and-outlays-april-2016,OANDA,694,58172,Personal Consumption Expenditures,April,2,1464697800,2016-05-31 14:30,EconomicCalendar/raw/oanda/daily/2016-05-31.json,pinned_report_and_event_name,"0,7% m/m","0,1% m/m",1% m/m,parsed,scalar,0.7,,0.7,,percent,1,m/m,parsed,scalar,0.1,,0.1,,percent,1,m/m,parsed,scalar,1,,1,,percent,1,m/m
316,EMPLOYMENT,2016-06-03T07:30:00-05:00,BLS,bls:employment:20160603T123000Z:may-2016,May 2016,3,exact,2016-06-03,08:30:00,America/New_York,https://www.bls.gov/schedule/2016/home.htm,OANDA,707,59889,Non-Farm Employment Change,May,3,1464957000,2016-06-03 14:30,EconomicCalendar/raw/oanda/daily/2016-06-03.json,pinned_report_and_event_name,161 k,160 k,38 k,parsed,scalar,161,,161000,,count,1000,,parsed,scalar,160,,160000,,count,1000,,parsed,scalar,38,,38000,,count,1000,
2419,RETAIL_SALES,2016-06-14T07:30:00-05:00,CENSUS,census:retail-sales-2016-05,May 2016,3,exact,2016-06-14,08:30:00,America/New_York,https://www2.census.gov/retail/releases/historical/marts/adv1605.pdf,OANDA,696,60288,Retail Sales,May,3,1465907400,2016-06-14 14:30,EconomicCalendar/raw/oanda/daily/2016-06-14.json,pinned_report_and_event_name,"0,3% m/m","1,3% m/m","0,5% m/m",parsed,scalar,0.3,,0.3,,percent,1,m/m,parsed,scalar,1.3,,1.3,,percent,1,m/m,parsed,scalar,0.5,,0.5,,percent,1,m/m
318,PPI,2016-06-15T07:30:00-05:00,BLS,bls:ppi:20160615T123000Z:may-2016,May 2016,3,exact,2016-06-15,08:30:00,America/New_York,https://www.bls.gov/schedule/2016/home.htm,OANDA,703,59684,Producer Price Index,May,2,1465993800,2016-06-15 14:30,EconomicCalendar/raw/oanda/daily/2016-06-15.json,pinned_report_and_event_name,"0,4% m/m","0,2% m/m","0,4% m/m",parsed,scalar,0.4,,0.4,,percent,1,m/m,parsed,scalar,0.2,,0.2,,percent,1,m/m,parsed,scalar,0.4,,0.4,,percent,1,m/m
2181,FOMC,2016-06-15T13:00:00-05:00,FEDERAL_RESERVE,federal_reserve:fomc:20160615T180000Z,FOMC 2016-06-15,3,exact,2016-06-15,14:00:00,America/New_York,https://www.federalreserve.gov/newsevents/pressreleases/monetary20160615a.htm,OANDA,82,56619,FOMC Interest Rate Decision,June,3,1466013600,2016-06-15 20:00,EconomicCalendar/raw/oanda/daily/2016-06-15.json,pinned_report_and_event_name,"0,25-0,50%","0,25-0,50%","0,25-0,50%",parsed,range,0.25,0.50,0.25,0.50,percent,1,,parsed,range,0.25,0.50,0.25,0.50,percent,1,,parsed,range,0.25,0.50,0.25,0.50,percent,1,
319,CPI,2016-06-16T07:30:00-05:00,BLS,bls:cpi:20160616T123000Z:may-2016,May 2016,3,exact,2016-06-16,08:30:00,America/New_York,https://www.bls.gov/schedule/2016/home.htm,OANDA,699,59624,Consumer Price Index,May,3,1466080200,2016-06-16 14:30,EconomicCalendar/raw/oanda/daily/2016-06-16.json,pinned_report_and_event_name,"0,3% m/m",04% m/m,"0,2% m/m",parsed,scalar,0.3,,0.3,,percent,1,m/m,parsed,scalar,4,,4,,percent,1,m/m,parsed,scalar,0.2,,0.2,,percent,1,m/m
2420,DURABLE_GOODS,2016-06-24T07:30:00-05:00,CENSUS,census:durable-goods-2016-05,May 2016,3,exact,2016-06-24,08:30:00,America/New_York,https://www.census.gov/manufacturing/m3/historical_data/pressreleases/adv/2016/may16adv.pdf,OANDA,59,60350,Durable Goods Orders - pre..,May,3,1466771400,2016-06-24 14:30,EconomicCalendar/raw/oanda/daily/2016-06-24.json,pinned_report_and_event_name,"-0,5% m/m","3,4% m/m","-2,2% m/m",parsed,scalar,-0.5,,-0.5,,percent,1,m/m,parsed,scalar,3.4,,3.4,,percent,1,m/m,parsed,scalar,-2.2,,-2.2,,percent,1,m/m
1754,GDP,2016-06-28T07:30:00-05:00,BEA,bea:gdp:20160628T123000Z:q1-2016-third,Q1 2016 Third,3,exact,2016-06-28,08:30:00,America/New_York,https://www.bea.gov/news/2016/gross-domestic-product-1st-quarter-2016-third-estimate-corporate-profits-1st-quarter-2016,OANDA,690,57374,GDP (Annualized) - fin..,1Q,3,1467117000,2016-06-28 14:30,EconomicCalendar/raw/oanda/daily/2016-06-28.json,pinned_report_and_event_name,"0,8%","1,4%","1,1%",parsed,scalar,0.8,,0.8,,percent,1,,parsed,scalar,1.4,,1.4,,percent,1,,parsed,scalar,1.1,,1.1,,percent,1,
1755,PCE,2016-06-29T07:30:00-05:00,BEA,bea:pce:20160629T123000Z:may-2016,May 2016,3,exact,2016-06-29,08:30:00,America/New_York,https://www.bea.gov/news/2016/personal-income-and-outlays-may-2016,OANDA,694,58176,Personal Consumption Expenditures,May,2,1467203400,2016-06-29 14:30,EconomicCalendar/raw/oanda/daily/2016-06-29.json,pinned_report_and_event_name,"0,4% m/m",1% m/m,"0,4% m/m",parsed,scalar,0.4,,0.4,,percent,1,m/m,parsed,scalar,1,,1,,percent,1,m/m,parsed,scalar,0.4,,0.4,,percent,1,m/m
320,EMPLOYMENT,2016-07-08T07:30:00-05:00,BLS,bls:employment:20160708T123000Z:june-2016,June 2016,3,exact,2016-07-08,08:30:00,America/New_York,https://www.bls.gov/schedule/2016/home.htm,OANDA,707,59895,Non-Farm Employment Change,June,3,1467981000,2016-07-08 14:30,EconomicCalendar/raw/oanda/daily/2016-07-08.json,pinned_report_and_event_name,178 k,38 k,287 k,parsed,scalar,178,,178000,,count,1000,,parsed,scalar,38,,38000,,count,1000,,parsed,scalar,287,,287000,,count,1000,
322,PPI,2016-07-14T07:30:00-05:00,BLS,bls:ppi:20160714T123000Z:june-2016,June 2016,3,exact,2016-07-14,08:30:00,America/New_York,https://www.bls.gov/schedule/2016/home.htm,OANDA,703,59689,Producer Price Index,June,2,1468499400,2016-07-14 14:30,EconomicCalendar/raw/oanda/daily/2016-07-14.json,pinned_report_and_event_name,"0,3% m/m","0,4% m/m","0,5% m/m",parsed,scalar,0.3,,0.3,,percent,1,m/m,parsed,scalar,0.4,,0.4,,percent,1,m/m,parsed,scalar,0.5,,0.5,,percent,1,m/m
323,CPI,2016-07-15T07:30:00-05:00,BLS,bls:cpi:20160715T123000Z:june-2016,June 2016,3,exact,2016-07-15,08:30:00,America/New_York,https://www.bls.gov/schedule/2016/home.htm,OANDA,699,59629,Consumer Price Index,June,3,1468585800,2016-07-15 14:30,EconomicCalendar/raw/oanda/daily/2016-07-15.json,pinned_report_and_event_name,"0,3% m/m","0,2% m/m","0,2% m/m",parsed,scalar,0.3,,0.3,,percent,1,m/m,parsed,scalar,0.2,,0.2,,percent,1,m/m,parsed,scalar,0.2,,0.2,,percent,1,m/m
2421,RETAIL_SALES,2016-07-15T07:30:00-05:00,CENSUS,census:retail-sales-2016-06,June 2016,3,exact,2016-07-15,08:30:00,America/New_York,https://www2.census.gov/retail/releases/historical/marts/adv1606.pdf,OANDA,696,60291,Retail Sales,June,3,1468585800,2016-07-15 14:30,EconomicCalendar/raw/oanda/daily/2016-07-15.json,pinned_report_and_event_name,"0,1% m/m","0,5% m/m","0,6% m/m",parsed,scalar,0.1,,0.1,,percent,1,m/m,parsed,scalar,0.5,,0.5,,percent,1,m/m,parsed,scalar,0.6,,0.6,,percent,1,m/m
2422,DURABLE_GOODS,2016-07-27T07:30:00-05:00,CENSUS,census:durable-goods-2016-06,June 2016,3,exact,2016-07-27,08:30:00,America/New_York,https://www.census.gov/manufacturing/m3/historical_data/pressreleases/adv/2016/jun16adv.pdf,OANDA,59,60352,Durable Goods Orders - pre..,June,3,1469622600,2016-07-27 14:30,EconomicCalendar/raw/oanda/daily/2016-07-27.json,pinned_report_and_event_name,"-1,1% m/m","-2,3% m/m",-4% m/m,parsed,scalar,-1.1,,-1.1,,percent,1,m/m,parsed,scalar,-2.3,,-2.3,,percent,1,m/m,parsed,scalar,-4,,-4,,percent,1,m/m
2182,FOMC,2016-07-27T13:00:00-05:00,FEDERAL_RESERVE,federal_reserve:fomc:20160727T180000Z,FOMC 2016-07-27,3,exact,2016-07-27,14:00:00,America/New_York,https://www.federalreserve.gov/newsevents/pressreleases/monetary20160727a.htm,OANDA,82,56620,FOMC Interest Rate Decision,July,3,1469642400,2016-07-27 20:00,EconomicCalendar/raw/oanda/daily/2016-07-27.json,pinned_report_and_event_name,"0,25-0,50%","0,25-0,50%","0,25-0,50%",parsed,range,0.25,0.50,0.25,0.50,percent,1,,parsed,range,0.25,0.50,0.25,0.50,percent,1,,parsed,range,0.25,0.50,0.25,0.50,percent,1,
1756,GDP,2016-07-29T07:30:00-05:00,BEA,bea:gdp:20160729T123000Z:q2-2016-advance,Q2 2016 Advance,3,exact,2016-07-29,08:30:00,America/New_York,https://www.bea.gov/news/2016/gross-domestic-product-2nd-quarter-2016-advance-estimate,OANDA,690,57378,GDP (Annualized) - pre..,2Q,3,1469795400,2016-07-29 14:30,EconomicCalendar/raw/oanda/daily/2016-07-29.json,pinned_report_and_event_name,"2,6%","1,1%","1,2%",parsed,scalar,2.6,,2.6,,percent,1,,parsed,scalar,1.1,,1.1,,percent,1,,parsed,scalar,1.2,,1.2,,percent,1,
1757,PCE,2016-08-02T07:30:00-05:00,BEA,bea:pce:20160802T123000Z:june-2016,June 2016,3,exact,2016-08-02,08:30:00,America/New_York,https://www.bea.gov/news/2016/personal-income-and-outlays-june-2016,OANDA,694,58180,Personal Consumption Expenditures,June,2,1470141000,2016-08-02 14:30,EconomicCalendar/raw/oanda/daily/2016-08-02.json,pinned_report_and_event_name,"0,3% m/m","0,4% m/m","0,4% m/m",parsed,scalar,0.3,,0.3,,percent,1,m/m,parsed,scalar,0.4,,0.4,,percent,1,m/m,parsed,scalar,0.4,,0.4,,percent,1,m/m
324,EMPLOYMENT,2016-08-05T07:30:00-05:00,BLS,bls:employment:20160805T123000Z:july-2016,July 2016,3,exact,2016-08-05,08:30:00,America/New_York,https://www.bls.gov/schedule/2016/home.htm,OANDA,707,59901,Non-Farm Employment Change,July,3,1470400200,2016-08-05 14:30,EconomicCalendar/raw/oanda/daily/2016-08-05.json,pinned_report_and_event_name,175 k,287 k,255 k,parsed,scalar,175,,175000,,count,1000,,parsed,scalar,287,,287000,,count,1000,,parsed,scalar,255,,255000,,count,1000,
326,PPI,2016-08-12T07:30:00-05:00,BLS,bls:ppi:20160812T123000Z:july-2016,July 2016,3,exact,2016-08-12,08:30:00,America/New_York,https://www.bls.gov/schedule/2016/home.htm,OANDA,703,59694,Producer Price Index,July,2,1471005000,2016-08-12 14:30,EconomicCalendar/raw/oanda/daily/2016-08-12.json,pinned_report_and_event_name,"0,1% m/m","0,5% m/m","-0,4% m/m",parsed,scalar,0.1,,0.1,,percent,1,m/m,parsed,scalar,0.5,,0.5,,percent,1,m/m,parsed,scalar,-0.4,,-0.4,,percent,1,m/m
2423,RETAIL_SALES,2016-08-12T07:30:00-05:00,CENSUS,census:retail-sales-2016-07,July 2016,3,exact,2016-08-12,08:30:00,America/New_York,https://www2.census.gov/retail/releases/historical/marts/adv1607.pdf,OANDA,696,60294,Retail Sales,July,3,1471005000,2016-08-12 14:30,EconomicCalendar/raw/oanda/daily/2016-08-12.json,pinned_report_and_event_name,"0,4% m/m","0,6% m/m","0,0% m/m",parsed,scalar,0.4,,0.4,,percent,1,m/m,parsed,scalar,0.6,,0.6,,percent,1,m/m,parsed,scalar,0.0,,0.0,,percent,1,m/m
327,CPI,2016-08-16T07:30:00-05:00,BLS,bls:cpi:20160816T123000Z:july-2016,July 2016,3,exact,2016-08-16,08:30:00,America/New_York,https://www.bls.gov/schedule/2016/home.htm,OANDA,699,59634,Consumer Price Index,July,3,1471350600,2016-08-16 14:30,EconomicCalendar/raw/oanda/daily/2016-08-16.json,pinned_report_and_event_name,"0,0% m/m","0,2% m/m","0,0% m/m",parsed,scalar,0.0,,0.0,,percent,1,m/m,parsed,scalar,0.2,,0.2,,percent,1,m/m,parsed,scalar,0.0,,0.0,,percent,1,m/m
2424,DURABLE_GOODS,2016-08-25T07:30:00-05:00,CENSUS,census:durable-goods-2016-07,July 2016,3,exact,2016-08-25,08:30:00,America/New_York,https://www.census.gov/manufacturing/m3/historical_data/pressreleases/adv/2016/jul16adv.pdf,OANDA,59,60354,Durable Goods Orders - pre..,July,3,1472128200,2016-08-25 14:30,EconomicCalendar/raw/oanda/daily/2016-08-25.json,pinned_report_and_event_name,"3,3% m/m","-3,9% m/m","4,4% m/m",parsed,scalar,3.3,,3.3,,percent,1,m/m,parsed,scalar,-3.9,,-3.9,,percent,1,m/m,parsed,scalar,4.4,,4.4,,percent,1,m/m
1758,GDP,2016-08-26T07:30:00-05:00,BEA,bea:gdp:20160826T123000Z:q2-2016-second,Q2 2016 Second,3,exact,2016-08-26,08:30:00,America/New_York,https://www.bea.gov/news/2016/gross-domestic-product-2nd-quarter-2016-second-estimate-corporate-profits-2nd-quarter,OANDA,690,57382,GDP (Annualized) - rev..,2Q,3,1472214600,2016-08-26 14:30,EconomicCalendar/raw/oanda/daily/2016-08-26.json,pinned_report_and_event_name,"1,2%","0,8%","1,1%",parsed,scalar,1.2,,1.2,,percent,1,,parsed,scalar,0.8,,0.8,,percent,1,,parsed,scalar,1.1,,1.1,,percent,1,
1759,PCE,2016-08-29T07:30:00-05:00,BEA,bea:pce:20160829T123000Z:july-2016,July 2016,3,exact,2016-08-29,08:30:00,America/New_York,https://www.bea.gov/news/2016/personal-income-and-outlays-july-2016,OANDA,694,58184,Personal Consumption Expenditures,July,2,1472473800,2016-08-29 14:30,EconomicCalendar/raw/oanda/daily/2016-08-29.json,pinned_report_and_event_name,"0,3% m/m","0,4% m/m","0,3% m/m",parsed,scalar,0.3,,0.3,,percent,1,m/m,parsed,scalar,0.4,,0.4,,percent,1,m/m,parsed,scalar,0.3,,0.3,,percent,1,m/m
328,EMPLOYMENT,2016-09-02T07:30:00-05:00,BLS,bls:employment:20160902T123000Z:august-2016,August 2016,3,exact,2016-09-02,08:30:00,America/New_York,https://www.bls.gov/schedule/2016/home.htm,OANDA,707,59907,Non-Farm Employment Change,August,3,1472819400,2016-09-02 14:30,EconomicCalendar/raw/oanda/daily/2016-09-02.json,pinned_report_and_event_name,180 k,255 k,151 k,parsed,scalar,180,,180000,,count,1000,,parsed,scalar,255,,255000,,count,1000,,parsed,scalar,151,,151000,,count,1000,
330,PPI,2016-09-15T07:30:00-05:00,BLS,bls:ppi:20160915T123000Z:august-2016,August 2016,3,exact,2016-09-15,08:30:00,America/New_York,https://www.bls.gov/schedule/2016/home.htm,OANDA,703,59699,Producer Price Index,August,2,1473942600,2016-09-15 14:30,EconomicCalendar/raw/oanda/daily/2016-09-15.json,pinned_report_and_event_name,"0,1% m/m","-0,4% m/m","0,0% m/m",parsed,scalar,0.1,,0.1,,percent,1,m/m,parsed,scalar,-0.4,,-0.4,,percent,1,m/m,parsed,scalar,0.0,,0.0,,percent,1,m/m
2425,RETAIL_SALES,2016-09-15T07:30:00-05:00,CENSUS,census:retail-sales-2016-08,August 2016,3,exact,2016-09-15,08:30:00,America/New_York,https://www2.census.gov/retail/releases/historical/marts/adv1608.pdf,OANDA,696,60297,Retail Sales,August,3,1473942600,2016-09-15 14:30,EconomicCalendar/raw/oanda/daily/2016-09-15.json,pinned_report_and_event_name,"0,0% m/m","0,0% m/m","-0,3% m/m",parsed,scalar,0.0,,0.0,,percent,1,m/m,parsed,scalar,0.0,,0.0,,percent,1,m/m,parsed,scalar,-0.3,,-0.3,,percent,1,m/m
331,CPI,2016-09-16T07:30:00-05:00,BLS,bls:cpi:20160916T123000Z:august-2016,August 2016,3,exact,2016-09-16,08:30:00,America/New_York,https://www.bls.gov/schedule/2016/home.htm,OANDA,699,59639,Consumer Price Index,August,3,1474029000,2016-09-16 14:30,EconomicCalendar/raw/oanda/daily/2016-09-16.json,pinned_report_and_event_name,"0,1% m/m","0,0% m/m","0,2% m/m",parsed,scalar,0.1,,0.1,,percent,1,m/m,parsed,scalar,0.0,,0.0,,percent,1,m/m,parsed,scalar,0.2,,0.2,,percent,1,m/m
2183,FOMC,2016-09-21T13:00:00-05:00,FEDERAL_RESERVE,federal_reserve:fomc:20160921T180000Z,FOMC 2016-09-21,3,exact,2016-09-21,14:00:00,America/New_York,https://www.federalreserve.gov/newsevents/pressreleases/monetary20160921a.htm,OANDA,82,56621,FOMC Interest Rate Decision,September,3,1474480800,2016-09-21 20:00,EconomicCalendar/raw/oanda/daily/2016-09-21.json,pinned_report_and_event_name,"0,25-0,50%","0,25-0,50%","0,25-0,50%",parsed,range,0.25,0.50,0.25,0.50,percent,1,,parsed,range,0.25,0.50,0.25,0.50,percent,1,,parsed,range,0.25,0.50,0.25,0.50,percent,1,
2426,DURABLE_GOODS,2016-09-28T07:30:00-05:00,CENSUS,census:durable-goods-2016-08,August 2016,3,exact,2016-09-28,08:30:00,America/New_York,https://www.census.gov/manufacturing/m3/historical_data/pressreleases/adv/2016/aug16adv.pdf,OANDA,59,60356,Durable Goods Orders - pre..,August,3,1475065800,2016-09-28 14:30,EconomicCalendar/raw/oanda/daily/2016-09-28.json,pinned_report_and_event_name,"-1,5% m/m","4,4% m/m","0,0% m/m",parsed,scalar,-1.5,,-1.5,,percent,1,m/m,parsed,scalar,4.4,,4.4,,percent,1,m/m,parsed,scalar,0.0,,0.0,,percent,1,m/m
1760,GDP,2016-09-29T07:30:00-05:00,BEA,bea:gdp:20160929T123000Z:q2-2016-third,Q2 2016 Third,3,exact,2016-09-29,08:30:00,America/New_York,https://www.bea.gov/news/2016/gross-domestic-product-2nd-quarter-2016-third-estimate-corporate-profits-2nd-quarter-2016,OANDA,690,57386,GDP (Annualized) - fin..,2Q,3,1475152200,2016-09-29 14:30,EconomicCalendar/raw/oanda/daily/2016-09-29.json,pinned_report_and_event_name,"1,1%","0,8%","1,4%",parsed,scalar,1.1,,1.1,,percent,1,,parsed,scalar,0.8,,0.8,,percent,1,,parsed,scalar,1.4,,1.4,,percent,1,
1761,PCE,2016-09-30T07:30:00-05:00,BEA,bea:pce:20160930T123000Z:august-2016,August 2016,3,exact,2016-09-30,08:30:00,America/New_York,https://www.bea.gov/news/2016/personal-income-and-outlays-august-2016,OANDA,694,58188,Personal Consumption Expenditures,August,2,1475238600,2016-09-30 14:30,EconomicCalendar/raw/oanda/daily/2016-09-30.json,pinned_report_and_event_name,"0,2% m/m","0,3% m/m","0,0% m/m",parsed,scalar,0.2,,0.2,,percent,1,m/m,parsed,scalar,0.3,,0.3,,percent,1,m/m,parsed,scalar,0.0,,0.0,,percent,1,m/m
332,EMPLOYMENT,2016-10-07T07:30:00-05:00,BLS,bls:employment:20161007T123000Z:september-2016,September 2016,3,exact,2016-10-07,08:30:00,America/New_York,https://www.bls.gov/schedule/2016/home.htm,OANDA,707,59913,Non-Farm Employment Change,September,3,1475843400,2016-10-07 14:30,EconomicCalendar/raw/oanda/daily/2016-10-07.json,pinned_report_and_event_name,175 k,151 k,156 k,parsed,scalar,175,,175000,,count,1000,,parsed,scalar,151,,151000,,count,1000,,parsed,scalar,156,,156000,,count,1000,
334,PPI,2016-10-14T07:30:00-05:00,BLS,bls:ppi:20161014T123000Z:september-2016,September 2016,3,exact,2016-10-14,08:30:00,America/New_York,https://www.bls.gov/schedule/2016/home.htm,OANDA,703,59704,Producer Price Index,September,2,1476448200,2016-10-14 14:30,EconomicCalendar/raw/oanda/daily/2016-10-14.json,pinned_report_and_event_name,"0,2% m/m","0,0% m/m","0,3% m/m",parsed,scalar,0.2,,0.2,,percent,1,m/m,parsed,scalar,0.0,,0.0,,percent,1,m/m,parsed,scalar,0.3,,0.3,,percent,1,m/m
2427,RETAIL_SALES,2016-10-14T07:30:00-05:00,CENSUS,census:retail-sales-2016-09,September 2016,3,exact,2016-10-14,08:30:00,America/New_York,https://www2.census.gov/retail/releases/historical/marts/adv1609.pdf,OANDA,696,60300,Retail Sales,September,3,1476448200,2016-10-14 14:30,EconomicCalendar/raw/oanda/daily/2016-10-14.json,pinned_report_and_event_name,"0,6% m/m","-0,3% m/m","0,6% m/m",parsed,scalar,0.6,,0.6,,percent,1,m/m,parsed,scalar,-0.3,,-0.3,,percent,1,m/m,parsed,scalar,0.6,,0.6,,percent,1,m/m
335,CPI,2016-10-18T07:30:00-05:00,BLS,bls:cpi:20161018T123000Z:september-2016,September 2016,3,exact,2016-10-18,08:30:00,America/New_York,https://www.bls.gov/schedule/2016/home.htm,OANDA,699,59644,Consumer Price Index,September,3,1476793800,2016-10-18 14:30,EconomicCalendar/raw/oanda/daily/2016-10-18.json,pinned_report_and_event_name,"0,3% m/m","0,2% m/m","0,3% m/m",parsed,scalar,0.3,,0.3,,percent,1,m/m,parsed,scalar,0.2,,0.2,,percent,1,m/m,parsed,scalar,0.3,,0.3,,percent,1,m/m
2428,DURABLE_GOODS,2016-10-27T07:30:00-05:00,CENSUS,census:durable-goods-2016-09,September 2016,3,exact,2016-10-27,08:30:00,America/New_York,https://www.census.gov/manufacturing/m3/historical_data/pressreleases/adv/2016/sep16adv.pdf,OANDA,59,60358,Durable Goods Orders - pre..,September,3,1477571400,2016-10-27 14:30,EconomicCalendar/raw/oanda/daily/2016-10-27.json,pinned_report_and_event_name,"0,2% m/m","0,1% m/m","-0,1% m/m",parsed,scalar,0.2,,0.2,,percent,1,m/m,parsed,scalar,0.1,,0.1,,percent,1,m/m,parsed,scalar,-0.1,,-0.1,,percent,1,m/m
1762,GDP,2016-10-28T07:30:00-05:00,BEA,bea:gdp:20161028T123000Z:q3-2016-advance,Q3 2016 Advance,3,exact,2016-10-28,08:30:00,America/New_York,https://www.bea.gov/news/2016/gross-domestic-product-3rd-quarter-2016-advance-estimate,OANDA,690,57390,GDP (Annualized) - pre..,3Q,3,1477657800,2016-10-28 14:30,EconomicCalendar/raw/oanda/daily/2016-10-28.json,pinned_report_and_event_name,"2,5%","1,4%","2,9%",parsed,scalar,2.5,,2.5,,percent,1,,parsed,scalar,1.4,,1.4,,percent,1,,parsed,scalar,2.9,,2.9,,percent,1,
1763,PCE,2016-10-31T07:30:00-05:00,BEA,bea:pce:20161031T123000Z:september-2016,September 2016,3,exact,2016-10-31,08:30:00,America/New_York,https://www.bea.gov/news/2016/personal-income-and-outlays-september-2016,OANDA,694,58192,Personal Consumption Expenditures,September,2,1477917000,2016-10-31 13:30,EconomicCalendar/raw/oanda/daily/2016-10-31.json,pinned_report_and_event_name,"0,5% m/m","0,0% m/m","0,5% m/m",parsed,scalar,0.5,,0.5,,percent,1,m/m,parsed,scalar,0.0,,0.0,,percent,1,m/m,parsed,scalar,0.5,,0.5,,percent,1,m/m
2184,FOMC,2016-11-02T13:00:00-05:00,FEDERAL_RESERVE,federal_reserve:fomc:20161102T180000Z,FOMC 2016-11-02,3,exact,2016-11-02,14:00:00,America/New_York,https://www.federalreserve.gov/newsevents/pressreleases/monetary20161102a.htm,OANDA,82,56622,FOMC Interest Rate Decision,November,3,1478109600,2016-11-02 19:00,EconomicCalendar/raw/oanda/daily/2016-11-02.json,pinned_report_and_event_name,"0,25-0,50%","0,25-0,50%","0,25-0,50%",parsed,range,0.25,0.50,0.25,0.50,percent,1,,parsed,range,0.25,0.50,0.25,0.50,percent,1,,parsed,range,0.25,0.50,0.25,0.50,percent,1,
336,EMPLOYMENT,2016-11-04T07:30:00-05:00,BLS,bls:employment:20161104T123000Z:october-2016,October 2016,3,exact,2016-11-04,08:30:00,America/New_York,https://www.bls.gov/schedule/2016/home.htm,OANDA,707,59919,Non-Farm Employment Change,October,3,1478262600,2016-11-04 13:30,EconomicCalendar/raw/oanda/daily/2016-11-04.json,pinned_report_and_event_name,175 k,156 k,161 k,parsed,scalar,175,,175000,,count,1000,,parsed,scalar,156,,156000,,count,1000,,parsed,scalar,161,,161000,,count,1000,
2429,RETAIL_SALES,2016-11-15T07:30:00-06:00,CENSUS,census:retail-sales-2016-10,October 2016,3,exact,2016-11-15,08:30:00,America/New_York,https://www2.census.gov/retail/releases/historical/marts/adv1610.pdf,OANDA,696,60303,Retail Sales,October,3,1479216600,2016-11-15 14:30,EconomicCalendar/raw/oanda/daily/2016-11-15.json,pinned_report_and_event_name,"0,6% m/m","0,6% m/m","0,8% m/m",parsed,scalar,0.6,,0.6,,percent,1,m/m,parsed,scalar,0.6,,0.6,,percent,1,m/m,parsed,scalar,0.8,,0.8,,percent,1,m/m
338,PPI,2016-11-16T07:30:00-06:00,BLS,bls:ppi:20161116T133000Z:october-2016,October 2016,3,exact,2016-11-16,08:30:00,America/New_York,https://www.bls.gov/schedule/2016/home.htm,OANDA,703,59709,Producer Price Index,October,2,1479303000,2016-11-16 14:30,EconomicCalendar/raw/oanda/daily/2016-11-16.json,pinned_report_and_event_name,"0,3% m/m","0,3% m/m","0,0% m/m",parsed,scalar,0.3,,0.3,,percent,1,m/m,parsed,scalar,0.3,,0.3,,percent,1,m/m,parsed,scalar,0.0,,0.0,,percent,1,m/m
339,CPI,2016-11-17T07:30:00-06:00,BLS,bls:cpi:20161117T133000Z:october-2016,October 2016,3,exact,2016-11-17,08:30:00,America/New_York,https://www.bls.gov/schedule/2016/home.htm,OANDA,699,59649,Consumer Price Index,October,3,1479389400,2016-11-17 14:30,EconomicCalendar/raw/oanda/daily/2016-11-17.json,pinned_report_and_event_name,"0,4% m/m","0,3% m/m","0,4% m/m",parsed,scalar,0.4,,0.4,,percent,1,m/m,parsed,scalar,0.3,,0.3,,percent,1,m/m,parsed,scalar,0.4,,0.4,,percent,1,m/m
2430,DURABLE_GOODS,2016-11-23T07:30:00-06:00,CENSUS,census:durable-goods-2016-10,October 2016,3,exact,2016-11-23,08:30:00,America/New_York,https://www.census.gov/manufacturing/m3/historical_data/pressreleases/adv/2016/oct16adv.pdf,OANDA,59,60360,Durable Goods Orders - pre..,October,3,1479907800,2016-11-23 14:30,EconomicCalendar/raw/oanda/daily/2016-11-23.json,pinned_report_and_event_name,"1,5% m/m","-0,3% m/m","4,8% m/m",parsed,scalar,1.5,,1.5,,percent,1,m/m,parsed,scalar,-0.3,,-0.3,,percent,1,m/m,parsed,scalar,4.8,,4.8,,percent,1,m/m
1764,GDP,2016-11-29T07:30:00-06:00,BEA,bea:gdp:20161129T133000Z:q3-2016-second,Q3 2016 Second,3,exact,2016-11-29,08:30:00,America/New_York,https://www.bea.gov/news/2016/gross-domestic-product-3rd-quarter-2016-second-estimate-corporate-profits-3rd-quarter,OANDA,690,57394,GDP (Annualized) - rev..,3Q,3,1480426200,2016-11-29 14:30,EconomicCalendar/raw/oanda/daily/2016-11-29.json,pinned_report_and_event_name,"2,9%","1,4%","3,2%",parsed,scalar,2.9,,2.9,,percent,1,,parsed,scalar,1.4,,1.4,,percent,1,,parsed,scalar,3.2,,3.2,,percent,1,
1765,PCE,2016-11-30T07:30:00-06:00,BEA,bea:pce:20161130T133000Z:october-2016,October 2016,3,exact,2016-11-30,08:30:00,America/New_York,https://www.bea.gov/news/2016/personal-income-and-outlays-october-2016,OANDA,694,58196,Personal Consumption Expenditures,October,2,1480512600,2016-11-30 14:30,EconomicCalendar/raw/oanda/daily/2016-11-30.json,pinned_report_and_event_name,"0,5% m/m","0,5% m/m","0,3% m/m",parsed,scalar,0.5,,0.5,,percent,1,m/m,parsed,scalar,0.5,,0.5,,percent,1,m/m,parsed,scalar,0.3,,0.3,,percent,1,m/m
340,EMPLOYMENT,2016-12-02T07:30:00-06:00,BLS,bls:employment:20161202T133000Z:november-2016,November 2016,3,exact,2016-12-02,08:30:00,America/New_York,https://www.bls.gov/schedule/2016/home.htm,OANDA,707,59925,Non-Farm Employment Change,November,3,1480685400,2016-12-02 14:30,EconomicCalendar/raw/oanda/daily/2016-12-02.json,pinned_report_and_event_name,175 k,161 k,178 k,parsed,scalar,175,,175000,,count,1000,,parsed,scalar,161,,161000,,count,1000,,parsed,scalar,178,,178000,,count,1000,
342,PPI,2016-12-14T07:30:00-06:00,BLS,bls:ppi:20161214T133000Z:november-2016,November 2016,3,exact,2016-12-14,08:30:00,America/New_York,https://www.bls.gov/schedule/2016/home.htm,OANDA,703,59714,Producer Price Index,November,2,1481722200,2016-12-14 14:30,EconomicCalendar/raw/oanda/daily/2016-12-14.json,pinned_report_and_event_name,"0,1% m/m","0,0% m/m","0,4% m/m",parsed,scalar,0.1,,0.1,,percent,1,m/m,parsed,scalar,0.0,,0.0,,percent,1,m/m,parsed,scalar,0.4,,0.4,,percent,1,m/m
2431,RETAIL_SALES,2016-12-14T07:30:00-06:00,CENSUS,census:retail-sales-2016-11,November 2016,3,exact,2016-12-14,08:30:00,America/New_York,https://www2.census.gov/retail/releases/historical/marts/adv1611.pdf,OANDA,696,60306,Retail Sales,November,3,1481722200,2016-12-14 14:30,EconomicCalendar/raw/oanda/daily/2016-12-14.json,pinned_report_and_event_name,"0,3% m/m","0,8% m/m","0,1% m/m",parsed,scalar,0.3,,0.3,,percent,1,m/m,parsed,scalar,0.8,,0.8,,percent,1,m/m,parsed,scalar,0.1,,0.1,,percent,1,m/m
2185,FOMC,2016-12-14T13:00:00-06:00,FEDERAL_RESERVE,federal_reserve:fomc:20161214T190000Z,FOMC 2016-12-14,3,exact,2016-12-14,14:00:00,America/New_York,https://www.federalreserve.gov/newsevents/pressreleases/monetary20161214a.htm,OANDA,82,56623,FOMC Interest Rate Decision,December,3,1481742000,2016-12-14 20:00,EconomicCalendar/raw/oanda/daily/2016-12-14.json,pinned_report_and_event_name,"0,50-0,75%","0,25-0,50%","0,50-0,75%",parsed,range,0.50,0.75,0.50,0.75,percent,1,,parsed,range,0.25,0.50,0.25,0.50,percent,1,,parsed,range,0.50,0.75,0.50,0.75,percent,1,
343,CPI,2016-12-15T07:30:00-06:00,BLS,bls:cpi:20161215T133000Z:november-2016,November 2016,3,exact,2016-12-15,08:30:00,America/New_York,https://www.bls.gov/schedule/2016/home.htm,OANDA,699,59654,Consumer Price Index,November,3,1481808600,2016-12-15 14:30,EconomicCalendar/raw/oanda/daily/2016-12-15.json,pinned_report_and_event_name,"0,2% m/m","0,4% m/m","0,2% m/m",parsed,scalar,0.2,,0.2,,percent,1,m/m,parsed,scalar,0.4,,0.4,,percent,1,m/m,parsed,scalar,0.2,,0.2,,percent,1,m/m
2432,DURABLE_GOODS,2016-12-22T07:30:00-06:00,CENSUS,census:durable-goods-2016-11,November 2016,3,exact,2016-12-22,08:30:00,America/New_York,https://www.census.gov/manufacturing/m3/historical_data/pressreleases/adv/2016/nov16adv.pdf,OANDA,59,60362,Durable Goods Orders - pre..,November,3,1482413400,2016-12-22 14:30,EconomicCalendar/raw/oanda/daily/2016-12-22.json,pinned_report_and_event_name,-4% m/m,"4,6% m/m","-4,6% m/m",parsed,scalar,-4,,-4,,percent,1,m/m,parsed,scalar,4.6,,4.6,,percent,1,m/m,parsed,scalar,-4.6,,-4.6,,percent,1,m/m
1766,GDP,2016-12-22T07:30:00-06:00,BEA,bea:gdp:20161222T133000Z:q3-2016-third,Q3 2016 Third,3,exact,2016-12-22,08:30:00,America/New_York,https://www.bea.gov/news/2016/gross-domestic-product-3rd-quarter-2016-third-estimate-corporate-profits-3rd-quarter-2016,OANDA,690,57398,GDP (Annualized) - fin..,3Q,3,1482413400,2016-12-22 14:30,EconomicCalendar/raw/oanda/daily/2016-12-22.json,pinned_report_and_event_name,"3,2%","1,4%","3,5%",parsed,scalar,3.2,,3.2,,percent,1,,parsed,scalar,1.4,,1.4,,percent,1,,parsed,scalar,3.5,,3.5,,percent,1,
1767,PCE,2016-12-22T09:00:00-06:00,BEA,bea:pce:20161222T150000Z:november-2016,November 2016,3,exact,2016-12-22,10:00:00,America/New_York,https://www.bea.gov/news/2016/personal-income-and-outlays-november-2016,OANDA,694,58200,Personal Consumption Expenditures,November,2,1482418800,2016-12-22 16:00,EconomicCalendar/raw/oanda/daily/2016-12-22.json,pinned_report_and_event_name,"0,3% m/m","0,3% m/m","0,2% m/m",parsed,scalar,0.3,,0.3,,percent,1,m/m,parsed,scalar,0.3,,0.3,,percent,1,m/m,parsed,scalar,0.2,,0.2,,percent,1,m/m
344,EMPLOYMENT,2017-01-06T07:30:00-06:00,BLS,bls:employment:20170106T133000Z:december-2016,December 2016,3,exact,2017-01-06,08:30:00,America/New_York,https://www.bls.gov/schedule/2017/home.htm,OANDA,707,66589,Non-Farm Employment Change,December,3,1483709400,2017-01-06 14:30,EconomicCalendar/raw/oanda/daily/2017-01-06.json,pinned_report_and_event_name,177 k,178 k,156 k,parsed,scalar,177,,177000,,count,1000,,parsed,scalar,178,,178000,,count,1000,,parsed,scalar,156,,156000,,count,1000,
346,PPI,2017-01-13T07:30:00-06:00,BLS,bls:ppi:20170113T133000Z:december-2016,December 2016,3,exact,2017-01-13,08:30:00,America/New_York,https://www.bls.gov/schedule/2017/home.htm,OANDA,703,59719,Producer Price Index,December,2,1484314200,2017-01-13 14:30,EconomicCalendar/raw/oanda/daily/2017-01-13.json,pinned_report_and_event_name,"0,3% m/m","0,4% m/m","0,3% m/m",parsed,scalar,0.3,,0.3,,percent,1,m/m,parsed,scalar,0.4,,0.4,,percent,1,m/m,parsed,scalar,0.3,,0.3,,percent,1,m/m
2433,RETAIL_SALES,2017-01-13T07:30:00-06:00,CENSUS,census:retail-sales-2016-12,December 2016,3,exact,2017-01-13,08:30:00,America/New_York,https://www2.census.gov/retail/releases/historical/marts/adv1612.pdf,OANDA,696,66727,Retail Sales,December,3,1484314200,2017-01-13 14:30,EconomicCalendar/raw/oanda/daily/2017-01-13.json,pinned_report_and_event_name,"0,7% m/m","0,1% m/m","0,6% m/m",parsed,scalar,0.7,,0.7,,percent,1,m/m,parsed,scalar,0.1,,0.1,,percent,1,m/m,parsed,scalar,0.6,,0.6,,percent,1,m/m
347,CPI,2017-01-18T07:30:00-06:00,BLS,bls:cpi:20170118T133000Z:december-2016,December 2016,3,exact,2017-01-18,08:30:00,America/New_York,https://www.bls.gov/schedule/2017/home.htm,OANDA,699,66305,Consumer Price Index,December,3,1484746200,2017-01-18 14:30,EconomicCalendar/raw/oanda/daily/2017-01-18.json,pinned_report_and_event_name,"0,3% m/m","0,2% m/m","0,3% m/m",parsed,scalar,0.3,,0.3,,percent,1,m/m,parsed,scalar,0.2,,0.2,,percent,1,m/m,parsed,scalar,0.3,,0.3,,percent,1,m/m
2434,DURABLE_GOODS,2017-01-27T07:30:00-06:00,CENSUS,census:durable-goods-2016-12,December 2016,3,exact,2017-01-27,08:30:00,America/New_York,https://www.census.gov/manufacturing/m3/historical_data/pressreleases/adv/2016/dec16adv.pdf,OANDA,59,66787,Durable Goods Orders - pre..,December,3,1485523800,2017-01-27 14:30,EconomicCalendar/raw/oanda/daily/2017-01-27.json,pinned_report_and_event_name,"2,6% m/m","-4,5% m/m","-0,4% m/m",parsed,scalar,2.6,,2.6,,percent,1,m/m,parsed,scalar,-4.5,,-4.5,,percent,1,m/m,parsed,scalar,-0.4,,-0.4,,percent,1,m/m
1768,GDP,2017-01-27T07:30:00-06:00,BEA,bea:gdp:20170127T133000Z:q4-2016-advance,Q4 2016 Advance,3,exact,2017-01-27,08:30:00,America/New_York,https://www.bea.gov/news/2017/gross-domestic-product-4th-quarter-and-annual-2016-advance-estimate,OANDA,690,70635,GDP (Annualized) - pre..,4Q,3,1485523800,2017-01-27 14:30,EconomicCalendar/raw/oanda/daily/2017-01-27.json,pinned_report_and_event_name,"2,2%","3,5%","1,9%",parsed,scalar,2.2,,2.2,,percent,1,,parsed,scalar,3.5,,3.5,,percent,1,,parsed,scalar,1.9,,1.9,,percent,1,
1769,PCE,2017-01-30T07:30:00-06:00,BEA,bea:pce:20170130T133000Z:december-2016,December 2016,3,exact,2017-01-30,08:30:00,America/New_York,https://www.bea.gov/news/2017/personal-income-and-outlays-december-2016,OANDA,694,66045,Personal Consumption Expenditures,December,2,1485783000,2017-01-30 14:30,EconomicCalendar/raw/oanda/daily/2017-01-30.json,pinned_report_and_event_name,"0,5% m/m","0,2% m/m","0,5% m/m",parsed,scalar,0.5,,0.5,,percent,1,m/m,parsed,scalar,0.2,,0.2,,percent,1,m/m,parsed,scalar,0.5,,0.5,,percent,1,m/m
2186,FOMC,2017-02-01T13:00:00-06:00,FEDERAL_RESERVE,federal_reserve:fomc:20170201T190000Z,FOMC 2017-02-01,3,exact,2017-02-01,14:00:00,America/New_York,https://www.federalreserve.gov/newsevents/pressreleases/monetary20170201a.htm,OANDA,82,66034,FOMC Interest Rate Decision,February,3,1485975600,2017-02-01 20:00,EconomicCalendar/raw/oanda/daily/2017-02-01.json,pinned_report_and_event_name,"0,50-0,75%","0,50-0,75%","0,50-0,75%",parsed,range,0.50,0.75,0.50,0.75,percent,1,,parsed,range,0.50,0.75,0.50,0.75,percent,1,,parsed,range,0.50,0.75,0.50,0.75,percent,1,
348,EMPLOYMENT,2017-02-03T07:30:00-06:00,BLS,bls:employment:20170203T133000Z:january-2017,January 2017,3,exact,2017-02-03,08:30:00,America/New_York,https://www.bls.gov/schedule/2017/home.htm,OANDA,707,66595,Non-Farm Employment Change,January,3,1486128600,2017-02-03 14:30,EconomicCalendar/raw/oanda/daily/2017-02-03.json,pinned_report_and_event_name,175 k,156 k,227 k,parsed,scalar,175,,175000,,count,1000,,parsed,scalar,156,,156000,,count,1000,,parsed,scalar,227,,227000,,count,1000,
350,PPI,2017-02-14T07:30:00-06:00,BLS,bls:ppi:20170214T133000Z:january-2017,January 2017,3,exact,2017-02-14,08:30:00,America/New_York,https://www.bls.gov/schedule/2017/home.htm,OANDA,703,66365,Producer Price Index,January,2,1487079000,2017-02-14 14:30,EconomicCalendar/raw/oanda/daily/2017-02-14.json,pinned_report_and_event_name,"0,3% m/m","0,3% m/m","0,6% m/m",parsed,scalar,0.3,,0.3,,percent,1,m/m,parsed,scalar,0.3,,0.3,,percent,1,m/m,parsed,scalar,0.6,,0.6,,percent,1,m/m
351,CPI,2017-02-15T07:30:00-06:00,BLS,bls:cpi:20170215T133000Z:january-2017,January 2017,3,exact,2017-02-15,08:30:00,America/New_York,https://www.bls.gov/schedule/2017/home.htm,OANDA,699,66310,Consumer Price Index,January,3,1487165400,2017-02-15 14:30,EconomicCalendar/raw/oanda/daily/2017-02-15.json,pinned_report_and_event_name,"0,3% m/m","0,3% m/m","0,6% m/m",parsed,scalar,0.3,,0.3,,percent,1,m/m,parsed,scalar,0.3,,0.3,,percent,1,m/m,parsed,scalar,0.6,,0.6,,percent,1,m/m
2435,RETAIL_SALES,2017-02-15T07:30:00-06:00,CENSUS,census:retail-sales-2017-01,January 2017,3,exact,2017-02-15,08:30:00,America/New_York,https://www2.census.gov/retail/releases/historical/marts/adv1701.pdf,OANDA,696,66730,Retail Sales,January,3,1487165400,2017-02-15 14:30,EconomicCalendar/raw/oanda/daily/2017-02-15.json,pinned_report_and_event_name,"0,1% m/m","0,6% m/m","0,4% m/m",parsed,scalar,0.1,,0.1,,percent,1,m/m,parsed,scalar,0.6,,0.6,,percent,1,m/m,parsed,scalar,0.4,,0.4,,percent,1,m/m
2436,DURABLE_GOODS,2017-02-27T07:30:00-06:00,CENSUS,census:durable-goods-2017-01,January 2017,3,exact,2017-02-27,08:30:00,America/New_York,https://www.census.gov/manufacturing/m3/historical_data/pressreleases/adv/2017/jan17adv.pdf,OANDA,59,66789,Durable Goods Orders - pre..,January,3,1488202200,2017-02-27 14:30,EconomicCalendar/raw/oanda/daily/2017-02-27.json,pinned_report_and_event_name,"1,7% m/m","-0,5% m/m","1,8% m/m",parsed,scalar,1.7,,1.7,,percent,1,m/m,parsed,scalar,-0.5,,-0.5,,percent,1,m/m,parsed,scalar,1.8,,1.8,,percent,1,m/m
1770,GDP,2017-02-28T07:30:00-06:00,BEA,bea:gdp:20170228T133000Z:q4-2016-second,Q4 2016 Second,3,exact,2017-02-28,08:30:00,America/New_York,https://www.bea.gov/news/2017/gross-domestic-product-4th-quarter-and-annual-2016-second-estimate,OANDA,690,71071,GDP (Annualized) - rev..,4Q,3,1488288600,2017-02-28 14:30,EconomicCalendar/raw/oanda/daily/2017-02-28.json,pinned_report_and_event_name,"1,9%","3,5%","1,9%",parsed,scalar,1.9,,1.9,,percent,1,,parsed,scalar,3.5,,3.5,,percent,1,,parsed,scalar,1.9,,1.9,,percent,1,
1771,PCE,2017-03-01T07:30:00-06:00,BEA,bea:pce:20170301T133000Z:january-2017,January 2017,3,exact,2017-03-01,08:30:00,America/New_York,https://www.bea.gov/news/2017/personal-income-and-outlays-january-2017,OANDA,694,66049,Personal Consumption Expenditures,January,2,1488375000,2017-03-01 14:30,EconomicCalendar/raw/oanda/daily/2017-03-01.json,pinned_report_and_event_name,"0,3% m/m","0,5% m/m","0,2% m/m",parsed,scalar,0.3,,0.3,,percent,1,m/m,parsed,scalar,0.5,,0.5,,percent,1,m/m,parsed,scalar,0.2,,0.2,,percent,1,m/m
352,EMPLOYMENT,2017-03-10T07:30:00-06:00,BLS,bls:employment:20170310T133000Z:february-2017,February 2017,3,exact,2017-03-10,08:30:00,America/New_York,https://www.bls.gov/schedule/2017/home.htm,OANDA,707,66601,Non-Farm Employment Change,February,3,1489152600,2017-03-10 14:30,EconomicCalendar/raw/oanda/daily/2017-03-10.json,pinned_report_and_event_name,190 k,227 k,235 k,parsed,scalar,190,,190000,,count,1000,,parsed,scalar,227,,227000,,count,1000,,parsed,scalar,235,,235000,,count,1000,
353,PPI,2017-03-14T07:30:00-05:00,BLS,bls:ppi:20170314T123000Z:february-2017,February 2017,3,exact,2017-03-14,08:30:00,America/New_York,https://www.bls.gov/schedule/2017/home.htm,OANDA,703,66370,Producer Price Index,February,2,1489494600,2017-03-14 13:30,EconomicCalendar/raw/oanda/daily/2017-03-14.json,pinned_report_and_event_name,"0,1% m/m","0,6% m/m","0,3% m/m",parsed,scalar,0.1,,0.1,,percent,1,m/m,parsed,scalar,0.6,,0.6,,percent,1,m/m,parsed,scalar,0.3,,0.3,,percent,1,m/m
354,CPI,2017-03-15T07:30:00-05:00,BLS,bls:cpi:20170315T123000Z:february-2017,February 2017,3,exact,2017-03-15,08:30:00,America/New_York,https://www.bls.gov/schedule/2017/home.htm,OANDA,699,66315,Consumer Price Index,February,3,1489581000,2017-03-15 13:30,EconomicCalendar/raw/oanda/daily/2017-03-15.json,pinned_report_and_event_name,"0,0% m/m","0,6% m/m","0,1% m/m",parsed,scalar,0.0,,0.0,,percent,1,m/m,parsed,scalar,0.6,,0.6,,percent,1,m/m,parsed,scalar,0.1,,0.1,,percent,1,m/m
2437,RETAIL_SALES,2017-03-15T07:30:00-05:00,CENSUS,census:retail-sales-2017-02,February 2017,3,exact,2017-03-15,08:30:00,America/New_York,https://www2.census.gov/retail/releases/historical/marts/adv1702.pdf,OANDA,696,66733,Retail Sales,February,3,1489581000,2017-03-15 13:30,EconomicCalendar/raw/oanda/daily/2017-03-15.json,pinned_report_and_event_name,"0,1% m/m","0,4% m/m","0,1% m/m",parsed,scalar,0.1,,0.1,,percent,1,m/m,parsed,scalar,0.4,,0.4,,percent,1,m/m,parsed,scalar,0.1,,0.1,,percent,1,m/m
2187,FOMC,2017-03-15T13:00:00-05:00,FEDERAL_RESERVE,federal_reserve:fomc:20170315T180000Z,FOMC 2017-03-15,3,exact,2017-03-15,14:00:00,America/New_York,https://www.federalreserve.gov/newsevents/pressreleases/monetary20170315a.htm,OANDA,82,66035,FOMC Interest Rate Decision,March,3,1489600800,2017-03-15 19:00,EconomicCalendar/raw/oanda/daily/2017-03-15.json,pinned_report_and_event_name,"0,75-1,00%","0,50-0,75%","0,75-1,00%",parsed,range,0.75,1.00,0.75,1.00,percent,1,,parsed,range,0.50,0.75,0.50,0.75,percent,1,,parsed,range,0.75,1.00,0.75,1.00,percent,1,
2438,DURABLE_GOODS,2017-03-24T07:30:00-05:00,CENSUS,census:durable-goods-2017-02,February 2017,3,exact,2017-03-24,08:30:00,America/New_York,https://www.census.gov/manufacturing/m3/historical_data/pressreleases/adv/2017/feb17adv.pdf,OANDA,59,66791,Durable Goods Orders - pre..,February,3,1490358600,2017-03-24 13:30,EconomicCalendar/raw/oanda/daily/2017-03-24.json,pinned_report_and_event_name,"1,5% m/m",2% m/m,"1,7% m/m",parsed,scalar,1.5,,1.5,,percent,1,m/m,parsed,scalar,2,,2,,percent,1,m/m,parsed,scalar,1.7,,1.7,,percent,1,m/m
1772,GDP,2017-03-30T07:30:00-05:00,BEA,bea:gdp:20170330T123000Z:q4-2016-third,Q4 2016 Third,3,exact,2017-03-30,08:30:00,America/New_York,https://www.bea.gov/news/2017/gross-domestic-product-4th-quarter-and-annual-2016-third-estimate-corporate-profits-4th,OANDA,690,71332,GDP (Annualized) - fin..,4Q,3,1490877000,2017-03-30 14:30,EconomicCalendar/raw/oanda/daily/2017-03-30.json,pinned_report_and_event_name,"1,9%","3,5%","2,1%",parsed,scalar,1.9,,1.9,,percent,1,,parsed,scalar,3.5,,3.5,,percent,1,,parsed,scalar,2.1,,2.1,,percent,1,
1773,PCE,2017-03-31T07:30:00-05:00,BEA,bea:pce:20170331T123000Z:february-2017,February 2017,3,exact,2017-03-31,08:30:00,America/New_York,https://www.bea.gov/news/2017/personal-income-and-outlays-february-2017,OANDA,694,66053,Personal Consumption Expenditures,February,2,1490963400,2017-03-31 14:30,EconomicCalendar/raw/oanda/daily/2017-03-31.json,pinned_report_and_event_name,"0,2% m/m","0,2% m/m","0,1% m/m",parsed,scalar,0.2,,0.2,,percent,1,m/m,parsed,scalar,0.2,,0.2,,percent,1,m/m,parsed,scalar,0.1,,0.1,,percent,1,m/m
357,EMPLOYMENT,2017-04-07T07:30:00-05:00,BLS,bls:employment:20170407T123000Z:march-2017,March 2017,3,exact,2017-04-07,08:30:00,America/New_York,https://www.bls.gov/schedule/2017/home.htm,OANDA,707,66607,Non-Farm Employment Change,March,3,1491568200,2017-04-07 14:30,EconomicCalendar/raw/oanda/daily/2017-04-07.json,pinned_report_and_event_name,180 k,235 k,98 k,parsed,scalar,180,,180000,,count,1000,,parsed,scalar,235,,235000,,count,1000,,parsed,scalar,98,,98000,,count,1000,
359,PPI,2017-04-13T07:30:00-05:00,BLS,bls:ppi:20170413T123000Z:march-2017,March 2017,3,exact,2017-04-13,08:30:00,America/New_York,https://www.bls.gov/schedule/2017/home.htm,OANDA,703,66375,Producer Price Index,March,2,1492086600,2017-04-13 14:30,EconomicCalendar/raw/oanda/daily/2017-04-13.json,pinned_report_and_event_name,"0,0% m/m","0,3% m/m","-0,1% m/m",parsed,scalar,0.0,,0.0,,percent,1,m/m,parsed,scalar,0.3,,0.3,,percent,1,m/m,parsed,scalar,-0.1,,-0.1,,percent,1,m/m
360,CPI,2017-04-14T07:30:00-05:00,BLS,bls:cpi:20170414T123000Z:march-2017,March 2017,3,exact,2017-04-14,08:30:00,America/New_York,https://www.bls.gov/schedule/2017/home.htm,OANDA,699,66320,Consumer Price Index,March,3,1492173000,2017-04-14 14:30,EconomicCalendar/raw/oanda/daily/2017-04-14.json,pinned_report_and_event_name,"0,0% m/m","0,1% m/m","-0,3% m/m",parsed,scalar,0.0,,0.0,,percent,1,m/m,parsed,scalar,0.1,,0.1,,percent,1,m/m,parsed,scalar,-0.3,,-0.3,,percent,1,m/m
2439,RETAIL_SALES,2017-04-14T07:30:00-05:00,CENSUS,census:retail-sales-2017-03,March 2017,3,exact,2017-04-14,08:30:00,America/New_York,https://www2.census.gov/retail/releases/historical/marts/adv1703.pdf,OANDA,696,66736,Retail Sales,March,3,1492173000,2017-04-14 14:30,EconomicCalendar/raw/oanda/daily/2017-04-14.json,pinned_report_and_event_name,"-0,1% m/m","0,1% m/m","-0,2% m/m",parsed,scalar,-0.1,,-0.1,,percent,1,m/m,parsed,scalar,0.1,,0.1,,percent,1,m/m,parsed,scalar,-0.2,,-0.2,,percent,1,m/m
2440,DURABLE_GOODS,2017-04-27T07:30:00-05:00,CENSUS,census:durable-goods-2017-03,March 2017,3,exact,2017-04-27,08:30:00,America/New_York,https://www.census.gov/manufacturing/m3/historical_data/pressreleases/adv/2017/mar17adv.pdf,OANDA,59,66793,Durable Goods Orders - pre..,March,3,1493296200,2017-04-27 14:30,EconomicCalendar/raw/oanda/daily/2017-04-27.json,pinned_report_and_event_name,"1,2% m/m","1,8% m/m","0,7% m/m",parsed,scalar,1.2,,1.2,,percent,1,m/m,parsed,scalar,1.8,,1.8,,percent,1,m/m,parsed,scalar,0.7,,0.7,,percent,1,m/m
1774,GDP,2017-04-28T07:30:00-05:00,BEA,bea:gdp:20170428T123000Z:q1-2017-advance,Q1 2017 Advance,3,exact,2017-04-28,08:30:00,America/New_York,https://www.bea.gov/news/2017/gross-domestic-product-1st-quarter-2017-advance-estimate,OANDA,690,65003,GDP (Annualized) - pre..,1Q,3,1493382600,2017-04-28 14:30,EconomicCalendar/raw/oanda/daily/2017-04-28.json,pinned_report_and_event_name,"1,1%","1,9%","0,7%",parsed,scalar,1.1,,1.1,,percent,1,,parsed,scalar,1.9,,1.9,,percent,1,,parsed,scalar,0.7,,0.7,,percent,1,
1775,PCE,2017-05-01T07:30:00-05:00,BEA,bea:pce:20170501T123000Z:march-2017,March 2017,3,exact,2017-05-01,08:30:00,America/New_York,https://www.bea.gov/news/2017/personal-income-and-outlays-march-2017,OANDA,694,66057,Personal Consumption Expenditures,March,2,1493641800,2017-05-01 14:30,EconomicCalendar/raw/oanda/daily/2017-05-01.json,pinned_report_and_event_name,"0,2% m/m","0,1% m/m","0,0% m/m",parsed,scalar,0.2,,0.2,,percent,1,m/m,parsed,scalar,0.1,,0.1,,percent,1,m/m,parsed,scalar,0.0,,0.0,,percent,1,m/m
2188,FOMC,2017-05-03T13:00:00-05:00,FEDERAL_RESERVE,federal_reserve:fomc:20170503T180000Z,FOMC 2017-05-03,3,exact,2017-05-03,14:00:00,America/New_York,https://www.federalreserve.gov/newsevents/pressreleases/monetary20170503a.htm,OANDA,82,66036,FOMC Interest Rate Decision,May,3,1493834400,2017-05-03 20:00,EconomicCalendar/raw/oanda/daily/2017-05-03.json,pinned_report_and_event_name,"0,75-1,00%","0,75-1,00%","0,75-1,00%",parsed,range,0.75,1.00,0.75,1.00,percent,1,,parsed,range,0.75,1.00,0.75,1.00,percent,1,,parsed,range,0.75,1.00,0.75,1.00,percent,1,
361,EMPLOYMENT,2017-05-05T07:30:00-05:00,BLS,bls:employment:20170505T123000Z:april-2017,April 2017,3,exact,2017-05-05,08:30:00,America/New_York,https://www.bls.gov/schedule/2017/home.htm,OANDA,707,66613,Non-Farm Employment Change,April,3,1493987400,2017-05-05 14:30,EconomicCalendar/raw/oanda/daily/2017-05-05.json,pinned_report_and_event_name,185 k,98 k,211 k,parsed,scalar,185,,185000,,count,1000,,parsed,scalar,98,,98000,,count,1000,,parsed,scalar,211,,211000,,count,1000,
363,PPI,2017-05-11T07:30:00-05:00,BLS,bls:ppi:20170511T123000Z:april-2017,April 2017,3,exact,2017-05-11,08:30:00,America/New_York,https://www.bls.gov/schedule/2017/home.htm,OANDA,703,66380,Producer Price Index,April,2,1494505800,2017-05-11 14:30,EconomicCalendar/raw/oanda/daily/2017-05-11.json,pinned_report_and_event_name,"0,2% m/m","-0,1% m/m","0,5% m/m",parsed,scalar,0.2,,0.2,,percent,1,m/m,parsed,scalar,-0.1,,-0.1,,percent,1,m/m,parsed,scalar,0.5,,0.5,,percent,1,m/m
364,CPI,2017-05-12T07:30:00-05:00,BLS,bls:cpi:20170512T123000Z:april-2017,April 2017,3,exact,2017-05-12,08:30:00,America/New_York,https://www.bls.gov/schedule/2017/home.htm,OANDA,699,66325,Consumer Price Index,April,3,1494592200,2017-05-12 14:30,EconomicCalendar/raw/oanda/daily/2017-05-12.json,pinned_report_and_event_name,"0,2% m/m","-0,3% m/m","0,2% m/m",parsed,scalar,0.2,,0.2,,percent,1,m/m,parsed,scalar,-0.3,,-0.3,,percent,1,m/m,parsed,scalar,0.2,,0.2,,percent,1,m/m
2441,RETAIL_SALES,2017-05-12T07:30:00-05:00,CENSUS,census:retail-sales-2017-04,April 2017,3,exact,2017-05-12,08:30:00,America/New_York,https://www2.census.gov/retail/releases/historical/marts/adv1704.pdf,OANDA,696,66739,Retail Sales,April,3,1494592200,2017-05-12 14:30,EconomicCalendar/raw/oanda/daily/2017-05-12.json,pinned_report_and_event_name,"0,6% m/m","-0,2% m/m","0,4% m/m",parsed,scalar,0.6,,0.6,,percent,1,m/m,parsed,scalar,-0.2,,-0.2,,percent,1,m/m,parsed,scalar,0.4,,0.4,,percent,1,m/m
2442,DURABLE_GOODS,2017-05-26T07:30:00-05:00,CENSUS,census:durable-goods-2017-04,April 2017,3,exact,2017-05-26,08:30:00,America/New_York,https://www.census.gov/manufacturing/m3/historical_data/pressreleases/adv/2017/apr17adv.pdf,OANDA,59,66795,Durable Goods Orders - pre..,April,3,1495801800,2017-05-26 14:30,EconomicCalendar/raw/oanda/daily/2017-05-26.json,pinned_report_and_event_name,"-1,2% m/m","0,9% m/m","-0,7% m/m",parsed,scalar,-1.2,,-1.2,,percent,1,m/m,parsed,scalar,0.9,,0.9,,percent,1,m/m,parsed,scalar,-0.7,,-0.7,,percent,1,m/m
1776,GDP,2017-05-26T07:30:00-05:00,BEA,bea:gdp:20170526T123000Z:q1-2017-second,Q1 2017 Second,3,exact,2017-05-26,08:30:00,America/New_York,https://www.bea.gov/news/2017/gross-domestic-product-1st-quarter-2017-second-estimate-corporate-profits-1st-quarter,OANDA,690,66496,GDP (Annualized) - rev..,1Q,3,1495801800,2017-05-26 14:30,EconomicCalendar/raw/oanda/daily/2017-05-26.json,pinned_report_and_event_name,"0,7%","1,9%","1,2%",parsed,scalar,0.7,,0.7,,percent,1,,parsed,scalar,1.9,,1.9,,percent,1,,parsed,scalar,1.2,,1.2,,percent,1,
1777,PCE,2017-05-30T07:30:00-05:00,BEA,bea:pce:20170530T123000Z:april-2017,April 2017,3,exact,2017-05-30,08:30:00,America/New_York,https://www.bea.gov/news/2017/personal-income-and-outlays-april-2017,OANDA,694,71702,Personal Consumption Expenditures,April,2,1496147400,2017-05-30 14:30,EconomicCalendar/raw/oanda/daily/2017-05-30.json,pinned_report_and_event_name,"0,4% m/m","0,0% m/m","0,4% m/m",parsed,scalar,0.4,,0.4,,percent,1,m/m,parsed,scalar,0.0,,0.0,,percent,1,m/m,parsed,scalar,0.4,,0.4,,percent,1,m/m
365,EMPLOYMENT,2017-06-02T07:30:00-05:00,BLS,bls:employment:20170602T123000Z:may-2017,May 2017,3,exact,2017-06-02,08:30:00,America/New_York,https://www.bls.gov/schedule/2017/home.htm,OANDA,707,66619,Non-Farm Employment Change,May,3,1496406600,2017-06-02 14:30,EconomicCalendar/raw/oanda/daily/2017-06-02.json,pinned_report_and_event_name,185 k,211 k,138 k,parsed,scalar,185,,185000,,count,1000,,parsed,scalar,211,,211000,,count,1000,,parsed,scalar,138,,138000,,count,1000,
367,PPI,2017-06-13T07:30:00-05:00,BLS,bls:ppi:20170613T123000Z:may-2017,May 2017,3,exact,2017-06-13,08:30:00,America/New_York,https://www.bls.gov/schedule/2017/home.htm,OANDA,703,66385,Producer Price Index,May,2,1497357000,2017-06-13 14:30,EconomicCalendar/raw/oanda/daily/2017-06-13.json,pinned_report_and_event_name,"0,0% m/m","0,5% m/m","0,0% m/m",parsed,scalar,0.0,,0.0,,percent,1,m/m,parsed,scalar,0.5,,0.5,,percent,1,m/m,parsed,scalar,0.0,,0.0,,percent,1,m/m
368,CPI,2017-06-14T07:30:00-05:00,BLS,bls:cpi:20170614T123000Z:may-2017,May 2017,3,exact,2017-06-14,08:30:00,America/New_York,https://www.bls.gov/schedule/2017/home.htm,OANDA,699,66330,Consumer Price Index,May,3,1497443400,2017-06-14 14:30,EconomicCalendar/raw/oanda/daily/2017-06-14.json,pinned_report_and_event_name,"0,0% m/m","0,2% m/m","-0,1% m/m",parsed,scalar,0.0,,0.0,,percent,1,m/m,parsed,scalar,0.2,,0.2,,percent,1,m/m,parsed,scalar,-0.1,,-0.1,,percent,1,m/m
2443,RETAIL_SALES,2017-06-14T07:30:00-05:00,CENSUS,census:retail-sales-2017-05,May 2017,3,exact,2017-06-14,08:30:00,America/New_York,https://www2.census.gov/retail/releases/historical/marts/adv1705.pdf,OANDA,696,66742,Retail Sales,May,3,1497443400,2017-06-14 14:30,EconomicCalendar/raw/oanda/daily/2017-06-14.json,pinned_report_and_event_name,"0,1% m/m","0,4% m/m","-0,3% m/m",parsed,scalar,0.1,,0.1,,percent,1,m/m,parsed,scalar,0.4,,0.4,,percent,1,m/m,parsed,scalar,-0.3,,-0.3,,percent,1,m/m
2189,FOMC,2017-06-14T13:00:00-05:00,FEDERAL_RESERVE,federal_reserve:fomc:20170614T180000Z,FOMC 2017-06-14,3,exact,2017-06-14,14:00:00,America/New_York,https://www.federalreserve.gov/newsevents/pressreleases/monetary20170614a.htm,OANDA,82,66037,FOMC Interest Rate Decision,June,3,1497463200,2017-06-14 20:00,EconomicCalendar/raw/oanda/daily/2017-06-14.json,pinned_report_and_event_name,"1,00-1,25%","0,75-1,00%","1,00-1,25%",parsed,range,1.00,1.25,1.00,1.25,percent,1,,parsed,range,0.75,1.00,0.75,1.00,percent,1,,parsed,range,1.00,1.25,1.00,1.25,percent,1,
2444,DURABLE_GOODS,2017-06-26T07:30:00-05:00,CENSUS,census:durable-goods-2017-05,May 2017,3,exact,2017-06-26,08:30:00,America/New_York,https://www.census.gov/manufacturing/m3/historical_data/pressreleases/adv/2017/may17adv.pdf,OANDA,59,66797,Durable Goods Orders - pre..,May,3,1498480200,2017-06-26 14:30,EconomicCalendar/raw/oanda/daily/2017-06-26.json,pinned_report_and_event_name,"-0,5% m/m","-0,8% m/m","-1,1% m/m",parsed,scalar,-0.5,,-0.5,,percent,1,m/m,parsed,scalar,-0.8,,-0.8,,percent,1,m/m,parsed,scalar,-1.1,,-1.1,,percent,1,m/m
1778,GDP,2017-06-29T07:30:00-05:00,BEA,bea:gdp:20170629T123000Z:q1-2017-third,Q1 2017 Third,3,exact,2017-06-29,08:30:00,America/New_York,https://www.bea.gov/news/2017/gross-domestic-product-1st-quarter-2017-third-estimate-corporate-profits-1st-quarter-2017,OANDA,690,66512,GDP (Annualized) - fin..,1Q,3,1498739400,2017-06-29 14:30,EconomicCalendar/raw/oanda/daily/2017-06-29.json,pinned_report_and_event_name,"1,2%","2,1%","1,4%",parsed,scalar,1.2,,1.2,,percent,1,,parsed,scalar,2.1,,2.1,,percent,1,,parsed,scalar,1.4,,1.4,,percent,1,
1779,PCE,2017-06-30T07:30:00-05:00,BEA,bea:pce:20170630T123000Z:may-2017,May 2017,3,exact,2017-06-30,08:30:00,America/New_York,https://www.bea.gov/news/2017/personal-income-and-outlays-may-2017,OANDA,694,71709,Personal Consumption Expenditures,May,2,1498825800,2017-06-30 14:30,EconomicCalendar/raw/oanda/daily/2017-06-30.json,pinned_report_and_event_name,"0,1% m/m","0,4% m/m","0,1% m/m",parsed,scalar,0.1,,0.1,,percent,1,m/m,parsed,scalar,0.4,,0.4,,percent,1,m/m,parsed,scalar,0.1,,0.1,,percent,1,m/m
369,EMPLOYMENT,2017-07-07T07:30:00-05:00,BLS,bls:employment:20170707T123000Z:june-2017,June 2017,3,exact,2017-07-07,08:30:00,America/New_York,https://www.bls.gov/schedule/2017/home.htm,OANDA,707,66625,Non-Farm Employment Change,June,3,1499430600,2017-07-07 14:30,EconomicCalendar/raw/oanda/daily/2017-07-07.json,pinned_report_and_event_name,179 k,138 k,222 k,parsed,scalar,179,,179000,,count,1000,,parsed,scalar,138,,138000,,count,1000,,parsed,scalar,222,,222000,,count,1000,
371,PPI,2017-07-13T07:30:00-05:00,BLS,bls:ppi:20170713T123000Z:june-2017,June 2017,3,exact,2017-07-13,08:30:00,America/New_York,https://www.bls.gov/schedule/2017/home.htm,OANDA,703,66390,Producer Price Index,June,2,1499949000,2017-07-13 14:30,EconomicCalendar/raw/oanda/daily/2017-07-13.json,pinned_report_and_event_name,"0,0% m/m","0,0% m/m","0,1% m/m",parsed,scalar,0.0,,0.0,,percent,1,m/m,parsed,scalar,0.0,,0.0,,percent,1,m/m,parsed,scalar,0.1,,0.1,,percent,1,m/m
372,CPI,2017-07-14T07:30:00-05:00,BLS,bls:cpi:20170714T123000Z:june-2017,June 2017,3,exact,2017-07-14,08:30:00,America/New_York,https://www.bls.gov/schedule/2017/home.htm,OANDA,699,66335,Consumer Price Index,June,3,1500035400,2017-07-14 14:30,EconomicCalendar/raw/oanda/daily/2017-07-14.json,pinned_report_and_event_name,"0,1% m/m","-0,1% m/m","0,0% m/m",parsed,scalar,0.1,,0.1,,percent,1,m/m,parsed,scalar,-0.1,,-0.1,,percent,1,m/m,parsed,scalar,0.0,,0.0,,percent,1,m/m
2445,RETAIL_SALES,2017-07-14T07:30:00-05:00,CENSUS,census:retail-sales-2017-06,June 2017,3,exact,2017-07-14,08:30:00,America/New_York,https://www2.census.gov/retail/releases/historical/marts/adv1706.pdf,OANDA,696,66745,Retail Sales,June,3,1500035400,2017-07-14 14:30,EconomicCalendar/raw/oanda/daily/2017-07-14.json,pinned_report_and_event_name,"0,1% m/m","-0,3% m/m","-0,2% m/m",parsed,scalar,0.1,,0.1,,percent,1,m/m,parsed,scalar,-0.3,,-0.3,,percent,1,m/m,parsed,scalar,-0.2,,-0.2,,percent,1,m/m
2190,FOMC,2017-07-26T13:00:00-05:00,FEDERAL_RESERVE,federal_reserve:fomc:20170726T180000Z,FOMC 2017-07-26,3,exact,2017-07-26,14:00:00,America/New_York,https://www.federalreserve.gov/newsevents/pressreleases/monetary20170726a.htm,OANDA,82,66038,FOMC Interest Rate Decision,July,3,1501092000,2017-07-26 20:00,EconomicCalendar/raw/oanda/daily/2017-07-26.json,pinned_report_and_event_name,"1,00-1,25%","1,00-1,25%","1,00-1,25%",parsed,range,1.00,1.25,1.00,1.25,percent,1,,parsed,range,1.00,1.25,1.00,1.25,percent,1,,parsed,range,1.00,1.25,1.00,1.25,percent,1,
2446,DURABLE_GOODS,2017-07-27T07:30:00-05:00,CENSUS,census:durable-goods-2017-06,June 2017,3,exact,2017-07-27,08:30:00,America/New_York,https://www.census.gov/manufacturing/m3/historical_data/pressreleases/adv/2017/jun17adv.pdf,OANDA,59,66799,Durable Goods Orders - pre..,June,3,1501158600,2017-07-27 14:30,EconomicCalendar/raw/oanda/daily/2017-07-27.json,pinned_report_and_event_name,3% m/m,"-0,8% m/m","6,5% m/m",parsed,scalar,3,,3,,percent,1,m/m,parsed,scalar,-0.8,,-0.8,,percent,1,m/m,parsed,scalar,6.5,,6.5,,percent,1,m/m
1780,GDP,2017-07-28T07:30:00-05:00,BEA,bea:gdp:20170728T123000Z:q2-2017-advance,Q2 2017 Advance,3,exact,2017-07-28,08:30:00,America/New_York,https://www.bea.gov/news/2017/gross-domestic-product-2nd-quarter-2017-advance-estimate-and-annual-update,OANDA,690,65007,GDP (Annualized) - pre..,2Q,3,1501245000,2017-07-28 14:30,EconomicCalendar/raw/oanda/daily/2017-07-28.json,pinned_report_and_event_name,"2,6%","1,4%","2,6%",parsed,scalar,2.6,,2.6,,percent,1,,parsed,scalar,1.4,,1.4,,percent,1,,parsed,scalar,2.6,,2.6,,percent,1,
1781,PCE,2017-08-01T07:30:00-05:00,BEA,bea:pce:20170801T123000Z:june-2017,June 2017,3,exact,2017-08-01,08:30:00,America/New_York,https://www.bea.gov/news/2017/personal-income-and-outlays-june-2017-annual-update-2014-through-may-2017,OANDA,694,71716,Personal Consumption Expenditures,June,2,1501590600,2017-08-01 14:30,EconomicCalendar/raw/oanda/daily/2017-08-01.json,pinned_report_and_event_name,"0,1% m/m","0,1% m/m","0,1% m/m",parsed,scalar,0.1,,0.1,,percent,1,m/m,parsed,scalar,0.1,,0.1,,percent,1,m/m,parsed,scalar,0.1,,0.1,,percent,1,m/m
373,EMPLOYMENT,2017-08-04T07:30:00-05:00,BLS,bls:employment:20170804T123000Z:july-2017,July 2017,3,exact,2017-08-04,08:30:00,America/New_York,https://www.bls.gov/schedule/2017/home.htm,OANDA,707,66631,Non-Farm Employment Change,July,3,1501849800,2017-08-04 14:30,EconomicCalendar/raw/oanda/daily/2017-08-04.json,pinned_report_and_event_name,183 k,222 k,209 k,parsed,scalar,183,,183000,,count,1000,,parsed,scalar,222,,222000,,count,1000,,parsed,scalar,209,,209000,,count,1000,
375,PPI,2017-08-10T07:30:00-05:00,BLS,bls:ppi:20170810T123000Z:july-2017,July 2017,3,exact,2017-08-10,08:30:00,America/New_York,https://www.bls.gov/schedule/2017/home.htm,OANDA,703,66395,Producer Price Index,July,2,1502368200,2017-08-10 14:30,EconomicCalendar/raw/oanda/daily/2017-08-10.json,pinned_report_and_event_name,"0,1% m/m","0,1% m/m","-0,1% m/m",parsed,scalar,0.1,,0.1,,percent,1,m/m,parsed,scalar,0.1,,0.1,,percent,1,m/m,parsed,scalar,-0.1,,-0.1,,percent,1,m/m
376,CPI,2017-08-11T07:30:00-05:00,BLS,bls:cpi:20170811T123000Z:july-2017,July 2017,3,exact,2017-08-11,08:30:00,America/New_York,https://www.bls.gov/schedule/2017/home.htm,OANDA,699,66340,Consumer Price Index,July,3,1502454600,2017-08-11 14:30,EconomicCalendar/raw/oanda/daily/2017-08-11.json,pinned_report_and_event_name,"0,2% m/m","0,0% m/m","0,1% m/m",parsed,scalar,0.2,,0.2,,percent,1,m/m,parsed,scalar,0.0,,0.0,,percent,1,m/m,parsed,scalar,0.1,,0.1,,percent,1,m/m
2447,RETAIL_SALES,2017-08-15T07:30:00-05:00,CENSUS,census:retail-sales-2017-07,July 2017,3,exact,2017-08-15,08:30:00,America/New_York,https://www2.census.gov/retail/releases/historical/marts/adv1707.pdf,OANDA,696,66748,Retail Sales,July,3,1502800200,2017-08-15 14:30,EconomicCalendar/raw/oanda/daily/2017-08-15.json,pinned_report_and_event_name,"0,4% m/m","-0,2% m/m","0,6% m/m",parsed,scalar,0.4,,0.4,,percent,1,m/m,parsed,scalar,-0.2,,-0.2,,percent,1,m/m,parsed,scalar,0.6,,0.6,,percent,1,m/m
2448,DURABLE_GOODS,2017-08-25T07:30:00-05:00,CENSUS,census:durable-goods-2017-07,July 2017,3,exact,2017-08-25,08:30:00,America/New_York,https://www.census.gov/manufacturing/m3/historical_data/pressreleases/adv/2017/jul17adv.pdf,OANDA,59,66801,Durable Goods Orders - pre..,July,3,1503664200,2017-08-25 14:30,EconomicCalendar/raw/oanda/daily/2017-08-25.json,pinned_report_and_event_name,-6% m/m,"6,4% m/m","-6,8% m/m",parsed,scalar,-6,,-6,,percent,1,m/m,parsed,scalar,6.4,,6.4,,percent,1,m/m,parsed,scalar,-6.8,,-6.8,,percent,1,m/m
1782,GDP,2017-08-30T07:30:00-05:00,BEA,bea:gdp:20170830T123000Z:q2-2017-second,Q2 2017 Second,3,exact,2017-08-30,08:30:00,America/New_York,https://www.bea.gov/news/2017/gross-domestic-product-2nd-quarter-2017-second-estimate-corporate-profits-2nd-quarter,OANDA,690,66500,GDP (Annualized) - rev..,2Q,3,1504096200,2017-08-30 14:30,EconomicCalendar/raw/oanda/daily/2017-08-30.json,pinned_report_and_event_name,"2,6%","1,2%","3,0%",parsed,scalar,2.6,,2.6,,percent,1,,parsed,scalar,1.2,,1.2,,percent,1,,parsed,scalar,3.0,,3.0,,percent,1,
1783,PCE,2017-08-31T07:30:00-05:00,BEA,bea:pce:20170831T123000Z:july-2017,July 2017,3,exact,2017-08-31,08:30:00,America/New_York,https://www.bea.gov/news/2017/personal-income-and-outlays-july-2017,OANDA,694,71723,Personal Consumption Expenditures,July,2,1504182600,2017-08-31 14:30,EconomicCalendar/raw/oanda/daily/2017-08-31.json,pinned_report_and_event_name,"0,4% m/m","0,1% m/m","0,3% m/m",parsed,scalar,0.4,,0.4,,percent,1,m/m,parsed,scalar,0.1,,0.1,,percent,1,m/m,parsed,scalar,0.3,,0.3,,percent,1,m/m
377,EMPLOYMENT,2017-09-01T07:30:00-05:00,BLS,bls:employment:20170901T123000Z:august-2017,August 2017,3,exact,2017-09-01,08:30:00,America/New_York,https://www.bls.gov/schedule/2017/home.htm,OANDA,707,66637,Non-Farm Employment Change,August,3,1504269000,2017-09-01 14:30,EconomicCalendar/raw/oanda/daily/2017-09-01.json,pinned_report_and_event_name,182 k,209 k,156 k,parsed,scalar,182,,182000,,count,1000,,parsed,scalar,209,,209000,,count,1000,,parsed,scalar,156,,156000,,count,1000,
379,PPI,2017-09-13T07:30:00-05:00,BLS,bls:ppi:20170913T123000Z:august-2017,August 2017,3,exact,2017-09-13,08:30:00,America/New_York,https://www.bls.gov/schedule/2017/home.htm,OANDA,703,66400,Producer Price Index,August,2,1505305800,2017-09-13 14:30,EconomicCalendar/raw/oanda/daily/2017-09-13.json,pinned_report_and_event_name,"0,3% m/m","-0,1% m/m","0,2% m/m",parsed,scalar,0.3,,0.3,,percent,1,m/m,parsed,scalar,-0.1,,-0.1,,percent,1,m/m,parsed,scalar,0.2,,0.2,,percent,1,m/m
380,CPI,2017-09-14T07:30:00-05:00,BLS,bls:cpi:20170914T123000Z:august-2017,August 2017,3,exact,2017-09-14,08:30:00,America/New_York,https://www.bls.gov/schedule/2017/home.htm,OANDA,699,66345,Consumer Price Index,August,3,1505392200,2017-09-14 14:30,EconomicCalendar/raw/oanda/daily/2017-09-14.json,pinned_report_and_event_name,"0,3% m/m","0,1% m/m","0,4% m/m",parsed,scalar,0.3,,0.3,,percent,1,m/m,parsed,scalar,0.1,,0.1,,percent,1,m/m,parsed,scalar,0.4,,0.4,,percent,1,m/m
2449,RETAIL_SALES,2017-09-15T07:30:00-05:00,CENSUS,census:retail-sales-2017-08,August 2017,3,exact,2017-09-15,08:30:00,America/New_York,https://www2.census.gov/retail/releases/historical/marts/adv1708.pdf,OANDA,696,66751,Retail Sales,August,3,1505478600,2017-09-15 14:30,EconomicCalendar/raw/oanda/daily/2017-09-15.json,pinned_report_and_event_name,"0,1% m/m","0,6% m/m","-0,2% m/m",parsed,scalar,0.1,,0.1,,percent,1,m/m,parsed,scalar,0.6,,0.6,,percent,1,m/m,parsed,scalar,-0.2,,-0.2,,percent,1,m/m
2191,FOMC,2017-09-20T13:00:00-05:00,FEDERAL_RESERVE,federal_reserve:fomc:20170920T180000Z,FOMC 2017-09-20,3,exact,2017-09-20,14:00:00,America/New_York,https://www.federalreserve.gov/newsevents/pressreleases/monetary20170920a.htm,OANDA,82,66039,FOMC Interest Rate Decision,September,3,1505930400,2017-09-20 20:00,EconomicCalendar/raw/oanda/daily/2017-09-20.json,pinned_report_and_event_name,"1,00-1,25%","1,00-1,25%","1,00-1,25%",parsed,range,1.00,1.25,1.00,1.25,percent,1,,parsed,range,1.00,1.25,1.00,1.25,percent,1,,parsed,range,1.00,1.25,1.00,1.25,percent,1,
2450,DURABLE_GOODS,2017-09-27T07:30:00-05:00,CENSUS,census:durable-goods-2017-08,August 2017,3,exact,2017-09-27,08:30:00,America/New_York,https://www.census.gov/manufacturing/m3/historical_data/pressreleases/adv/2017/aug17adv.pdf,OANDA,59,66803,Durable Goods Orders - pre..,August,3,1506515400,2017-09-27 14:30,EconomicCalendar/raw/oanda/daily/2017-09-27.json,pinned_report_and_event_name,1% m/m,"-6,8% m/m","1,7% m/m",parsed,scalar,1,,1,,percent,1,m/m,parsed,scalar,-6.8,,-6.8,,percent,1,m/m,parsed,scalar,1.7,,1.7,,percent,1,m/m
1784,GDP,2017-09-28T07:30:00-05:00,BEA,bea:gdp:20170928T123000Z:q2-2017-third,Q2 2017 Third,3,exact,2017-09-28,08:30:00,America/New_York,https://www.bea.gov/news/2017/gross-domestic-product-2nd-quarter-2017-third-estimate-corporate-profits-2nd-quarter-2017,OANDA,690,66516,GDP (Annualized) - fin..,2Q,3,1506601800,2017-09-28 14:30,EconomicCalendar/raw/oanda/daily/2017-09-28.json,pinned_report_and_event_name,"3,0%","1,2%","3,1%",parsed,scalar,3.0,,3.0,,percent,1,,parsed,scalar,1.2,,1.2,,percent,1,,parsed,scalar,3.1,,3.1,,percent,1,
1785,PCE,2017-09-29T07:30:00-05:00,BEA,bea:pce:20170929T123000Z:august-2017,August 2017,3,exact,2017-09-29,08:30:00,America/New_York,https://www.bea.gov/news/2017/personal-income-and-outlays-august-2017,OANDA,694,71730,Personal Consumption Expenditures,August,2,1506688200,2017-09-29 14:30,EconomicCalendar/raw/oanda/daily/2017-09-29.json,pinned_report_and_event_name,"0,1% m/m","0,3% m/m","0,1% m/m",parsed,scalar,0.1,,0.1,,percent,1,m/m,parsed,scalar,0.3,,0.3,,percent,1,m/m,parsed,scalar,0.1,,0.1,,percent,1,m/m
381,EMPLOYMENT,2017-10-06T07:30:00-05:00,BLS,bls:employment:20171006T123000Z:september-2017,September 2017,3,exact,2017-10-06,08:30:00,America/New_York,https://www.bls.gov/schedule/2017/home.htm,OANDA,707,66643,Non-Farm Employment Change,September,3,1507293000,2017-10-06 14:30,EconomicCalendar/raw/oanda/daily/2017-10-06.json,pinned_report_and_event_name,90 k,156 k,-33 k,parsed,scalar,90,,90000,,count,1000,,parsed,scalar,156,,156000,,count,1000,,parsed,scalar,-33,,-33000,,count,1000,
383,PPI,2017-10-12T07:30:00-05:00,BLS,bls:ppi:20171012T123000Z:september-2017,September 2017,3,exact,2017-10-12,08:30:00,America/New_York,https://www.bls.gov/schedule/2017/home.htm,OANDA,703,66405,Producer Price Index,September,2,1507811400,2017-10-12 14:30,EconomicCalendar/raw/oanda/daily/2017-10-12.json,pinned_report_and_event_name,"0,4% m/m","0,2% m/m","0,4% m/m",parsed,scalar,0.4,,0.4,,percent,1,m/m,parsed,scalar,0.2,,0.2,,percent,1,m/m,parsed,scalar,0.4,,0.4,,percent,1,m/m
384,CPI,2017-10-13T07:30:00-05:00,BLS,bls:cpi:20171013T123000Z:september-2017,September 2017,3,exact,2017-10-13,08:30:00,America/New_York,https://www.bls.gov/schedule/2017/home.htm,OANDA,699,66350,Consumer Price Index,September,3,1507897800,2017-10-13 14:30,EconomicCalendar/raw/oanda/daily/2017-10-13.json,pinned_report_and_event_name,"0,6% m/m","0,4% m/m","0,5% m/m",parsed,scalar,0.6,,0.6,,percent,1,m/m,parsed,scalar,0.4,,0.4,,percent,1,m/m,parsed,scalar,0.5,,0.5,,percent,1,m/m
2451,RETAIL_SALES,2017-10-13T07:30:00-05:00,CENSUS,census:retail-sales-2017-09,September 2017,3,exact,2017-10-13,08:30:00,America/New_York,https://www2.census.gov/retail/releases/historical/marts/adv1709.pdf,OANDA,696,66754,Retail Sales,September,3,1507897800,2017-10-13 14:30,EconomicCalendar/raw/oanda/daily/2017-10-13.json,pinned_report_and_event_name,"1,7% m/m","-0,2% m/m","1,6% m/m",parsed,scalar,1.7,,1.7,,percent,1,m/m,parsed,scalar,-0.2,,-0.2,,percent,1,m/m,parsed,scalar,1.6,,1.6,,percent,1,m/m
2452,DURABLE_GOODS,2017-10-25T07:30:00-05:00,CENSUS,census:durable-goods-2017-09,September 2017,3,exact,2017-10-25,08:30:00,America/New_York,https://www.census.gov/manufacturing/m3/historical_data/pressreleases/adv/2017/sep17adv.pdf,OANDA,59,66805,Durable Goods Orders - pre..,September,3,1508934600,2017-10-25 14:30,EconomicCalendar/raw/oanda/daily/2017-10-25.json,pinned_report_and_event_name,1% m/m,2% m/m,"2,2% m/m",parsed,scalar,1,,1,,percent,1,m/m,parsed,scalar,2,,2,,percent,1,m/m,parsed,scalar,2.2,,2.2,,percent,1,m/m
1786,GDP,2017-10-27T07:30:00-05:00,BEA,bea:gdp:20171027T123000Z:q3-2017-advance,Q3 2017 Advance,3,exact,2017-10-27,08:30:00,America/New_York,https://www.bea.gov/news/2017/gross-domestic-product-3rd-quarter-2017-advance-estimate,OANDA,690,65011,GDP (Annualized) - pre..,3Q,3,1509107400,2017-10-27 14:30,EconomicCalendar/raw/oanda/daily/2017-10-27.json,pinned_report_and_event_name,"2,5%","3,1%","3,0%",parsed,scalar,2.5,,2.5,,percent,1,,parsed,scalar,3.1,,3.1,,percent,1,,parsed,scalar,3.0,,3.0,,percent,1,
1787,PCE,2017-10-30T07:30:00-05:00,BEA,bea:pce:20171030T123000Z:september-2017,September 2017,3,exact,2017-10-30,08:30:00,America/New_York,https://www.bea.gov/news/2017/personal-income-and-outlays-september-2017,OANDA,694,71737,Personal Consumption Expenditures,September,2,1509366600,2017-10-30 13:30,EconomicCalendar/raw/oanda/daily/2017-10-30.json,pinned_report_and_event_name,"0,8% m/m","0,1% m/m",1% m/m,parsed,scalar,0.8,,0.8,,percent,1,m/m,parsed,scalar,0.1,,0.1,,percent,1,m/m,parsed,scalar,1,,1,,percent,1,m/m
2192,FOMC,2017-11-01T13:00:00-05:00,FEDERAL_RESERVE,federal_reserve:fomc:20171101T180000Z,FOMC 2017-11-01,3,exact,2017-11-01,14:00:00,America/New_York,https://www.federalreserve.gov/newsevents/pressreleases/monetary20171101a.htm,OANDA,82,66040,FOMC Interest Rate Decision,November,3,1509559200,2017-11-01 19:00,EconomicCalendar/raw/oanda/daily/2017-11-01.json,pinned_report_and_event_name,"1,00-1,25%","1,00-1,25%","1,00-1,25%",parsed,range,1.00,1.25,1.00,1.25,percent,1,,parsed,range,1.00,1.25,1.00,1.25,percent,1,,parsed,range,1.00,1.25,1.00,1.25,percent,1,
385,EMPLOYMENT,2017-11-03T07:30:00-05:00,BLS,bls:employment:20171103T123000Z:october-2017,October 2017,3,exact,2017-11-03,08:30:00,America/New_York,https://www.bls.gov/schedule/2017/home.htm,OANDA,707,66649,Non-Farm Employment Change,October,3,1509712200,2017-11-03 13:30,EconomicCalendar/raw/oanda/daily/2017-11-03.json,pinned_report_and_event_name,314 k,-33 k,261 k,parsed,scalar,314,,314000,,count,1000,,parsed,scalar,-33,,-33000,,count,1000,,parsed,scalar,261,,261000,,count,1000,
387,PPI,2017-11-14T07:30:00-06:00,BLS,bls:ppi:20171114T133000Z:october-2017,October 2017,3,exact,2017-11-14,08:30:00,America/New_York,https://www.bls.gov/schedule/2017/home.htm,OANDA,703,66410,Producer Price Index,October,2,1510666200,2017-11-14 14:30,EconomicCalendar/raw/oanda/daily/2017-11-14.json,pinned_report_and_event_name,"0,1% m/m","0,4% m/m","0,4% m/m",parsed,scalar,0.1,,0.1,,percent,1,m/m,parsed,scalar,0.4,,0.4,,percent,1,m/m,parsed,scalar,0.4,,0.4,,percent,1,m/m
388,CPI,2017-11-15T07:30:00-06:00,BLS,bls:cpi:20171115T133000Z:october-2017,October 2017,3,exact,2017-11-15,08:30:00,America/New_York,https://www.bls.gov/schedule/2017/home.htm,OANDA,699,66355,Consumer Price Index,October,3,1510752600,2017-11-15 14:30,EconomicCalendar/raw/oanda/daily/2017-11-15.json,pinned_report_and_event_name,"0,1% m/m","0,5% m/m","0,1% m/m",parsed,scalar,0.1,,0.1,,percent,1,m/m,parsed,scalar,0.5,,0.5,,percent,1,m/m,parsed,scalar,0.1,,0.1,,percent,1,m/m
2453,RETAIL_SALES,2017-11-15T07:30:00-06:00,CENSUS,census:retail-sales-2017-10,October 2017,3,exact,2017-11-15,08:30:00,America/New_York,https://www2.census.gov/retail/releases/historical/marts/adv1710.pdf,OANDA,696,66757,Retail Sales,October,3,1510752600,2017-11-15 14:30,EconomicCalendar/raw/oanda/daily/2017-11-15.json,pinned_report_and_event_name,"0,0% m/m","1,6% m/m","0,2% m/m",parsed,scalar,0.0,,0.0,,percent,1,m/m,parsed,scalar,1.6,,1.6,,percent,1,m/m,parsed,scalar,0.2,,0.2,,percent,1,m/m
2454,DURABLE_GOODS,2017-11-22T07:30:00-06:00,CENSUS,census:durable-goods-2017-10,October 2017,3,exact,2017-11-22,08:30:00,America/New_York,https://www.census.gov/manufacturing/m3/historical_data/pressreleases/adv/2017/oct17adv.pdf,OANDA,59,66807,Durable Goods Orders - pre..,October,3,1511357400,2017-11-22 14:30,EconomicCalendar/raw/oanda/daily/2017-11-22.json,pinned_report_and_event_name,"0,3% m/m",2% m/m,"-1,2% m/m",parsed,scalar,0.3,,0.3,,percent,1,m/m,parsed,scalar,2,,2,,percent,1,m/m,parsed,scalar,-1.2,,-1.2,,percent,1,m/m
1788,GDP,2017-11-29T07:30:00-06:00,BEA,bea:gdp:20171129T133000Z:q3-2017-second,Q3 2017 Second,3,exact,2017-11-29,08:30:00,America/New_York,https://www.bea.gov/news/2017/gross-domestic-product-3rd-quarter-2017-second-estimate-corporate-profits-3rd-quarter,OANDA,690,66504,GDP (Annualized) - rev..,3Q,3,1511962200,2017-11-29 14:30,EconomicCalendar/raw/oanda/daily/2017-11-29.json,pinned_report_and_event_name,"3,0%","3,1%","3,3%",parsed,scalar,3.0,,3.0,,percent,1,,parsed,scalar,3.1,,3.1,,percent,1,,parsed,scalar,3.3,,3.3,,percent,1,
1789,PCE,2017-11-30T07:30:00-06:00,BEA,bea:pce:20171130T133000Z:october-2017,October 2017,3,exact,2017-11-30,08:30:00,America/New_York,https://www.bea.gov/news/2017/personal-income-and-outlays-october-2017,OANDA,694,71744,Personal Consumption Expenditures,October,2,1512048600,2017-11-30 14:30,EconomicCalendar/raw/oanda/daily/2017-11-30.json,pinned_report_and_event_name,"0,3% m/m",1% m/m,"0,3% m/m",parsed,scalar,0.3,,0.3,,percent,1,m/m,parsed,scalar,1,,1,,percent,1,m/m,parsed,scalar,0.3,,0.3,,percent,1,m/m
389,EMPLOYMENT,2017-12-08T07:30:00-06:00,BLS,bls:employment:20171208T133000Z:november-2017,November 2017,3,exact,2017-12-08,08:30:00,America/New_York,https://www.bls.gov/schedule/2017/home.htm,OANDA,707,66655,Non-Farm Employment Change,November,3,1512739800,2017-12-08 14:30,EconomicCalendar/raw/oanda/daily/2017-12-08.json,pinned_report_and_event_name,200 k,261 k,228 k,parsed,scalar,200,,200000,,count,1000,,parsed,scalar,261,,261000,,count,1000,,parsed,scalar,228,,228000,,count,1000,
391,PPI,2017-12-12T07:30:00-06:00,BLS,bls:ppi:20171212T133000Z:november-2017,November 2017,3,exact,2017-12-12,08:30:00,America/New_York,https://www.bls.gov/schedule/2017/home.htm,OANDA,703,66415,Producer Price Index,November,2,1513085400,2017-12-12 14:30,EconomicCalendar/raw/oanda/daily/2017-12-12.json,pinned_report_and_event_name,"0,3% m/m","0,4% m/m","0,4% m/m",parsed,scalar,0.3,,0.3,,percent,1,m/m,parsed,scalar,0.4,,0.4,,percent,1,m/m,parsed,scalar,0.4,,0.4,,percent,1,m/m
392,CPI,2017-12-13T07:30:00-06:00,BLS,bls:cpi:20171213T133000Z:november-2017,November 2017,3,exact,2017-12-13,08:30:00,America/New_York,https://www.bls.gov/schedule/2017/home.htm,OANDA,699,66360,Consumer Price Index,November,3,1513171800,2017-12-13 14:30,EconomicCalendar/raw/oanda/daily/2017-12-13.json,pinned_report_and_event_name,"0,4% m/m","0,1% m/m","0,4% m/m",parsed,scalar,0.4,,0.4,,percent,1,m/m,parsed,scalar,0.1,,0.1,,percent,1,m/m,parsed,scalar,0.4,,0.4,,percent,1,m/m
2193,FOMC,2017-12-13T13:00:00-06:00,FEDERAL_RESERVE,federal_reserve:fomc:20171213T190000Z,FOMC 2017-12-13,3,exact,2017-12-13,14:00:00,America/New_York,https://www.federalreserve.gov/newsevents/pressreleases/monetary20171213a.htm,OANDA,82,66041,FOMC Interest Rate Decision,December,3,1513191600,2017-12-13 20:00,EconomicCalendar/raw/oanda/daily/2017-12-13.json,pinned_report_and_event_name,"1,25-1,50%","1,00-1,25%","1,25-1,50%",parsed,range,1.25,1.50,1.25,1.50,percent,1,,parsed,range,1.00,1.25,1.00,1.25,percent,1,,parsed,range,1.25,1.50,1.25,1.50,percent,1,
2455,RETAIL_SALES,2017-12-14T07:30:00-06:00,CENSUS,census:retail-sales-2017-11,November 2017,3,exact,2017-12-14,08:30:00,America/New_York,https://www2.census.gov/retail/releases/historical/marts/adv1711.pdf,OANDA,696,66760,Retail Sales,November,3,1513258200,2017-12-14 14:30,EconomicCalendar/raw/oanda/daily/2017-12-14.json,pinned_report_and_event_name,"0,3% m/m","0,2% m/m","0,8% m/m",parsed,scalar,0.3,,0.3,,percent,1,m/m,parsed,scalar,0.2,,0.2,,percent,1,m/m,parsed,scalar,0.8,,0.8,,percent,1,m/m
1790,GDP,2017-12-21T07:30:00-06:00,BEA,bea:gdp:20171221T133000Z:q3-2017-third,Q3 2017 Third,3,exact,2017-12-21,08:30:00,America/New_York,https://www.bea.gov/news/2017/gross-domestic-product-3rd-quarter-2017-third-estimate-corporate-profits-3rd-quarter-2017,OANDA,690,66520,GDP (Annualized) - fin..,3Q,3,1513863000,2017-12-21 14:30,EconomicCalendar/raw/oanda/daily/2017-12-21.json,pinned_report_and_event_name,"3,3%","3,1%","3,2%",parsed,scalar,3.3,,3.3,,percent,1,,parsed,scalar,3.1,,3.1,,percent,1,,parsed,scalar,3.2,,3.2,,percent,1,
2456,DURABLE_GOODS,2017-12-22T07:30:00-06:00,CENSUS,census:durable-goods-2017-11,November 2017,3,exact,2017-12-22,08:30:00,America/New_York,https://www.census.gov/manufacturing/m3/historical_data/pressreleases/adv/2017/nov17adv.pdf,OANDA,59,66809,Durable Goods Orders - pre..,November,3,1513949400,2017-12-22 14:30,EconomicCalendar/raw/oanda/daily/2017-12-22.json,pinned_report_and_event_name,2% m/m,"-0,8% m/m","1,3% m/m",parsed,scalar,2,,2,,percent,1,m/m,parsed,scalar,-0.8,,-0.8,,percent,1,m/m,parsed,scalar,1.3,,1.3,,percent,1,m/m
1791,PCE,2017-12-22T07:30:00-06:00,BEA,bea:pce:20171222T133000Z:november-2017,November 2017,3,exact,2017-12-22,08:30:00,America/New_York,https://www.bea.gov/news/2017/personal-income-and-outlays-november-2017,OANDA,694,71751,Personal Consumption Expenditures,November,2,1513949400,2017-12-22 14:30,EconomicCalendar/raw/oanda/daily/2017-12-22.json,pinned_report_and_event_name,"0,4% m/m","0,3% m/m","0,6% m/m",parsed,scalar,0.4,,0.4,,percent,1,m/m,parsed,scalar,0.3,,0.3,,percent,1,m/m,parsed,scalar,0.6,,0.6,,percent,1,m/m
393,EMPLOYMENT,2018-01-05T07:30:00-06:00,BLS,bls:employment:20180105T133000Z:december-2017,December 2017,3,exact,2018-01-05,08:30:00,America/New_York,https://www.bls.gov/schedule/2018/home.htm,OANDA,707,75702,Non-Farm Employment Change,December,3,1515159000,2018-01-05 14:30,EconomicCalendar/raw/oanda/daily/2018-01-05.json,pinned_report_and_event_name,190 k,228 k,148 k,parsed,scalar,190,,190000,,count,1000,,parsed,scalar,228,,228000,,count,1000,,parsed,scalar,148,,148000,,count,1000,
395,PPI,2018-01-11T07:30:00-06:00,BLS,bls:ppi:20180111T133000Z:december-2017,December 2017,3,exact,2018-01-11,08:30:00,America/New_York,https://www.bls.gov/schedule/2018/home.htm,OANDA,703,75500,Producer Price Index,December,2,1515677400,2018-01-11 14:30,EconomicCalendar/raw/oanda/daily/2018-01-11.json,pinned_report_and_event_name,"0,2% m/m","0,4% m/m","-0,1% m/m",parsed,scalar,0.2,,0.2,,percent,1,m/m,parsed,scalar,0.4,,0.4,,percent,1,m/m,parsed,scalar,-0.1,,-0.1,,percent,1,m/m
396,CPI,2018-01-12T07:30:00-06:00,BLS,bls:cpi:20180112T133000Z:december-2017,December 2017,3,exact,2018-01-12,08:30:00,America/New_York,https://www.bls.gov/schedule/2018/home.htm,OANDA,699,75440,Consumer Price Index,December,3,1515763800,2018-01-12 14:30,EconomicCalendar/raw/oanda/daily/2018-01-12.json,pinned_report_and_event_name,"0,2% m/m","0,4% m/m","0,1% m/m",parsed,scalar,0.2,,0.2,,percent,1,m/m,parsed,scalar,0.4,,0.4,,percent,1,m/m,parsed,scalar,0.1,,0.1,,percent,1,m/m
2457,RETAIL_SALES,2018-01-12T07:30:00-06:00,CENSUS,census:retail-sales-2017-12,December 2017,3,exact,2018-01-12,08:30:00,America/New_York,https://www2.census.gov/retail/releases/historical/marts/adv1712.pdf,OANDA,696,76665,Retail Sales,December,3,1515763800,2018-01-12 14:30,EconomicCalendar/raw/oanda/daily/2018-01-12.json,pinned_report_and_event_name,"0,4% m/m","0,8% m/m","0,4% m/m",parsed,scalar,0.4,,0.4,,percent,1,m/m,parsed,scalar,0.8,,0.8,,percent,1,m/m,parsed,scalar,0.4,,0.4,,percent,1,m/m
2458,DURABLE_GOODS,2018-01-26T07:30:00-06:00,CENSUS,census:durable-goods-2017-12,December 2017,3,exact,2018-01-26,08:30:00,America/New_York,https://www.census.gov/manufacturing/m3/historical_data/pressreleases/adv/2017/dec17adv.pdf,OANDA,59,76710,Durable Goods Orders - pre..,December,3,1516973400,2018-01-26 14:30,EconomicCalendar/raw/oanda/daily/2018-01-26.json,pinned_report_and_event_name,"0,8% m/m","1,3% m/m","2,9% m/m",parsed,scalar,0.8,,0.8,,percent,1,m/m,parsed,scalar,1.3,,1.3,,percent,1,m/m,parsed,scalar,2.9,,2.9,,percent,1,m/m
1792,GDP,2018-01-26T07:30:00-06:00,BEA,bea:gdp:20180126T133000Z:q4-2017-advance,Q4 2017 Advance,3,exact,2018-01-26,08:30:00,America/New_York,https://www.bea.gov/news/2018/gross-domestic-product-4th-quarter-and-annual-2017-advance-estimate,OANDA,690,80187,GDP (Annualized) - pre..,4Q,3,1516973400,2018-01-26 14:30,EconomicCalendar/raw/oanda/daily/2018-01-26.json,pinned_report_and_event_name,3%,"3,2%","2,6%",parsed,scalar,3,,3,,percent,1,,parsed,scalar,3.2,,3.2,,percent,1,,parsed,scalar,2.6,,2.6,,percent,1,
1793,PCE,2018-01-29T07:30:00-06:00,BEA,bea:pce:20180129T133000Z:december-2017,December 2017,3,exact,2018-01-29,08:30:00,America/New_York,https://www.bea.gov/news/2018/personal-income-and-outlays-december-2017,OANDA,694,75030,Personal Consumption Expenditures,December,2,1517232600,2018-01-29 14:30,EconomicCalendar/raw/oanda/daily/2018-01-29.json,pinned_report_and_event_name,"0,4% m/m","0,6% m/m","0,4% m/m",parsed,scalar,0.4,,0.4,,percent,1,m/m,parsed,scalar,0.6,,0.6,,percent,1,m/m,parsed,scalar,0.4,,0.4,,percent,1,m/m
2194,FOMC,2018-01-31T13:00:00-06:00,FEDERAL_RESERVE,federal_reserve:fomc:20180131T190000Z,FOMC 2018-01-31,3,exact,2018-01-31,14:00:00,America/New_York,https://www.federalreserve.gov/newsevents/pressreleases/monetary20180131a.htm,OANDA,82,74993,FOMC Interest Rate Decision,January,3,1517425200,2018-01-31 20:00,EconomicCalendar/raw/oanda/daily/2018-01-31.json,pinned_report_and_event_name,"1,25-1,50%","1,25-1,50%","1,25-1,50%",parsed,range,1.25,1.50,1.25,1.50,percent,1,,parsed,range,1.25,1.50,1.25,1.50,percent,1,,parsed,range,1.25,1.50,1.25,1.50,percent,1,
397,EMPLOYMENT,2018-02-02T07:30:00-06:00,BLS,bls:employment:20180202T133000Z:january-2018,January 2018,3,exact,2018-02-02,08:30:00,America/New_York,https://www.bls.gov/schedule/2018/home.htm,OANDA,707,75709,Non-Farm Employment Change,January,3,1517578200,2018-02-02 14:30,EconomicCalendar/raw/oanda/daily/2018-02-02.json,pinned_report_and_event_name,180 k,148 k,200 k,parsed,scalar,180,,180000,,count,1000,,parsed,scalar,148,,148000,,count,1000,,parsed,scalar,200,,200000,,count,1000,
399,CPI,2018-02-14T07:30:00-06:00,BLS,bls:cpi:20180214T133000Z:january-2018,January 2018,3,exact,2018-02-14,08:30:00,America/New_York,https://www.bls.gov/schedule/2018/home.htm,OANDA,699,75445,Consumer Price Index,January,3,1518615000,2018-02-14 14:30,EconomicCalendar/raw/oanda/daily/2018-02-14.json,pinned_report_and_event_name,"0,3% m/m","0,1% m/m","0,5% m/m",parsed,scalar,0.3,,0.3,,percent,1,m/m,parsed,scalar,0.1,,0.1,,percent,1,m/m,parsed,scalar,0.5,,0.5,,percent,1,m/m
2459,RETAIL_SALES,2018-02-14T07:30:00-06:00,CENSUS,census:retail-sales-2018-01,January 2018,3,exact,2018-02-14,08:30:00,America/New_York,https://www2.census.gov/retail/releases/historical/marts/adv1801.pdf,OANDA,696,76669,Retail Sales,January,3,1518615000,2018-02-14 14:30,EconomicCalendar/raw/oanda/daily/2018-02-14.json,pinned_report_and_event_name,"0,2% m/m","0,4% m/m","-0,3% m/m",parsed,scalar,0.2,,0.2,,percent,1,m/m,parsed,scalar,0.4,,0.4,,percent,1,m/m,parsed,scalar,-0.3,,-0.3,,percent,1,m/m
400,PPI,2018-02-15T07:30:00-06:00,BLS,bls:ppi:20180215T133000Z:january-2018,January 2018,3,exact,2018-02-15,08:30:00,America/New_York,https://www.bls.gov/schedule/2018/home.htm,OANDA,703,75505,Producer Price Index,January,2,1518701400,2018-02-15 14:30,EconomicCalendar/raw/oanda/daily/2018-02-15.json,pinned_report_and_event_name,"0,4% m/m","-0,1% m/m","0,4% m/m",parsed,scalar,0.4,,0.4,,percent,1,m/m,parsed,scalar,-0.1,,-0.1,,percent,1,m/m,parsed,scalar,0.4,,0.4,,percent,1,m/m
2460,DURABLE_GOODS,2018-02-27T07:30:00-06:00,CENSUS,census:durable-goods-2018-01,January 2018,3,exact,2018-02-27,08:30:00,America/New_York,https://www.census.gov/manufacturing/m3/historical_data/pressreleases/adv/2018/jan18adv.pdf,OANDA,59,76711,Durable Goods Orders - pre..,January,3,1519738200,2018-02-27 14:30,EconomicCalendar/raw/oanda/daily/2018-02-27.json,pinned_report_and_event_name,-2% m/m,"2,8% m/m","-3,7% m/m",parsed,scalar,-2,,-2,,percent,1,m/m,parsed,scalar,2.8,,2.8,,percent,1,m/m,parsed,scalar,-3.7,,-3.7,,percent,1,m/m
1794,GDP,2018-02-28T07:30:00-06:00,BEA,bea:gdp:20180228T133000Z:q4-2017-second,Q4 2017 Second,3,exact,2018-02-28,08:30:00,America/New_York,https://www.bea.gov/news/2018/gross-domestic-product-4th-quarter-and-annual-2017-second-estimate,OANDA,690,80905,GDP (Annualized) - rev..,4Q,3,1519824600,2018-02-28 14:30,EconomicCalendar/raw/oanda/daily/2018-02-28.json,pinned_report_and_event_name,"2,6%","3,2%","2,5%",parsed,scalar,2.6,,2.6,,percent,1,,parsed,scalar,3.2,,3.2,,percent,1,,parsed,scalar,2.5,,2.5,,percent,1,
1795,PCE,2018-03-01T07:30:00-06:00,BEA,bea:pce:20180301T133000Z:january-2018,January 2018,3,exact,2018-03-01,08:30:00,America/New_York,https://www.bea.gov/news/2018/personal-income-and-outlays-january-2018,OANDA,694,75037,Personal Consumption Expenditures,January,2,1519911000,2018-03-01 14:30,EconomicCalendar/raw/oanda/daily/2018-03-01.json,pinned_report_and_event_name,"0,2% m/m","0,4% m/m","0,2% m/m",parsed,scalar,0.2,,0.2,,percent,1,m/m,parsed,scalar,0.4,,0.4,,percent,1,m/m,parsed,scalar,0.2,,0.2,,percent,1,m/m
401,EMPLOYMENT,2018-03-09T07:30:00-06:00,BLS,bls:employment:20180309T133000Z:february-2018,February 2018,3,exact,2018-03-09,08:30:00,America/New_York,https://www.bls.gov/schedule/2018/home.htm,OANDA,707,75716,Non-Farm Employment Change,February,3,1520602200,2018-03-09 14:30,EconomicCalendar/raw/oanda/daily/2018-03-09.json,pinned_report_and_event_name,200 k,200 k,313 k,parsed,scalar,200,,200000,,count,1000,,parsed,scalar,200,,200000,,count,1000,,parsed,scalar,313,,313000,,count,1000,
402,CPI,2018-03-13T07:30:00-05:00,BLS,bls:cpi:20180313T123000Z:february-2018,February 2018,3,exact,2018-03-13,08:30:00,America/New_York,https://www.bls.gov/schedule/2018/home.htm,OANDA,699,75450,Consumer Price Index,February,3,1520944200,2018-03-13 13:30,EconomicCalendar/raw/oanda/daily/2018-03-13.json,pinned_report_and_event_name,"0,2% m/m","0,5% m/m","0,2% m/m",parsed,scalar,0.2,,0.2,,percent,1,m/m,parsed,scalar,0.5,,0.5,,percent,1,m/m,parsed,scalar,0.2,,0.2,,percent,1,m/m
403,PPI,2018-03-14T07:30:00-05:00,BLS,bls:ppi:20180314T123000Z:february-2018,February 2018,3,exact,2018-03-14,08:30:00,America/New_York,https://www.bls.gov/schedule/2018/home.htm,OANDA,703,75510,Producer Price Index,February,2,1521030600,2018-03-14 13:30,EconomicCalendar/raw/oanda/daily/2018-03-14.json,pinned_report_and_event_name,"0,2% m/m","0,4% m/m","0,2% m/m",parsed,scalar,0.2,,0.2,,percent,1,m/m,parsed,scalar,0.4,,0.4,,percent,1,m/m,parsed,scalar,0.2,,0.2,,percent,1,m/m
2461,RETAIL_SALES,2018-03-14T07:30:00-05:00,CENSUS,census:retail-sales-2018-02,February 2018,3,exact,2018-03-14,08:30:00,America/New_York,https://www2.census.gov/retail/releases/historical/marts/adv1802.pdf,OANDA,696,76673,Retail Sales,February,3,1521030600,2018-03-14 13:30,EconomicCalendar/raw/oanda/daily/2018-03-14.json,pinned_report_and_event_name,"0,3% m/m","-0,3% m/m","-0,1% m/m",parsed,scalar,0.3,,0.3,,percent,1,m/m,parsed,scalar,-0.3,,-0.3,,percent,1,m/m,parsed,scalar,-0.1,,-0.1,,percent,1,m/m
2195,FOMC,2018-03-21T13:00:00-05:00,FEDERAL_RESERVE,federal_reserve:fomc:20180321T180000Z,FOMC 2018-03-21,3,exact,2018-03-21,14:00:00,America/New_York,https://www.federalreserve.gov/newsevents/pressreleases/monetary20180321a.htm,OANDA,82,74994,FOMC Interest Rate Decision,March,3,1521655200,2018-03-21 19:00,EconomicCalendar/raw/oanda/daily/2018-03-21.json,pinned_report_and_event_name,"1,50-1,75%","1,25-1,50%","1,50-1,75%",parsed,range,1.50,1.75,1.50,1.75,percent,1,,parsed,range,1.25,1.50,1.25,1.50,percent,1,,parsed,range,1.50,1.75,1.50,1.75,percent,1,
2462,DURABLE_GOODS,2018-03-23T07:30:00-05:00,CENSUS,census:durable-goods-2018-02,February 2018,3,exact,2018-03-23,08:30:00,America/New_York,https://www.census.gov/manufacturing/m3/historical_data/pressreleases/adv/2018/feb18adv.pdf,OANDA,59,76712,Durable Goods Orders - pre..,February,3,1521808200,2018-03-23 13:30,EconomicCalendar/raw/oanda/daily/2018-03-23.json,pinned_report_and_event_name,"1,5% m/m","-3,6% m/m","3,1% m/m",parsed,scalar,1.5,,1.5,,percent,1,m/m,parsed,scalar,-3.6,,-3.6,,percent,1,m/m,parsed,scalar,3.1,,3.1,,percent,1,m/m
1796,GDP,2018-03-28T07:30:00-05:00,BEA,bea:gdp:20180328T123000Z:q4-2017-third,Q4 2017 Third,3,exact,2018-03-28,08:30:00,America/New_York,https://www.bea.gov/news/2018/gross-domestic-product-4th-quarter-and-annual-2017-third-estimate-corporate-profits-4th,OANDA,690,80910,GDP (Annualized) - fin..,4Q,3,1522240200,2018-03-28 14:30,EconomicCalendar/raw/oanda/daily/2018-03-28.json,pinned_report_and_event_name,"2,5%","3,2%","2,9%",parsed,scalar,2.5,,2.5,,percent,1,,parsed,scalar,3.2,,3.2,,percent,1,,parsed,scalar,2.9,,2.9,,percent,1,
1797,PCE,2018-03-29T07:30:00-05:00,BEA,bea:pce:20180329T123000Z:february-2018,February 2018,3,exact,2018-03-29,08:30:00,America/New_York,https://www.bea.gov/news/2018/personal-income-and-outlays-february-2018,OANDA,694,75044,Personal Consumption Expenditures,February,2,1522326600,2018-03-29 14:30,EconomicCalendar/raw/oanda/daily/2018-03-29.json,pinned_report_and_event_name,"0,2% m/m","0,2% m/m","0,2% m/m",parsed,scalar,0.2,,0.2,,percent,1,m/m,parsed,scalar,0.2,,0.2,,percent,1,m/m,parsed,scalar,0.2,,0.2,,percent,1,m/m
406,EMPLOYMENT,2018-04-06T07:30:00-05:00,BLS,bls:employment:20180406T123000Z:march-2018,March 2018,3,exact,2018-04-06,08:30:00,America/New_York,https://www.bls.gov/schedule/2018/home.htm,OANDA,707,75723,Non-Farm Employment Change,March,3,1523017800,2018-04-06 14:30,EconomicCalendar/raw/oanda/daily/2018-04-06.json,pinned_report_and_event_name,198 k,313 k,103 k,parsed,scalar,198,,198000,,count,1000,,parsed,scalar,313,,313000,,count,1000,,parsed,scalar,103,,103000,,count,1000,
407,PPI,2018-04-10T07:30:00-05:00,BLS,bls:ppi:20180410T123000Z:march-2018,March 2018,3,exact,2018-04-10,08:30:00,America/New_York,https://www.bls.gov/schedule/2018/home.htm,OANDA,703,75515,Producer Price Index,March,2,1523363400,2018-04-10 14:30,EconomicCalendar/raw/oanda/daily/2018-04-10.json,pinned_report_and_event_name,"0,1% m/m","0,2% m/m","0,3% m/m",parsed,scalar,0.1,,0.1,,percent,1,m/m,parsed,scalar,0.2,,0.2,,percent,1,m/m,parsed,scalar,0.3,,0.3,,percent,1,m/m
408,CPI,2018-04-11T07:30:00-05:00,BLS,bls:cpi:20180411T123000Z:march-2018,March 2018,3,exact,2018-04-11,08:30:00,America/New_York,https://www.bls.gov/schedule/2018/home.htm,OANDA,699,75455,Consumer Price Index,March,3,1523449800,2018-04-11 14:30,EconomicCalendar/raw/oanda/daily/2018-04-11.json,pinned_report_and_event_name,"0,0% m/m","0,2% m/m","-0,1% m/m",parsed,scalar,0.0,,0.0,,percent,1,m/m,parsed,scalar,0.2,,0.2,,percent,1,m/m,parsed,scalar,-0.1,,-0.1,,percent,1,m/m
2463,RETAIL_SALES,2018-04-16T07:30:00-05:00,CENSUS,census:retail-sales-2018-03,March 2018,3,exact,2018-04-16,08:30:00,America/New_York,https://www2.census.gov/retail/releases/historical/marts/adv1803.pdf,OANDA,696,76677,Retail Sales,March,3,1523881800,2018-04-16 14:30,EconomicCalendar/raw/oanda/daily/2018-04-16.json,pinned_report_and_event_name,"0,4% m/m","-0,1% m/m","0,6% m/m",parsed,scalar,0.4,,0.4,,percent,1,m/m,parsed,scalar,-0.1,,-0.1,,percent,1,m/m,parsed,scalar,0.6,,0.6,,percent,1,m/m
2464,DURABLE_GOODS,2018-04-26T07:30:00-05:00,CENSUS,census:durable-goods-2018-03,March 2018,3,exact,2018-04-26,08:30:00,America/New_York,https://www.census.gov/manufacturing/m3/historical_data/pressreleases/adv/2018/mar18adv.pdf,OANDA,59,76713,Durable Goods Orders - pre..,March,3,1524745800,2018-04-26 14:30,EconomicCalendar/raw/oanda/daily/2018-04-26.json,pinned_report_and_event_name,"1,4% m/m",3% m/m,"2,6% m/m",parsed,scalar,1.4,,1.4,,percent,1,m/m,parsed,scalar,3,,3,,percent,1,m/m,parsed,scalar,2.6,,2.6,,percent,1,m/m
1798,GDP,2018-04-27T07:30:00-05:00,BEA,bea:gdp:20180427T123000Z:q1-2018-advance,Q1 2018 Advance,3,exact,2018-04-27,08:30:00,America/New_York,https://www.bea.gov/news/2018/gross-domestic-product-1st-quarter-2018-advance-estimate,OANDA,690,73805,GDP (Annualized) - pre..,1Q,3,1524832200,2018-04-27 14:30,EconomicCalendar/raw/oanda/daily/2018-04-27.json,pinned_report_and_event_name,2%,"2,6%","2,3%",parsed,scalar,2,,2,,percent,1,,parsed,scalar,2.6,,2.6,,percent,1,,parsed,scalar,2.3,,2.3,,percent,1,
1799,PCE,2018-04-30T07:30:00-05:00,BEA,bea:pce:20180430T123000Z:march-2018,March 2018,3,exact,2018-04-30,08:30:00,America/New_York,https://www.bea.gov/news/2018/personal-income-and-outlays-march-2018,OANDA,694,75051,Personal Consumption Expenditures,March,2,1525091400,2018-04-30 14:30,EconomicCalendar/raw/oanda/daily/2018-04-30.json,pinned_report_and_event_name,"0,4% m/m","0,2% m/m","0,4% m/m",parsed,scalar,0.4,,0.4,,percent,1,m/m,parsed,scalar,0.2,,0.2,,percent,1,m/m,parsed,scalar,0.4,,0.4,,percent,1,m/m
2196,FOMC,2018-05-02T13:00:00-05:00,FEDERAL_RESERVE,federal_reserve:fomc:20180502T180000Z,FOMC 2018-05-02,3,exact,2018-05-02,14:00:00,America/New_York,https://www.federalreserve.gov/newsevents/pressreleases/monetary20180502a.htm,OANDA,82,74995,FOMC Interest Rate Decision,May,3,1525284000,2018-05-02 20:00,EconomicCalendar/raw/oanda/daily/2018-05-02.json,pinned_report_and_event_name,"1,50-1,75%","1,50-1,75%","1,50-1,75%",parsed,range,1.50,1.75,1.50,1.75,percent,1,,parsed,range,1.50,1.75,1.50,1.75,percent,1,,parsed,range,1.50,1.75,1.50,1.75,percent,1,
410,EMPLOYMENT,2018-05-04T07:30:00-05:00,BLS,bls:employment:20180504T123000Z:april-2018,April 2018,3,exact,2018-05-04,08:30:00,America/New_York,https://www.bls.gov/schedule/2018/home.htm,OANDA,707,75730,Non-Farm Employment Change,April,3,1525437000,2018-05-04 14:30,EconomicCalendar/raw/oanda/daily/2018-05-04.json,pinned_report_and_event_name,192 k,103 k,164 k,parsed,scalar,192,,192000,,count,1000,,parsed,scalar,103,,103000,,count,1000,,parsed,scalar,164,,164000,,count,1000,
412,PPI,2018-05-09T07:30:00-05:00,BLS,bls:ppi:20180509T123000Z:april-2018,April 2018,3,exact,2018-05-09,08:30:00,America/New_York,https://www.bls.gov/schedule/2018/home.htm,OANDA,703,75520,Producer Price Index,April,2,1525869000,2018-05-09 14:30,EconomicCalendar/raw/oanda/daily/2018-05-09.json,pinned_report_and_event_name,"0,3% m/m","0,3% m/m","0,1% m/m",parsed,scalar,0.3,,0.3,,percent,1,m/m,parsed,scalar,0.3,,0.3,,percent,1,m/m,parsed,scalar,0.1,,0.1,,percent,1,m/m
413,CPI,2018-05-10T07:30:00-05:00,BLS,bls:cpi:20180510T123000Z:april-2018,April 2018,3,exact,2018-05-10,08:30:00,America/New_York,https://www.bls.gov/schedule/2018/home.htm,OANDA,699,75460,Consumer Price Index,April,3,1525955400,2018-05-10 14:30,EconomicCalendar/raw/oanda/daily/2018-05-10.json,pinned_report_and_event_name,"0,3% m/m","-0,1% m/m","0,2% m/m",parsed,scalar,0.3,,0.3,,percent,1,m/m,parsed,scalar,-0.1,,-0.1,,percent,1,m/m,parsed,scalar,0.2,,0.2,,percent,1,m/m
2465,RETAIL_SALES,2018-05-15T07:30:00-05:00,CENSUS,census:retail-sales-2018-04,April 2018,3,exact,2018-05-15,08:30:00,America/New_York,https://www2.census.gov/retail/releases/historical/marts/adv1804.pdf,OANDA,696,76681,Retail Sales,April,3,1526387400,2018-05-15 14:30,EconomicCalendar/raw/oanda/daily/2018-05-15.json,pinned_report_and_event_name,"0,3% m/m","0,6% m/m","0,3% m/m",parsed,scalar,0.3,,0.3,,percent,1,m/m,parsed,scalar,0.6,,0.6,,percent,1,m/m,parsed,scalar,0.3,,0.3,,percent,1,m/m
2466,DURABLE_GOODS,2018-05-25T07:30:00-05:00,CENSUS,census:durable-goods-2018-04,April 2018,3,exact,2018-05-25,08:30:00,America/New_York,https://www.census.gov/manufacturing/m3/historical_data/pressreleases/adv/2018/apr18adv.pdf,OANDA,59,76714,Durable Goods Orders - pre..,April,3,1527251400,2018-05-25 14:30,EconomicCalendar/raw/oanda/daily/2018-05-25.json,pinned_report_and_event_name,"-1,4% m/m","2,6% m/m","-1,7% m/m",parsed,scalar,-1.4,,-1.4,,percent,1,m/m,parsed,scalar,2.6,,2.6,,percent,1,m/m,parsed,scalar,-1.7,,-1.7,,percent,1,m/m
1800,GDP,2018-05-30T07:30:00-05:00,BEA,bea:gdp:20180530T123000Z:q1-2018-second,Q1 2018 Second,3,exact,2018-05-30,08:30:00,America/New_York,https://www.bea.gov/news/2018/gross-domestic-product-first-quarter-2018-second-estimate,OANDA,690,73810,GDP (Annualized) - rev..,1Q,3,1527683400,2018-05-30 14:30,EconomicCalendar/raw/oanda/daily/2018-05-30.json,pinned_report_and_event_name,"2,3%","2,5%","2,2%",parsed,scalar,2.3,,2.3,,percent,1,,parsed,scalar,2.5,,2.5,,percent,1,,parsed,scalar,2.2,,2.2,,percent,1,
1801,PCE,2018-05-31T07:30:00-05:00,BEA,bea:pce:20180531T123000Z:april-2018,April 2018,3,exact,2018-05-31,08:30:00,America/New_York,https://www.bea.gov/news/2018/personal-income-and-outlays-april-2018,OANDA,694,75058,Personal Consumption Expenditures,April,2,1527769800,2018-05-31 14:30,EconomicCalendar/raw/oanda/daily/2018-05-31.json,pinned_report_and_event_name,"0,4% m/m","0,4% m/m","0,6% m/m",parsed,scalar,0.4,,0.4,,percent,1,m/m,parsed,scalar,0.4,,0.4,,percent,1,m/m,parsed,scalar,0.6,,0.6,,percent,1,m/m
414,EMPLOYMENT,2018-06-01T07:30:00-05:00,BLS,bls:employment:20180601T123000Z:may-2018,May 2018,3,exact,2018-06-01,08:30:00,America/New_York,https://www.bls.gov/schedule/2018/home.htm,OANDA,707,75737,Non-Farm Employment Change,May,3,1527856200,2018-06-01 14:30,EconomicCalendar/raw/oanda/daily/2018-06-01.json,pinned_report_and_event_name,185 k,164 k,223 k,parsed,scalar,185,,185000,,count,1000,,parsed,scalar,164,,164000,,count,1000,,parsed,scalar,223,,223000,,count,1000,
416,CPI,2018-06-12T07:30:00-05:00,BLS,bls:cpi:20180612T123000Z:may-2018,May 2018,3,exact,2018-06-12,08:30:00,America/New_York,https://www.bls.gov/schedule/2018/home.htm,OANDA,699,75465,Consumer Price Index,May,3,1528806600,2018-06-12 14:30,EconomicCalendar/raw/oanda/daily/2018-06-12.json,pinned_report_and_event_name,"0,2% m/m","0,2% m/m","0,2% m/m",parsed,scalar,0.2,,0.2,,percent,1,m/m,parsed,scalar,0.2,,0.2,,percent,1,m/m,parsed,scalar,0.2,,0.2,,percent,1,m/m
417,PPI,2018-06-13T07:30:00-05:00,BLS,bls:ppi:20180613T123000Z:may-2018,May 2018,3,exact,2018-06-13,08:30:00,America/New_York,https://www.bls.gov/schedule/2018/home.htm,OANDA,703,75525,Producer Price Index,May,2,1528893000,2018-06-13 14:30,EconomicCalendar/raw/oanda/daily/2018-06-13.json,pinned_report_and_event_name,"0,3% m/m","0,1% m/m","0,5% m/m",parsed,scalar,0.3,,0.3,,percent,1,m/m,parsed,scalar,0.1,,0.1,,percent,1,m/m,parsed,scalar,0.5,,0.5,,percent,1,m/m
2197,FOMC,2018-06-13T13:00:00-05:00,FEDERAL_RESERVE,federal_reserve:fomc:20180613T180000Z,FOMC 2018-06-13,3,exact,2018-06-13,14:00:00,America/New_York,https://www.federalreserve.gov/newsevents/pressreleases/monetary20180613a.htm,OANDA,82,74996,FOMC Interest Rate Decision,June,3,1528912800,2018-06-13 20:00,EconomicCalendar/raw/oanda/daily/2018-06-13.json,pinned_report_and_event_name,"1,75-2,00%","1,50-1,75%","1,75-2,00%",parsed,range,1.75,2.00,1.75,2.00,percent,1,,parsed,range,1.50,1.75,1.50,1.75,percent,1,,parsed,range,1.75,2.00,1.75,2.00,percent,1,
2467,RETAIL_SALES,2018-06-14T07:30:00-05:00,CENSUS,census:retail-sales-2018-05,May 2018,3,exact,2018-06-14,08:30:00,America/New_York,https://www2.census.gov/retail/releases/historical/marts/adv1805.pdf,OANDA,696,76685,Retail Sales,May,3,1528979400,2018-06-14 14:30,EconomicCalendar/raw/oanda/daily/2018-06-14.json,pinned_report_and_event_name,"0,4% m/m","0,3% m/m","0,8% m/m",parsed,scalar,0.4,,0.4,,percent,1,m/m,parsed,scalar,0.3,,0.3,,percent,1,m/m,parsed,scalar,0.8,,0.8,,percent,1,m/m
2468,DURABLE_GOODS,2018-06-27T07:30:00-05:00,CENSUS,census:durable-goods-2018-05,May 2018,3,exact,2018-06-27,08:30:00,America/New_York,https://www.census.gov/manufacturing/m3/historical_data/pressreleases/adv/2018/may18adv.pdf,OANDA,59,76715,Durable Goods Orders - pre..,May,3,1530102600,2018-06-27 14:30,EconomicCalendar/raw/oanda/daily/2018-06-27.json,pinned_report_and_event_name,"-0,6% m/m","-1,6% m/m","-0,6% m/m",parsed,scalar,-0.6,,-0.6,,percent,1,m/m,parsed,scalar,-1.6,,-1.6,,percent,1,m/m,parsed,scalar,-0.6,,-0.6,,percent,1,m/m
1802,GDP,2018-06-28T07:30:00-05:00,BEA,bea:gdp:20180628T123000Z:q1-2018-third,Q1 2018 Third,3,exact,2018-06-28,08:30:00,America/New_York,https://www.bea.gov/news/2018/gross-domestic-product-first-quarter-2018-third-estimate,OANDA,690,73815,GDP (Annualized) - fin..,1Q,3,1530189000,2018-06-28 14:30,EconomicCalendar/raw/oanda/daily/2018-06-28.json,pinned_report_and_event_name,"2,2%","2,9%",2%,parsed,scalar,2.2,,2.2,,percent,1,,parsed,scalar,2.9,,2.9,,percent,1,,parsed,scalar,2,,2,,percent,1,
1803,PCE,2018-06-29T07:30:00-05:00,BEA,bea:pce:20180629T123000Z:may-2018,May 2018,3,exact,2018-06-29,08:30:00,America/New_York,https://www.bea.gov/news/2018/personal-income-and-outlays-may-2018,OANDA,694,75065,Personal Consumption Expenditures,May,2,1530275400,2018-06-29 14:30,EconomicCalendar/raw/oanda/daily/2018-06-29.json,pinned_report_and_event_name,"0,4% m/m","0,6% m/m","0,2% m/m",parsed,scalar,0.4,,0.4,,percent,1,m/m,parsed,scalar,0.6,,0.6,,percent,1,m/m,parsed,scalar,0.2,,0.2,,percent,1,m/m
418,EMPLOYMENT,2018-07-06T07:30:00-05:00,BLS,bls:employment:20180706T123000Z:june-2018,June 2018,3,exact,2018-07-06,08:30:00,America/New_York,https://www.bls.gov/schedule/2018/home.htm,OANDA,707,75744,Non-Farm Employment Change,June,3,1530880200,2018-07-06 14:30,EconomicCalendar/raw/oanda/daily/2018-07-06.json,pinned_report_and_event_name,187 k,223 k,213 k,parsed,scalar,187,,187000,,count,1000,,parsed,scalar,223,,223000,,count,1000,,parsed,scalar,213,,213000,,count,1000,
420,PPI,2018-07-11T07:30:00-05:00,BLS,bls:ppi:20180711T123000Z:june-2018,June 2018,3,exact,2018-07-11,08:30:00,America/New_York,https://www.bls.gov/schedule/2018/home.htm,OANDA,703,75530,Producer Price Index,June,2,1531312200,2018-07-11 14:30,EconomicCalendar/raw/oanda/daily/2018-07-11.json,pinned_report_and_event_name,"0,2% m/m","0,5% m/m","0,3% m/m",parsed,scalar,0.2,,0.2,,percent,1,m/m,parsed,scalar,0.5,,0.5,,percent,1,m/m,parsed,scalar,0.3,,0.3,,percent,1,m/m
421,CPI,2018-07-12T07:30:00-05:00,BLS,bls:cpi:20180712T123000Z:june-2018,June 2018,3,exact,2018-07-12,08:30:00,America/New_York,https://www.bls.gov/schedule/2018/home.htm,OANDA,699,75470,Consumer Price Index,June,3,1531398600,2018-07-12 14:30,EconomicCalendar/raw/oanda/daily/2018-07-12.json,pinned_report_and_event_name,"0,2% m/m","0,2% m/m","0,1% m/m",parsed,scalar,0.2,,0.2,,percent,1,m/m,parsed,scalar,0.2,,0.2,,percent,1,m/m,parsed,scalar,0.1,,0.1,,percent,1,m/m
2469,RETAIL_SALES,2018-07-16T07:30:00-05:00,CENSUS,census:retail-sales-2018-06,June 2018,3,exact,2018-07-16,08:30:00,America/New_York,https://www2.census.gov/retail/releases/historical/marts/adv1806.pdf,OANDA,696,76689,Retail Sales,June,3,1531744200,2018-07-16 14:30,EconomicCalendar/raw/oanda/daily/2018-07-16.json,pinned_report_and_event_name,"0,5% m/m","0,8% m/m","0,5% m/m",parsed,scalar,0.5,,0.5,,percent,1,m/m,parsed,scalar,0.8,,0.8,,percent,1,m/m,parsed,scalar,0.5,,0.5,,percent,1,m/m
2470,DURABLE_GOODS,2018-07-26T07:30:00-05:00,CENSUS,census:durable-goods-2018-06,June 2018,3,exact,2018-07-26,08:30:00,America/New_York,https://www.census.gov/manufacturing/m3/historical_data/pressreleases/adv/2018/jun18adv.pdf,OANDA,59,76716,Durable Goods Orders - pre..,June,3,1532608200,2018-07-26 14:30,EconomicCalendar/raw/oanda/daily/2018-07-26.json,pinned_report_and_event_name,3% m/m,"-0,4% m/m",1% m/m,parsed,scalar,3,,3,,percent,1,m/m,parsed,scalar,-0.4,,-0.4,,percent,1,m/m,parsed,scalar,1,,1,,percent,1,m/m
1804,GDP,2018-07-27T07:30:00-05:00,BEA,bea:gdp:20180727T123000Z:q2-2018-advance,Q2 2018 Advance,3,exact,2018-07-27,08:30:00,America/New_York,https://www.bea.gov/news/2018/gross-domestic-product-2nd-quarter-2018-advance-estimate-and-comprehensive-update,OANDA,690,73820,GDP (Annualized) - pre..,2Q,3,1532694600,2018-07-27 14:30,EconomicCalendar/raw/oanda/daily/2018-07-27.json,pinned_report_and_event_name,"4,1%",2%,"4,1%",parsed,scalar,4.1,,4.1,,percent,1,,parsed,scalar,2,,2,,percent,1,,parsed,scalar,4.1,,4.1,,percent,1,
1805,PCE,2018-07-31T07:30:00-05:00,BEA,bea:pce:20180731T123000Z:june-2018,June 2018,3,exact,2018-07-31,08:30:00,America/New_York,https://www.bea.gov/news/2018/personal-income-and-outlays-june-2018,OANDA,694,75072,Personal Consumption Expenditures,June,2,1533040200,2018-07-31 14:30,EconomicCalendar/raw/oanda/daily/2018-07-31.json,pinned_report_and_event_name,"0,4% m/m","0,2% m/m","0,4% m/m",parsed,scalar,0.4,,0.4,,percent,1,m/m,parsed,scalar,0.2,,0.2,,percent,1,m/m,parsed,scalar,0.4,,0.4,,percent,1,m/m
2198,FOMC,2018-08-01T13:00:00-05:00,FEDERAL_RESERVE,federal_reserve:fomc:20180801T180000Z,FOMC 2018-08-01,3,exact,2018-08-01,14:00:00,America/New_York,https://www.federalreserve.gov/newsevents/pressreleases/monetary20180801a.htm,OANDA,82,74997,FOMC Interest Rate Decision,August,3,1533146400,2018-08-01 20:00,EconomicCalendar/raw/oanda/daily/2018-08-01.json,pinned_report_and_event_name,"1,75-2,00%","1,75-2,00%","1,75-2,00%",parsed,range,1.75,2.00,1.75,2.00,percent,1,,parsed,range,1.75,2.00,1.75,2.00,percent,1,,parsed,range,1.75,2.00,1.75,2.00,percent,1,
422,EMPLOYMENT,2018-08-03T07:30:00-05:00,BLS,bls:employment:20180803T123000Z:july-2018,July 2018,3,exact,2018-08-03,08:30:00,America/New_York,https://www.bls.gov/schedule/2018/home.htm,OANDA,707,75751,Non-Farm Employment Change,July,3,1533299400,2018-08-03 14:30,EconomicCalendar/raw/oanda/daily/2018-08-03.json,pinned_report_and_event_name,190 k,213 k,157 k,parsed,scalar,190,,190000,,count,1000,,parsed,scalar,213,,213000,,count,1000,,parsed,scalar,157,,157000,,count,1000,
424,PPI,2018-08-09T07:30:00-05:00,BLS,bls:ppi:20180809T123000Z:july-2018,July 2018,3,exact,2018-08-09,08:30:00,America/New_York,https://www.bls.gov/schedule/2018/home.htm,OANDA,703,75535,Producer Price Index,July,2,1533817800,2018-08-09 14:30,EconomicCalendar/raw/oanda/daily/2018-08-09.json,pinned_report_and_event_name,"0,2% m/m","0,3% m/m","0,0% m/m",parsed,scalar,0.2,,0.2,,percent,1,m/m,parsed,scalar,0.3,,0.3,,percent,1,m/m,parsed,scalar,0.0,,0.0,,percent,1,m/m
425,CPI,2018-08-10T07:30:00-05:00,BLS,bls:cpi:20180810T123000Z:july-2018,July 2018,3,exact,2018-08-10,08:30:00,America/New_York,https://www.bls.gov/schedule/2018/home.htm,OANDA,699,75475,Consumer Price Index,July,3,1533904200,2018-08-10 14:30,EconomicCalendar/raw/oanda/daily/2018-08-10.json,pinned_report_and_event_name,"0,2% m/m","0,1% m/m","0,2% m/m",parsed,scalar,0.2,,0.2,,percent,1,m/m,parsed,scalar,0.1,,0.1,,percent,1,m/m,parsed,scalar,0.2,,0.2,,percent,1,m/m
2471,RETAIL_SALES,2018-08-15T07:30:00-05:00,CENSUS,census:retail-sales-2018-07,July 2018,3,exact,2018-08-15,08:30:00,America/New_York,https://www2.census.gov/retail/releases/historical/marts/adv1807.pdf,OANDA,696,76693,Retail Sales,July,3,1534336200,2018-08-15 14:30,EconomicCalendar/raw/oanda/daily/2018-08-15.json,pinned_report_and_event_name,"0,1% m/m","0,5% m/m","0,5% m/m",parsed,scalar,0.1,,0.1,,percent,1,m/m,parsed,scalar,0.5,,0.5,,percent,1,m/m,parsed,scalar,0.5,,0.5,,percent,1,m/m
2472,DURABLE_GOODS,2018-08-24T07:30:00-05:00,CENSUS,census:durable-goods-2018-07,July 2018,3,exact,2018-08-24,08:30:00,America/New_York,https://www.census.gov/manufacturing/m3/historical_data/pressreleases/adv/2018/jul18adv.pdf,OANDA,59,76717,Durable Goods Orders - pre..,July,3,1535113800,2018-08-24 14:30,EconomicCalendar/raw/oanda/daily/2018-08-24.json,pinned_report_and_event_name,"-0,8% m/m","0,8% m/m","-1,7% m/m",parsed,scalar,-0.8,,-0.8,,percent,1,m/m,parsed,scalar,0.8,,0.8,,percent,1,m/m,parsed,scalar,-1.7,,-1.7,,percent,1,m/m
1806,GDP,2018-08-29T07:30:00-05:00,BEA,bea:gdp:20180829T123000Z:q2-2018-second,Q2 2018 Second,3,exact,2018-08-29,08:30:00,America/New_York,https://www.bea.gov/news/2018/gross-domestic-product-second-quarter-2018-second-estimate-corporate-profits-second,OANDA,690,73825,GDP (Annualized) - rev..,2Q,3,1535545800,2018-08-29 14:30,EconomicCalendar/raw/oanda/daily/2018-08-29.json,pinned_report_and_event_name,"4,1%","2,2%","4,2%",parsed,scalar,4.1,,4.1,,percent,1,,parsed,scalar,2.2,,2.2,,percent,1,,parsed,scalar,4.2,,4.2,,percent,1,
1807,PCE,2018-08-30T07:30:00-05:00,BEA,bea:pce:20180830T123000Z:july-2018,July 2018,3,exact,2018-08-30,08:30:00,America/New_York,https://www.bea.gov/news/2018/personal-income-and-outlays-july-2018,OANDA,694,75079,Personal Consumption Expenditures,July,2,1535632200,2018-08-30 14:30,EconomicCalendar/raw/oanda/daily/2018-08-30.json,pinned_report_and_event_name,"0,3% m/m","0,4% m/m","0,4% m/m",parsed,scalar,0.3,,0.3,,percent,1,m/m,parsed,scalar,0.4,,0.4,,percent,1,m/m,parsed,scalar,0.4,,0.4,,percent,1,m/m
426,EMPLOYMENT,2018-09-07T07:30:00-05:00,BLS,bls:employment:20180907T123000Z:august-2018,August 2018,3,exact,2018-09-07,08:30:00,America/New_York,https://www.bls.gov/schedule/2018/home.htm,OANDA,707,75758,Non-Farm Employment Change,August,3,1536323400,2018-09-07 14:30,EconomicCalendar/raw/oanda/daily/2018-09-07.json,pinned_report_and_event_name,190 k,157 k,201 k,parsed,scalar,190,,190000,,count,1000,,parsed,scalar,157,,157000,,count,1000,,parsed,scalar,201,,201000,,count,1000,
428,PPI,2018-09-12T07:30:00-05:00,BLS,bls:ppi:20180912T123000Z:august-2018,August 2018,3,exact,2018-09-12,08:30:00,America/New_York,https://www.bls.gov/schedule/2018/home.htm,OANDA,703,75540,Producer Price Index,August,2,1536755400,2018-09-12 14:30,EconomicCalendar/raw/oanda/daily/2018-09-12.json,pinned_report_and_event_name,"0,2% m/m","0,0% m/m","-0,1% m/m",parsed,scalar,0.2,,0.2,,percent,1,m/m,parsed,scalar,0.0,,0.0,,percent,1,m/m,parsed,scalar,-0.1,,-0.1,,percent,1,m/m
429,CPI,2018-09-13T07:30:00-05:00,BLS,bls:cpi:20180913T123000Z:august-2018,August 2018,3,exact,2018-09-13,08:30:00,America/New_York,https://www.bls.gov/schedule/2018/home.htm,OANDA,699,75480,Consumer Price Index,August,3,1536841800,2018-09-13 14:30,EconomicCalendar/raw/oanda/daily/2018-09-13.json,pinned_report_and_event_name,"0,3% m/m","0,2% m/m","0,2% m/m",parsed,scalar,0.3,,0.3,,percent,1,m/m,parsed,scalar,0.2,,0.2,,percent,1,m/m,parsed,scalar,0.2,,0.2,,percent,1,m/m
2473,RETAIL_SALES,2018-09-14T07:30:00-05:00,CENSUS,census:retail-sales-2018-08,August 2018,3,exact,2018-09-14,08:30:00,America/New_York,https://www2.census.gov/retail/releases/historical/marts/adv1808.pdf,OANDA,696,76697,Retail Sales,August,3,1536928200,2018-09-14 14:30,EconomicCalendar/raw/oanda/daily/2018-09-14.json,pinned_report_and_event_name,"0,4% m/m","0,5% m/m","0,1% m/m",parsed,scalar,0.4,,0.4,,percent,1,m/m,parsed,scalar,0.5,,0.5,,percent,1,m/m,parsed,scalar,0.1,,0.1,,percent,1,m/m
2199,FOMC,2018-09-26T13:00:00-05:00,FEDERAL_RESERVE,federal_reserve:fomc:20180926T180000Z,FOMC 2018-09-26,3,exact,2018-09-26,14:00:00,America/New_York,https://www.federalreserve.gov/newsevents/pressreleases/monetary20180926a.htm,OANDA,82,74998,FOMC Interest Rate Decision,September,3,1537984800,2018-09-26 20:00,EconomicCalendar/raw/oanda/daily/2018-09-26.json,pinned_report_and_event_name,"2,00-2,25%","1,75-2,00%","2,00-2,25%",parsed,range,2.00,2.25,2.00,2.25,percent,1,,parsed,range,1.75,2.00,1.75,2.00,percent,1,,parsed,range,2.00,2.25,2.00,2.25,percent,1,
2474,DURABLE_GOODS,2018-09-27T07:30:00-05:00,CENSUS,census:durable-goods-2018-08,August 2018,3,exact,2018-09-27,08:30:00,America/New_York,https://www.census.gov/manufacturing/m3/historical_data/pressreleases/adv/2018/aug18adv.pdf,OANDA,59,76718,Durable Goods Orders - pre..,August,3,1538051400,2018-09-27 14:30,EconomicCalendar/raw/oanda/daily/2018-09-27.json,pinned_report_and_event_name,2% m/m,"-1,7% m/m","4,5% m/m",parsed,scalar,2,,2,,percent,1,m/m,parsed,scalar,-1.7,,-1.7,,percent,1,m/m,parsed,scalar,4.5,,4.5,,percent,1,m/m
1808,GDP,2018-09-27T07:30:00-05:00,BEA,bea:gdp:20180927T123000Z:q2-2018-third,Q2 2018 Third,3,exact,2018-09-27,08:30:00,America/New_York,https://www.bea.gov/news/2018/gross-domestic-product-2nd-quarter-2018-third-estimate-corporate-profits-2nd-quarter-2018,OANDA,690,73830,GDP (Annualized) - fin..,2Q,3,1538051400,2018-09-27 14:30,EconomicCalendar/raw/oanda/daily/2018-09-27.json,pinned_report_and_event_name,"4,2%","2,2%","4,2%",parsed,scalar,4.2,,4.2,,percent,1,,parsed,scalar,2.2,,2.2,,percent,1,,parsed,scalar,4.2,,4.2,,percent,1,
1809,PCE,2018-09-28T07:30:00-05:00,BEA,bea:pce:20180928T123000Z:august-2018,August 2018,3,exact,2018-09-28,08:30:00,America/New_York,https://www.bea.gov/news/2018/personal-income-and-outlays-august-2018,OANDA,694,75086,Personal Consumption Expenditures,August,2,1538137800,2018-09-28 14:30,EconomicCalendar/raw/oanda/daily/2018-09-28.json,pinned_report_and_event_name,"0,3% m/m","0,4% m/m","0,3% m/m",parsed,scalar,0.3,,0.3,,percent,1,m/m,parsed,scalar,0.4,,0.4,,percent,1,m/m,parsed,scalar,0.3,,0.3,,percent,1,m/m
430,EMPLOYMENT,2018-10-05T07:30:00-05:00,BLS,bls:employment:20181005T123000Z:september-2018,September 2018,3,exact,2018-10-05,08:30:00,America/New_York,https://www.bls.gov/schedule/2018/home.htm,OANDA,707,75765,Non-Farm Employment Change,September,3,1538742600,2018-10-05 14:30,EconomicCalendar/raw/oanda/daily/2018-10-05.json,pinned_report_and_event_name,180 k,201 k,134 k,parsed,scalar,180,,180000,,count,1000,,parsed,scalar,201,,201000,,count,1000,,parsed,scalar,134,,134000,,count,1000,
431,PPI,2018-10-10T07:30:00-05:00,BLS,bls:ppi:20181010T123000Z:september-2018,September 2018,3,exact,2018-10-10,08:30:00,America/New_York,https://www.bls.gov/schedule/2018/home.htm,OANDA,703,75545,Producer Price Index,September,2,1539174600,2018-10-10 14:30,EconomicCalendar/raw/oanda/daily/2018-10-10.json,pinned_report_and_event_name,"0,2% m/m","-0,1% m/m","0,2% m/m",parsed,scalar,0.2,,0.2,,percent,1,m/m,parsed,scalar,-0.1,,-0.1,,percent,1,m/m,parsed,scalar,0.2,,0.2,,percent,1,m/m
432,CPI,2018-10-11T07:30:00-05:00,BLS,bls:cpi:20181011T123000Z:september-2018,September 2018,3,exact,2018-10-11,08:30:00,America/New_York,https://www.bls.gov/schedule/2018/home.htm,OANDA,699,75485,Consumer Price Index,September,3,1539261000,2018-10-11 14:30,EconomicCalendar/raw/oanda/daily/2018-10-11.json,pinned_report_and_event_name,"0,2% m/m","0,2% m/m","0,1% m/m",parsed,scalar,0.2,,0.2,,percent,1,m/m,parsed,scalar,0.2,,0.2,,percent,1,m/m,parsed,scalar,0.1,,0.1,,percent,1,m/m
2475,RETAIL_SALES,2018-10-15T07:30:00-05:00,CENSUS,census:retail-sales-2018-09,September 2018,3,exact,2018-10-15,08:30:00,America/New_York,https://www2.census.gov/retail/releases/historical/marts/adv1809.pdf,OANDA,696,76701,Retail Sales,September,3,1539606600,2018-10-15 14:30,EconomicCalendar/raw/oanda/daily/2018-10-15.json,pinned_report_and_event_name,"0,6% m/m","0,1% m/m","0,1% m/m",parsed,scalar,0.6,,0.6,,percent,1,m/m,parsed,scalar,0.1,,0.1,,percent,1,m/m,parsed,scalar,0.1,,0.1,,percent,1,m/m
2476,DURABLE_GOODS,2018-10-25T07:30:00-05:00,CENSUS,census:durable-goods-2018-09,September 2018,3,exact,2018-10-25,08:30:00,America/New_York,https://www.census.gov/manufacturing/m3/historical_data/pressreleases/adv/2018/sep18adv.pdf,OANDA,59,76719,Durable Goods Orders - pre..,September,3,1540470600,2018-10-25 14:30,EconomicCalendar/raw/oanda/daily/2018-10-25.json,pinned_report_and_event_name,-1% m/m,"4,4% m/m","0,8% m/m",parsed,scalar,-1,,-1,,percent,1,m/m,parsed,scalar,4.4,,4.4,,percent,1,m/m,parsed,scalar,0.8,,0.8,,percent,1,m/m
1810,GDP,2018-10-26T07:30:00-05:00,BEA,bea:gdp:20181026T123000Z:q3-2018-advance,Q3 2018 Advance,3,exact,2018-10-26,08:30:00,America/New_York,https://www.bea.gov/news/2018/gross-domestic-product-3rd-quarter-2018-advance-estimate,OANDA,690,73835,GDP (Annualized) - pre..,3Q,3,1540557000,2018-10-26 14:30,EconomicCalendar/raw/oanda/daily/2018-10-26.json,pinned_report_and_event_name,"3,3%","4,2%","3,5%",parsed,scalar,3.3,,3.3,,percent,1,,parsed,scalar,4.2,,4.2,,percent,1,,parsed,scalar,3.5,,3.5,,percent,1,
1811,PCE,2018-10-29T07:30:00-05:00,BEA,bea:pce:20181029T123000Z:september-2018,September 2018,3,exact,2018-10-29,08:30:00,America/New_York,https://www.bea.gov/news/2018/personal-income-and-outlays-september-2018,OANDA,694,75093,Personal Consumption Expenditures,September,2,1540816200,2018-10-29 13:30,EconomicCalendar/raw/oanda/daily/2018-10-29.json,pinned_report_and_event_name,"0,4% m/m","0,3% m/m","0,4% m/m",parsed,scalar,0.4,,0.4,,percent,1,m/m,parsed,scalar,0.3,,0.3,,percent,1,m/m,parsed,scalar,0.4,,0.4,,percent,1,m/m
434,EMPLOYMENT,2018-11-02T07:30:00-05:00,BLS,bls:employment:20181102T123000Z:october-2018,October 2018,3,exact,2018-11-02,08:30:00,America/New_York,https://www.bls.gov/schedule/2018/home.htm,OANDA,707,75772,Non-Farm Employment Change,October,3,1541161800,2018-11-02 13:30,EconomicCalendar/raw/oanda/daily/2018-11-02.json,pinned_report_and_event_name,190 k,134 k,250 k,parsed,scalar,190,,190000,,count,1000,,parsed,scalar,134,,134000,,count,1000,,parsed,scalar,250,,250000,,count,1000,
2200,FOMC,2018-11-08T13:00:00-06:00,FEDERAL_RESERVE,federal_reserve:fomc:20181108T190000Z,FOMC 2018-11-08,3,exact,2018-11-08,14:00:00,America/New_York,https://www.federalreserve.gov/newsevents/pressreleases/monetary20181108a.htm,OANDA,82,74999,FOMC Interest Rate Decision,November,3,1541703600,2018-11-08 20:00,EconomicCalendar/raw/oanda/daily/2018-11-08.json,pinned_report_and_event_name,"2,00-2,25%","2,00-2,25%","2,00-2,25%",parsed,range,2.00,2.25,2.00,2.25,percent,1,,parsed,range,2.00,2.25,2.00,2.25,percent,1,,parsed,range,2.00,2.25,2.00,2.25,percent,1,
436,PPI,2018-11-09T07:30:00-06:00,BLS,bls:ppi:20181109T133000Z:october-2018,October 2018,3,exact,2018-11-09,08:30:00,America/New_York,https://www.bls.gov/schedule/2018/home.htm,OANDA,703,75550,Producer Price Index,October,2,1541770200,2018-11-09 14:30,EconomicCalendar/raw/oanda/daily/2018-11-09.json,pinned_report_and_event_name,"0,2% m/m","0,2% m/m","0,6% m/m",parsed,scalar,0.2,,0.2,,percent,1,m/m,parsed,scalar,0.2,,0.2,,percent,1,m/m,parsed,scalar,0.6,,0.6,,percent,1,m/m
437,CPI,2018-11-14T07:30:00-06:00,BLS,bls:cpi:20181114T133000Z:october-2018,October 2018,3,exact,2018-11-14,08:30:00,America/New_York,https://www.bls.gov/schedule/2018/home.htm,OANDA,699,75490,Consumer Price Index,October,3,1542202200,2018-11-14 14:30,EconomicCalendar/raw/oanda/daily/2018-11-14.json,pinned_report_and_event_name,"0,3% m/m","0,1% m/m","0,3% m/m",parsed,scalar,0.3,,0.3,,percent,1,m/m,parsed,scalar,0.1,,0.1,,percent,1,m/m,parsed,scalar,0.3,,0.3,,percent,1,m/m
2477,RETAIL_SALES,2018-11-15T07:30:00-06:00,CENSUS,census:retail-sales-2018-10,October 2018,3,exact,2018-11-15,08:30:00,America/New_York,https://www2.census.gov/retail/releases/historical/marts/adv1810.pdf,OANDA,696,76705,Retail Sales,October,3,1542288600,2018-11-15 14:30,EconomicCalendar/raw/oanda/daily/2018-11-15.json,pinned_report_and_event_name,"0,5% m/m","0,1% m/m","0,8% m/m",parsed,scalar,0.5,,0.5,,percent,1,m/m,parsed,scalar,0.1,,0.1,,percent,1,m/m,parsed,scalar,0.8,,0.8,,percent,1,m/m
2478,DURABLE_GOODS,2018-11-21T07:30:00-06:00,CENSUS,census:durable-goods-2018-10,October 2018,3,exact,2018-11-21,08:30:00,America/New_York,https://www.census.gov/manufacturing/m3/historical_data/pressreleases/adv/2018/oct18adv.pdf,OANDA,59,76720,Durable Goods Orders - pre..,October,3,1542807000,2018-11-21 14:30,EconomicCalendar/raw/oanda/daily/2018-11-21.json,pinned_report_and_event_name,"-2,5% m/m","0,7% m/m","-4,4% m/m",parsed,scalar,-2.5,,-2.5,,percent,1,m/m,parsed,scalar,0.7,,0.7,,percent,1,m/m,parsed,scalar,-4.4,,-4.4,,percent,1,m/m
1812,GDP,2018-11-28T07:30:00-06:00,BEA,bea:gdp:20181128T133000Z:q3-2018-second,Q3 2018 Second,3,exact,2018-11-28,08:30:00,America/New_York,https://www.bea.gov/news/2018/gross-domestic-product-third-quarter-2018-second-estimate-corporate-profits-third-quarter,OANDA,690,73840,GDP (Annualized) - rev..,3Q,3,1543411800,2018-11-28 14:30,EconomicCalendar/raw/oanda/daily/2018-11-28.json,pinned_report_and_event_name,"3,5%","4,2%","3,5%",parsed,scalar,3.5,,3.5,,percent,1,,parsed,scalar,4.2,,4.2,,percent,1,,parsed,scalar,3.5,,3.5,,percent,1,
1813,PCE,2018-11-29T07:30:00-06:00,BEA,bea:pce:20181129T133000Z:october-2018,October 2018,3,exact,2018-11-29,08:30:00,America/New_York,https://www.bea.gov/news/2018/personal-income-and-outlays-october-2018,OANDA,694,75100,Personal Consumption Expenditures,October,2,1543498200,2018-11-29 14:30,EconomicCalendar/raw/oanda/daily/2018-11-29.json,pinned_report_and_event_name,"0,4% m/m","0,4% m/m","0,6% m/m",parsed,scalar,0.4,,0.4,,percent,1,m/m,parsed,scalar,0.4,,0.4,,percent,1,m/m,parsed,scalar,0.6,,0.6,,percent,1,m/m
438,EMPLOYMENT,2018-12-07T07:30:00-06:00,BLS,bls:employment:20181207T133000Z:november-2018,November 2018,3,exact,2018-12-07,08:30:00,America/New_York,https://www.bls.gov/schedule/2018/home.htm,OANDA,707,75779,Non-Farm Employment Change,November,3,1544189400,2018-12-07 14:30,EconomicCalendar/raw/oanda/daily/2018-12-07.json,pinned_report_and_event_name,200 k,250 k,155 k,parsed,scalar,200,,200000,,count,1000,,parsed,scalar,250,,250000,,count,1000,,parsed,scalar,155,,155000,,count,1000,
440,PPI,2018-12-11T07:30:00-06:00,BLS,bls:ppi:20181211T133000Z:november-2018,November 2018,3,exact,2018-12-11,08:30:00,America/New_York,https://www.bls.gov/schedule/2018/home.htm,OANDA,703,75555,Producer Price Index,November,2,1544535000,2018-12-11 14:30,EconomicCalendar/raw/oanda/daily/2018-12-11.json,pinned_report_and_event_name,"0,0% m/m","0,6% m/m","0,1% m/m",parsed,scalar,0.0,,0.0,,percent,1,m/m,parsed,scalar,0.6,,0.6,,percent,1,m/m,parsed,scalar,0.1,,0.1,,percent,1,m/m
441,CPI,2018-12-12T07:30:00-06:00,BLS,bls:cpi:20181212T133000Z:november-2018,November 2018,3,exact,2018-12-12,08:30:00,America/New_York,https://www.bls.gov/schedule/2018/home.htm,OANDA,699,75495,Consumer Price Index,November,3,1544621400,2018-12-12 14:30,EconomicCalendar/raw/oanda/daily/2018-12-12.json,pinned_report_and_event_name,"0,0% m/m","0,3% m/m","0,0% m/m",parsed,scalar,0.0,,0.0,,percent,1,m/m,parsed,scalar,0.3,,0.3,,percent,1,m/m,parsed,scalar,0.0,,0.0,,percent,1,m/m
2479,RETAIL_SALES,2018-12-14T07:30:00-06:00,CENSUS,census:retail-sales-2018-11,November 2018,3,exact,2018-12-14,08:30:00,America/New_York,https://www2.census.gov/retail/releases/historical/marts/adv1811.pdf,OANDA,696,76709,Retail Sales,November,3,1544794200,2018-12-14 14:30,EconomicCalendar/raw/oanda/daily/2018-12-14.json,pinned_report_and_event_name,"0,2% m/m","0,8% m/m","0,2% m/m",parsed,scalar,0.2,,0.2,,percent,1,m/m,parsed,scalar,0.8,,0.8,,percent,1,m/m,parsed,scalar,0.2,,0.2,,percent,1,m/m
2201,FOMC,2018-12-19T13:00:00-06:00,FEDERAL_RESERVE,federal_reserve:fomc:20181219T190000Z,FOMC 2018-12-19,3,exact,2018-12-19,14:00:00,America/New_York,https://www.federalreserve.gov/newsevents/pressreleases/monetary20181219a.htm,OANDA,82,75000,FOMC Interest Rate Decision,December,3,1545246000,2018-12-19 20:00,EconomicCalendar/raw/oanda/daily/2018-12-19.json,pinned_report_and_event_name,"2,25-2,50%","2,00-2,25%","2,25-2,50%",parsed,range,2.25,2.50,2.25,2.50,percent,1,,parsed,range,2.00,2.25,2.00,2.25,percent,1,,parsed,range,2.25,2.50,2.25,2.50,percent,1,
2480,DURABLE_GOODS,2018-12-21T07:30:00-06:00,CENSUS,census:durable-goods-2018-11,November 2018,3,exact,2018-12-21,08:30:00,America/New_York,https://www.census.gov/manufacturing/m3/historical_data/pressreleases/adv/2018/nov18adv.pdf,OANDA,59,76721,Durable Goods Orders - pre..,November,3,1545399000,2018-12-21 14:30,EconomicCalendar/raw/oanda/daily/2018-12-21.json,pinned_report_and_event_name,"1,6% m/m","-4,3% m/m","0,8% m/m",parsed,scalar,1.6,,1.6,,percent,1,m/m,parsed,scalar,-4.3,,-4.3,,percent,1,m/m,parsed,scalar,0.8,,0.8,,percent,1,m/m
1814,GDP,2018-12-21T07:30:00-06:00,BEA,bea:gdp:20181221T133000Z:q3-2018-third,Q3 2018 Third,3,exact,2018-12-21,08:30:00,America/New_York,https://www.bea.gov/news/2018/gross-domestic-product-3rd-quarter-2018-third-estimate-corporate-profits-3rd-quarter-2018,OANDA,690,73845,GDP (Annualized) - fin..,3Q,3,1545399000,2018-12-21 14:30,EconomicCalendar/raw/oanda/daily/2018-12-21.json,pinned_report_and_event_name,"3,5%","4,2%","3,4%",parsed,scalar,3.5,,3.5,,percent,1,,parsed,scalar,4.2,,4.2,,percent,1,,parsed,scalar,3.4,,3.4,,percent,1,
1815,PCE,2018-12-21T09:00:00-06:00,BEA,bea:pce:20181221T150000Z:november-2018,November 2018,3,exact,2018-12-21,10:00:00,America/New_York,https://www.bea.gov/news/2018/personal-income-and-outlays-november-2018,OANDA,694,75107,Personal Consumption Expenditures,November,2,1545404400,2018-12-21 16:00,EconomicCalendar/raw/oanda/daily/2018-12-21.json,pinned_report_and_event_name,"0,3% m/m","0,6% m/m","0,4% m/m",parsed,scalar,0.3,,0.3,,percent,1,m/m,parsed,scalar,0.6,,0.6,,percent,1,m/m,parsed,scalar,0.4,,0.4,,percent,1,m/m
442,EMPLOYMENT,2019-01-04T07:30:00-06:00,BLS,bls:employment:20190104T133000Z:december-2018,December 2018,3,exact,2019-01-04,08:30:00,America/New_York,https://www.bls.gov/schedule/2019/home.htm,OANDA,707,83913,Non-Farm Employment Change,December,3,1546608600,2019-01-04 14:30,EconomicCalendar/raw/oanda/daily/2019-01-04.json,pinned_report_and_event_name,178 k,155 k,312 k,parsed,scalar,178,,178000,,count,1000,,parsed,scalar,155,,155000,,count,1000,,parsed,scalar,312,,312000,,count,1000,
444,CPI,2019-01-11T07:30:00-06:00,BLS,bls:cpi:20190111T133000Z:december-2018,December 2018,3,exact,2019-01-11,08:30:00,America/New_York,https://www.bls.gov/schedule/2019/home.htm,OANDA,699,83712,Consumer Price Index,December,3,1547213400,2019-01-11 14:30,EconomicCalendar/raw/oanda/daily/2019-01-11.json,pinned_report_and_event_name,"-0,1% m/m","0,0% m/m","-0,1% m/m",parsed,scalar,-0.1,,-0.1,,percent,1,m/m,parsed,scalar,0.0,,0.0,,percent,1,m/m,parsed,scalar,-0.1,,-0.1,,percent,1,m/m
445,PPI,2019-01-15T07:30:00-06:00,BLS,bls:ppi:20190115T133000Z:december-2018,December 2018,3,exact,2019-01-15,08:30:00,America/New_York,https://www.bls.gov/schedule/2019/home.htm,OANDA,703,83772,Producer Price Index,December,2,1547559000,2019-01-15 14:30,EconomicCalendar/raw/oanda/daily/2019-01-15.json,pinned_report_and_event_name,"-0,1% m/m","0,1% m/m","-0,2% m/m",parsed,scalar,-0.1,,-0.1,,percent,1,m/m,parsed,scalar,0.1,,0.1,,percent,1,m/m,parsed,scalar,-0.2,,-0.2,,percent,1,m/m
2202,FOMC,2019-01-30T13:00:00-06:00,FEDERAL_RESERVE,federal_reserve:fomc:20190130T190000Z,FOMC 2019-01-30,3,exact,2019-01-30,14:00:00,America/New_York,https://www.federalreserve.gov/newsevents/pressreleases/monetary20190130a.htm,OANDA,82,83506,FOMC Interest Rate Decision,January,3,1548874800,2019-01-30 20:00,EconomicCalendar/raw/oanda/daily/2019-01-30.json,pinned_report_and_event_name,"2,25-2,50%","2,25-2,50%","2,25-2,50%",parsed,range,2.25,2.50,2.25,2.50,percent,1,,parsed,range,2.25,2.50,2.25,2.50,percent,1,,parsed,range,2.25,2.50,2.25,2.50,percent,1,
446,EMPLOYMENT,2019-02-01T07:30:00-06:00,BLS,bls:employment:20190201T133000Z:january-2019,January 2019,3,exact,2019-02-01,08:30:00,America/New_York,https://www.bls.gov/schedule/2019/home.htm,OANDA,707,84175,Non-Farm Employment Change,January,3,1549027800,2019-02-01 14:30,EconomicCalendar/raw/oanda/daily/2019-02-01.json,pinned_report_and_event_name,165 k,312 k,304 k,parsed,scalar,165,,165000,,count,1000,,parsed,scalar,312,,312000,,count,1000,,parsed,scalar,304,,304000,,count,1000,
448,CPI,2019-02-13T07:30:00-06:00,BLS,bls:cpi:20190213T133000Z:january-2019,January 2019,3,exact,2019-02-13,08:30:00,America/New_York,https://www.bls.gov/schedule/2019/home.htm,OANDA,699,83717,Consumer Price Index,January,3,1550064600,2019-02-13 14:30,EconomicCalendar/raw/oanda/daily/2019-02-13.json,pinned_report_and_event_name,"0,1% m/m","-0,1% m/m","0,0% m/m",parsed,scalar,0.1,,0.1,,percent,1,m/m,parsed,scalar,-0.1,,-0.1,,percent,1,m/m,parsed,scalar,0.0,,0.0,,percent,1,m/m
449,PPI,2019-02-14T07:30:00-06:00,BLS,bls:ppi:20190214T133000Z:january-2019,January 2019,3,exact,2019-02-14,08:30:00,America/New_York,https://www.bls.gov/schedule/2019/home.htm,OANDA,703,83777,Producer Price Index,January,2,1550151000,2019-02-14 14:30,EconomicCalendar/raw/oanda/daily/2019-02-14.json,pinned_report_and_event_name,"0,1% m/m","-0,2% m/m","-0,1% m/m",parsed,scalar,0.1,,0.1,,percent,1,m/m,parsed,scalar,-0.2,,-0.2,,percent,1,m/m,parsed,scalar,-0.1,,-0.1,,percent,1,m/m
2481,RETAIL_SALES,2019-02-14T07:30:00-06:00,CENSUS,census:retail-sales-2018-12,December 2018,3,exact,2019-02-14,08:30:00,America/New_York,https://www2.census.gov/retail/releases/historical/marts/adv1812.pdf,OANDA,696,88440,Retail Sales,December,3,1550151000,2019-02-14 14:30,EconomicCalendar/raw/oanda/daily/2019-02-14.json,pinned_report_and_event_name,"0,2% m/m","0,2% m/m","-1,2% m/m",parsed,scalar,0.2,,0.2,,percent,1,m/m,parsed,scalar,0.2,,0.2,,percent,1,m/m,parsed,scalar,-1.2,,-1.2,,percent,1,m/m
2482,DURABLE_GOODS,2019-02-21T07:30:00-06:00,CENSUS,census:durable-goods-2018-12,December 2018,3,exact,2019-02-21,08:30:00,America/New_York,https://www.census.gov/manufacturing/m3/historical_data/pressreleases/adv/2018/dec18adv.pdf,OANDA,59,88546,Durable Goods Orders - pre..,December,3,1550755800,2019-02-21 14:30,EconomicCalendar/raw/oanda/daily/2019-02-21.json,pinned_report_and_event_name,"1,5% m/m","0,7% m/m","1,2% m/m",parsed,scalar,1.5,,1.5,,percent,1,m/m,parsed,scalar,0.7,,0.7,,percent,1,m/m,parsed,scalar,1.2,,1.2,,percent,1,m/m
1816,GDP,2019-02-28T07:30:00-06:00,BEA,bea:gdp:20190228T133000Z:q4-2018-initial,Q4 2018 Initial,3,exact,2019-02-28,08:30:00,America/New_York,https://www.bea.gov/news/2019/initial-gross-domestic-product-4th-quarter-and-annual-2018,OANDA,690,89440,GDP (Annualized) - pre..,4Q,3,1551360600,2019-02-28 14:30,EconomicCalendar/raw/oanda/daily/2019-02-28.json,pinned_report_and_event_name,"2,3%","3,4%","2,6%",parsed,scalar,2.3,,2.3,,percent,1,,parsed,scalar,3.4,,3.4,,percent,1,,parsed,scalar,2.6,,2.6,,percent,1,
1817,PCE,2019-03-01T07:30:00-06:00,BEA,bea:pce:20190301T133000Z:december-2018,December 2018,3,exact,2019-03-01,08:30:00,America/New_York,https://www.bea.gov/news/2019/personal-income-and-outlays-december-2018-personal-income-january-2019,OANDA,694,89489,Personal Consumption Expenditures,December,2,1551447000,2019-03-01 14:30,EconomicCalendar/raw/oanda/daily/2019-03-01.json,pinned_report_and_event_name,"0,3% m/m","0,4% m/m","-0,5% m/m",parsed,scalar,0.3,,0.3,,percent,1,m/m,parsed,scalar,0.4,,0.4,,percent,1,m/m,parsed,scalar,-0.5,,-0.5,,percent,1,m/m
450,EMPLOYMENT,2019-03-08T07:30:00-06:00,BLS,bls:employment:20190308T133000Z:february-2019,February 2019,3,exact,2019-03-08,08:30:00,America/New_York,https://www.bls.gov/schedule/2019/home.htm,OANDA,707,84182,Non-Farm Employment Change,February,3,1552051800,2019-03-08 14:30,EconomicCalendar/raw/oanda/daily/2019-03-08.json,pinned_report_and_event_name,180 k,304 k,20 k,parsed,scalar,180,,180000,,count,1000,,parsed,scalar,304,,304000,,count,1000,,parsed,scalar,20,,20000,,count,1000,
2483,RETAIL_SALES,2019-03-11T07:30:00-05:00,CENSUS,census:retail-sales-2019-01,January 2019,3,exact,2019-03-11,08:30:00,America/New_York,https://www2.census.gov/retail/releases/historical/marts/adv1901.pdf,OANDA,696,89078,Retail Sales,January,3,1552307400,2019-03-11 13:30,EconomicCalendar/raw/oanda/daily/2019-03-11.json,pinned_report_and_event_name,"-0,1% m/m","-1,2% m/m","0,2% m/m",parsed,scalar,-0.1,,-0.1,,percent,1,m/m,parsed,scalar,-1.2,,-1.2,,percent,1,m/m,parsed,scalar,0.2,,0.2,,percent,1,m/m
451,CPI,2019-03-12T07:30:00-05:00,BLS,bls:cpi:20190312T123000Z:february-2019,February 2019,3,exact,2019-03-12,08:30:00,America/New_York,https://www.bls.gov/schedule/2019/home.htm,OANDA,699,83722,Consumer Price Index,February,3,1552393800,2019-03-12 13:30,EconomicCalendar/raw/oanda/daily/2019-03-12.json,pinned_report_and_event_name,"0,2% m/m","0,0% m/m","0,2% m/m",parsed,scalar,0.2,,0.2,,percent,1,m/m,parsed,scalar,0.0,,0.0,,percent,1,m/m,parsed,scalar,0.2,,0.2,,percent,1,m/m
2484,DURABLE_GOODS,2019-03-13T07:30:00-05:00,CENSUS,census:durable-goods-2019-01,January 2019,3,exact,2019-03-13,08:30:00,America/New_York,https://www.census.gov/manufacturing/m3/historical_data/pressreleases/adv/2019/jan19adv.pdf,OANDA,59,89079,Durable Goods Orders - pre..,January,3,1552480200,2019-03-13 13:30,EconomicCalendar/raw/oanda/daily/2019-03-13.json,pinned_report_and_event_name,"-0,5% m/m","1,2% m/m","0,4% m/m",parsed,scalar,-0.5,,-0.5,,percent,1,m/m,parsed,scalar,1.2,,1.2,,percent,1,m/m,parsed,scalar,0.4,,0.4,,percent,1,m/m
452,PPI,2019-03-13T07:30:00-05:00,BLS,bls:ppi:20190313T123000Z:february-2019,February 2019,3,exact,2019-03-13,08:30:00,America/New_York,https://www.bls.gov/schedule/2019/home.htm,OANDA,703,83782,Producer Price Index,February,2,1552480200,2019-03-13 13:30,EconomicCalendar/raw/oanda/daily/2019-03-13.json,pinned_report_and_event_name,"0,2% m/m","-0,1% m/m","0,1% m/m",parsed,scalar,0.2,,0.2,,percent,1,m/m,parsed,scalar,-0.1,,-0.1,,percent,1,m/m,parsed,scalar,0.1,,0.1,,percent,1,m/m
2203,FOMC,2019-03-20T13:00:00-05:00,FEDERAL_RESERVE,federal_reserve:fomc:20190320T180000Z,FOMC 2019-03-20,3,exact,2019-03-20,14:00:00,America/New_York,https://www.federalreserve.gov/newsevents/pressreleases/monetary20190320a.htm,OANDA,82,83507,FOMC Interest Rate Decision,March,3,1553104800,2019-03-20 19:00,EconomicCalendar/raw/oanda/daily/2019-03-20.json,pinned_report_and_event_name,"2,25-2,50%","2,25-2,50%","2,25-2,50%",parsed,range,2.25,2.50,2.25,2.50,percent,1,,parsed,range,2.25,2.50,2.25,2.50,percent,1,,parsed,range,2.25,2.50,2.25,2.50,percent,1,
1818,GDP,2019-03-28T07:30:00-05:00,BEA,bea:gdp:20190328T123000Z:q4-2018-third,Q4 2018 Third,3,exact,2019-03-28,08:30:00,America/New_York,https://www.bea.gov/news/2019/gross-domestic-product-4th-quarter-and-annual-2018-third-estimate-corporate-profits-4th,OANDA,690,89810,GDP (Annualized) - fin..,4Q,3,1553779800,2019-03-28 14:30,EconomicCalendar/raw/oanda/daily/2019-03-28.json,pinned_report_and_event_name,"2,5%","3,4%","2,2%",parsed,scalar,2.5,,2.5,,percent,1,,parsed,scalar,3.4,,3.4,,percent,1,,parsed,scalar,2.2,,2.2,,percent,1,
1819,PCE,2019-03-29T07:30:00-05:00,BEA,bea:pce:20190329T123000Z:january-2019,January 2019,3,exact,2019-03-29,08:30:00,America/New_York,https://www.bea.gov/news/2019/personal-income-february-2019-personal-outlays-january-2019,OANDA,694,89495,Personal Consumption Expenditures,January,2,1553862600,2019-03-29 13:30,EconomicCalendar/raw/oanda/daily/2019-03-29.json,pinned_report_and_event_name,"0,3% m/m","-0,5% m/m","0,1% m/m",parsed,scalar,0.3,,0.3,,percent,1,m/m,parsed,scalar,-0.5,,-0.5,,percent,1,m/m,parsed,scalar,0.1,,0.1,,percent,1,m/m
2485,RETAIL_SALES,2019-04-01T07:30:00-05:00,CENSUS,census:retail-sales-2019-02,February 2019,3,exact,2019-04-01,08:30:00,America/New_York,https://www2.census.gov/retail/releases/historical/marts/adv1902.pdf,OANDA,696,89705,Retail Sales,February,3,1554121800,2019-04-01 14:30,EconomicCalendar/raw/oanda/daily/2019-04-01.json,pinned_report_and_event_name,"0,3% m/m","0,2% m/m","-0,2% m/m",parsed,scalar,0.3,,0.3,,percent,1,m/m,parsed,scalar,0.2,,0.2,,percent,1,m/m,parsed,scalar,-0.2,,-0.2,,percent,1,m/m
2486,DURABLE_GOODS,2019-04-02T07:30:00-05:00,CENSUS,census:durable-goods-2019-02,February 2019,3,exact,2019-04-02,08:30:00,America/New_York,https://www.census.gov/manufacturing/m3/historical_data/pressreleases/adv/2019/feb19adv.pdf,OANDA,59,89707,Durable Goods Orders - pre..,February,3,1554208200,2019-04-02 14:30,EconomicCalendar/raw/oanda/daily/2019-04-02.json,pinned_report_and_event_name,"-1,2% m/m","0,3% m/m","-1,6% m/m",parsed,scalar,-1.2,,-1.2,,percent,1,m/m,parsed,scalar,0.3,,0.3,,percent,1,m/m,parsed,scalar,-1.6,,-1.6,,percent,1,m/m
455,EMPLOYMENT,2019-04-05T07:30:00-05:00,BLS,bls:employment:20190405T123000Z:march-2019,March 2019,3,exact,2019-04-05,08:30:00,America/New_York,https://www.bls.gov/schedule/2019/home.htm,OANDA,707,84189,Non-Farm Employment Change,March,3,1554467400,2019-04-05 14:30,EconomicCalendar/raw/oanda/daily/2019-04-05.json,pinned_report_and_event_name,180 k,20 k,196 k,parsed,scalar,180,,180000,,count,1000,,parsed,scalar,20,,20000,,count,1000,,parsed,scalar,196,,196000,,count,1000,
457,CPI,2019-04-10T07:30:00-05:00,BLS,bls:cpi:20190410T123000Z:march-2019,March 2019,3,exact,2019-04-10,08:30:00,America/New_York,https://www.bls.gov/schedule/2019/home.htm,OANDA,699,83727,Consumer Price Index,March,3,1554899400,2019-04-10 14:30,EconomicCalendar/raw/oanda/daily/2019-04-10.json,pinned_report_and_event_name,"0,3% m/m","0,2% m/m","0,4% m/m",parsed,scalar,0.3,,0.3,,percent,1,m/m,parsed,scalar,0.2,,0.2,,percent,1,m/m,parsed,scalar,0.4,,0.4,,percent,1,m/m
458,PPI,2019-04-11T07:30:00-05:00,BLS,bls:ppi:20190411T123000Z:march-2019,March 2019,3,exact,2019-04-11,08:30:00,America/New_York,https://www.bls.gov/schedule/2019/home.htm,OANDA,703,83787,Producer Price Index,March,2,1554985800,2019-04-11 14:30,EconomicCalendar/raw/oanda/daily/2019-04-11.json,pinned_report_and_event_name,"0,3% m/m","0,1% m/m","0,6% m/m",parsed,scalar,0.3,,0.3,,percent,1,m/m,parsed,scalar,0.1,,0.1,,percent,1,m/m,parsed,scalar,0.6,,0.6,,percent,1,m/m
2487,RETAIL_SALES,2019-04-18T07:30:00-05:00,CENSUS,census:retail-sales-2019-03,March 2019,3,exact,2019-04-18,08:30:00,America/New_York,https://www2.census.gov/retail/releases/historical/marts/adv1903.pdf,OANDA,696,89784,Retail Sales,March,3,1555590600,2019-04-18 14:30,EconomicCalendar/raw/oanda/daily/2019-04-18.json,pinned_report_and_event_name,"0,9% m/m","-0,2% m/m","1,6% m/m",parsed,scalar,0.9,,0.9,,percent,1,m/m,parsed,scalar,-0.2,,-0.2,,percent,1,m/m,parsed,scalar,1.6,,1.6,,percent,1,m/m
2488,DURABLE_GOODS,2019-04-25T07:30:00-05:00,CENSUS,census:durable-goods-2019-03,March 2019,3,exact,2019-04-25,08:30:00,America/New_York,https://www.census.gov/manufacturing/m3/historical_data/pressreleases/adv/2019/mar19adv.pdf,OANDA,59,86576,Durable Goods Orders - pre..,March,3,1556195400,2019-04-25 14:30,EconomicCalendar/raw/oanda/daily/2019-04-25.json,pinned_report_and_event_name,"0,8% m/m","-1,6% m/m","2,7% m/m",parsed,scalar,0.8,,0.8,,percent,1,m/m,parsed,scalar,-1.6,,-1.6,,percent,1,m/m,parsed,scalar,2.7,,2.7,,percent,1,m/m
1820,GDP,2019-04-26T07:30:00-05:00,BEA,bea:gdp:20190426T123000Z:q1-2019-advance,Q1 2019 Advance,3,exact,2019-04-26,08:30:00,America/New_York,https://www.bea.gov/news/2019/gross-domestic-product-1st-quarter-2019-advance-estimate,OANDA,690,82517,GDP (Annualized) - pre..,1Q,3,1556281800,2019-04-26 14:30,EconomicCalendar/raw/oanda/daily/2019-04-26.json,pinned_report_and_event_name,"2,1%","2,6%","3,2%",parsed,scalar,2.1,,2.1,,percent,1,,parsed,scalar,2.6,,2.6,,percent,1,,parsed,scalar,3.2,,3.2,,percent,1,
1821,PCE,2019-04-29T07:30:00-05:00,BEA,bea:pce:20190429T123000Z:march-2019,March 2019,3,exact,2019-04-29,08:30:00,America/New_York,https://www.bea.gov/news/2019/personal-income-and-outlays-march-2019,OANDA,694,89952,Personal Consumption Expenditures,March,2,1556541000,2019-04-29 14:30,EconomicCalendar/raw/oanda/daily/2019-04-29.json,exact_oanda_event_id_exception,"0,6% m/m","0,1% m/m","0,9% m/m",parsed,scalar,0.6,,0.6,,percent,1,m/m,parsed,scalar,0.1,,0.1,,percent,1,m/m,parsed,scalar,0.9,,0.9,,percent,1,m/m
2204,FOMC,2019-05-01T13:00:00-05:00,FEDERAL_RESERVE,federal_reserve:fomc:20190501T180000Z,FOMC 2019-05-01,3,exact,2019-05-01,14:00:00,America/New_York,https://www.federalreserve.gov/newsevents/pressreleases/monetary20190501a.htm,OANDA,82,83508,FOMC Interest Rate Decision,May,3,1556733600,2019-05-01 20:00,EconomicCalendar/raw/oanda/daily/2019-05-01.json,pinned_report_and_event_name,"2,25-2,50%","2,25-2,50%","2,25-2,50%",parsed,range,2.25,2.50,2.25,2.50,percent,1,,parsed,range,2.25,2.50,2.25,2.50,percent,1,,parsed,range,2.25,2.50,2.25,2.50,percent,1,
459,EMPLOYMENT,2019-05-03T07:30:00-05:00,BLS,bls:employment:20190503T123000Z:april-2019,April 2019,3,exact,2019-05-03,08:30:00,America/New_York,https://www.bls.gov/schedule/2019/home.htm,OANDA,707,84196,Non-Farm Employment Change,April,3,1556886600,2019-05-03 14:30,EconomicCalendar/raw/oanda/daily/2019-05-03.json,pinned_report_and_event_name,185 k,196 k,263 k,parsed,scalar,185,,185000,,count,1000,,parsed,scalar,196,,196000,,count,1000,,parsed,scalar,263,,263000,,count,1000,
461,PPI,2019-05-09T07:30:00-05:00,BLS,bls:ppi:20190509T123000Z:april-2019,April 2019,3,exact,2019-05-09,08:30:00,America/New_York,https://www.bls.gov/schedule/2019/home.htm,OANDA,703,83792,Producer Price Index,April,2,1557405000,2019-05-09 14:30,EconomicCalendar/raw/oanda/daily/2019-05-09.json,pinned_report_and_event_name,"0,2% m/m","0,6% m/m","0,2% m/m",parsed,scalar,0.2,,0.2,,percent,1,m/m,parsed,scalar,0.6,,0.6,,percent,1,m/m,parsed,scalar,0.2,,0.2,,percent,1,m/m
462,CPI,2019-05-10T07:30:00-05:00,BLS,bls:cpi:20190510T123000Z:april-2019,April 2019,3,exact,2019-05-10,08:30:00,America/New_York,https://www.bls.gov/schedule/2019/home.htm,OANDA,699,83732,Consumer Price Index,April,3,1557491400,2019-05-10 14:30,EconomicCalendar/raw/oanda/daily/2019-05-10.json,pinned_report_and_event_name,"0,4% m/m","0,4% m/m","0,3% m/m",parsed,scalar,0.4,,0.4,,percent,1,m/m,parsed,scalar,0.4,,0.4,,percent,1,m/m,parsed,scalar,0.3,,0.3,,percent,1,m/m
2489,RETAIL_SALES,2019-05-15T07:30:00-05:00,CENSUS,census:retail-sales-2019-04,April 2019,3,exact,2019-05-15,08:30:00,America/New_York,https://www2.census.gov/retail/releases/historical/marts/adv1904.pdf,OANDA,696,86516,Retail Sales,April,3,1557923400,2019-05-15 14:30,EconomicCalendar/raw/oanda/daily/2019-05-15.json,pinned_report_and_event_name,"0,2% m/m","1,6% m/m","-0,2% m/m",parsed,scalar,0.2,,0.2,,percent,1,m/m,parsed,scalar,1.6,,1.6,,percent,1,m/m,parsed,scalar,-0.2,,-0.2,,percent,1,m/m
2490,DURABLE_GOODS,2019-05-24T07:30:00-05:00,CENSUS,census:durable-goods-2019-04,April 2019,3,exact,2019-05-24,08:30:00,America/New_York,https://www.census.gov/manufacturing/m3/historical_data/pressreleases/adv/2019/apr19adv.pdf,OANDA,59,86578,Durable Goods Orders - pre..,April,3,1558701000,2019-05-24 14:30,EconomicCalendar/raw/oanda/daily/2019-05-24.json,pinned_report_and_event_name,-2% m/m,"2,6% m/m","-2,1% m/m",parsed,scalar,-2,,-2,,percent,1,m/m,parsed,scalar,2.6,,2.6,,percent,1,m/m,parsed,scalar,-2.1,,-2.1,,percent,1,m/m
1822,GDP,2019-05-30T07:30:00-05:00,BEA,bea:gdp:20190530T123000Z:q1-2019-second,Q1 2019 Second,3,exact,2019-05-30,08:30:00,America/New_York,https://www.bea.gov/news/2019/gross-domestic-product-1st-quarter-2019-second-estimate-corporate-profits-1st-quarter,OANDA,690,82522,GDP (Annualized) - rev..,1Q,3,1559219400,2019-05-30 14:30,EconomicCalendar/raw/oanda/daily/2019-05-30.json,pinned_report_and_event_name,"3,2%","2,2%","3,1%",parsed,scalar,3.2,,3.2,,percent,1,,parsed,scalar,2.2,,2.2,,percent,1,,parsed,scalar,3.1,,3.1,,percent,1,
1823,PCE,2019-05-31T07:30:00-05:00,BEA,bea:pce:20190531T123000Z:april-2019,April 2019,3,exact,2019-05-31,08:30:00,America/New_York,https://www.bea.gov/news/2019/personal-income-and-outlays-april-2019,OANDA,694,90121,Personal Consumption Expenditures,April,2,1559305800,2019-05-31 14:30,EconomicCalendar/raw/oanda/daily/2019-05-31.json,pinned_report_and_event_name,"0,2% m/m","0,1% m/m","0,3% m/m",parsed,scalar,0.2,,0.2,,percent,1,m/m,parsed,scalar,0.1,,0.1,,percent,1,m/m,parsed,scalar,0.3,,0.3,,percent,1,m/m
463,EMPLOYMENT,2019-06-07T07:30:00-05:00,BLS,bls:employment:20190607T123000Z:may-2019,May 2019,3,exact,2019-06-07,08:30:00,America/New_York,https://www.bls.gov/schedule/2019/home.htm,OANDA,707,84203,Non-Farm Employment Change,May,3,1559910600,2019-06-07 14:30,EconomicCalendar/raw/oanda/daily/2019-06-07.json,pinned_report_and_event_name,185 k,263 k,75 k,parsed,scalar,185,,185000,,count,1000,,parsed,scalar,263,,263000,,count,1000,,parsed,scalar,75,,75000,,count,1000,
465,PPI,2019-06-11T07:30:00-05:00,BLS,bls:ppi:20190611T123000Z:may-2019,May 2019,3,exact,2019-06-11,08:30:00,America/New_York,https://www.bls.gov/schedule/2019/home.htm,OANDA,703,83797,Producer Price Index,May,2,1560256200,2019-06-11 14:30,EconomicCalendar/raw/oanda/daily/2019-06-11.json,pinned_report_and_event_name,"0,2% m/m","0,2% m/m","0,1% m/m",parsed,scalar,0.2,,0.2,,percent,1,m/m,parsed,scalar,0.2,,0.2,,percent,1,m/m,parsed,scalar,0.1,,0.1,,percent,1,m/m
466,CPI,2019-06-12T07:30:00-05:00,BLS,bls:cpi:20190612T123000Z:may-2019,May 2019,3,exact,2019-06-12,08:30:00,America/New_York,https://www.bls.gov/schedule/2019/home.htm,OANDA,699,83737,Consumer Price Index,May,3,1560342600,2019-06-12 14:30,EconomicCalendar/raw/oanda/daily/2019-06-12.json,pinned_report_and_event_name,"0,1% m/m","0,3% m/m","0,1% m/m",parsed,scalar,0.1,,0.1,,percent,1,m/m,parsed,scalar,0.3,,0.3,,percent,1,m/m,parsed,scalar,0.1,,0.1,,percent,1,m/m
2491,RETAIL_SALES,2019-06-14T07:30:00-05:00,CENSUS,census:retail-sales-2019-05,May 2019,3,exact,2019-06-14,08:30:00,America/New_York,https://www2.census.gov/retail/releases/historical/marts/adv1905.pdf,OANDA,696,86520,Retail Sales,May,3,1560515400,2019-06-14 14:30,EconomicCalendar/raw/oanda/daily/2019-06-14.json,pinned_report_and_event_name,"0,6% m/m","-0,2% m/m","0,5% m/m",parsed,scalar,0.6,,0.6,,percent,1,m/m,parsed,scalar,-0.2,,-0.2,,percent,1,m/m,parsed,scalar,0.5,,0.5,,percent,1,m/m
2205,FOMC,2019-06-19T13:00:00-05:00,FEDERAL_RESERVE,federal_reserve:fomc:20190619T180000Z,FOMC 2019-06-19,3,exact,2019-06-19,14:00:00,America/New_York,https://www.federalreserve.gov/newsevents/pressreleases/monetary20190619a.htm,OANDA,82,83509,FOMC Interest Rate Decision,June,3,1560967200,2019-06-19 20:00,EconomicCalendar/raw/oanda/daily/2019-06-19.json,pinned_report_and_event_name,"2,25-2,50%","2,25-2,50%","2,25-2,50%",parsed,range,2.25,2.50,2.25,2.50,percent,1,,parsed,range,2.25,2.50,2.25,2.50,percent,1,,parsed,range,2.25,2.50,2.25,2.50,percent,1,
2492,DURABLE_GOODS,2019-06-26T07:30:00-05:00,CENSUS,census:durable-goods-2019-05,May 2019,3,exact,2019-06-26,08:30:00,America/New_York,https://www.census.gov/manufacturing/m3/historical_data/pressreleases/adv/2019/may19adv.pdf,OANDA,59,86580,Durable Goods Orders - pre..,May,3,1561552200,2019-06-26 14:30,EconomicCalendar/raw/oanda/daily/2019-06-26.json,pinned_report_and_event_name,"0,0% m/m","-2,1% m/m","-1,3% m/m",parsed,scalar,0.0,,0.0,,percent,1,m/m,parsed,scalar,-2.1,,-2.1,,percent,1,m/m,parsed,scalar,-1.3,,-1.3,,percent,1,m/m
1824,GDP,2019-06-27T07:30:00-05:00,BEA,bea:gdp:20190627T123000Z:q1-2019-third,Q1 2019 Third,3,exact,2019-06-27,08:30:00,America/New_York,https://www.bea.gov/news/2019/gross-domestic-product-first-quarter-2019-third-estimate-corporate-profits-first-quarter,OANDA,690,82527,GDP (Annualized) - fin..,1Q,3,1561638600,2019-06-27 14:30,EconomicCalendar/raw/oanda/daily/2019-06-27.json,pinned_report_and_event_name,"3,1%","2,2%","3,1%",parsed,scalar,3.1,,3.1,,percent,1,,parsed,scalar,2.2,,2.2,,percent,1,,parsed,scalar,3.1,,3.1,,percent,1,
1825,PCE,2019-06-28T07:30:00-05:00,BEA,bea:pce:20190628T123000Z:may-2019,May 2019,3,exact,2019-06-28,08:30:00,America/New_York,https://www.bea.gov/news/2019/personal-income-and-outlays-may-2019,OANDA,694,90336,Personal Consumption Expenditures,May,2,1561725000,2019-06-28 14:30,EconomicCalendar/raw/oanda/daily/2019-06-28.json,pinned_report_and_event_name,"0,4% m/m","0,3% m/m","0,4% m/m",parsed,scalar,0.4,,0.4,,percent,1,m/m,parsed,scalar,0.3,,0.3,,percent,1,m/m,parsed,scalar,0.4,,0.4,,percent,1,m/m
467,EMPLOYMENT,2019-07-05T07:30:00-05:00,BLS,bls:employment:20190705T123000Z:june-2019,June 2019,3,exact,2019-07-05,08:30:00,America/New_York,https://www.bls.gov/schedule/2019/home.htm,OANDA,707,84210,Non-Farm Employment Change,June,3,1562329800,2019-07-05 14:30,EconomicCalendar/raw/oanda/daily/2019-07-05.json,pinned_report_and_event_name,160 k,75 k,224 k,parsed,scalar,160,,160000,,count,1000,,parsed,scalar,75,,75000,,count,1000,,parsed,scalar,224,,224000,,count,1000,
469,CPI,2019-07-11T07:30:00-05:00,BLS,bls:cpi:20190711T123000Z:june-2019,June 2019,3,exact,2019-07-11,08:30:00,America/New_York,https://www.bls.gov/schedule/2019/home.htm,OANDA,699,83742,Consumer Price Index,June,3,1562848200,2019-07-11 14:30,EconomicCalendar/raw/oanda/daily/2019-07-11.json,pinned_report_and_event_name,"0,0% m/m","0,1% m/m","0,1% m/m",parsed,scalar,0.0,,0.0,,percent,1,m/m,parsed,scalar,0.1,,0.1,,percent,1,m/m,parsed,scalar,0.1,,0.1,,percent,1,m/m
470,PPI,2019-07-12T07:30:00-05:00,BLS,bls:ppi:20190712T123000Z:june-2019,June 2019,3,exact,2019-07-12,08:30:00,America/New_York,https://www.bls.gov/schedule/2019/home.htm,OANDA,703,83802,Producer Price Index,June,2,1562934600,2019-07-12 14:30,EconomicCalendar/raw/oanda/daily/2019-07-12.json,pinned_report_and_event_name,"0,0% m/m","0,1% m/m","0,1% m/m",parsed,scalar,0.0,,0.0,,percent,1,m/m,parsed,scalar,0.1,,0.1,,percent,1,m/m,parsed,scalar,0.1,,0.1,,percent,1,m/m
2493,RETAIL_SALES,2019-07-16T07:30:00-05:00,CENSUS,census:retail-sales-2019-06,June 2019,3,exact,2019-07-16,08:30:00,America/New_York,https://www2.census.gov/retail/releases/historical/marts/adv1906.pdf,OANDA,696,86524,Retail Sales,June,3,1563280200,2019-07-16 14:30,EconomicCalendar/raw/oanda/daily/2019-07-16.json,pinned_report_and_event_name,"0,1% m/m","0,5% m/m","0,4% m/m",parsed,scalar,0.1,,0.1,,percent,1,m/m,parsed,scalar,0.5,,0.5,,percent,1,m/m,parsed,scalar,0.4,,0.4,,percent,1,m/m
2494,DURABLE_GOODS,2019-07-25T07:30:00-05:00,CENSUS,census:durable-goods-2019-06,June 2019,3,exact,2019-07-25,08:30:00,America/New_York,https://www.census.gov/manufacturing/m3/historical_data/pressreleases/adv/2019/jun19adv.pdf,OANDA,59,86582,Durable Goods Orders - pre..,June,3,1564057800,2019-07-25 14:30,EconomicCalendar/raw/oanda/daily/2019-07-25.json,pinned_report_and_event_name,"0,7% m/m","-1,3% m/m","2,0% m/m",parsed,scalar,0.7,,0.7,,percent,1,m/m,parsed,scalar,-1.3,,-1.3,,percent,1,m/m,parsed,scalar,2.0,,2.0,,percent,1,m/m
1826,GDP,2019-07-26T07:30:00-05:00,BEA,bea:gdp:20190726T123000Z:q2-2019-advance,Q2 2019 Advance,3,exact,2019-07-26,08:30:00,America/New_York,https://www.bea.gov/news/2019/gross-domestic-product-2nd-quarter-2019-advance-estimate-and-annual-update,OANDA,690,82532,GDP (Annualized) - pre..,2Q,3,1564144200,2019-07-26 14:30,EconomicCalendar/raw/oanda/daily/2019-07-26.json,pinned_report_and_event_name,"1,8%","3,1%","2,1%",parsed,scalar,1.8,,1.8,,percent,1,,parsed,scalar,3.1,,3.1,,percent,1,,parsed,scalar,2.1,,2.1,,percent,1,
1827,PCE,2019-07-30T07:30:00-05:00,BEA,bea:pce:20190730T123000Z:june-2019,June 2019,3,exact,2019-07-30,08:30:00,America/New_York,https://www.bea.gov/news/2019/personal-income-and-outlays-june-2019,OANDA,694,90708,Personal Consumption Expenditures,June,2,1564489800,2019-07-30 14:30,EconomicCalendar/raw/oanda/daily/2019-07-30.json,pinned_report_and_event_name,"0,3% m/m","0,4% m/m","0,3% m/m",parsed,scalar,0.3,,0.3,,percent,1,m/m,parsed,scalar,0.4,,0.4,,percent,1,m/m,parsed,scalar,0.3,,0.3,,percent,1,m/m
2206,FOMC,2019-07-31T13:00:00-05:00,FEDERAL_RESERVE,federal_reserve:fomc:20190731T180000Z,FOMC 2019-07-31,3,exact,2019-07-31,14:00:00,America/New_York,https://www.federalreserve.gov/newsevents/pressreleases/monetary20190731a.htm,OANDA,82,83510,FOMC Interest Rate Decision,July,3,1564596000,2019-07-31 20:00,EconomicCalendar/raw/oanda/daily/2019-07-31.json,pinned_report_and_event_name,"2,00-2,25%","2,25-2,50%","2,00-2,25%",parsed,range,2.00,2.25,2.00,2.25,percent,1,,parsed,range,2.25,2.50,2.25,2.50,percent,1,,parsed,range,2.00,2.25,2.00,2.25,percent,1,
471,EMPLOYMENT,2019-08-02T07:30:00-05:00,BLS,bls:employment:20190802T123000Z:july-2019,July 2019,3,exact,2019-08-02,08:30:00,America/New_York,https://www.bls.gov/schedule/2019/home.htm,OANDA,707,84217,Non-Farm Employment Change,July,3,1564749000,2019-08-02 14:30,EconomicCalendar/raw/oanda/daily/2019-08-02.json,pinned_report_and_event_name,162 k,224 k,164 k,parsed,scalar,162,,162000,,count,1000,,parsed,scalar,224,,224000,,count,1000,,parsed,scalar,164,,164000,,count,1000,
473,PPI,2019-08-09T07:30:00-05:00,BLS,bls:ppi:20190809T123000Z:july-2019,July 2019,3,exact,2019-08-09,08:30:00,America/New_York,https://www.bls.gov/schedule/2019/home.htm,OANDA,703,83807,Producer Price Index,July,2,1565353800,2019-08-09 14:30,EconomicCalendar/raw/oanda/daily/2019-08-09.json,pinned_report_and_event_name,"0,2% m/m","0,1% m/m","0,2% m/m",parsed,scalar,0.2,,0.2,,percent,1,m/m,parsed,scalar,0.1,,0.1,,percent,1,m/m,parsed,scalar,0.2,,0.2,,percent,1,m/m
474,CPI,2019-08-13T07:30:00-05:00,BLS,bls:cpi:20190813T123000Z:july-2019,July 2019,3,exact,2019-08-13,08:30:00,America/New_York,https://www.bls.gov/schedule/2019/home.htm,OANDA,699,83747,Consumer Price Index,July,3,1565699400,2019-08-13 14:30,EconomicCalendar/raw/oanda/daily/2019-08-13.json,pinned_report_and_event_name,"0,3% m/m","0,1% m/m","0,3% m/m",parsed,scalar,0.3,,0.3,,percent,1,m/m,parsed,scalar,0.1,,0.1,,percent,1,m/m,parsed,scalar,0.3,,0.3,,percent,1,m/m
2495,RETAIL_SALES,2019-08-15T07:30:00-05:00,CENSUS,census:retail-sales-2019-07,July 2019,3,exact,2019-08-15,08:30:00,America/New_York,https://www2.census.gov/retail/releases/historical/marts/adv1907.pdf,OANDA,696,86528,Retail Sales,July,3,1565872200,2019-08-15 14:30,EconomicCalendar/raw/oanda/daily/2019-08-15.json,pinned_report_and_event_name,"0,3% m/m","0,4% m/m","0,7% m/m",parsed,scalar,0.3,,0.3,,percent,1,m/m,parsed,scalar,0.4,,0.4,,percent,1,m/m,parsed,scalar,0.7,,0.7,,percent,1,m/m
2496,DURABLE_GOODS,2019-08-26T07:30:00-05:00,CENSUS,census:durable-goods-2019-07,July 2019,3,exact,2019-08-26,08:30:00,America/New_York,https://www.census.gov/manufacturing/m3/historical_data/pressreleases/adv/2019/jul19adv.pdf,OANDA,59,86584,Durable Goods Orders - pre..,July,3,1566822600,2019-08-26 14:30,EconomicCalendar/raw/oanda/daily/2019-08-26.json,pinned_report_and_event_name,"1,1% m/m","1,9% m/m","2,1% m/m",parsed,scalar,1.1,,1.1,,percent,1,m/m,parsed,scalar,1.9,,1.9,,percent,1,m/m,parsed,scalar,2.1,,2.1,,percent,1,m/m
1828,GDP,2019-08-29T07:30:00-05:00,BEA,bea:gdp:20190829T123000Z:q2-2019-second,Q2 2019 Second,3,exact,2019-08-29,08:30:00,America/New_York,https://www.bea.gov/news/2019/gross-domestic-product-2nd-quarter-2019-second-estimate-corporate-profits-2nd-quarter,OANDA,690,82537,GDP (Annualized) - rev..,2Q,3,1567081800,2019-08-29 14:30,EconomicCalendar/raw/oanda/daily/2019-08-29.json,pinned_report_and_event_name,"2,1%","3,1%","2,0%",parsed,scalar,2.1,,2.1,,percent,1,,parsed,scalar,3.1,,3.1,,percent,1,,parsed,scalar,2.0,,2.0,,percent,1,
1829,PCE,2019-08-30T07:30:00-05:00,BEA,bea:pce:20190830T123000Z:july-2019,July 2019,3,exact,2019-08-30,08:30:00,America/New_York,https://www.bea.gov/news/2019/personal-income-and-outlays-july-2019,OANDA,694,90791,Personal Consumption Expenditures,July,2,1567168200,2019-08-30 14:30,EconomicCalendar/raw/oanda/daily/2019-08-30.json,pinned_report_and_event_name,"0,5% m/m","0,3% m/m","0,6% m/m",parsed,scalar,0.5,,0.5,,percent,1,m/m,parsed,scalar,0.3,,0.3,,percent,1,m/m,parsed,scalar,0.6,,0.6,,percent,1,m/m
475,EMPLOYMENT,2019-09-06T07:30:00-05:00,BLS,bls:employment:20190906T123000Z:august-2019,August 2019,3,exact,2019-09-06,08:30:00,America/New_York,https://www.bls.gov/schedule/2019/home.htm,OANDA,707,84224,Non-Farm Employment Change,August,3,1567773000,2019-09-06 14:30,EconomicCalendar/raw/oanda/daily/2019-09-06.json,pinned_report_and_event_name,160 k,164 k,130 k,parsed,scalar,160,,160000,,count,1000,,parsed,scalar,164,,164000,,count,1000,,parsed,scalar,130,,130000,,count,1000,
477,PPI,2019-09-11T07:30:00-05:00,BLS,bls:ppi:20190911T123000Z:august-2019,August 2019,3,exact,2019-09-11,08:30:00,America/New_York,https://www.bls.gov/schedule/2019/home.htm,OANDA,703,83812,Producer Price Index,August,2,1568205000,2019-09-11 14:30,EconomicCalendar/raw/oanda/daily/2019-09-11.json,pinned_report_and_event_name,"0,1% m/m","0,2% m/m","0,1% m/m",parsed,scalar,0.1,,0.1,,percent,1,m/m,parsed,scalar,0.2,,0.2,,percent,1,m/m,parsed,scalar,0.1,,0.1,,percent,1,m/m
478,CPI,2019-09-12T07:30:00-05:00,BLS,bls:cpi:20190912T123000Z:august-2019,August 2019,3,exact,2019-09-12,08:30:00,America/New_York,https://www.bls.gov/schedule/2019/home.htm,OANDA,699,83752,Consumer Price Index,August,3,1568291400,2019-09-12 14:30,EconomicCalendar/raw/oanda/daily/2019-09-12.json,pinned_report_and_event_name,"0,1% m/m","0,3% m/m","0,1% m/m",parsed,scalar,0.1,,0.1,,percent,1,m/m,parsed,scalar,0.3,,0.3,,percent,1,m/m,parsed,scalar,0.1,,0.1,,percent,1,m/m
2497,RETAIL_SALES,2019-09-13T07:30:00-05:00,CENSUS,census:retail-sales-2019-08,August 2019,3,exact,2019-09-13,08:30:00,America/New_York,https://www2.census.gov/retail/releases/historical/marts/adv1908.pdf,OANDA,696,86532,Retail Sales,August,3,1568377800,2019-09-13 14:30,EconomicCalendar/raw/oanda/daily/2019-09-13.json,pinned_report_and_event_name,"0,2% m/m","0,7% m/m","0,4% m/m",parsed,scalar,0.2,,0.2,,percent,1,m/m,parsed,scalar,0.7,,0.7,,percent,1,m/m,parsed,scalar,0.4,,0.4,,percent,1,m/m
2207,FOMC,2019-09-18T13:00:00-05:00,FEDERAL_RESERVE,federal_reserve:fomc:20190918T180000Z,FOMC 2019-09-18,3,exact,2019-09-18,14:00:00,America/New_York,https://www.federalreserve.gov/newsevents/pressreleases/monetary20190918a.htm,OANDA,82,83511,FOMC Interest Rate Decision,September,3,1568829600,2019-09-18 20:00,EconomicCalendar/raw/oanda/daily/2019-09-18.json,pinned_report_and_event_name,"1,75-2,00%","2,00-2,25%","1,75-2,00%",parsed,range,1.75,2.00,1.75,2.00,percent,1,,parsed,range,2.00,2.25,2.00,2.25,percent,1,,parsed,range,1.75,2.00,1.75,2.00,percent,1,
1830,GDP,2019-09-26T07:30:00-05:00,BEA,bea:gdp:20190926T123000Z:q2-2019-third,Q2 2019 Third,3,exact,2019-09-26,08:30:00,America/New_York,https://www.bea.gov/news/2019/gross-domestic-product-2nd-quarter-2019-third-estimate-corporate-profits-2nd-quarter-2019,OANDA,690,82542,GDP (Annualized) - fin..,2Q,3,1569501000,2019-09-26 14:30,EconomicCalendar/raw/oanda/daily/2019-09-26.json,pinned_report_and_event_name,"2,0%","3,1%","2,0%",parsed,scalar,2.0,,2.0,,percent,1,,parsed,scalar,3.1,,3.1,,percent,1,,parsed,scalar,2.0,,2.0,,percent,1,
2498,DURABLE_GOODS,2019-09-27T07:30:00-05:00,CENSUS,census:durable-goods-2019-08,August 2019,3,exact,2019-09-27,08:30:00,America/New_York,https://www.census.gov/manufacturing/m3/historical_data/pressreleases/adv/2019/aug19adv.pdf,OANDA,59,86586,Durable Goods Orders - pre..,August,3,1569587400,2019-09-27 14:30,EconomicCalendar/raw/oanda/daily/2019-09-27.json,pinned_report_and_event_name,"-1,2% m/m",2% m/m,"0,2% m/m",parsed,scalar,-1.2,,-1.2,,percent,1,m/m,parsed,scalar,2,,2,,percent,1,m/m,parsed,scalar,0.2,,0.2,,percent,1,m/m
1831,PCE,2019-09-27T07:30:00-05:00,BEA,bea:pce:20190927T123000Z:august-2019,August 2019,3,exact,2019-09-27,08:30:00,America/New_York,https://www.bea.gov/news/2019/personal-income-and-outlays-august-2019,OANDA,694,90941,Personal Consumption Expenditures,August,2,1569587400,2019-09-27 14:30,EconomicCalendar/raw/oanda/daily/2019-09-27.json,pinned_report_and_event_name,"0,3% m/m","0,6% m/m","0,1% m/m",parsed,scalar,0.3,,0.3,,percent,1,m/m,parsed,scalar,0.6,,0.6,,percent,1,m/m,parsed,scalar,0.1,,0.1,,percent,1,m/m
479,EMPLOYMENT,2019-10-04T07:30:00-05:00,BLS,bls:employment:20191004T123000Z:september-2019,September 2019,3,exact,2019-10-04,08:30:00,America/New_York,https://www.bls.gov/schedule/2019/home.htm,OANDA,707,84231,Non-Farm Employment Change,September,3,1570192200,2019-10-04 14:30,EconomicCalendar/raw/oanda/daily/2019-10-04.json,pinned_report_and_event_name,145 k,130 k,136 k,parsed,scalar,145,,145000,,count,1000,,parsed,scalar,130,,130000,,count,1000,,parsed,scalar,136,,136000,,count,1000,
480,PPI,2019-10-08T07:30:00-05:00,BLS,bls:ppi:20191008T123000Z:september-2019,September 2019,3,exact,2019-10-08,08:30:00,America/New_York,https://www.bls.gov/schedule/2019/home.htm,OANDA,703,83817,Producer Price Index,September,2,1570537800,2019-10-08 14:30,EconomicCalendar/raw/oanda/daily/2019-10-08.json,pinned_report_and_event_name,"0,1% m/m","0,1% m/m","-0,3% m/m",parsed,scalar,0.1,,0.1,,percent,1,m/m,parsed,scalar,0.1,,0.1,,percent,1,m/m,parsed,scalar,-0.3,,-0.3,,percent,1,m/m
482,CPI,2019-10-10T07:30:00-05:00,BLS,bls:cpi:20191010T123000Z:september-2019,September 2019,3,exact,2019-10-10,08:30:00,America/New_York,https://www.bls.gov/schedule/2019/home.htm,OANDA,699,83757,Consumer Price Index,September,3,1570710600,2019-10-10 14:30,EconomicCalendar/raw/oanda/daily/2019-10-10.json,pinned_report_and_event_name,"0,1% m/m","0,1% m/m","0,0% m/m",parsed,scalar,0.1,,0.1,,percent,1,m/m,parsed,scalar,0.1,,0.1,,percent,1,m/m,parsed,scalar,0.0,,0.0,,percent,1,m/m
2499,RETAIL_SALES,2019-10-16T07:30:00-05:00,CENSUS,census:retail-sales-2019-09,September 2019,3,exact,2019-10-16,08:30:00,America/New_York,https://www2.census.gov/retail/releases/historical/marts/adv1909.pdf,OANDA,696,86536,Retail Sales,September,3,1571229000,2019-10-16 14:30,EconomicCalendar/raw/oanda/daily/2019-10-16.json,pinned_report_and_event_name,"0,3% m/m","0,4% m/m","-0,3% m/m",parsed,scalar,0.3,,0.3,,percent,1,m/m,parsed,scalar,0.4,,0.4,,percent,1,m/m,parsed,scalar,-0.3,,-0.3,,percent,1,m/m
2500,DURABLE_GOODS,2019-10-24T07:30:00-05:00,CENSUS,census:durable-goods-2019-09,September 2019,3,exact,2019-10-24,08:30:00,America/New_York,https://www.census.gov/manufacturing/m3/historical_data/pressreleases/adv/2019/sep19adv.pdf,OANDA,59,86588,Durable Goods Orders - pre..,September,3,1571920200,2019-10-24 14:30,EconomicCalendar/raw/oanda/daily/2019-10-24.json,pinned_report_and_event_name,"-0,7% m/m","0,2% m/m","-1,1% m/m",parsed,scalar,-0.7,,-0.7,,percent,1,m/m,parsed,scalar,0.2,,0.2,,percent,1,m/m,parsed,scalar,-1.1,,-1.1,,percent,1,m/m
1832,GDP,2019-10-30T07:30:00-05:00,BEA,bea:gdp:20191030T123000Z:q3-2019-advance,Q3 2019 Advance,3,exact,2019-10-30,08:30:00,America/New_York,https://www.bea.gov/news/2019/gross-domestic-product-3rd-quarter-2019-advance-estimate,OANDA,690,82547,GDP (Annualized) - pre..,3Q,3,1572438600,2019-10-30 13:30,EconomicCalendar/raw/oanda/daily/2019-10-30.json,pinned_report_and_event_name,"1,7%","2,0%","1,9%",parsed,scalar,1.7,,1.7,,percent,1,,parsed,scalar,2.0,,2.0,,percent,1,,parsed,scalar,1.9,,1.9,,percent,1,
2208,FOMC,2019-10-30T13:00:00-05:00,FEDERAL_RESERVE,federal_reserve:fomc:20191030T180000Z,FOMC 2019-10-30,3,exact,2019-10-30,14:00:00,America/New_York,https://www.federalreserve.gov/newsevents/pressreleases/monetary20191030a.htm,OANDA,82,83512,FOMC Interest Rate Decision,October,3,1572458400,2019-10-30 19:00,EconomicCalendar/raw/oanda/daily/2019-10-30.json,pinned_report_and_event_name,"1,50-1,75%","1,75-2,00%","1,50-1,75%",parsed,range,1.50,1.75,1.50,1.75,percent,1,,parsed,range,1.75,2.00,1.75,2.00,percent,1,,parsed,range,1.50,1.75,1.50,1.75,percent,1,
1833,PCE,2019-10-31T07:30:00-05:00,BEA,bea:pce:20191031T123000Z:september-2019,September 2019,3,exact,2019-10-31,08:30:00,America/New_York,https://www.bea.gov/news/2019/personal-income-and-outlays-september-2019,OANDA,694,90960,Personal Consumption Expenditures,September,2,1572525000,2019-10-31 13:30,EconomicCalendar/raw/oanda/daily/2019-10-31.json,pinned_report_and_event_name,"0,2% m/m","0,1% m/m","0,2% m/m",parsed,scalar,0.2,,0.2,,percent,1,m/m,parsed,scalar,0.1,,0.1,,percent,1,m/m,parsed,scalar,0.2,,0.2,,percent,1,m/m
483,EMPLOYMENT,2019-11-01T07:30:00-05:00,BLS,bls:employment:20191101T123000Z:october-2019,October 2019,3,exact,2019-11-01,08:30:00,America/New_York,https://www.bls.gov/schedule/2019/home.htm,OANDA,707,84238,Non-Farm Employment Change,October,3,1572611400,2019-11-01 13:30,EconomicCalendar/raw/oanda/daily/2019-11-01.json,pinned_report_and_event_name,85 k,136 k,128 k,parsed,scalar,85,,85000,,count,1000,,parsed,scalar,136,,136000,,count,1000,,parsed,scalar,128,,128000,,count,1000,
485,CPI,2019-11-13T07:30:00-06:00,BLS,bls:cpi:20191113T133000Z:october-2019,October 2019,3,exact,2019-11-13,08:30:00,America/New_York,https://www.bls.gov/schedule/2019/home.htm,OANDA,699,83762,Consumer Price Index,October,3,1573651800,2019-11-13 14:30,EconomicCalendar/raw/oanda/daily/2019-11-13.json,pinned_report_and_event_name,"0,3% m/m","0,0% m/m","0,4% m/m",parsed,scalar,0.3,,0.3,,percent,1,m/m,parsed,scalar,0.0,,0.0,,percent,1,m/m,parsed,scalar,0.4,,0.4,,percent,1,m/m
486,PPI,2019-11-14T07:30:00-06:00,BLS,bls:ppi:20191114T133000Z:october-2019,October 2019,3,exact,2019-11-14,08:30:00,America/New_York,https://www.bls.gov/schedule/2019/home.htm,OANDA,703,83822,Producer Price Index,October,2,1573738200,2019-11-14 14:30,EconomicCalendar/raw/oanda/daily/2019-11-14.json,pinned_report_and_event_name,"0,3% m/m","-0,3% m/m","0,4% m/m",parsed,scalar,0.3,,0.3,,percent,1,m/m,parsed,scalar,-0.3,,-0.3,,percent,1,m/m,parsed,scalar,0.4,,0.4,,percent,1,m/m
2501,RETAIL_SALES,2019-11-15T07:30:00-06:00,CENSUS,census:retail-sales-2019-10,October 2019,3,exact,2019-11-15,08:30:00,America/New_York,https://www2.census.gov/retail/releases/historical/marts/adv1910.pdf,OANDA,696,86540,Retail Sales,October,3,1573824600,2019-11-15 14:30,EconomicCalendar/raw/oanda/daily/2019-11-15.json,pinned_report_and_event_name,"0,2% m/m","-0,3% m/m","0,3% m/m",parsed,scalar,0.2,,0.2,,percent,1,m/m,parsed,scalar,-0.3,,-0.3,,percent,1,m/m,parsed,scalar,0.3,,0.3,,percent,1,m/m
2502,DURABLE_GOODS,2019-11-27T07:30:00-06:00,CENSUS,census:durable-goods-2019-10,October 2019,3,exact,2019-11-27,08:30:00,America/New_York,https://www.census.gov/manufacturing/m3/historical_data/pressreleases/adv/2019/oct19adv.pdf,OANDA,59,86590,Durable Goods Orders - pre..,October,3,1574861400,2019-11-27 14:30,EconomicCalendar/raw/oanda/daily/2019-11-27.json,pinned_report_and_event_name,"-0,8% m/m","-1,2% m/m","0,6% m/m",parsed,scalar,-0.8,,-0.8,,percent,1,m/m,parsed,scalar,-1.2,,-1.2,,percent,1,m/m,parsed,scalar,0.6,,0.6,,percent,1,m/m
1834,GDP,2019-11-27T07:30:00-06:00,BEA,bea:gdp:20191127T133000Z:q3-2019-second,Q3 2019 Second,3,exact,2019-11-27,08:30:00,America/New_York,https://www.bea.gov/news/2019/gross-domestic-product-third-quarter-2019-second-estimate-corporate-profits-third-quarter,OANDA,690,82552,GDP (Annualized) - rev..,3Q,3,1574861400,2019-11-27 14:30,EconomicCalendar/raw/oanda/daily/2019-11-27.json,pinned_report_and_event_name,"1,9%","2,0%","2,1%",parsed,scalar,1.9,,1.9,,percent,1,,parsed,scalar,2.0,,2.0,,percent,1,,parsed,scalar,2.1,,2.1,,percent,1,
1835,PCE,2019-11-27T09:00:00-06:00,BEA,bea:pce:20191127T150000Z:october-2019,October 2019,3,exact,2019-11-27,10:00:00,America/New_York,https://www.bea.gov/news/2019/personal-income-and-outlays-october-2019,OANDA,694,90966,Personal Consumption Expenditures,October,2,1574866800,2019-11-27 16:00,EconomicCalendar/raw/oanda/daily/2019-11-27.json,pinned_report_and_event_name,"0,3% m/m","0,2% m/m","0,3% m/m",parsed,scalar,0.3,,0.3,,percent,1,m/m,parsed,scalar,0.2,,0.2,,percent,1,m/m,parsed,scalar,0.3,,0.3,,percent,1,m/m
487,EMPLOYMENT,2019-12-06T07:30:00-06:00,BLS,bls:employment:20191206T133000Z:november-2019,November 2019,3,exact,2019-12-06,08:30:00,America/New_York,https://www.bls.gov/schedule/2019/home.htm,OANDA,707,84245,Non-Farm Employment Change,November,3,1575639000,2019-12-06 14:30,EconomicCalendar/raw/oanda/daily/2019-12-06.json,pinned_report_and_event_name,180 k,128 k,266 k,parsed,scalar,180,,180000,,count,1000,,parsed,scalar,128,,128000,,count,1000,,parsed,scalar,266,,266000,,count,1000,
488,CPI,2019-12-11T07:30:00-06:00,BLS,bls:cpi:20191211T133000Z:november-2019,November 2019,3,exact,2019-12-11,08:30:00,America/New_York,https://www.bls.gov/schedule/2019/home.htm,OANDA,699,83767,Consumer Price Index,November,3,1576071000,2019-12-11 14:30,EconomicCalendar/raw/oanda/daily/2019-12-11.json,pinned_report_and_event_name,"0,2% m/m","0,4% m/m","0,3% m/m",parsed,scalar,0.2,,0.2,,percent,1,m/m,parsed,scalar,0.4,,0.4,,percent,1,m/m,parsed,scalar,0.3,,0.3,,percent,1,m/m
2209,FOMC,2019-12-11T13:00:00-06:00,FEDERAL_RESERVE,federal_reserve:fomc:20191211T190000Z,FOMC 2019-12-11,3,exact,2019-12-11,14:00:00,America/New_York,https://www.federalreserve.gov/newsevents/pressreleases/monetary20191211a.htm,OANDA,82,83513,FOMC Interest Rate Decision,December,3,1576090800,2019-12-11 20:00,EconomicCalendar/raw/oanda/daily/2019-12-11.json,pinned_report_and_event_name,"1,50-1,75%","1,50-1,75%","1,50-1,75%",parsed,range,1.50,1.75,1.50,1.75,percent,1,,parsed,range,1.50,1.75,1.50,1.75,percent,1,,parsed,range,1.50,1.75,1.50,1.75,percent,1,
489,PPI,2019-12-12T07:30:00-06:00,BLS,bls:ppi:20191212T133000Z:november-2019,November 2019,3,exact,2019-12-12,08:30:00,America/New_York,https://www.bls.gov/schedule/2019/home.htm,OANDA,703,83827,Producer Price Index,November,2,1576157400,2019-12-12 14:30,EconomicCalendar/raw/oanda/daily/2019-12-12.json,pinned_report_and_event_name,"0,2% m/m","0,4% m/m","0,0% m/m",parsed,scalar,0.2,,0.2,,percent,1,m/m,parsed,scalar,0.4,,0.4,,percent,1,m/m,parsed,scalar,0.0,,0.0,,percent,1,m/m
2503,RETAIL_SALES,2019-12-13T07:30:00-06:00,CENSUS,census:retail-sales-2019-11,November 2019,3,exact,2019-12-13,08:30:00,America/New_York,https://www2.census.gov/retail/releases/historical/marts/adv1911.pdf,OANDA,696,86544,Retail Sales,November,3,1576243800,2019-12-13 14:30,EconomicCalendar/raw/oanda/daily/2019-12-13.json,pinned_report_and_event_name,"0,4% m/m","0,3% m/m","0,2% m/m",parsed,scalar,0.4,,0.4,,percent,1,m/m,parsed,scalar,0.3,,0.3,,percent,1,m/m,parsed,scalar,0.2,,0.2,,percent,1,m/m
1836,GDP,2019-12-20T07:30:00-06:00,BEA,bea:gdp:20191220T133000Z:q3-2019-third,Q3 2019 Third,3,exact,2019-12-20,08:30:00,America/New_York,https://www.bea.gov/news/2019/gross-domestic-product-third-quarter-2019-third-estimate-corporate-profits-third-quarter,OANDA,690,82557,GDP (Annualized) - fin..,3Q,3,1576848600,2019-12-20 14:30,EconomicCalendar/raw/oanda/daily/2019-12-20.json,pinned_report_and_event_name,"2,1%","2,0%","2,1%",parsed,scalar,2.1,,2.1,,percent,1,,parsed,scalar,2.0,,2.0,,percent,1,,parsed,scalar,2.1,,2.1,,percent,1,
1837,PCE,2019-12-20T09:00:00-06:00,BEA,bea:pce:20191220T150000Z:november-2019,November 2019,3,exact,2019-12-20,10:00:00,America/New_York,https://www.bea.gov/news/2019/personal-income-and-outlays-november-2019,OANDA,694,90972,Personal Consumption Expenditures,November,2,1576854000,2019-12-20 16:00,EconomicCalendar/raw/oanda/daily/2019-12-20.json,pinned_report_and_event_name,"0,4% m/m","0,3% m/m","0,4% m/m",parsed,scalar,0.4,,0.4,,percent,1,m/m,parsed,scalar,0.3,,0.3,,percent,1,m/m,parsed,scalar,0.4,,0.4,,percent,1,m/m
2504,DURABLE_GOODS,2019-12-23T07:30:00-06:00,CENSUS,census:durable-goods-2019-11,November 2019,3,exact,2019-12-23,08:30:00,America/New_York,https://www.census.gov/manufacturing/m3/historical_data/pressreleases/adv/2019/nov19adv.pdf,OANDA,59,95766,Durable Goods Orders - pre..,November,3,1577107800,2019-12-23 14:30,EconomicCalendar/raw/oanda/daily/2019-12-23.json,pinned_report_and_event_name,"1,5% m/m","0,5% m/m","-2,0% m/m",parsed,scalar,1.5,,1.5,,percent,1,m/m,parsed,scalar,0.5,,0.5,,percent,1,m/m,parsed,scalar,-2.0,,-2.0,,percent,1,m/m
491,EMPLOYMENT,2020-01-10T07:30:00-06:00,BLS,bls:employment:20200110T133000Z:december-2019,December 2019,3,exact,2020-01-10,08:30:00,America/New_York,https://www.bls.gov/schedule/2020/home.htm,OANDA,707,91621,Non-Farm Employment Change,December,3,1578663000,2020-01-10 14:30,EconomicCalendar/raw/oanda/daily/2020-01-10.json,pinned_report_and_event_name,164 k,266 k,145 k,parsed,scalar,164,,164000,,count,1000,,parsed,scalar,266,,266000,,count,1000,,parsed,scalar,145,,145000,,count,1000,
492,CPI,2020-01-14T07:30:00-06:00,BLS,bls:cpi:20200114T133000Z:december-2019,December 2019,3,exact,2020-01-14,08:30:00,America/New_York,https://www.bls.gov/schedule/2020/home.htm,OANDA,699,91492,Consumer Price Index,December,3,1579008600,2020-01-14 14:30,EconomicCalendar/raw/oanda/daily/2020-01-14.json,pinned_report_and_event_name,"0,3% m/m","0,3% m/m","0,2% m/m",parsed,scalar,0.3,,0.3,,percent,1,m/m,parsed,scalar,0.3,,0.3,,percent,1,m/m,parsed,scalar,0.2,,0.2,,percent,1,m/m
493,PPI,2020-01-15T07:30:00-06:00,BLS,bls:ppi:20200115T133000Z:december-2019,December 2019,3,exact,2020-01-15,08:30:00,America/New_York,https://www.bls.gov/schedule/2020/home.htm,OANDA,703,91552,Producer Price Index,December,2,1579095000,2020-01-15 14:30,EconomicCalendar/raw/oanda/daily/2020-01-15.json,pinned_report_and_event_name,"0,2% m/m","0,0% m/m","0,1% m/m",parsed,scalar,0.2,,0.2,,percent,1,m/m,parsed,scalar,0.0,,0.0,,percent,1,m/m,parsed,scalar,0.1,,0.1,,percent,1,m/m
2505,RETAIL_SALES,2020-01-16T07:30:00-06:00,CENSUS,census:retail-sales-2019-12,December 2019,3,exact,2020-01-16,08:30:00,America/New_York,https://www2.census.gov/retail/releases/historical/marts/adv1912.pdf,OANDA,696,95201,Retail Sales,December,3,1579181400,2020-01-16 14:30,EconomicCalendar/raw/oanda/daily/2020-01-16.json,pinned_report_and_event_name,"0,3% m/m","0,2% m/m","0,3% m/m",parsed,scalar,0.3,,0.3,,percent,1,m/m,parsed,scalar,0.2,,0.2,,percent,1,m/m,parsed,scalar,0.3,,0.3,,percent,1,m/m
2506,DURABLE_GOODS,2020-01-28T07:30:00-06:00,CENSUS,census:durable-goods-2019-12,December 2019,3,exact,2020-01-28,08:30:00,America/New_York,https://www.census.gov/manufacturing/m3/historical_data/pressreleases/adv/2019/dec19adv.pdf,OANDA,59,95258,Durable Goods Orders - pre..,December,3,1580218200,2020-01-28 14:30,EconomicCalendar/raw/oanda/daily/2020-01-28.json,pinned_report_and_event_name,"0,5% m/m","-2,1% m/m","2,4% m/m",parsed,scalar,0.5,,0.5,,percent,1,m/m,parsed,scalar,-2.1,,-2.1,,percent,1,m/m,parsed,scalar,2.4,,2.4,,percent,1,m/m
2210,FOMC,2020-01-29T13:00:00-06:00,FEDERAL_RESERVE,federal_reserve:fomc:20200129T190000Z,FOMC 2020-01-29,3,exact,2020-01-29,14:00:00,America/New_York,https://www.federalreserve.gov/newsevents/pressreleases/monetary20200129a.htm,OANDA,82,92408,FOMC Interest Rate Decision,January,3,1580324400,2020-01-29 20:00,EconomicCalendar/raw/oanda/daily/2020-01-29.json,pinned_report_and_event_name,"1,50-1,75%","1,50-1,75%","1,50-1,75%",parsed,range,1.50,1.75,1.50,1.75,percent,1,,parsed,range,1.50,1.75,1.50,1.75,percent,1,,parsed,range,1.50,1.75,1.50,1.75,percent,1,
1838,GDP,2020-01-30T07:30:00-06:00,BEA,bea:gdp:20200130T133000Z:q4-2019-advance,Q4 2019 Advance,3,exact,2020-01-30,08:30:00,America/New_York,https://www.bea.gov/news/2020/gross-domestic-product-fourth-quarter-and-year-2019-advance-estimate,OANDA,690,98235,GDP (Annualized) - pre..,4Q,3,1580391000,2020-01-30 14:30,EconomicCalendar/raw/oanda/daily/2020-01-30.json,pinned_report_and_event_name,"2,1%","2,1%","2,1%",parsed,scalar,2.1,,2.1,,percent,1,,parsed,scalar,2.1,,2.1,,percent,1,,parsed,scalar,2.1,,2.1,,percent,1,
1839,PCE,2020-01-31T07:30:00-06:00,BEA,bea:pce:20200131T133000Z:december-2019,December 2019,3,exact,2020-01-31,08:30:00,America/New_York,https://www.bea.gov/news/2020/personal-income-and-outlays-december-2019,OANDA,694,92550,Personal Consumption Expenditures,December,2,1580477400,2020-01-31 14:30,EconomicCalendar/raw/oanda/daily/2020-01-31.json,pinned_report_and_event_name,"0,3% m/m","0,4% m/m","0,3% m/m",parsed,scalar,0.3,,0.3,,percent,1,m/m,parsed,scalar,0.4,,0.4,,percent,1,m/m,parsed,scalar,0.3,,0.3,,percent,1,m/m
495,EMPLOYMENT,2020-02-07T07:30:00-06:00,BLS,bls:employment:20200207T133000Z:january-2020,January 2020,3,exact,2020-02-07,08:30:00,America/New_York,https://www.bls.gov/schedule/2020/home.htm,OANDA,707,91628,Non-Farm Employment Change,January,3,1581082200,2020-02-07 14:30,EconomicCalendar/raw/oanda/daily/2020-02-07.json,pinned_report_and_event_name,160 k,145 k,225 k,parsed,scalar,160,,160000,,count,1000,,parsed,scalar,145,,145000,,count,1000,,parsed,scalar,225,,225000,,count,1000,
497,CPI,2020-02-13T07:30:00-06:00,BLS,bls:cpi:20200213T133000Z:january-2020,January 2020,3,exact,2020-02-13,08:30:00,America/New_York,https://www.bls.gov/schedule/2020/home.htm,OANDA,699,91497,Consumer Price Index,January,3,1581600600,2020-02-13 14:30,EconomicCalendar/raw/oanda/daily/2020-02-13.json,pinned_report_and_event_name,"0,2% m/m","0,2% m/m","0,1% m/m",parsed,scalar,0.2,,0.2,,percent,1,m/m,parsed,scalar,0.2,,0.2,,percent,1,m/m,parsed,scalar,0.1,,0.1,,percent,1,m/m
2507,RETAIL_SALES,2020-02-14T07:30:00-06:00,CENSUS,census:retail-sales-2020-01,January 2020,3,exact,2020-02-14,08:30:00,America/New_York,https://www2.census.gov/retail/releases/historical/marts/adv2001.pdf,OANDA,696,95205,Retail Sales,January,3,1581687000,2020-02-14 14:30,EconomicCalendar/raw/oanda/daily/2020-02-14.json,pinned_report_and_event_name,"0,3% m/m","0,3% m/m","0,3% m/m",parsed,scalar,0.3,,0.3,,percent,1,m/m,parsed,scalar,0.3,,0.3,,percent,1,m/m,parsed,scalar,0.3,,0.3,,percent,1,m/m
498,PPI,2020-02-19T07:30:00-06:00,BLS,bls:ppi:20200219T133000Z:january-2020,January 2020,3,exact,2020-02-19,08:30:00,America/New_York,https://www.bls.gov/schedule/2020/home.htm,OANDA,703,91557,Producer Price Index,January,2,1582119000,2020-02-19 14:30,EconomicCalendar/raw/oanda/daily/2020-02-19.json,pinned_report_and_event_name,"0,1% m/m","0,1% m/m","0,5% m/m",parsed,scalar,0.1,,0.1,,percent,1,m/m,parsed,scalar,0.1,,0.1,,percent,1,m/m,parsed,scalar,0.5,,0.5,,percent,1,m/m
2508,DURABLE_GOODS,2020-02-27T07:30:00-06:00,CENSUS,census:durable-goods-2020-01,January 2020,3,exact,2020-02-27,08:30:00,America/New_York,https://www.census.gov/manufacturing/m3/historical_data/pressreleases/adv/2020/jan20adv.pdf,OANDA,59,95259,Durable Goods Orders - pre..,January,3,1582810200,2020-02-27 14:30,EconomicCalendar/raw/oanda/daily/2020-02-27.json,pinned_report_and_event_name,"-1,5% m/m","2,4% m/m","-0,2% m/m",parsed,scalar,-1.5,,-1.5,,percent,1,m/m,parsed,scalar,2.4,,2.4,,percent,1,m/m,parsed,scalar,-0.2,,-0.2,,percent,1,m/m
1840,GDP,2020-02-27T07:30:00-06:00,BEA,bea:gdp:20200227T133000Z:q4-2019-second,Q4 2019 Second,3,exact,2020-02-27,08:30:00,America/New_York,https://www.bea.gov/news/2020/gross-domestic-product-fourth-quarter-and-year-2019-second-estimate,OANDA,690,98240,GDP (Annualized) - rev..,4Q,3,1582810200,2020-02-27 14:30,EconomicCalendar/raw/oanda/daily/2020-02-27.json,pinned_report_and_event_name,"2,1%","2,1%","2,1%",parsed,scalar,2.1,,2.1,,percent,1,,parsed,scalar,2.1,,2.1,,percent,1,,parsed,scalar,2.1,,2.1,,percent,1,
1841,PCE,2020-02-28T07:30:00-06:00,BEA,bea:pce:20200228T133000Z:january-2020,January 2020,3,exact,2020-02-28,08:30:00,America/New_York,https://www.bea.gov/news/2020/personal-income-and-outlays-january-2020,OANDA,694,92556,Personal Consumption Expenditures,January,2,1582896600,2020-02-28 14:30,EconomicCalendar/raw/oanda/daily/2020-02-28.json,pinned_report_and_event_name,"0,3% m/m","0,3% m/m","0,2% m/m",parsed,scalar,0.3,,0.3,,percent,1,m/m,parsed,scalar,0.3,,0.3,,percent,1,m/m,parsed,scalar,0.2,,0.2,,percent,1,m/m
2211,FOMC,2020-03-03T09:00:00-06:00,FEDERAL_RESERVE,federal_reserve:fomc:20200303T150000Z,FOMC 2020-03-03,3,exact,2020-03-03,10:00:00,America/New_York,https://www.federalreserve.gov/newsevents/pressreleases/monetary20200303a.htm,OANDA,82,98040,FOMC Interest Rate Decision,March,3,1583247600,2020-03-03 16:00,EconomicCalendar/raw/oanda/daily/2020-03-03.json,pinned_report_and_event_name,,"1,50-1,75%","1,00-1,25%",missing,,,,,,,,,parsed,range,1.50,1.75,1.50,1.75,percent,1,,parsed,range,1.00,1.25,1.00,1.25,percent,1,
499,EMPLOYMENT,2020-03-06T07:30:00-06:00,BLS,bls:employment:20200306T133000Z:february-2020,February 2020,3,exact,2020-03-06,08:30:00,America/New_York,https://www.bls.gov/schedule/2020/home.htm,OANDA,707,91635,Non-Farm Employment Change,February,3,1583501400,2020-03-06 14:30,EconomicCalendar/raw/oanda/daily/2020-03-06.json,pinned_report_and_event_name,175 k,225 k,273 k,parsed,scalar,175,,175000,,count,1000,,parsed,scalar,225,,225000,,count,1000,,parsed,scalar,273,,273000,,count,1000,
500,CPI,2020-03-11T07:30:00-05:00,BLS,bls:cpi:20200311T123000Z:february-2020,February 2020,3,exact,2020-03-11,08:30:00,America/New_York,https://www.bls.gov/schedule/2020/home.htm,OANDA,699,91502,Consumer Price Index,February,3,1583929800,2020-03-11 13:30,EconomicCalendar/raw/oanda/daily/2020-03-11.json,pinned_report_and_event_name,"0,0% m/m","0,1% m/m","0,1% m/m",parsed,scalar,0.0,,0.0,,percent,1,m/m,parsed,scalar,0.1,,0.1,,percent,1,m/m,parsed,scalar,0.1,,0.1,,percent,1,m/m
501,PPI,2020-03-12T07:30:00-05:00,BLS,bls:ppi:20200312T123000Z:february-2020,February 2020,3,exact,2020-03-12,08:30:00,America/New_York,https://www.bls.gov/schedule/2020/home.htm,OANDA,703,91562,Producer Price Index,February,2,1584016200,2020-03-12 13:30,EconomicCalendar/raw/oanda/daily/2020-03-12.json,pinned_report_and_event_name,"-0,1% m/m","0,5% m/m","-0,6% m/m",parsed,scalar,-0.1,,-0.1,,percent,1,m/m,parsed,scalar,0.5,,0.5,,percent,1,m/m,parsed,scalar,-0.6,,-0.6,,percent,1,m/m
2212,FOMC,2020-03-15T16:00:00-05:00,FEDERAL_RESERVE,federal_reserve:fomc:20200315T210000Z,FOMC 2020-03-15,3,exact,2020-03-15,17:00:00,America/New_York,https://www.federalreserve.gov/newsevents/pressreleases/monetary20200315a.htm,OANDA,82,98158,FOMC Interest Rate Decision,March,3,1584306000,2020-03-15 22:00,EconomicCalendar/raw/oanda/daily/2020-03-15.json,pinned_report_and_event_name,,"1,00-1,25%","0-0,25%",missing,,,,,,,,,parsed,range,1.00,1.25,1.00,1.25,percent,1,,parsed,range,0,0.25,0,0.25,percent,1,
2509,RETAIL_SALES,2020-03-17T07:30:00-05:00,CENSUS,census:retail-sales-2020-02,February 2020,3,exact,2020-03-17,08:30:00,America/New_York,https://www2.census.gov/retail/releases/historical/marts/adv2002.pdf,OANDA,696,95209,Retail Sales,February,3,1584448200,2020-03-17 13:30,EconomicCalendar/raw/oanda/daily/2020-03-17.json,pinned_report_and_event_name,"0,2% m/m","0,3% m/m","-0,5% m/m",parsed,scalar,0.2,,0.2,,percent,1,m/m,parsed,scalar,0.3,,0.3,,percent,1,m/m,parsed,scalar,-0.5,,-0.5,,percent,1,m/m
2510,DURABLE_GOODS,2020-03-25T07:30:00-05:00,CENSUS,census:durable-goods-2020-02,February 2020,3,exact,2020-03-25,08:30:00,America/New_York,https://www.census.gov/manufacturing/m3/historical_data/pressreleases/adv/2020/feb20adv.pdf,OANDA,59,95260,Durable Goods Orders - pre..,February,3,1585139400,2020-03-25 13:30,EconomicCalendar/raw/oanda/daily/2020-03-25.json,pinned_report_and_event_name,"-0,8% m/m","-0,2% m/m","1,2% m/m",parsed,scalar,-0.8,,-0.8,,percent,1,m/m,parsed,scalar,-0.2,,-0.2,,percent,1,m/m,parsed,scalar,1.2,,1.2,,percent,1,m/m
1842,GDP,2020-03-26T07:30:00-05:00,BEA,bea:gdp:20200326T123000Z:q4-2019-third,Q4 2019 Third,3,exact,2020-03-26,08:30:00,America/New_York,https://www.bea.gov/news/2020/gross-domestic-product-fourth-quarter-and-year-2019-third-estimate-corporate-profits,OANDA,690,98582,GDP (Annualized) - fin..,4Q,3,1585225800,2020-03-26 13:30,EconomicCalendar/raw/oanda/daily/2020-03-26.json,pinned_report_and_event_name,"2,1%","2,1%","2,1%",parsed,scalar,2.1,,2.1,,percent,1,,parsed,scalar,2.1,,2.1,,percent,1,,parsed,scalar,2.1,,2.1,,percent,1,
1843,PCE,2020-03-27T07:30:00-05:00,BEA,bea:pce:20200327T123000Z:february-2020,February 2020,3,exact,2020-03-27,08:30:00,America/New_York,https://www.bea.gov/news/2020/personal-income-and-outlays-february-2020,OANDA,694,92562,Personal Consumption Expenditures,February,2,1585312200,2020-03-27 13:30,EconomicCalendar/raw/oanda/daily/2020-03-27.json,pinned_report_and_event_name,"0,2% m/m","0,2% m/m","0,2% m/m",parsed,scalar,0.2,,0.2,,percent,1,m/m,parsed,scalar,0.2,,0.2,,percent,1,m/m,parsed,scalar,0.2,,0.2,,percent,1,m/m
504,EMPLOYMENT,2020-04-03T07:30:00-05:00,BLS,bls:employment:20200403T123000Z:march-2020,March 2020,3,exact,2020-04-03,08:30:00,America/New_York,https://www.bls.gov/schedule/2020/home.htm,OANDA,707,91642,Non-Farm Employment Change,March,3,1585917000,2020-04-03 14:30,EconomicCalendar/raw/oanda/daily/2020-04-03.json,pinned_report_and_event_name,-100 k,273 k,-701 k,parsed,scalar,-100,,-100000,,count,1000,,parsed,scalar,273,,273000,,count,1000,,parsed,scalar,-701,,-701000,,count,1000,
506,PPI,2020-04-09T07:30:00-05:00,BLS,bls:ppi:20200409T123000Z:march-2020,March 2020,3,exact,2020-04-09,08:30:00,America/New_York,https://www.bls.gov/schedule/2020/home.htm,OANDA,703,91567,Producer Price Index,March,2,1586435400,2020-04-09 14:30,EconomicCalendar/raw/oanda/daily/2020-04-09.json,pinned_report_and_event_name,"-0,4% m/m","-0,6% m/m","-0,2% m/m",parsed,scalar,-0.4,,-0.4,,percent,1,m/m,parsed,scalar,-0.6,,-0.6,,percent,1,m/m,parsed,scalar,-0.2,,-0.2,,percent,1,m/m
507,CPI,2020-04-10T07:30:00-05:00,BLS,bls:cpi:20200410T123000Z:march-2020,March 2020,3,exact,2020-04-10,08:30:00,America/New_York,https://www.bls.gov/schedule/2020/home.htm,OANDA,699,91507,Consumer Price Index,March,3,1586521800,2020-04-10 14:30,EconomicCalendar/raw/oanda/daily/2020-04-10.json,pinned_report_and_event_name,"-0,3% m/m","0,1% m/m","-0,4% m/m",parsed,scalar,-0.3,,-0.3,,percent,1,m/m,parsed,scalar,0.1,,0.1,,percent,1,m/m,parsed,scalar,-0.4,,-0.4,,percent,1,m/m
2511,RETAIL_SALES,2020-04-15T07:30:00-05:00,CENSUS,census:retail-sales-2020-03,March 2020,3,exact,2020-04-15,08:30:00,America/New_York,https://www2.census.gov/retail/releases/historical/marts/adv2003.pdf,OANDA,696,95213,Retail Sales,March,3,1586953800,2020-04-15 14:30,EconomicCalendar/raw/oanda/daily/2020-04-15.json,pinned_report_and_event_name,"-8,0% m/m","-0,5% m/m","-8,7% m/m",parsed,scalar,-8.0,,-8.0,,percent,1,m/m,parsed,scalar,-0.5,,-0.5,,percent,1,m/m,parsed,scalar,-8.7,,-8.7,,percent,1,m/m
2512,DURABLE_GOODS,2020-04-24T07:30:00-05:00,CENSUS,census:durable-goods-2020-03,March 2020,3,exact,2020-04-24,08:30:00,America/New_York,https://www.census.gov/manufacturing/m3/historical_data/pressreleases/adv/2020/mar20adv.pdf,OANDA,59,95261,Durable Goods Orders - pre..,March,3,1587731400,2020-04-24 14:30,EconomicCalendar/raw/oanda/daily/2020-04-24.json,pinned_report_and_event_name,"-11,9% m/m","1,2% m/m","-14,4% m/m",parsed,scalar,-11.9,,-11.9,,percent,1,m/m,parsed,scalar,1.2,,1.2,,percent,1,m/m,parsed,scalar,-14.4,,-14.4,,percent,1,m/m
1844,GDP,2020-04-29T07:30:00-05:00,BEA,bea:gdp:20200429T123000Z:q1-2020-advance,Q1 2020 Advance,3,exact,2020-04-29,08:30:00,America/New_York,https://www.bea.gov/news/2020/gross-domestic-product-1st-quarter-2020-advance-estimate,OANDA,690,92433,GDP (Annualized) - pre..,1Q,3,1588163520,2020-04-29 14:32,EconomicCalendar/raw/oanda/daily/2020-04-29.json,pinned_report_and_event_name,"-4,0%","2,1%","-4,8%",parsed,scalar,-4.0,,-4.0,,percent,1,,parsed,scalar,2.1,,2.1,,percent,1,,parsed,scalar,-4.8,,-4.8,,percent,1,
2214,FOMC,2020-04-29T13:00:00-05:00,FEDERAL_RESERVE,federal_reserve:fomc:20200429T180000Z,FOMC 2020-04-29,3,exact,2020-04-29,14:00:00,America/New_York,https://www.federalreserve.gov/newsevents/pressreleases/monetary20200429a.htm,OANDA,82,92410,FOMC Interest Rate Decision,April,3,1588183200,2020-04-29 20:00,EconomicCalendar/raw/oanda/daily/2020-04-29.json,pinned_report_and_event_name,"0-0,25%","1,00-1,25%","0-0,25%",parsed,range,0,0.25,0,0.25,percent,1,,parsed,range,1.00,1.25,1.00,1.25,percent,1,,parsed,range,0,0.25,0,0.25,percent,1,
1845,PCE,2020-04-30T07:30:00-05:00,BEA,bea:pce:20200430T123000Z:march-2020,March 2020,3,exact,2020-04-30,08:30:00,America/New_York,https://www.bea.gov/news/2020/personal-income-and-outlays-march-2020,OANDA,694,92568,Personal Consumption Expenditures,March,2,1588249800,2020-04-30 14:30,EconomicCalendar/raw/oanda/daily/2020-04-30.json,pinned_report_and_event_name,"-5,0% m/m","0,2% m/m","-7,5% m/m",parsed,scalar,-5.0,,-5.0,,percent,1,m/m,parsed,scalar,0.2,,0.2,,percent,1,m/m,parsed,scalar,-7.5,,-7.5,,percent,1,m/m
508,EMPLOYMENT,2020-05-08T07:30:00-05:00,BLS,bls:employment:20200508T123000Z:april-2020,April 2020,3,exact,2020-05-08,08:30:00,America/New_York,https://www.bls.gov/schedule/2020/home.htm,OANDA,707,91649,Non-Farm Employment Change,April,3,1588941000,2020-05-08 14:30,EconomicCalendar/raw/oanda/daily/2020-05-08.json,pinned_report_and_event_name,-22000 k,-701 k,-20500 k,parsed,scalar,-22000,,-22000000,,count,1000,,parsed,scalar,-701,,-701000,,count,1000,,parsed,scalar,-20500,,-20500000,,count,1000,
509,CPI,2020-05-12T07:30:00-05:00,BLS,bls:cpi:20200512T123000Z:april-2020,April 2020,3,exact,2020-05-12,08:30:00,America/New_York,https://www.bls.gov/schedule/2020/home.htm,OANDA,699,91512,Consumer Price Index,April,3,1589286600,2020-05-12 14:30,EconomicCalendar/raw/oanda/daily/2020-05-12.json,pinned_report_and_event_name,"-0,7% m/m","-0,4% m/m","-0,8% m/m",parsed,scalar,-0.7,,-0.7,,percent,1,m/m,parsed,scalar,-0.4,,-0.4,,percent,1,m/m,parsed,scalar,-0.8,,-0.8,,percent,1,m/m
510,PPI,2020-05-13T07:30:00-05:00,BLS,bls:ppi:20200513T123000Z:april-2020,April 2020,3,exact,2020-05-13,08:30:00,America/New_York,https://www.bls.gov/schedule/2020/home.htm,OANDA,703,91572,Producer Price Index,April,2,1589373000,2020-05-13 14:30,EconomicCalendar/raw/oanda/daily/2020-05-13.json,pinned_report_and_event_name,"-0,5% m/m","-0,2% m/m","-1,3% m/m",parsed,scalar,-0.5,,-0.5,,percent,1,m/m,parsed,scalar,-0.2,,-0.2,,percent,1,m/m,parsed,scalar,-1.3,,-1.3,,percent,1,m/m
2513,RETAIL_SALES,2020-05-15T07:30:00-05:00,CENSUS,census:retail-sales-2020-04,April 2020,3,exact,2020-05-15,08:30:00,America/New_York,https://www2.census.gov/retail/releases/historical/marts/adv2004.pdf,OANDA,696,95217,Retail Sales,April,3,1589545800,2020-05-15 14:30,EconomicCalendar/raw/oanda/daily/2020-05-15.json,pinned_report_and_event_name,"-11,9% m/m","-8,7% m/m","-16,4% m/m",parsed,scalar,-11.9,,-11.9,,percent,1,m/m,parsed,scalar,-8.7,,-8.7,,percent,1,m/m,parsed,scalar,-16.4,,-16.4,,percent,1,m/m
2514,DURABLE_GOODS,2020-05-28T07:30:00-05:00,CENSUS,census:durable-goods-2020-04,April 2020,3,exact,2020-05-28,08:30:00,America/New_York,https://www.census.gov/manufacturing/m3/historical_data/pressreleases/adv/2020/apr20adv.pdf,OANDA,59,95262,Durable Goods Orders - pre..,April,3,1590669000,2020-05-28 14:30,EconomicCalendar/raw/oanda/daily/2020-05-28.json,pinned_report_and_event_name,"-18,5% m/m","-14,7% m/m","-17,2% m/m",parsed,scalar,-18.5,,-18.5,,percent,1,m/m,parsed,scalar,-14.7,,-14.7,,percent,1,m/m,parsed,scalar,-17.2,,-17.2,,percent,1,m/m
1846,GDP,2020-05-28T07:30:00-05:00,BEA,bea:gdp:20200528T123000Z:q1-2020-second,Q1 2020 Second,3,exact,2020-05-28,08:30:00,America/New_York,https://www.bea.gov/news/2020/gross-domestic-product-1st-quarter-2020-second-estimate-corporate-profits-1st-quarter,OANDA,690,92438,GDP (Annualized) - rev..,1Q,3,1590669000,2020-05-28 14:30,EconomicCalendar/raw/oanda/daily/2020-05-28.json,pinned_report_and_event_name,"-4,8%","2,1%","-5,0%",parsed,scalar,-4.8,,-4.8,,percent,1,,parsed,scalar,2.1,,2.1,,percent,1,,parsed,scalar,-5.0,,-5.0,,percent,1,
1847,PCE,2020-05-29T07:30:00-05:00,BEA,bea:pce:20200529T123000Z:april-2020,April 2020,3,exact,2020-05-29,08:30:00,America/New_York,https://www.bea.gov/news/2020/personal-income-and-outlays-april-2020,OANDA,694,92574,Personal Consumption Expenditures,April,2,1590755400,2020-05-29 14:30,EconomicCalendar/raw/oanda/daily/2020-05-29.json,pinned_report_and_event_name,"-12,5% m/m","-7,5% m/m","-13,6% m/m",parsed,scalar,-12.5,,-12.5,,percent,1,m/m,parsed,scalar,-7.5,,-7.5,,percent,1,m/m,parsed,scalar,-13.6,,-13.6,,percent,1,m/m
512,EMPLOYMENT,2020-06-05T07:30:00-05:00,BLS,bls:employment:20200605T123000Z:may-2020,May 2020,3,exact,2020-06-05,08:30:00,America/New_York,https://www.bls.gov/schedule/2020/home.htm,OANDA,707,91656,Non-Farm Employment Change,May,3,1591360200,2020-06-05 14:30,EconomicCalendar/raw/oanda/daily/2020-06-05.json,pinned_report_and_event_name,-8000 k,-20500 k,2509 k,parsed,scalar,-8000,,-8000000,,count,1000,,parsed,scalar,-20500,,-20500000,,count,1000,,parsed,scalar,2509,,2509000,,count,1000,
514,CPI,2020-06-10T07:30:00-05:00,BLS,bls:cpi:20200610T123000Z:may-2020,May 2020,3,exact,2020-06-10,08:30:00,America/New_York,https://www.bls.gov/schedule/2020/home.htm,OANDA,699,91517,Consumer Price Index,May,3,1591792200,2020-06-10 14:30,EconomicCalendar/raw/oanda/daily/2020-06-10.json,pinned_report_and_event_name,"0,0% m/m","-0,8% m/m","-0,1% m/m",parsed,scalar,0.0,,0.0,,percent,1,m/m,parsed,scalar,-0.8,,-0.8,,percent,1,m/m,parsed,scalar,-0.1,,-0.1,,percent,1,m/m
2215,FOMC,2020-06-10T13:00:00-05:00,FEDERAL_RESERVE,federal_reserve:fomc:20200610T180000Z,FOMC 2020-06-10,3,exact,2020-06-10,14:00:00,America/New_York,https://www.federalreserve.gov/newsevents/pressreleases/monetary20200610a.htm,OANDA,82,92411,FOMC Interest Rate Decision,June,3,1591812000,2020-06-10 20:00,EconomicCalendar/raw/oanda/daily/2020-06-10.json,pinned_report_and_event_name,"0-0,25%","0-0,25%","0-0,25%",parsed,range,0,0.25,0,0.25,percent,1,,parsed,range,0,0.25,0,0.25,percent,1,,parsed,range,0,0.25,0,0.25,percent,1,
515,PPI,2020-06-11T07:30:00-05:00,BLS,bls:ppi:20200611T123000Z:may-2020,May 2020,3,exact,2020-06-11,08:30:00,America/New_York,https://www.bls.gov/schedule/2020/home.htm,OANDA,703,91577,Producer Price Index,May,2,1591878600,2020-06-11 14:30,EconomicCalendar/raw/oanda/daily/2020-06-11.json,pinned_report_and_event_name,"0,1% m/m","-1,3% m/m","0,4% m/m",parsed,scalar,0.1,,0.1,,percent,1,m/m,parsed,scalar,-1.3,,-1.3,,percent,1,m/m,parsed,scalar,0.4,,0.4,,percent,1,m/m
2515,RETAIL_SALES,2020-06-16T07:30:00-05:00,CENSUS,census:retail-sales-2020-05,May 2020,3,exact,2020-06-16,08:30:00,America/New_York,https://www2.census.gov/retail/releases/historical/marts/adv2005.pdf,OANDA,696,95221,Retail Sales,May,3,1592310600,2020-06-16 14:30,EconomicCalendar/raw/oanda/daily/2020-06-16.json,pinned_report_and_event_name,"8,0% m/m","-16,4% m/m","17,7% m/m",parsed,scalar,8.0,,8.0,,percent,1,m/m,parsed,scalar,-16.4,,-16.4,,percent,1,m/m,parsed,scalar,17.7,,17.7,,percent,1,m/m
2516,DURABLE_GOODS,2020-06-25T07:30:00-05:00,CENSUS,census:durable-goods-2020-05,May 2020,3,exact,2020-06-25,08:30:00,America/New_York,https://www.census.gov/manufacturing/m3/historical_data/pressreleases/adv/2020/may20adv.pdf,OANDA,59,95263,Durable Goods Orders - pre..,May,3,1593088200,2020-06-25 14:30,EconomicCalendar/raw/oanda/daily/2020-06-25.json,pinned_report_and_event_name,"10,6% m/m","-17,7% m/m","15,8% m/m",parsed,scalar,10.6,,10.6,,percent,1,m/m,parsed,scalar,-17.7,,-17.7,,percent,1,m/m,parsed,scalar,15.8,,15.8,,percent,1,m/m
1848,GDP,2020-06-25T07:30:00-05:00,BEA,bea:gdp:20200625T123000Z:q1-2020-third,Q1 2020 Third,3,exact,2020-06-25,08:30:00,America/New_York,https://www.bea.gov/news/2020/gross-domestic-product-1st-quarter-2020-third-estimate-corporate-profits-1st-quarter-2020,OANDA,690,92443,GDP (Annualized) - fin..,1Q,3,1593088200,2020-06-25 14:30,EconomicCalendar/raw/oanda/daily/2020-06-25.json,pinned_report_and_event_name,"-5,0%","2,1%","-5,0%",parsed,scalar,-5.0,,-5.0,,percent,1,,parsed,scalar,2.1,,2.1,,percent,1,,parsed,scalar,-5.0,,-5.0,,percent,1,
1849,PCE,2020-06-26T07:30:00-05:00,BEA,bea:pce:20200626T123000Z:may-2020,May 2020,3,exact,2020-06-26,08:30:00,America/New_York,https://www.bea.gov/news/2020/personal-income-and-outlays-may-2020,OANDA,694,92580,Personal Consumption Expenditures,May,2,1593174600,2020-06-26 14:30,EconomicCalendar/raw/oanda/daily/2020-06-26.json,pinned_report_and_event_name,"9,0% m/m","-13,6% m/m","8,2% m/m",parsed,scalar,9.0,,9.0,,percent,1,m/m,parsed,scalar,-13.6,,-13.6,,percent,1,m/m,parsed,scalar,8.2,,8.2,,percent,1,m/m
516,EMPLOYMENT,2020-07-02T07:30:00-05:00,BLS,bls:employment:20200702T123000Z:june-2020,June 2020,3,exact,2020-07-02,08:30:00,America/New_York,https://www.bls.gov/schedule/2020/home.htm,OANDA,707,91663,Non-Farm Employment Change,June,3,1593693000,2020-07-02 14:30,EconomicCalendar/raw/oanda/daily/2020-07-02.json,pinned_report_and_event_name,3000 k,2509 k,4800 k,parsed,scalar,3000,,3000000,,count,1000,,parsed,scalar,2509,,2509000,,count,1000,,parsed,scalar,4800,,4800000,,count,1000,
518,PPI,2020-07-10T07:30:00-05:00,BLS,bls:ppi:20200710T123000Z:june-2020,June 2020,3,exact,2020-07-10,08:30:00,America/New_York,https://www.bls.gov/schedule/2020/home.htm,OANDA,703,91582,Producer Price Index,June,2,1594384200,2020-07-10 14:30,EconomicCalendar/raw/oanda/daily/2020-07-10.json,pinned_report_and_event_name,"0,4% m/m","0,4% m/m","-0,2% m/m",parsed,scalar,0.4,,0.4,,percent,1,m/m,parsed,scalar,0.4,,0.4,,percent,1,m/m,parsed,scalar,-0.2,,-0.2,,percent,1,m/m
519,CPI,2020-07-14T07:30:00-05:00,BLS,bls:cpi:20200714T123000Z:june-2020,June 2020,3,exact,2020-07-14,08:30:00,America/New_York,https://www.bls.gov/schedule/2020/home.htm,OANDA,699,91522,Consumer Price Index,June,3,1594729800,2020-07-14 14:30,EconomicCalendar/raw/oanda/daily/2020-07-14.json,pinned_report_and_event_name,"0,5% m/m","-0,1% m/m","0,6% m/m",parsed,scalar,0.5,,0.5,,percent,1,m/m,parsed,scalar,-0.1,,-0.1,,percent,1,m/m,parsed,scalar,0.6,,0.6,,percent,1,m/m
2517,RETAIL_SALES,2020-07-16T07:30:00-05:00,CENSUS,census:retail-sales-2020-06,June 2020,3,exact,2020-07-16,08:30:00,America/New_York,https://www2.census.gov/retail/releases/historical/marts/adv2006.pdf,OANDA,696,95225,Retail Sales,June,3,1594902600,2020-07-16 14:30,EconomicCalendar/raw/oanda/daily/2020-07-16.json,pinned_report_and_event_name,"5,0% m/m","17,7% m/m","7,5% m/m",parsed,scalar,5.0,,5.0,,percent,1,m/m,parsed,scalar,17.7,,17.7,,percent,1,m/m,parsed,scalar,7.5,,7.5,,percent,1,m/m
2518,DURABLE_GOODS,2020-07-27T07:30:00-05:00,CENSUS,census:durable-goods-2020-06,June 2020,3,exact,2020-07-27,08:30:00,America/New_York,https://www.census.gov/manufacturing/m3/historical_data/pressreleases/adv/2020/jun20adv.pdf,OANDA,59,95264,Durable Goods Orders - pre..,June,3,1595853000,2020-07-27 14:30,EconomicCalendar/raw/oanda/daily/2020-07-27.json,pinned_report_and_event_name,"7,2% m/m","15,7% m/m","7,3% m/m",parsed,scalar,7.2,,7.2,,percent,1,m/m,parsed,scalar,15.7,,15.7,,percent,1,m/m,parsed,scalar,7.3,,7.3,,percent,1,m/m
2216,FOMC,2020-07-29T13:00:00-05:00,FEDERAL_RESERVE,federal_reserve:fomc:20200729T180000Z,FOMC 2020-07-29,3,exact,2020-07-29,14:00:00,America/New_York,https://www.federalreserve.gov/newsevents/pressreleases/monetary20200729a.htm,OANDA,82,92412,FOMC Interest Rate Decision,July,3,1596045600,2020-07-29 20:00,EconomicCalendar/raw/oanda/daily/2020-07-29.json,pinned_report_and_event_name,"0-0,25%","0-0,25%","0-0,25%",parsed,range,0,0.25,0,0.25,percent,1,,parsed,range,0,0.25,0,0.25,percent,1,,parsed,range,0,0.25,0,0.25,percent,1,
1850,GDP,2020-07-30T07:30:00-05:00,BEA,bea:gdp:20200730T123000Z:q2-2020-advance,Q2 2020 Advance,3,exact,2020-07-30,08:30:00,America/New_York,https://www.bea.gov/news/2020/gross-domestic-product-2nd-quarter-2020-advance-estimate-and-annual-update,OANDA,690,92448,GDP (Annualized) - pre..,2Q,3,1596112200,2020-07-30 14:30,EconomicCalendar/raw/oanda/daily/2020-07-30.json,pinned_report_and_event_name,"-34,1%","-5,0%","-32,9%",parsed,scalar,-34.1,,-34.1,,percent,1,,parsed,scalar,-5.0,,-5.0,,percent,1,,parsed,scalar,-32.9,,-32.9,,percent,1,
1851,PCE,2020-07-31T07:30:00-05:00,BEA,bea:pce:20200731T123000Z:june-2020,June 2020,3,exact,2020-07-31,08:30:00,America/New_York,https://www.bea.gov/news/2020/personal-income-and-outlays-june-2020-and-annual-update,OANDA,694,92586,Personal Consumption Expenditures,June,2,1596198600,2020-07-31 14:30,EconomicCalendar/raw/oanda/daily/2020-07-31.json,pinned_report_and_event_name,"5,5% m/m","8,2% m/m","5,6% m/m",parsed,scalar,5.5,,5.5,,percent,1,m/m,parsed,scalar,8.2,,8.2,,percent,1,m/m,parsed,scalar,5.6,,5.6,,percent,1,m/m
520,EMPLOYMENT,2020-08-07T07:30:00-05:00,BLS,bls:employment:20200807T123000Z:july-2020,July 2020,3,exact,2020-08-07,08:30:00,America/New_York,https://www.bls.gov/schedule/2020/home.htm,OANDA,707,91670,Non-Farm Employment Change,July,3,1596803400,2020-08-07 14:30,EconomicCalendar/raw/oanda/daily/2020-08-07.json,pinned_report_and_event_name,1580 k,4800 k,1763 k,parsed,scalar,1580,,1580000,,count,1000,,parsed,scalar,4800,,4800000,,count,1000,,parsed,scalar,1763,,1763000,,count,1000,
522,PPI,2020-08-11T07:30:00-05:00,BLS,bls:ppi:20200811T123000Z:july-2020,July 2020,3,exact,2020-08-11,08:30:00,America/New_York,https://www.bls.gov/schedule/2020/home.htm,OANDA,703,91587,Producer Price Index,July,2,1597149000,2020-08-11 14:30,EconomicCalendar/raw/oanda/daily/2020-08-11.json,pinned_report_and_event_name,"0,3% m/m","-0,2% m/m","0,6% m/m",parsed,scalar,0.3,,0.3,,percent,1,m/m,parsed,scalar,-0.2,,-0.2,,percent,1,m/m,parsed,scalar,0.6,,0.6,,percent,1,m/m
523,CPI,2020-08-12T07:30:00-05:00,BLS,bls:cpi:20200812T123000Z:july-2020,July 2020,3,exact,2020-08-12,08:30:00,America/New_York,https://www.bls.gov/schedule/2020/home.htm,OANDA,699,91527,Consumer Price Index,July,3,1597235400,2020-08-12 14:30,EconomicCalendar/raw/oanda/daily/2020-08-12.json,pinned_report_and_event_name,"0,3% m/m","0,6% m/m","0,6% m/m",parsed,scalar,0.3,,0.3,,percent,1,m/m,parsed,scalar,0.6,,0.6,,percent,1,m/m,parsed,scalar,0.6,,0.6,,percent,1,m/m
2519,RETAIL_SALES,2020-08-14T07:30:00-05:00,CENSUS,census:retail-sales-2020-07,July 2020,3,exact,2020-08-14,08:30:00,America/New_York,https://www2.census.gov/retail/releases/historical/marts/adv2007.pdf,OANDA,696,95229,Retail Sales,July,3,1597408200,2020-08-14 14:30,EconomicCalendar/raw/oanda/daily/2020-08-14.json,pinned_report_and_event_name,"1,8% m/m","7,5% m/m","1,2% m/m",parsed,scalar,1.8,,1.8,,percent,1,m/m,parsed,scalar,7.5,,7.5,,percent,1,m/m,parsed,scalar,1.2,,1.2,,percent,1,m/m
2520,DURABLE_GOODS,2020-08-26T07:30:00-05:00,CENSUS,census:durable-goods-2020-07,July 2020,3,exact,2020-08-26,08:30:00,America/New_York,https://www.census.gov/manufacturing/m3/historical_data/pressreleases/adv/2020/jul20adv.pdf,OANDA,59,95265,Durable Goods Orders - pre..,July,3,1598445000,2020-08-26 14:30,EconomicCalendar/raw/oanda/daily/2020-08-26.json,pinned_report_and_event_name,"4,3% m/m","7,6% m/m","11,2% m/m",parsed,scalar,4.3,,4.3,,percent,1,m/m,parsed,scalar,7.6,,7.6,,percent,1,m/m,parsed,scalar,11.2,,11.2,,percent,1,m/m
1852,GDP,2020-08-27T07:30:00-05:00,BEA,bea:gdp:20200827T123000Z:q2-2020-second,Q2 2020 Second,3,exact,2020-08-27,08:30:00,America/New_York,https://www.bea.gov/news/2020/gross-domestic-product-2nd-quarter-2020-second-estimate-corporate-profits-2nd-quarter,OANDA,690,92453,GDP (Annualized) - rev..,2Q,3,1598531400,2020-08-27 14:30,EconomicCalendar/raw/oanda/daily/2020-08-27.json,pinned_report_and_event_name,"-32,5%","-5,0%","-31,7%",parsed,scalar,-32.5,,-32.5,,percent,1,,parsed,scalar,-5.0,,-5.0,,percent,1,,parsed,scalar,-31.7,,-31.7,,percent,1,
1853,PCE,2020-08-28T07:30:00-05:00,BEA,bea:pce:20200828T123000Z:july-2020,July 2020,3,exact,2020-08-28,08:30:00,America/New_York,https://www.bea.gov/news/2020/personal-income-and-outlays-july-2020,OANDA,694,92592,Personal Consumption Expenditures,July,2,1598617800,2020-08-28 14:30,EconomicCalendar/raw/oanda/daily/2020-08-28.json,pinned_report_and_event_name,"1,5% m/m","5,6% m/m","1,9% m/m",parsed,scalar,1.5,,1.5,,percent,1,m/m,parsed,scalar,5.6,,5.6,,percent,1,m/m,parsed,scalar,1.9,,1.9,,percent,1,m/m
524,EMPLOYMENT,2020-09-04T07:30:00-05:00,BLS,bls:employment:20200904T123000Z:august-2020,August 2020,3,exact,2020-09-04,08:30:00,America/New_York,https://www.bls.gov/schedule/2020/home.htm,OANDA,707,91677,Non-Farm Employment Change,August,3,1599222600,2020-09-04 14:30,EconomicCalendar/raw/oanda/daily/2020-09-04.json,pinned_report_and_event_name,1400 k,1763 k,1371 k,parsed,scalar,1400,,1400000,,count,1000,,parsed,scalar,1763,,1763000,,count,1000,,parsed,scalar,1371,,1371000,,count,1000,
526,PPI,2020-09-10T07:30:00-05:00,BLS,bls:ppi:20200910T123000Z:august-2020,August 2020,3,exact,2020-09-10,08:30:00,America/New_York,https://www.bls.gov/schedule/2020/home.htm,OANDA,703,91592,Producer Price Index,August,2,1599741000,2020-09-10 14:30,EconomicCalendar/raw/oanda/daily/2020-09-10.json,pinned_report_and_event_name,"0,2% m/m","0,6% m/m","0,3% m/m",parsed,scalar,0.2,,0.2,,percent,1,m/m,parsed,scalar,0.6,,0.6,,percent,1,m/m,parsed,scalar,0.3,,0.3,,percent,1,m/m
527,CPI,2020-09-11T07:30:00-05:00,BLS,bls:cpi:20200911T123000Z:august-2020,August 2020,3,exact,2020-09-11,08:30:00,America/New_York,https://www.bls.gov/schedule/2020/home.htm,OANDA,699,91532,Consumer Price Index,August,3,1599827400,2020-09-11 14:30,EconomicCalendar/raw/oanda/daily/2020-09-11.json,pinned_report_and_event_name,"0,3% m/m","0,6% m/m","0,4% m/m",parsed,scalar,0.3,,0.3,,percent,1,m/m,parsed,scalar,0.6,,0.6,,percent,1,m/m,parsed,scalar,0.4,,0.4,,percent,1,m/m
2521,RETAIL_SALES,2020-09-16T07:30:00-05:00,CENSUS,census:retail-sales-2020-08,August 2020,3,exact,2020-09-16,08:30:00,America/New_York,https://www2.census.gov/retail/releases/historical/marts/adv2008.pdf,OANDA,696,95233,Retail Sales,August,3,1600259400,2020-09-16 14:30,EconomicCalendar/raw/oanda/daily/2020-09-16.json,pinned_report_and_event_name,"1,0% m/m","1,2% m/m","0,6% m/m",parsed,scalar,1.0,,1.0,,percent,1,m/m,parsed,scalar,1.2,,1.2,,percent,1,m/m,parsed,scalar,0.6,,0.6,,percent,1,m/m
2217,FOMC,2020-09-16T13:00:00-05:00,FEDERAL_RESERVE,federal_reserve:fomc:20200916T180000Z,FOMC 2020-09-16,3,exact,2020-09-16,14:00:00,America/New_York,https://www.federalreserve.gov/newsevents/pressreleases/monetary20200916a.htm,OANDA,82,92413,FOMC Interest Rate Decision,September,3,1600279200,2020-09-16 20:00,EconomicCalendar/raw/oanda/daily/2020-09-16.json,pinned_report_and_event_name,"0-0,25%","0-0,25%","0-0,25%",parsed,range,0,0.25,0,0.25,percent,1,,parsed,range,0,0.25,0,0.25,percent,1,,parsed,range,0,0.25,0,0.25,percent,1,
2522,DURABLE_GOODS,2020-09-25T07:30:00-05:00,CENSUS,census:durable-goods-2020-08,August 2020,3,exact,2020-09-25,08:30:00,America/New_York,https://www.census.gov/manufacturing/m3/historical_data/pressreleases/adv/2020/aug20adv.pdf,OANDA,59,95266,Durable Goods Orders - pre..,August,3,1601037000,2020-09-25 14:30,EconomicCalendar/raw/oanda/daily/2020-09-25.json,pinned_report_and_event_name,"1,5% m/m","11,4% m/m","0,4% m/m",parsed,scalar,1.5,,1.5,,percent,1,m/m,parsed,scalar,11.4,,11.4,,percent,1,m/m,parsed,scalar,0.4,,0.4,,percent,1,m/m
1854,GDP,2020-09-30T07:30:00-05:00,BEA,bea:gdp:20200930T123000Z:q2-2020-third,Q2 2020 Third,3,exact,2020-09-30,08:30:00,America/New_York,https://www.bea.gov/news/2020/gross-domestic-product-third-estimate-corporate-profits-revised-and-gdp-industry-annual,OANDA,690,92458,GDP (Annualized) - fin..,2Q,3,1601469000,2020-09-30 14:30,EconomicCalendar/raw/oanda/daily/2020-09-30.json,pinned_report_and_event_name,"-31,7%","-5,0%","-31,4%",parsed,scalar,-31.7,,-31.7,,percent,1,,parsed,scalar,-5.0,,-5.0,,percent,1,,parsed,scalar,-31.4,,-31.4,,percent,1,
1855,PCE,2020-10-01T07:30:00-05:00,BEA,bea:pce:20201001T123000Z:august-2020,August 2020,3,exact,2020-10-01,08:30:00,America/New_York,https://www.bea.gov/news/2020/personal-income-and-outlays-august-2020,OANDA,694,92598,Personal Consumption Expenditures,August,2,1601555400,2020-10-01 14:30,EconomicCalendar/raw/oanda/daily/2020-10-01.json,pinned_report_and_event_name,"0,8% m/m","1,9% m/m","1,0% m/m",parsed,scalar,0.8,,0.8,,percent,1,m/m,parsed,scalar,1.9,,1.9,,percent,1,m/m,parsed,scalar,1.0,,1.0,,percent,1,m/m
528,EMPLOYMENT,2020-10-02T07:30:00-05:00,BLS,bls:employment:20201002T123000Z:september-2020,September 2020,3,exact,2020-10-02,08:30:00,America/New_York,https://www.bls.gov/schedule/2020/home.htm,OANDA,707,91684,Non-Farm Employment Change,September,3,1601641800,2020-10-02 14:30,EconomicCalendar/raw/oanda/daily/2020-10-02.json,pinned_report_and_event_name,850 k,1371 k,661 k,parsed,scalar,850,,850000,,count,1000,,parsed,scalar,1371,,1371000,,count,1000,,parsed,scalar,661,,661000,,count,1000,
530,CPI,2020-10-13T07:30:00-05:00,BLS,bls:cpi:20201013T123000Z:september-2020,September 2020,3,exact,2020-10-13,08:30:00,America/New_York,https://www.bls.gov/schedule/2020/home.htm,OANDA,699,91537,Consumer Price Index,September,3,1602592200,2020-10-13 14:30,EconomicCalendar/raw/oanda/daily/2020-10-13.json,pinned_report_and_event_name,"0,2% m/m","0,4% m/m","0,2% m/m",parsed,scalar,0.2,,0.2,,percent,1,m/m,parsed,scalar,0.4,,0.4,,percent,1,m/m,parsed,scalar,0.2,,0.2,,percent,1,m/m
531,PPI,2020-10-14T07:30:00-05:00,BLS,bls:ppi:20201014T123000Z:september-2020,September 2020,3,exact,2020-10-14,08:30:00,America/New_York,https://www.bls.gov/schedule/2020/home.htm,OANDA,703,91597,Producer Price Index,September,2,1602678600,2020-10-14 14:30,EconomicCalendar/raw/oanda/daily/2020-10-14.json,pinned_report_and_event_name,"0,2% m/m","0,3% m/m","0,4% m/m",parsed,scalar,0.2,,0.2,,percent,1,m/m,parsed,scalar,0.3,,0.3,,percent,1,m/m,parsed,scalar,0.4,,0.4,,percent,1,m/m
2523,RETAIL_SALES,2020-10-16T07:30:00-05:00,CENSUS,census:retail-sales-2020-09,September 2020,3,exact,2020-10-16,08:30:00,America/New_York,https://www2.census.gov/retail/releases/historical/marts/adv2009.pdf,OANDA,696,95237,Retail Sales,September,3,1602851400,2020-10-16 14:30,EconomicCalendar/raw/oanda/daily/2020-10-16.json,pinned_report_and_event_name,"0,7% m/m","0,6% m/m","1,9% m/m",parsed,scalar,0.7,,0.7,,percent,1,m/m,parsed,scalar,0.6,,0.6,,percent,1,m/m,parsed,scalar,1.9,,1.9,,percent,1,m/m
2524,DURABLE_GOODS,2020-10-27T07:30:00-05:00,CENSUS,census:durable-goods-2020-09,September 2020,3,exact,2020-10-27,08:30:00,America/New_York,https://www.census.gov/manufacturing/m3/historical_data/pressreleases/adv/2020/sep20adv.pdf,OANDA,59,95267,Durable Goods Orders - pre..,September,3,1603801800,2020-10-27 13:30,EconomicCalendar/raw/oanda/daily/2020-10-27.json,pinned_report_and_event_name,"0,5% m/m","0,5% m/m","1,9% m/m",parsed,scalar,0.5,,0.5,,percent,1,m/m,parsed,scalar,0.5,,0.5,,percent,1,m/m,parsed,scalar,1.9,,1.9,,percent,1,m/m
1856,GDP,2020-10-29T07:30:00-05:00,BEA,bea:gdp:20201029T123000Z:q3-2020-advance,Q3 2020 Advance,3,exact,2020-10-29,08:30:00,America/New_York,https://www.bea.gov/news/2020/gross-domestic-product-3rd-quarter-2020-advance-estimate,OANDA,690,92463,GDP (Annualized) - pre..,3Q,3,1603974600,2020-10-29 13:30,EconomicCalendar/raw/oanda/daily/2020-10-29.json,pinned_report_and_event_name,"31,0%","-31,4%","33,1%",parsed,scalar,31.0,,31.0,,percent,1,,parsed,scalar,-31.4,,-31.4,,percent,1,,parsed,scalar,33.1,,33.1,,percent,1,
1857,PCE,2020-10-30T07:30:00-05:00,BEA,bea:pce:20201030T123000Z:september-2020,September 2020,3,exact,2020-10-30,08:30:00,America/New_York,https://www.bea.gov/news/2020/personal-income-and-outlays-september-2020,OANDA,694,92604,Personal Consumption Expenditures,September,2,1604061000,2020-10-30 13:30,EconomicCalendar/raw/oanda/daily/2020-10-30.json,pinned_report_and_event_name,"1,0% m/m","1,0% m/m","1,4% m/m",parsed,scalar,1.0,,1.0,,percent,1,m/m,parsed,scalar,1.0,,1.0,,percent,1,m/m,parsed,scalar,1.4,,1.4,,percent,1,m/m
2218,FOMC,2020-11-05T13:00:00-06:00,FEDERAL_RESERVE,federal_reserve:fomc:20201105T190000Z,FOMC 2020-11-05,3,exact,2020-11-05,14:00:00,America/New_York,https://www.federalreserve.gov/newsevents/pressreleases/monetary20201105a.htm,OANDA,82,92414,FOMC Interest Rate Decision,November,3,1604602800,2020-11-05 20:00,EconomicCalendar/raw/oanda/daily/2020-11-05.json,pinned_report_and_event_name,"0-0,25%","0-0,25%","0-0,25%",parsed,range,0,0.25,0,0.25,percent,1,,parsed,range,0,0.25,0,0.25,percent,1,,parsed,range,0,0.25,0,0.25,percent,1,
532,EMPLOYMENT,2020-11-06T07:30:00-06:00,BLS,bls:employment:20201106T133000Z:october-2020,October 2020,3,exact,2020-11-06,08:30:00,America/New_York,https://www.bls.gov/schedule/2020/home.htm,OANDA,707,91691,Non-Farm Employment Change,October,3,1604669400,2020-11-06 14:30,EconomicCalendar/raw/oanda/daily/2020-11-06.json,pinned_report_and_event_name,600 k,661 k,638 k,parsed,scalar,600,,600000,,count,1000,,parsed,scalar,661,,661000,,count,1000,,parsed,scalar,638,,638000,,count,1000,
534,CPI,2020-11-12T07:30:00-06:00,BLS,bls:cpi:20201112T133000Z:october-2020,October 2020,3,exact,2020-11-12,08:30:00,America/New_York,https://www.bls.gov/schedule/2020/home.htm,OANDA,699,91542,Consumer Price Index,October,3,1605187800,2020-11-12 14:30,EconomicCalendar/raw/oanda/daily/2020-11-12.json,pinned_report_and_event_name,"0,2% m/m","0,2% m/m","0,0% m/m",parsed,scalar,0.2,,0.2,,percent,1,m/m,parsed,scalar,0.2,,0.2,,percent,1,m/m,parsed,scalar,0.0,,0.0,,percent,1,m/m
535,PPI,2020-11-13T07:30:00-06:00,BLS,bls:ppi:20201113T133000Z:october-2020,October 2020,3,exact,2020-11-13,08:30:00,America/New_York,https://www.bls.gov/schedule/2020/home.htm,OANDA,703,91602,Producer Price Index,October,2,1605274200,2020-11-13 14:30,EconomicCalendar/raw/oanda/daily/2020-11-13.json,pinned_report_and_event_name,"0,2% m/m","0,4% m/m","0,3% m/m",parsed,scalar,0.2,,0.2,,percent,1,m/m,parsed,scalar,0.4,,0.4,,percent,1,m/m,parsed,scalar,0.3,,0.3,,percent,1,m/m
2525,RETAIL_SALES,2020-11-17T07:30:00-06:00,CENSUS,census:retail-sales-2020-10,October 2020,3,exact,2020-11-17,08:30:00,America/New_York,https://www2.census.gov/retail/releases/historical/marts/adv2010.pdf,OANDA,696,95241,Retail Sales,October,3,1605619800,2020-11-17 14:30,EconomicCalendar/raw/oanda/daily/2020-11-17.json,pinned_report_and_event_name,"0,5% m/m","1,9% m/m","0,3% m/m",parsed,scalar,0.5,,0.5,,percent,1,m/m,parsed,scalar,1.9,,1.9,,percent,1,m/m,parsed,scalar,0.3,,0.3,,percent,1,m/m
2526,DURABLE_GOODS,2020-11-25T07:30:00-06:00,CENSUS,census:durable-goods-2020-10,October 2020,3,exact,2020-11-25,08:30:00,America/New_York,https://www.census.gov/manufacturing/m3/historical_data/pressreleases/adv/2020/oct20adv.pdf,OANDA,59,95268,Durable Goods Orders - pre..,October,3,1606311000,2020-11-25 14:30,EconomicCalendar/raw/oanda/daily/2020-11-25.json,pinned_report_and_event_name,"0,9% m/m","1,9% m/m","1,3% m/m",parsed,scalar,0.9,,0.9,,percent,1,m/m,parsed,scalar,1.9,,1.9,,percent,1,m/m,parsed,scalar,1.3,,1.3,,percent,1,m/m
1858,GDP,2020-11-25T07:30:00-06:00,BEA,bea:gdp:20201125T133000Z:q3-2020-second,Q3 2020 Second,3,exact,2020-11-25,08:30:00,America/New_York,https://www.bea.gov/news/2020/gross-domestic-product-3rd-quarter-2020-second-estimate-corporate-profits-3rd-quarter,OANDA,690,92468,GDP (Annualized) - rev..,3Q,3,1606311000,2020-11-25 14:30,EconomicCalendar/raw/oanda/daily/2020-11-25.json,pinned_report_and_event_name,"33,2%","-31,4%","33,1%",parsed,scalar,33.2,,33.2,,percent,1,,parsed,scalar,-31.4,,-31.4,,percent,1,,parsed,scalar,33.1,,33.1,,percent,1,
1859,PCE,2020-11-25T09:00:00-06:00,BEA,bea:pce:20201125T150000Z:october-2020,October 2020,3,exact,2020-11-25,10:00:00,America/New_York,https://www.bea.gov/news/2020/personal-income-and-outlays-october-2020,OANDA,694,92610,Personal Consumption Expenditures,October,2,1606316400,2020-11-25 16:00,EconomicCalendar/raw/oanda/daily/2020-11-25.json,pinned_report_and_event_name,"0,4% m/m","1,4% m/m","0,5% m/m",parsed,scalar,0.4,,0.4,,percent,1,m/m,parsed,scalar,1.4,,1.4,,percent,1,m/m,parsed,scalar,0.5,,0.5,,percent,1,m/m
536,EMPLOYMENT,2020-12-04T07:30:00-06:00,BLS,bls:employment:20201204T133000Z:november-2020,November 2020,3,exact,2020-12-04,08:30:00,America/New_York,https://www.bls.gov/schedule/2020/home.htm,OANDA,707,91698,Non-Farm Employment Change,November,3,1607088600,2020-12-04 14:30,EconomicCalendar/raw/oanda/daily/2020-12-04.json,pinned_report_and_event_name,469 k,638 k,245 k,parsed,scalar,469,,469000,,count,1000,,parsed,scalar,638,,638000,,count,1000,,parsed,scalar,245,,245000,,count,1000,
538,CPI,2020-12-10T07:30:00-06:00,BLS,bls:cpi:20201210T133000Z:november-2020,November 2020,3,exact,2020-12-10,08:30:00,America/New_York,https://www.bls.gov/schedule/2020/home.htm,OANDA,699,91547,Consumer Price Index,November,3,1607607000,2020-12-10 14:30,EconomicCalendar/raw/oanda/daily/2020-12-10.json,pinned_report_and_event_name,"0,1% m/m","0,0% m/m","0,2% m/m",parsed,scalar,0.1,,0.1,,percent,1,m/m,parsed,scalar,0.0,,0.0,,percent,1,m/m,parsed,scalar,0.2,,0.2,,percent,1,m/m
539,PPI,2020-12-11T07:30:00-06:00,BLS,bls:ppi:20201211T133000Z:november-2020,November 2020,3,exact,2020-12-11,08:30:00,America/New_York,https://www.bls.gov/schedule/2020/home.htm,OANDA,703,91607,Producer Price Index,November,2,1607693400,2020-12-11 14:30,EconomicCalendar/raw/oanda/daily/2020-12-11.json,pinned_report_and_event_name,"0,2% m/m","0,3% m/m","0,1% m/m",parsed,scalar,0.2,,0.2,,percent,1,m/m,parsed,scalar,0.3,,0.3,,percent,1,m/m,parsed,scalar,0.1,,0.1,,percent,1,m/m
2527,RETAIL_SALES,2020-12-16T07:30:00-06:00,CENSUS,census:retail-sales-2020-11,November 2020,3,exact,2020-12-16,08:30:00,America/New_York,https://www2.census.gov/retail/releases/historical/marts/adv2011.pdf,OANDA,696,95245,Retail Sales,November,3,1608125400,2020-12-16 14:30,EconomicCalendar/raw/oanda/daily/2020-12-16.json,pinned_report_and_event_name,"-0,3% m/m","0,3% m/m","-1,1% m/m",parsed,scalar,-0.3,,-0.3,,percent,1,m/m,parsed,scalar,0.3,,0.3,,percent,1,m/m,parsed,scalar,-1.1,,-1.1,,percent,1,m/m
2219,FOMC,2020-12-16T13:00:00-06:00,FEDERAL_RESERVE,federal_reserve:fomc:20201216T190000Z,FOMC 2020-12-16,3,exact,2020-12-16,14:00:00,America/New_York,https://www.federalreserve.gov/newsevents/pressreleases/monetary20201216a.htm,OANDA,82,92415,FOMC Interest Rate Decision,December,3,1608145200,2020-12-16 20:00,EconomicCalendar/raw/oanda/daily/2020-12-16.json,pinned_report_and_event_name,"0-0,25%","0-0,25%","0-0,25%",parsed,range,0,0.25,0,0.25,percent,1,,parsed,range,0,0.25,0,0.25,percent,1,,parsed,range,0,0.25,0,0.25,percent,1,
1860,GDP,2020-12-22T07:30:00-06:00,BEA,bea:gdp:20201222T133000Z:q3-2020-third,Q3 2020 Third,3,exact,2020-12-22,08:30:00,America/New_York,https://www.bea.gov/news/2020/gross-domestic-product-third-estimate-corporate-profits-revised-and-gdp-industry-third,OANDA,690,92473,GDP (Annualized) - fin..,3Q,3,1608643800,2020-12-22 14:30,EconomicCalendar/raw/oanda/daily/2020-12-22.json,pinned_report_and_event_name,"33,1%","-31,4%","33,4%",parsed,scalar,33.1,,33.1,,percent,1,,parsed,scalar,-31.4,,-31.4,,percent,1,,parsed,scalar,33.4,,33.4,,percent,1,
2528,DURABLE_GOODS,2020-12-23T07:30:00-06:00,CENSUS,census:durable-goods-2020-11,November 2020,3,exact,2020-12-23,08:30:00,America/New_York,https://www.census.gov/manufacturing/m3/historical_data/pressreleases/adv/2020/nov20adv.pdf,OANDA,59,95269,Durable Goods Orders - pre..,November,3,1608730200,2020-12-23 14:30,EconomicCalendar/raw/oanda/daily/2020-12-23.json,pinned_report_and_event_name,"0,6% m/m","1,3% m/m","0,9% m/m",parsed,scalar,0.6,,0.6,,percent,1,m/m,parsed,scalar,1.3,,1.3,,percent,1,m/m,parsed,scalar,0.9,,0.9,,percent,1,m/m
1861,PCE,2020-12-23T07:30:00-06:00,BEA,bea:pce:20201223T133000Z:november-2020,November 2020,3,exact,2020-12-23,08:30:00,America/New_York,https://www.bea.gov/news/2020/personal-income-and-outlays-november-2020,OANDA,694,92616,Personal Consumption Expenditures,November,2,1608730200,2020-12-23 14:30,EconomicCalendar/raw/oanda/daily/2020-12-23.json,pinned_report_and_event_name,"-0,2% m/m","0,5% m/m","-0,4% m/m",parsed,scalar,-0.2,,-0.2,,percent,1,m/m,parsed,scalar,0.5,,0.5,,percent,1,m/m,parsed,scalar,-0.4,,-0.4,,percent,1,m/m
540,EMPLOYMENT,2021-01-08T07:30:00-06:00,BLS,bls:employment:20210108T133000Z:december-2020,December 2020,3,exact,2021-01-08,08:30:00,America/New_York,https://www.bls.gov/schedule/2021/home.htm,OANDA,707,100195,Non-Farm Employment Change,December,3,1610112600,2021-01-08 14:30,EconomicCalendar/raw/oanda/daily/2021-01-08.json,pinned_report_and_event_name,100 k,245 k,-140 k,parsed,scalar,100,,100000,,count,1000,,parsed,scalar,245,,245000,,count,1000,,parsed,scalar,-140,,-140000,,count,1000,
542,CPI,2021-01-13T07:30:00-06:00,BLS,bls:cpi:20210113T133000Z:december-2020,December 2020,3,exact,2021-01-13,08:30:00,America/New_York,https://www.bls.gov/schedule/2021/home.htm,OANDA,699,100067,Consumer Price Index,December,3,1610544600,2021-01-13 14:30,EconomicCalendar/raw/oanda/daily/2021-01-13.json,pinned_report_and_event_name,"0,4% m/m","0,2% m/m","0,4% m/m",parsed,scalar,0.4,,0.4,,percent,1,m/m,parsed,scalar,0.2,,0.2,,percent,1,m/m,parsed,scalar,0.4,,0.4,,percent,1,m/m
543,PPI,2021-01-15T07:30:00-06:00,BLS,bls:ppi:20210115T133000Z:december-2020,December 2020,3,exact,2021-01-15,08:30:00,America/New_York,https://www.bls.gov/schedule/2021/home.htm,OANDA,703,100127,Producer Price Index,December,2,1610717400,2021-01-15 14:30,EconomicCalendar/raw/oanda/daily/2021-01-15.json,pinned_report_and_event_name,"0,3% m/m","0,1% m/m","0,3% m/m",parsed,scalar,0.3,,0.3,,percent,1,m/m,parsed,scalar,0.1,,0.1,,percent,1,m/m,parsed,scalar,0.3,,0.3,,percent,1,m/m
2529,RETAIL_SALES,2021-01-15T07:30:00-06:00,CENSUS,census:retail-sales-2020-12,December 2020,3,exact,2021-01-15,08:30:00,America/New_York,https://www2.census.gov/retail/releases/historical/marts/adv2012.pdf,OANDA,696,100715,Retail Sales,December,3,1610717400,2021-01-15 14:30,EconomicCalendar/raw/oanda/daily/2021-01-15.json,pinned_report_and_event_name,"0,0% m/m","-1,1% m/m","-0,7% m/m",parsed,scalar,0.0,,0.0,,percent,1,m/m,parsed,scalar,-1.1,,-1.1,,percent,1,m/m,parsed,scalar,-0.7,,-0.7,,percent,1,m/m
2530,DURABLE_GOODS,2021-01-27T07:30:00-06:00,CENSUS,census:durable-goods-2020-12,December 2020,3,exact,2021-01-27,08:30:00,America/New_York,https://www.census.gov/manufacturing/m3/historical_data/pressreleases/adv/2020/dec20adv.pdf,OANDA,59,100642,Durable Goods Orders - pre..,December,3,1611754200,2021-01-27 14:30,EconomicCalendar/raw/oanda/daily/2021-01-27.json,pinned_report_and_event_name,"0,9% m/m","1,0% m/m","0,2% m/m",parsed,scalar,0.9,,0.9,,percent,1,m/m,parsed,scalar,1.0,,1.0,,percent,1,m/m,parsed,scalar,0.2,,0.2,,percent,1,m/m
2220,FOMC,2021-01-27T13:00:00-06:00,FEDERAL_RESERVE,federal_reserve:fomc:20210127T190000Z,FOMC 2021-01-27,3,exact,2021-01-27,14:00:00,America/New_York,https://www.federalreserve.gov/newsevents/pressreleases/monetary20210127a.htm,OANDA,82,100552,FOMC Interest Rate Decision,January,3,1611774000,2021-01-27 20:00,EconomicCalendar/raw/oanda/daily/2021-01-27.json,pinned_report_and_event_name,"0-0,25%","0-0,25%","0-0,25%",parsed,range,0,0.25,0,0.25,percent,1,,parsed,range,0,0.25,0,0.25,percent,1,,parsed,range,0,0.25,0,0.25,percent,1,
1862,GDP,2021-01-28T07:30:00-06:00,BEA,bea:gdp:20210128T133000Z:q4-2020-advance,Q4 2020 Advance,3,exact,2021-01-28,08:30:00,America/New_York,https://www.bea.gov/news/2021/gross-domestic-product-4th-quarter-and-year-2020-advance-estimate,OANDA,690,99782,GDP (Annualized) - pre..,4Q,3,1611840600,2021-01-28 14:30,EconomicCalendar/raw/oanda/daily/2021-01-28.json,pinned_report_and_event_name,"4,0%","33,4%","4,0%",parsed,scalar,4.0,,4.0,,percent,1,,parsed,scalar,33.4,,33.4,,percent,1,,parsed,scalar,4.0,,4.0,,percent,1,
1863,PCE,2021-01-29T07:30:00-06:00,BEA,bea:pce:20210129T133000Z:december-2020,December 2020,3,exact,2021-01-29,08:30:00,America/New_York,https://www.bea.gov/news/2021/personal-income-and-outlays-december-2020,OANDA,694,101601,Personal Consumption Expenditures,December,2,1611927000,2021-01-29 14:30,EconomicCalendar/raw/oanda/daily/2021-01-29.json,pinned_report_and_event_name,"-0,4% m/m","-0,4% m/m","-0,2% m/m",parsed,scalar,-0.4,,-0.4,,percent,1,m/m,parsed,scalar,-0.4,,-0.4,,percent,1,m/m,parsed,scalar,-0.2,,-0.2,,percent,1,m/m
544,EMPLOYMENT,2021-02-05T07:30:00-06:00,BLS,bls:employment:20210205T133000Z:january-2021,January 2021,3,exact,2021-02-05,08:30:00,America/New_York,https://www.bls.gov/schedule/2021/home.htm,OANDA,707,100203,Non-Farm Employment Change,January,3,1612531800,2021-02-05 14:30,EconomicCalendar/raw/oanda/daily/2021-02-05.json,pinned_report_and_event_name,50 k,-140 k,49 k,parsed,scalar,50,,50000,,count,1000,,parsed,scalar,-140,,-140000,,count,1000,,parsed,scalar,49,,49000,,count,1000,
546,CPI,2021-02-10T07:30:00-06:00,BLS,bls:cpi:20210210T133000Z:january-2021,January 2021,3,exact,2021-02-10,08:30:00,America/New_York,https://www.bls.gov/schedule/2021/home.htm,OANDA,699,100072,Consumer Price Index,January,3,1612963800,2021-02-10 14:30,EconomicCalendar/raw/oanda/daily/2021-02-10.json,pinned_report_and_event_name,"0,3% m/m","0,4% m/m","0,3% m/m",parsed,scalar,0.3,,0.3,,percent,1,m/m,parsed,scalar,0.4,,0.4,,percent,1,m/m,parsed,scalar,0.3,,0.3,,percent,1,m/m
547,PPI,2021-02-17T07:30:00-06:00,BLS,bls:ppi:20210217T133000Z:january-2021,January 2021,3,exact,2021-02-17,08:30:00,America/New_York,https://www.bls.gov/schedule/2021/home.htm,OANDA,703,100132,Producer Price Index,January,2,1613568600,2021-02-17 14:30,EconomicCalendar/raw/oanda/daily/2021-02-17.json,pinned_report_and_event_name,"0,4% m/m","0,3% m/m","1,3% m/m",parsed,scalar,0.4,,0.4,,percent,1,m/m,parsed,scalar,0.3,,0.3,,percent,1,m/m,parsed,scalar,1.3,,1.3,,percent,1,m/m
2531,RETAIL_SALES,2021-02-17T07:30:00-06:00,CENSUS,census:retail-sales-2021-01,January 2021,3,exact,2021-02-17,08:30:00,America/New_York,https://www2.census.gov/retail/releases/historical/marts/adv2101.pdf,OANDA,696,100719,Retail Sales,January,3,1613568600,2021-02-17 14:30,EconomicCalendar/raw/oanda/daily/2021-02-17.json,pinned_report_and_event_name,"1,1% m/m","-0,7% m/m","5,3% m/m",parsed,scalar,1.1,,1.1,,percent,1,m/m,parsed,scalar,-0.7,,-0.7,,percent,1,m/m,parsed,scalar,5.3,,5.3,,percent,1,m/m
2532,DURABLE_GOODS,2021-02-25T07:30:00-06:00,CENSUS,census:durable-goods-2021-01,January 2021,3,exact,2021-02-25,08:30:00,America/New_York,https://www.census.gov/manufacturing/m3/historical_data/pressreleases/adv/2021/jan21adv.pdf,OANDA,59,100643,Durable Goods Orders - pre..,January,3,1614259800,2021-02-25 14:30,EconomicCalendar/raw/oanda/daily/2021-02-25.json,pinned_report_and_event_name,"1,1% m/m","0,5% m/m","3,4% m/m",parsed,scalar,1.1,,1.1,,percent,1,m/m,parsed,scalar,0.5,,0.5,,percent,1,m/m,parsed,scalar,3.4,,3.4,,percent,1,m/m
1864,GDP,2021-02-25T07:30:00-06:00,BEA,bea:gdp:20210225T133000Z:q4-2020-second,Q4 2020 Second,3,exact,2021-02-25,08:30:00,America/New_York,https://www.bea.gov/news/2021/gross-domestic-product-fourth-quarter-and-year-2020-second-estimate,OANDA,690,99787,GDP (Annualized) - rev..,4Q,3,1614259800,2021-02-25 14:30,EconomicCalendar/raw/oanda/daily/2021-02-25.json,pinned_report_and_event_name,"4,0%","33,4%","4,1%",parsed,scalar,4.0,,4.0,,percent,1,,parsed,scalar,33.4,,33.4,,percent,1,,parsed,scalar,4.1,,4.1,,percent,1,
1865,PCE,2021-02-26T07:30:00-06:00,BEA,bea:pce:20210226T133000Z:january-2021,January 2021,3,exact,2021-02-26,08:30:00,America/New_York,https://www.bea.gov/news/2021/personal-income-and-outlays-january-2021,OANDA,694,101607,Personal Consumption Expenditures,January,2,1614346200,2021-02-26 14:30,EconomicCalendar/raw/oanda/daily/2021-02-26.json,pinned_report_and_event_name,"2,5% m/m","-0,2% m/m","2,4% m/m",parsed,scalar,2.5,,2.5,,percent,1,m/m,parsed,scalar,-0.2,,-0.2,,percent,1,m/m,parsed,scalar,2.4,,2.4,,percent,1,m/m
548,EMPLOYMENT,2021-03-05T07:30:00-06:00,BLS,bls:employment:20210305T133000Z:february-2021,February 2021,3,exact,2021-03-05,08:30:00,America/New_York,https://www.bls.gov/schedule/2021/home.htm,OANDA,707,100211,Non-Farm Employment Change,February,3,1614951000,2021-03-05 14:30,EconomicCalendar/raw/oanda/daily/2021-03-05.json,pinned_report_and_event_name,182 k,49 k,379 k,parsed,scalar,182,,182000,,count,1000,,parsed,scalar,49,,49000,,count,1000,,parsed,scalar,379,,379000,,count,1000,
549,CPI,2021-03-10T07:30:00-06:00,BLS,bls:cpi:20210310T133000Z:february-2021,February 2021,3,exact,2021-03-10,08:30:00,America/New_York,https://www.bls.gov/schedule/2021/home.htm,OANDA,699,100077,Consumer Price Index,February,3,1615383000,2021-03-10 14:30,EconomicCalendar/raw/oanda/daily/2021-03-10.json,pinned_report_and_event_name,"0,4% m/m","0,3% m/m","0,4% m/m",parsed,scalar,0.4,,0.4,,percent,1,m/m,parsed,scalar,0.3,,0.3,,percent,1,m/m,parsed,scalar,0.4,,0.4,,percent,1,m/m
551,PPI,2021-03-12T07:30:00-06:00,BLS,bls:ppi:20210312T133000Z:february-2021,February 2021,3,exact,2021-03-12,08:30:00,America/New_York,https://www.bls.gov/schedule/2021/home.htm,OANDA,703,100137,Producer Price Index,February,2,1615555800,2021-03-12 14:30,EconomicCalendar/raw/oanda/daily/2021-03-12.json,pinned_report_and_event_name,"0,4% m/m","1,3% m/m","0,5% m/m",parsed,scalar,0.4,,0.4,,percent,1,m/m,parsed,scalar,1.3,,1.3,,percent,1,m/m,parsed,scalar,0.5,,0.5,,percent,1,m/m
2533,RETAIL_SALES,2021-03-16T07:30:00-05:00,CENSUS,census:retail-sales-2021-02,February 2021,3,exact,2021-03-16,08:30:00,America/New_York,https://www2.census.gov/retail/releases/historical/marts/adv2102.pdf,OANDA,696,100723,Retail Sales,February,3,1615897800,2021-03-16 13:30,EconomicCalendar/raw/oanda/daily/2021-03-16.json,pinned_report_and_event_name,"-0,5% m/m","5,3% m/m","-3,0% m/m",parsed,scalar,-0.5,,-0.5,,percent,1,m/m,parsed,scalar,5.3,,5.3,,percent,1,m/m,parsed,scalar,-3.0,,-3.0,,percent,1,m/m
2221,FOMC,2021-03-17T13:00:00-05:00,FEDERAL_RESERVE,federal_reserve:fomc:20210317T180000Z,FOMC 2021-03-17,3,exact,2021-03-17,14:00:00,America/New_York,https://www.federalreserve.gov/newsevents/pressreleases/monetary20210317a.htm,OANDA,82,100553,FOMC Interest Rate Decision,March,3,1616004000,2021-03-17 19:00,EconomicCalendar/raw/oanda/daily/2021-03-17.json,pinned_report_and_event_name,"0-0,25%","0-0,25%","0-0,25%",parsed,range,0,0.25,0,0.25,percent,1,,parsed,range,0,0.25,0,0.25,percent,1,,parsed,range,0,0.25,0,0.25,percent,1,
2534,DURABLE_GOODS,2021-03-24T07:30:00-05:00,CENSUS,census:durable-goods-2021-02,February 2021,3,exact,2021-03-24,08:30:00,America/New_York,https://www.census.gov/manufacturing/m3/historical_data/pressreleases/adv/2021/feb21adv.pdf,OANDA,59,100644,Durable Goods Orders - pre..,February,3,1616589000,2021-03-24 13:30,EconomicCalendar/raw/oanda/daily/2021-03-24.json,pinned_report_and_event_name,"0,8% m/m","3,4% m/m","-1,1% m/m",parsed,scalar,0.8,,0.8,,percent,1,m/m,parsed,scalar,3.4,,3.4,,percent,1,m/m,parsed,scalar,-1.1,,-1.1,,percent,1,m/m
1866,GDP,2021-03-25T07:30:00-05:00,BEA,bea:gdp:20210325T123000Z:q4-2020-third,Q4 2020 Third,3,exact,2021-03-25,08:30:00,America/New_York,https://www.bea.gov/news/2021/gross-domestic-product-third-estimate-gdp-industry-and-corporate-profits-4th-quarter-and,OANDA,690,99792,GDP (Annualized) - fin..,4Q,3,1616675400,2021-03-25 13:30,EconomicCalendar/raw/oanda/daily/2021-03-25.json,pinned_report_and_event_name,"4,1%","33,4%","4,3%",parsed,scalar,4.1,,4.1,,percent,1,,parsed,scalar,33.4,,33.4,,percent,1,,parsed,scalar,4.3,,4.3,,percent,1,
1867,PCE,2021-03-26T07:30:00-05:00,BEA,bea:pce:20210326T123000Z:february-2021,February 2021,3,exact,2021-03-26,08:30:00,America/New_York,https://www.bea.gov/news/2021/personal-income-and-outlays-february-2021,OANDA,694,101613,Personal Consumption Expenditures,February,2,1616761800,2021-03-26 13:30,EconomicCalendar/raw/oanda/daily/2021-03-26.json,pinned_report_and_event_name,"-0,7% m/m","2,4% m/m","-1,0% m/m",parsed,scalar,-0.7,,-0.7,,percent,1,m/m,parsed,scalar,2.4,,2.4,,percent,1,m/m,parsed,scalar,-1.0,,-1.0,,percent,1,m/m
553,EMPLOYMENT,2021-04-02T07:30:00-05:00,BLS,bls:employment:20210402T123000Z:march-2021,March 2021,3,exact,2021-04-02,08:30:00,America/New_York,https://www.bls.gov/schedule/2021/home.htm,OANDA,707,100219,Non-Farm Employment Change,March,3,1617366600,2021-04-02 14:30,EconomicCalendar/raw/oanda/daily/2021-04-02.json,pinned_report_and_event_name,630 k,379 k,916 k,parsed,scalar,630,,630000,,count,1000,,parsed,scalar,379,,379000,,count,1000,,parsed,scalar,916,,916000,,count,1000,
555,PPI,2021-04-09T07:30:00-05:00,BLS,bls:ppi:20210409T123000Z:march-2021,March 2021,3,exact,2021-04-09,08:30:00,America/New_York,https://www.bls.gov/schedule/2021/home.htm,OANDA,703,100142,Producer Price Index,March,2,1617973080,2021-04-09 14:58,EconomicCalendar/raw/oanda/daily/2021-04-09.json,pinned_report_and_event_name,"0,5% m/m","0,5% m/m","1,0% m/m",parsed,scalar,0.5,,0.5,,percent,1,m/m,parsed,scalar,0.5,,0.5,,percent,1,m/m,parsed,scalar,1.0,,1.0,,percent,1,m/m
556,CPI,2021-04-13T07:30:00-05:00,BLS,bls:cpi:20210413T123000Z:march-2021,March 2021,3,exact,2021-04-13,08:30:00,America/New_York,https://www.bls.gov/schedule/2021/home.htm,OANDA,699,100082,Consumer Price Index,March,3,1618317000,2021-04-13 14:30,EconomicCalendar/raw/oanda/daily/2021-04-13.json,pinned_report_and_event_name,"0,5% m/m","0,4% m/m","0,6% m/m",parsed,scalar,0.5,,0.5,,percent,1,m/m,parsed,scalar,0.4,,0.4,,percent,1,m/m,parsed,scalar,0.6,,0.6,,percent,1,m/m
2535,RETAIL_SALES,2021-04-15T07:30:00-05:00,CENSUS,census:retail-sales-2021-03,March 2021,3,exact,2021-04-15,08:30:00,America/New_York,https://www2.census.gov/retail/releases/historical/marts/adv2103.pdf,OANDA,696,100727,Retail Sales,March,3,1618489800,2021-04-15 14:30,EconomicCalendar/raw/oanda/daily/2021-04-15.json,pinned_report_and_event_name,"4,7% m/m","-3,0% m/m","9,8% m/m",parsed,scalar,4.7,,4.7,,percent,1,m/m,parsed,scalar,-3.0,,-3.0,,percent,1,m/m,parsed,scalar,9.8,,9.8,,percent,1,m/m
2536,DURABLE_GOODS,2021-04-26T07:30:00-05:00,CENSUS,census:durable-goods-2021-03,March 2021,3,exact,2021-04-26,08:30:00,America/New_York,https://www.census.gov/manufacturing/m3/historical_data/pressreleases/adv/2021/mar21adv.pdf,OANDA,59,100645,Durable Goods Orders - pre..,March,3,1619440200,2021-04-26 14:30,EconomicCalendar/raw/oanda/daily/2021-04-26.json,pinned_report_and_event_name,"2,5% m/m","-1,2% m/m","0,5% m/m",parsed,scalar,2.5,,2.5,,percent,1,m/m,parsed,scalar,-1.2,,-1.2,,percent,1,m/m,parsed,scalar,0.5,,0.5,,percent,1,m/m
2222,FOMC,2021-04-28T13:00:00-05:00,FEDERAL_RESERVE,federal_reserve:fomc:20210428T180000Z,FOMC 2021-04-28,3,exact,2021-04-28,14:00:00,America/New_York,https://www.federalreserve.gov/newsevents/pressreleases/monetary20210428a.htm,OANDA,82,100554,FOMC Interest Rate Decision,April,3,1619632800,2021-04-28 20:00,EconomicCalendar/raw/oanda/daily/2021-04-28.json,pinned_report_and_event_name,"0-0,25%","0-0,25%","0-0,25%",parsed,range,0,0.25,0,0.25,percent,1,,parsed,range,0,0.25,0,0.25,percent,1,,parsed,range,0,0.25,0,0.25,percent,1,
1868,GDP,2021-04-29T07:30:00-05:00,BEA,bea:gdp:20210429T123000Z:q1-2021-advance,Q1 2021 Advance,3,exact,2021-04-29,08:30:00,America/New_York,https://www.bea.gov/news/2021/gross-domestic-product-first-quarter-2021-advance-estimate,OANDA,690,99797,GDP (Annualized) - pre..,1Q,3,1619699400,2021-04-29 14:30,EconomicCalendar/raw/oanda/daily/2021-04-29.json,pinned_report_and_event_name,"6,5%","4,3%","6,4%",parsed,scalar,6.5,,6.5,,percent,1,,parsed,scalar,4.3,,4.3,,percent,1,,parsed,scalar,6.4,,6.4,,percent,1,
1869,PCE,2021-04-30T07:30:00-05:00,BEA,bea:pce:20210430T123000Z:march-2021,March 2021,3,exact,2021-04-30,08:30:00,America/New_York,https://www.bea.gov/news/2021/personal-income-and-outlays-march-2021,OANDA,694,101619,Personal Consumption Expenditures,March,2,1619785800,2021-04-30 14:30,EconomicCalendar/raw/oanda/daily/2021-04-30.json,pinned_report_and_event_name,"4,2% m/m","-1,0% m/m","4,2% m/m",parsed,scalar,4.2,,4.2,,percent,1,m/m,parsed,scalar,-1.0,,-1.0,,percent,1,m/m,parsed,scalar,4.2,,4.2,,percent,1,m/m
557,EMPLOYMENT,2021-05-07T07:30:00-05:00,BLS,bls:employment:20210507T123000Z:april-2021,April 2021,3,exact,2021-05-07,08:30:00,America/New_York,https://www.bls.gov/schedule/2021/home.htm,OANDA,707,100227,Non-Farm Employment Change,April,3,1620390600,2021-05-07 14:30,EconomicCalendar/raw/oanda/daily/2021-05-07.json,pinned_report_and_event_name,978 k,916 k,266 k,parsed,scalar,978,,978000,,count,1000,,parsed,scalar,916,,916000,,count,1000,,parsed,scalar,266,,266000,,count,1000,
559,CPI,2021-05-12T07:30:00-05:00,BLS,bls:cpi:20210512T123000Z:april-2021,April 2021,3,exact,2021-05-12,08:30:00,America/New_York,https://www.bls.gov/schedule/2021/home.htm,OANDA,699,100087,Consumer Price Index,April,3,1620822600,2021-05-12 14:30,EconomicCalendar/raw/oanda/daily/2021-05-12.json,pinned_report_and_event_name,"0,2% m/m","0,6% m/m","0,8% m/m",parsed,scalar,0.2,,0.2,,percent,1,m/m,parsed,scalar,0.6,,0.6,,percent,1,m/m,parsed,scalar,0.8,,0.8,,percent,1,m/m
560,PPI,2021-05-13T07:30:00-05:00,BLS,bls:ppi:20210513T123000Z:april-2021,April 2021,3,exact,2021-05-13,08:30:00,America/New_York,https://www.bls.gov/schedule/2021/home.htm,OANDA,703,100147,Producer Price Index,April,2,1620909000,2021-05-13 14:30,EconomicCalendar/raw/oanda/daily/2021-05-13.json,pinned_report_and_event_name,"0,3% m/m","1,0% m/m","0,6% m/m",parsed,scalar,0.3,,0.3,,percent,1,m/m,parsed,scalar,1.0,,1.0,,percent,1,m/m,parsed,scalar,0.6,,0.6,,percent,1,m/m
2537,RETAIL_SALES,2021-05-14T07:30:00-05:00,CENSUS,census:retail-sales-2021-04,April 2021,3,exact,2021-05-14,08:30:00,America/New_York,https://www2.census.gov/retail/releases/historical/marts/adv2104.pdf,OANDA,696,100731,Retail Sales,April,3,1620995400,2021-05-14 14:30,EconomicCalendar/raw/oanda/daily/2021-05-14.json,pinned_report_and_event_name,"1,0% m/m","9,8% m/m","0,0% m/m",parsed,scalar,1.0,,1.0,,percent,1,m/m,parsed,scalar,9.8,,9.8,,percent,1,m/m,parsed,scalar,0.0,,0.0,,percent,1,m/m
2538,DURABLE_GOODS,2021-05-27T07:30:00-05:00,CENSUS,census:durable-goods-2021-04,April 2021,3,exact,2021-05-27,08:30:00,America/New_York,https://www.census.gov/manufacturing/m3/historical_data/pressreleases/adv/2021/apr21adv.pdf,OANDA,59,100646,Durable Goods Orders - pre..,April,3,1622118600,2021-05-27 14:30,EconomicCalendar/raw/oanda/daily/2021-05-27.json,pinned_report_and_event_name,"0,8% m/m","0,8% m/m","-1,3% m/m",parsed,scalar,0.8,,0.8,,percent,1,m/m,parsed,scalar,0.8,,0.8,,percent,1,m/m,parsed,scalar,-1.3,,-1.3,,percent,1,m/m
1870,GDP,2021-05-27T07:30:00-05:00,BEA,bea:gdp:20210527T123000Z:q1-2021-second,Q1 2021 Second,3,exact,2021-05-27,08:30:00,America/New_York,https://www.bea.gov/news/2021/gross-domestic-product-1st-quarter-2021-second-estimate-corporate-profits-1st-quarter,OANDA,690,99802,GDP (Annualized) - rev..,1Q,3,1622118600,2021-05-27 14:30,EconomicCalendar/raw/oanda/daily/2021-05-27.json,pinned_report_and_event_name,"6,5%","4,3%","6,4%",parsed,scalar,6.5,,6.5,,percent,1,,parsed,scalar,4.3,,4.3,,percent,1,,parsed,scalar,6.4,,6.4,,percent,1,
1871,PCE,2021-05-28T07:30:00-05:00,BEA,bea:pce:20210528T123000Z:april-2021,April 2021,3,exact,2021-05-28,08:30:00,America/New_York,https://www.bea.gov/news/2021/personal-income-and-outlays-april-2021,OANDA,694,101625,Personal Consumption Expenditures,April,2,1622205000,2021-05-28 14:30,EconomicCalendar/raw/oanda/daily/2021-05-28.json,pinned_report_and_event_name,"0,5% m/m","4,2% m/m","0,5% m/m",parsed,scalar,0.5,,0.5,,percent,1,m/m,parsed,scalar,4.2,,4.2,,percent,1,m/m,parsed,scalar,0.5,,0.5,,percent,1,m/m
561,EMPLOYMENT,2021-06-04T07:30:00-05:00,BLS,bls:employment:20210604T123000Z:may-2021,May 2021,3,exact,2021-06-04,08:30:00,America/New_York,https://www.bls.gov/schedule/2021/home.htm,OANDA,707,100235,Non-Farm Employment Change,May,3,1622809800,2021-06-04 14:30,EconomicCalendar/raw/oanda/daily/2021-06-04.json,pinned_report_and_event_name,660 k,266 k,559 k,parsed,scalar,660,,660000,,count,1000,,parsed,scalar,266,,266000,,count,1000,,parsed,scalar,559,,559000,,count,1000,
563,CPI,2021-06-10T07:30:00-05:00,BLS,bls:cpi:20210610T123000Z:may-2021,May 2021,3,exact,2021-06-10,08:30:00,America/New_York,https://www.bls.gov/schedule/2021/home.htm,OANDA,699,100092,Consumer Price Index,May,3,1623328200,2021-06-10 14:30,EconomicCalendar/raw/oanda/daily/2021-06-10.json,pinned_report_and_event_name,"0,4% m/m","0,8% m/m","0,6% m/m",parsed,scalar,0.4,,0.4,,percent,1,m/m,parsed,scalar,0.8,,0.8,,percent,1,m/m,parsed,scalar,0.6,,0.6,,percent,1,m/m
564,PPI,2021-06-15T07:30:00-05:00,BLS,bls:ppi:20210615T123000Z:may-2021,May 2021,3,exact,2021-06-15,08:30:00,America/New_York,https://www.bls.gov/schedule/2021/home.htm,OANDA,703,100152,Producer Price Index,May,2,1623760200,2021-06-15 14:30,EconomicCalendar/raw/oanda/daily/2021-06-15.json,pinned_report_and_event_name,"0,6% m/m","0,6% m/m","0,8% m/m",parsed,scalar,0.6,,0.6,,percent,1,m/m,parsed,scalar,0.6,,0.6,,percent,1,m/m,parsed,scalar,0.8,,0.8,,percent,1,m/m
2539,RETAIL_SALES,2021-06-15T07:30:00-05:00,CENSUS,census:retail-sales-2021-05,May 2021,3,exact,2021-06-15,08:30:00,America/New_York,https://www2.census.gov/retail/releases/historical/marts/adv2105.pdf,OANDA,696,100735,Retail Sales,May,3,1623760200,2021-06-15 14:30,EconomicCalendar/raw/oanda/daily/2021-06-15.json,pinned_report_and_event_name,"-0,8% m/m","0,0% m/m","-1,3% m/m",parsed,scalar,-0.8,,-0.8,,percent,1,m/m,parsed,scalar,0.0,,0.0,,percent,1,m/m,parsed,scalar,-1.3,,-1.3,,percent,1,m/m
2223,FOMC,2021-06-16T13:00:00-05:00,FEDERAL_RESERVE,federal_reserve:fomc:20210616T180000Z,FOMC 2021-06-16,3,exact,2021-06-16,14:00:00,America/New_York,https://www.federalreserve.gov/newsevents/pressreleases/monetary20210616a.htm,OANDA,82,100555,FOMC Interest Rate Decision,June,3,1623866400,2021-06-16 20:00,EconomicCalendar/raw/oanda/daily/2021-06-16.json,pinned_report_and_event_name,"0-0,25%","0-0,25%","0-0,25%",parsed,range,0,0.25,0,0.25,percent,1,,parsed,range,0,0.25,0,0.25,percent,1,,parsed,range,0,0.25,0,0.25,percent,1,
2540,DURABLE_GOODS,2021-06-24T07:30:00-05:00,CENSUS,census:durable-goods-2021-05,May 2021,3,exact,2021-06-24,08:30:00,America/New_York,https://www.census.gov/manufacturing/m3/historical_data/pressreleases/adv/2021/may21adv.pdf,OANDA,59,100647,Durable Goods Orders - pre..,May,3,1624537800,2021-06-24 14:30,EconomicCalendar/raw/oanda/daily/2021-06-24.json,pinned_report_and_event_name,"2,7% m/m","-1,3% m/m","2,3% m/m",parsed,scalar,2.7,,2.7,,percent,1,m/m,parsed,scalar,-1.3,,-1.3,,percent,1,m/m,parsed,scalar,2.3,,2.3,,percent,1,m/m
1872,GDP,2021-06-24T07:30:00-05:00,BEA,bea:gdp:20210624T123000Z:q1-2021-third,Q1 2021 Third,3,exact,2021-06-24,08:30:00,America/New_York,https://www.bea.gov/news/2021/gross-domestic-product-third-estimate-gdp-industry-and-corporate-profits-revised-1st,OANDA,690,99807,GDP (Annualized) - fin..,1Q,3,1624537800,2021-06-24 14:30,EconomicCalendar/raw/oanda/daily/2021-06-24.json,pinned_report_and_event_name,"6,4%","4,3%","6,4%",parsed,scalar,6.4,,6.4,,percent,1,,parsed,scalar,4.3,,4.3,,percent,1,,parsed,scalar,6.4,,6.4,,percent,1,
1873,PCE,2021-06-25T07:30:00-05:00,BEA,bea:pce:20210625T123000Z:may-2021,May 2021,3,exact,2021-06-25,08:30:00,America/New_York,https://www.bea.gov/news/2021/personal-income-and-outlays-may-2021,OANDA,694,101631,Personal Consumption Expenditures,May,2,1624624200,2021-06-25 14:30,EconomicCalendar/raw/oanda/daily/2021-06-25.json,pinned_report_and_event_name,"0,4% m/m","0,5% m/m","0,0% m/m",parsed,scalar,0.4,,0.4,,percent,1,m/m,parsed,scalar,0.5,,0.5,,percent,1,m/m,parsed,scalar,0.0,,0.0,,percent,1,m/m
565,EMPLOYMENT,2021-07-02T07:30:00-05:00,BLS,bls:employment:20210702T123000Z:june-2021,June 2021,3,exact,2021-07-02,08:30:00,America/New_York,https://www.bls.gov/schedule/2021/home.htm,OANDA,707,100243,Non-Farm Employment Change,June,3,1625229000,2021-07-02 14:30,EconomicCalendar/raw/oanda/daily/2021-07-02.json,pinned_report_and_event_name,700 k,559 k,850 k,parsed,scalar,700,,700000,,count,1000,,parsed,scalar,559,,559000,,count,1000,,parsed,scalar,850,,850000,,count,1000,
567,CPI,2021-07-13T07:30:00-05:00,BLS,bls:cpi:20210713T123000Z:june-2021,June 2021,3,exact,2021-07-13,08:30:00,America/New_York,https://www.bls.gov/schedule/2021/home.htm,OANDA,699,100097,Consumer Price Index,June,3,1626179400,2021-07-13 14:30,EconomicCalendar/raw/oanda/daily/2021-07-13.json,pinned_report_and_event_name,"0,5% m/m","0,6% m/m","0,9% m/m",parsed,scalar,0.5,,0.5,,percent,1,m/m,parsed,scalar,0.6,,0.6,,percent,1,m/m,parsed,scalar,0.9,,0.9,,percent,1,m/m
568,PPI,2021-07-14T07:30:00-05:00,BLS,bls:ppi:20210714T123000Z:june-2021,June 2021,3,exact,2021-07-14,08:30:00,America/New_York,https://www.bls.gov/schedule/2021/home.htm,OANDA,703,100157,Producer Price Index,June,2,1626265800,2021-07-14 14:30,EconomicCalendar/raw/oanda/daily/2021-07-14.json,pinned_report_and_event_name,"0,6% m/m","0,8% m/m","1,0% m/m",parsed,scalar,0.6,,0.6,,percent,1,m/m,parsed,scalar,0.8,,0.8,,percent,1,m/m,parsed,scalar,1.0,,1.0,,percent,1,m/m
2541,RETAIL_SALES,2021-07-16T07:30:00-05:00,CENSUS,census:retail-sales-2021-06,June 2021,3,exact,2021-07-16,08:30:00,America/New_York,https://www2.census.gov/retail/releases/historical/marts/adv2106.pdf,OANDA,696,100739,Retail Sales,June,3,1626438600,2021-07-16 14:30,EconomicCalendar/raw/oanda/daily/2021-07-16.json,pinned_report_and_event_name,"-0,4% m/m","-1,3% m/m","0,6% m/m",parsed,scalar,-0.4,,-0.4,,percent,1,m/m,parsed,scalar,-1.3,,-1.3,,percent,1,m/m,parsed,scalar,0.6,,0.6,,percent,1,m/m
2542,DURABLE_GOODS,2021-07-27T07:30:00-05:00,CENSUS,census:durable-goods-2021-06,June 2021,3,exact,2021-07-27,08:30:00,America/New_York,https://www.census.gov/manufacturing/m3/historical_data/pressreleases/adv/2021/jun21adv.pdf,OANDA,59,100648,Durable Goods Orders - pre..,June,3,1627389000,2021-07-27 14:30,EconomicCalendar/raw/oanda/daily/2021-07-27.json,pinned_report_and_event_name,"2,1% m/m","2,3% m/m","0,8% m/m",parsed,scalar,2.1,,2.1,,percent,1,m/m,parsed,scalar,2.3,,2.3,,percent,1,m/m,parsed,scalar,0.8,,0.8,,percent,1,m/m
2224,FOMC,2021-07-28T13:00:00-05:00,FEDERAL_RESERVE,federal_reserve:fomc:20210728T180000Z,FOMC 2021-07-28,3,exact,2021-07-28,14:00:00,America/New_York,https://www.federalreserve.gov/newsevents/pressreleases/monetary20210728a.htm,OANDA,82,100556,FOMC Interest Rate Decision,July,3,1627495200,2021-07-28 20:00,EconomicCalendar/raw/oanda/daily/2021-07-28.json,pinned_report_and_event_name,"0-0,25%","0-0,25%","0-0,25%",parsed,range,0,0.25,0,0.25,percent,1,,parsed,range,0,0.25,0,0.25,percent,1,,parsed,range,0,0.25,0,0.25,percent,1,
1874,GDP,2021-07-29T07:30:00-05:00,BEA,bea:gdp:20210729T123000Z:q2-2021-advance,Q2 2021 Advance,3,exact,2021-07-29,08:30:00,America/New_York,https://www.bea.gov/news/2021/gross-domestic-product-second-quarter-2021-advance-estimate-and-annual-update,OANDA,690,99812,GDP (Annualized) - pre..,2Q,3,1627561800,2021-07-29 14:30,EconomicCalendar/raw/oanda/daily/2021-07-29.json,pinned_report_and_event_name,"8,5%","6,4%","6,5%",parsed,scalar,8.5,,8.5,,percent,1,,parsed,scalar,6.4,,6.4,,percent,1,,parsed,scalar,6.5,,6.5,,percent,1,
1875,PCE,2021-07-30T07:30:00-05:00,BEA,bea:pce:20210730T123000Z:june-2021,June 2021,3,exact,2021-07-30,08:30:00,America/New_York,https://www.bea.gov/news/2021/personal-income-and-outlays-june-2021-and-annual-update,OANDA,694,101637,Personal Consumption Expenditures,June,2,1627648200,2021-07-30 14:30,EconomicCalendar/raw/oanda/daily/2021-07-30.json,pinned_report_and_event_name,"0,7% m/m","0,0% m/m","1,0% m/m",parsed,scalar,0.7,,0.7,,percent,1,m/m,parsed,scalar,0.0,,0.0,,percent,1,m/m,parsed,scalar,1.0,,1.0,,percent,1,m/m
569,EMPLOYMENT,2021-08-06T07:30:00-05:00,BLS,bls:employment:20210806T123000Z:july-2021,July 2021,3,exact,2021-08-06,08:30:00,America/New_York,https://www.bls.gov/schedule/2021/home.htm,OANDA,707,100251,Non-Farm Employment Change,July,3,1628253000,2021-08-06 14:30,EconomicCalendar/raw/oanda/daily/2021-08-06.json,pinned_report_and_event_name,900 k,850 k,943 k,parsed,scalar,900,,900000,,count,1000,,parsed,scalar,850,,850000,,count,1000,,parsed,scalar,943,,943000,,count,1000,
571,CPI,2021-08-11T07:30:00-05:00,BLS,bls:cpi:20210811T123000Z:july-2021,July 2021,3,exact,2021-08-11,08:30:00,America/New_York,https://www.bls.gov/schedule/2021/home.htm,OANDA,699,100102,Consumer Price Index,July,3,1628685000,2021-08-11 14:30,EconomicCalendar/raw/oanda/daily/2021-08-11.json,pinned_report_and_event_name,"0,5% m/m","0,9% m/m","0,5% m/m",parsed,scalar,0.5,,0.5,,percent,1,m/m,parsed,scalar,0.9,,0.9,,percent,1,m/m,parsed,scalar,0.5,,0.5,,percent,1,m/m
572,PPI,2021-08-12T07:30:00-05:00,BLS,bls:ppi:20210812T123000Z:july-2021,July 2021,3,exact,2021-08-12,08:30:00,America/New_York,https://www.bls.gov/schedule/2021/home.htm,OANDA,703,100162,Producer Price Index,July,2,1628771400,2021-08-12 14:30,EconomicCalendar/raw/oanda/daily/2021-08-12.json,pinned_report_and_event_name,"0,6% m/m","1,0% m/m","1,0% m/m",parsed,scalar,0.6,,0.6,,percent,1,m/m,parsed,scalar,1.0,,1.0,,percent,1,m/m,parsed,scalar,1.0,,1.0,,percent,1,m/m
2543,RETAIL_SALES,2021-08-17T07:30:00-05:00,CENSUS,census:retail-sales-2021-07,July 2021,3,exact,2021-08-17,08:30:00,America/New_York,https://www2.census.gov/retail/releases/historical/marts/adv2107.pdf,OANDA,696,100743,Retail Sales,July,3,1629203400,2021-08-17 14:30,EconomicCalendar/raw/oanda/daily/2021-08-17.json,pinned_report_and_event_name,"-0,2% m/m","0,6% m/m","-1,1% m/m",parsed,scalar,-0.2,,-0.2,,percent,1,m/m,parsed,scalar,0.6,,0.6,,percent,1,m/m,parsed,scalar,-1.1,,-1.1,,percent,1,m/m
2544,DURABLE_GOODS,2021-08-25T07:30:00-05:00,CENSUS,census:durable-goods-2021-07,July 2021,3,exact,2021-08-25,08:30:00,America/New_York,https://www.census.gov/manufacturing/m3/historical_data/pressreleases/adv/2021/jul21adv.pdf,OANDA,59,100649,Durable Goods Orders - pre..,July,3,1629894600,2021-08-25 14:30,EconomicCalendar/raw/oanda/daily/2021-08-25.json,pinned_report_and_event_name,"-0,3% m/m","0,9% m/m","-0,1% m/m",parsed,scalar,-0.3,,-0.3,,percent,1,m/m,parsed,scalar,0.9,,0.9,,percent,1,m/m,parsed,scalar,-0.1,,-0.1,,percent,1,m/m
1876,GDP,2021-08-26T07:30:00-05:00,BEA,bea:gdp:20210826T123000Z:q2-2021-second,Q2 2021 Second,3,exact,2021-08-26,08:30:00,America/New_York,https://www.bea.gov/news/2021/gross-domestic-product-2nd-quarter-2021-second-estimate-corporate-profits-2nd-quarter,OANDA,690,99817,GDP (Annualized) - rev..,2Q,3,1629981000,2021-08-26 14:30,EconomicCalendar/raw/oanda/daily/2021-08-26.json,pinned_report_and_event_name,"6,7%","6,4%","6,6%",parsed,scalar,6.7,,6.7,,percent,1,,parsed,scalar,6.4,,6.4,,percent,1,,parsed,scalar,6.6,,6.6,,percent,1,
1877,PCE,2021-08-27T07:30:00-05:00,BEA,bea:pce:20210827T123000Z:july-2021,July 2021,3,exact,2021-08-27,08:30:00,America/New_York,https://www.bea.gov/news/2021/personal-income-and-outlays-july-2021,OANDA,694,101643,Personal Consumption Expenditures,July,2,1630067400,2021-08-27 14:30,EconomicCalendar/raw/oanda/daily/2021-08-27.json,pinned_report_and_event_name,"0,3% m/m","1,0% m/m","0,3% m/m",parsed,scalar,0.3,,0.3,,percent,1,m/m,parsed,scalar,1.0,,1.0,,percent,1,m/m,parsed,scalar,0.3,,0.3,,percent,1,m/m
573,EMPLOYMENT,2021-09-03T07:30:00-05:00,BLS,bls:employment:20210903T123000Z:august-2021,August 2021,3,exact,2021-09-03,08:30:00,America/New_York,https://www.bls.gov/schedule/2021/home.htm,OANDA,707,100259,Non-Farm Employment Change,August,3,1630672200,2021-09-03 14:30,EconomicCalendar/raw/oanda/daily/2021-09-03.json,pinned_report_and_event_name,750 k,943 k,235 k,parsed,scalar,750,,750000,,count,1000,,parsed,scalar,943,,943000,,count,1000,,parsed,scalar,235,,235000,,count,1000,
575,PPI,2021-09-10T07:30:00-05:00,BLS,bls:ppi:20210910T123000Z:august-2021,August 2021,3,exact,2021-09-10,08:30:00,America/New_York,https://www.bls.gov/schedule/2021/home.htm,OANDA,703,100172,Producer Price Index,August,2,1631277000,2021-09-10 14:30,EconomicCalendar/raw/oanda/daily/2021-09-10.json,pinned_report_and_event_name,"0,6% m/m","1,0% m/m","0,7% m/m",parsed,scalar,0.6,,0.6,,percent,1,m/m,parsed,scalar,1.0,,1.0,,percent,1,m/m,parsed,scalar,0.7,,0.7,,percent,1,m/m
576,CPI,2021-09-14T07:30:00-05:00,BLS,bls:cpi:20210914T123000Z:august-2021,August 2021,3,exact,2021-09-14,08:30:00,America/New_York,https://www.bls.gov/schedule/2021/home.htm,OANDA,699,100107,Consumer Price Index,August,3,1631622600,2021-09-14 14:30,EconomicCalendar/raw/oanda/daily/2021-09-14.json,pinned_report_and_event_name,"0,4% m/m","0,5% m/m","0,3% m/m",parsed,scalar,0.4,,0.4,,percent,1,m/m,parsed,scalar,0.5,,0.5,,percent,1,m/m,parsed,scalar,0.3,,0.3,,percent,1,m/m
2545,RETAIL_SALES,2021-09-16T07:30:00-05:00,CENSUS,census:retail-sales-2021-08,August 2021,3,exact,2021-09-16,08:30:00,America/New_York,https://www2.census.gov/retail/releases/historical/marts/adv2108.pdf,OANDA,696,100747,Retail Sales,August,3,1631795400,2021-09-16 14:30,EconomicCalendar/raw/oanda/daily/2021-09-16.json,pinned_report_and_event_name,-1% m/m,"-1,1% m/m","0,7% m/m",parsed,scalar,-1,,-1,,percent,1,m/m,parsed,scalar,-1.1,,-1.1,,percent,1,m/m,parsed,scalar,0.7,,0.7,,percent,1,m/m
2225,FOMC,2021-09-22T13:00:00-05:00,FEDERAL_RESERVE,federal_reserve:fomc:20210922T180000Z,FOMC 2021-09-22,3,exact,2021-09-22,14:00:00,America/New_York,https://www.federalreserve.gov/newsevents/pressreleases/monetary20210922a.htm,OANDA,82,100557,FOMC Interest Rate Decision,September,3,1632333600,2021-09-22 20:00,EconomicCalendar/raw/oanda/daily/2021-09-22.json,pinned_report_and_event_name,"0-0,25%","0-0,25%","0-0,25%",parsed,range,0,0.25,0,0.25,percent,1,,parsed,range,0,0.25,0,0.25,percent,1,,parsed,range,0,0.25,0,0.25,percent,1,
2546,DURABLE_GOODS,2021-09-27T07:30:00-05:00,CENSUS,census:durable-goods-2021-08,August 2021,3,exact,2021-09-27,08:30:00,America/New_York,https://www.census.gov/manufacturing/m3/historical_data/pressreleases/adv/2021/aug21adv.pdf,OANDA,59,100650,Durable Goods Orders - pre..,August,3,1632745800,2021-09-27 14:30,EconomicCalendar/raw/oanda/daily/2021-09-27.json,pinned_report_and_event_name,"0,6% m/m","-0,1% m/m","1,8% m/m",parsed,scalar,0.6,,0.6,,percent,1,m/m,parsed,scalar,-0.1,,-0.1,,percent,1,m/m,parsed,scalar,1.8,,1.8,,percent,1,m/m
1878,GDP,2021-09-30T07:30:00-05:00,BEA,bea:gdp:20210930T123000Z:q2-2021-third,Q2 2021 Third,3,exact,2021-09-30,08:30:00,America/New_York,https://www.bea.gov/news/2021/gross-domestic-product-third-estimate-gdp-industry-and-corporate-profits-revised-2nd,OANDA,690,99822,GDP (Annualized) - fin..,2Q,3,1633005000,2021-09-30 14:30,EconomicCalendar/raw/oanda/daily/2021-09-30.json,pinned_report_and_event_name,"6,6%","6,3%","6,7%",parsed,scalar,6.6,,6.6,,percent,1,,parsed,scalar,6.3,,6.3,,percent,1,,parsed,scalar,6.7,,6.7,,percent,1,
1879,PCE,2021-10-01T07:30:00-05:00,BEA,bea:pce:20211001T123000Z:august-2021,August 2021,3,exact,2021-10-01,08:30:00,America/New_York,https://www.bea.gov/news/2021/personal-income-and-outlays-august-2021,OANDA,694,101649,Personal Consumption Expenditures,August,2,1633091400,2021-10-01 14:30,EconomicCalendar/raw/oanda/daily/2021-10-01.json,pinned_report_and_event_name,"0,6% m/m","0,3% m/m","0,8% m/m",parsed,scalar,0.6,,0.6,,percent,1,m/m,parsed,scalar,0.3,,0.3,,percent,1,m/m,parsed,scalar,0.8,,0.8,,percent,1,m/m
577,EMPLOYMENT,2021-10-08T07:30:00-05:00,BLS,bls:employment:20211008T123000Z:september-2021,September 2021,3,exact,2021-10-08,08:30:00,America/New_York,https://www.bls.gov/schedule/2021/home.htm,OANDA,707,100267,Non-Farm Employment Change,September,3,1633696200,2021-10-08 14:30,EconomicCalendar/raw/oanda/daily/2021-10-08.json,pinned_report_and_event_name,500 k,235 k,194 k,parsed,scalar,500,,500000,,count,1000,,parsed,scalar,235,,235000,,count,1000,,parsed,scalar,194,,194000,,count,1000,
579,CPI,2021-10-13T07:30:00-05:00,BLS,bls:cpi:20211013T123000Z:september-2021,September 2021,3,exact,2021-10-13,08:30:00,America/New_York,https://www.bls.gov/schedule/2021/home.htm,OANDA,699,100112,Consumer Price Index,September,3,1634128200,2021-10-13 14:30,EconomicCalendar/raw/oanda/daily/2021-10-13.json,pinned_report_and_event_name,"0,3% m/m","0,3% m/m","0,4% m/m",parsed,scalar,0.3,,0.3,,percent,1,m/m,parsed,scalar,0.3,,0.3,,percent,1,m/m,parsed,scalar,0.4,,0.4,,percent,1,m/m
580,PPI,2021-10-14T07:30:00-05:00,BLS,bls:ppi:20211014T123000Z:september-2021,September 2021,3,exact,2021-10-14,08:30:00,America/New_York,https://www.bls.gov/schedule/2021/home.htm,OANDA,703,100167,Producer Price Index,September,2,1634214600,2021-10-14 14:30,EconomicCalendar/raw/oanda/daily/2021-10-14.json,pinned_report_and_event_name,"0,6% m/m","0,7% m/m","0,5% m/m",parsed,scalar,0.6,,0.6,,percent,1,m/m,parsed,scalar,0.7,,0.7,,percent,1,m/m,parsed,scalar,0.5,,0.5,,percent,1,m/m
2547,RETAIL_SALES,2021-10-15T07:30:00-05:00,CENSUS,census:retail-sales-2021-09,September 2021,3,exact,2021-10-15,08:30:00,America/New_York,https://www2.census.gov/retail/releases/historical/marts/adv2109.pdf,OANDA,696,100751,Retail Sales,September,3,1634301000,2021-10-15 14:30,EconomicCalendar/raw/oanda/daily/2021-10-15.json,pinned_report_and_event_name,"-0,2% m/m","0,7% m/m","0,7% m/m",parsed,scalar,-0.2,,-0.2,,percent,1,m/m,parsed,scalar,0.7,,0.7,,percent,1,m/m,parsed,scalar,0.7,,0.7,,percent,1,m/m
2548,DURABLE_GOODS,2021-10-27T07:30:00-05:00,CENSUS,census:durable-goods-2021-09,September 2021,3,exact,2021-10-27,08:30:00,America/New_York,https://www.census.gov/manufacturing/m3/historical_data/pressreleases/adv/2021/sep21adv.pdf,OANDA,59,100651,Durable Goods Orders - pre..,September,3,1635337800,2021-10-27 14:30,EconomicCalendar/raw/oanda/daily/2021-10-27.json,pinned_report_and_event_name,-1% m/m,"1,8% m/m","-0,4% m/m",parsed,scalar,-1,,-1,,percent,1,m/m,parsed,scalar,1.8,,1.8,,percent,1,m/m,parsed,scalar,-0.4,,-0.4,,percent,1,m/m
1880,GDP,2021-10-28T07:30:00-05:00,BEA,bea:gdp:20211028T123000Z:q3-2021-advance,Q3 2021 Advance,3,exact,2021-10-28,08:30:00,America/New_York,https://www.bea.gov/news/2021/gross-domestic-product-3rd-quarter-2021-advance-estimate,OANDA,690,99827,GDP (Annualized) - pre..,3Q,3,1635424200,2021-10-28 14:30,EconomicCalendar/raw/oanda/daily/2021-10-28.json,pinned_report_and_event_name,"2,7%","6,7%","2,0%",parsed,scalar,2.7,,2.7,,percent,1,,parsed,scalar,6.7,,6.7,,percent,1,,parsed,scalar,2.0,,2.0,,percent,1,
1881,PCE,2021-10-29T07:30:00-05:00,BEA,bea:pce:20211029T123000Z:september-2021,September 2021,3,exact,2021-10-29,08:30:00,America/New_York,https://www.bea.gov/news/2021/personal-income-and-outlays-september-2021,OANDA,694,101655,Personal Consumption Expenditures,September,2,1635510600,2021-10-29 14:30,EconomicCalendar/raw/oanda/daily/2021-10-29.json,pinned_report_and_event_name,"0,5% m/m","0,8% m/m","0,6% m/m",parsed,scalar,0.5,,0.5,,percent,1,m/m,parsed,scalar,0.8,,0.8,,percent,1,m/m,parsed,scalar,0.6,,0.6,,percent,1,m/m
2226,FOMC,2021-11-03T13:00:00-05:00,FEDERAL_RESERVE,federal_reserve:fomc:20211103T180000Z,FOMC 2021-11-03,3,exact,2021-11-03,14:00:00,America/New_York,https://www.federalreserve.gov/newsevents/pressreleases/monetary20211103a.htm,OANDA,82,100558,FOMC Interest Rate Decision,November,3,1635962400,2021-11-03 19:00,EconomicCalendar/raw/oanda/daily/2021-11-03.json,pinned_report_and_event_name,"0-0,25%","0-0,25%","0-0,25%",parsed,range,0,0.25,0,0.25,percent,1,,parsed,range,0,0.25,0,0.25,percent,1,,parsed,range,0,0.25,0,0.25,percent,1,
581,EMPLOYMENT,2021-11-05T07:30:00-05:00,BLS,bls:employment:20211105T123000Z:october-2021,October 2021,3,exact,2021-11-05,08:30:00,America/New_York,https://www.bls.gov/schedule/2021/home.htm,OANDA,707,100275,Non-Farm Employment Change,October,3,1636115400,2021-11-05 13:30,EconomicCalendar/raw/oanda/daily/2021-11-05.json,pinned_report_and_event_name,450 k,194 k,531 k,parsed,scalar,450,,450000,,count,1000,,parsed,scalar,194,,194000,,count,1000,,parsed,scalar,531,,531000,,count,1000,
582,PPI,2021-11-09T07:30:00-06:00,BLS,bls:ppi:20211109T133000Z:october-2021,October 2021,3,exact,2021-11-09,08:30:00,America/New_York,https://www.bls.gov/schedule/2021/home.htm,OANDA,703,100182,Producer Price Index,October,2,1636464600,2021-11-09 14:30,EconomicCalendar/raw/oanda/daily/2021-11-09.json,pinned_report_and_event_name,"0,6% m/m","0,5% m/m","0,6% m/m",parsed,scalar,0.6,,0.6,,percent,1,m/m,parsed,scalar,0.5,,0.5,,percent,1,m/m,parsed,scalar,0.6,,0.6,,percent,1,m/m
583,CPI,2021-11-10T07:30:00-06:00,BLS,bls:cpi:20211110T133000Z:october-2021,October 2021,3,exact,2021-11-10,08:30:00,America/New_York,https://www.bls.gov/schedule/2021/home.htm,OANDA,699,100117,Consumer Price Index,October,3,1636551000,2021-11-10 14:30,EconomicCalendar/raw/oanda/daily/2021-11-10.json,pinned_report_and_event_name,"0,6% m/m","0,4% m/m","0,9% m/m",parsed,scalar,0.6,,0.6,,percent,1,m/m,parsed,scalar,0.4,,0.4,,percent,1,m/m,parsed,scalar,0.9,,0.9,,percent,1,m/m
2549,RETAIL_SALES,2021-11-16T07:30:00-06:00,CENSUS,census:retail-sales-2021-10,October 2021,3,exact,2021-11-16,08:30:00,America/New_York,https://www2.census.gov/retail/releases/historical/marts/adv2110.pdf,OANDA,696,100755,Retail Sales,October,3,1637069400,2021-11-16 14:30,EconomicCalendar/raw/oanda/daily/2021-11-16.json,pinned_report_and_event_name,"1,4% m/m","0,7% m/m","1,7% m/m",parsed,scalar,1.4,,1.4,,percent,1,m/m,parsed,scalar,0.7,,0.7,,percent,1,m/m,parsed,scalar,1.7,,1.7,,percent,1,m/m
2550,DURABLE_GOODS,2021-11-24T07:30:00-06:00,CENSUS,census:durable-goods-2021-10,October 2021,3,exact,2021-11-24,08:30:00,America/New_York,https://www.census.gov/manufacturing/m3/historical_data/pressreleases/adv/2021/oct21adv.pdf,OANDA,59,100652,Durable Goods Orders - pre..,October,3,1637760600,2021-11-24 14:30,EconomicCalendar/raw/oanda/daily/2021-11-24.json,pinned_report_and_event_name,"0,3% m/m","-0,3% m/m","-0,5% m/m",parsed,scalar,0.3,,0.3,,percent,1,m/m,parsed,scalar,-0.3,,-0.3,,percent,1,m/m,parsed,scalar,-0.5,,-0.5,,percent,1,m/m
1882,GDP,2021-11-24T07:30:00-06:00,BEA,bea:gdp:20211124T133000Z:q3-2021-second,Q3 2021 Second,3,exact,2021-11-24,08:30:00,America/New_York,https://www.bea.gov/news/2021/gross-domestic-product-3rd-quarter-2021-second-estimate-corporate-profits-3rd-quarter,OANDA,690,99832,GDP (Annualized) - rev..,3Q,3,1637760600,2021-11-24 14:30,EconomicCalendar/raw/oanda/daily/2021-11-24.json,pinned_report_and_event_name,"2,2%","6,7%","2,1%",parsed,scalar,2.2,,2.2,,percent,1,,parsed,scalar,6.7,,6.7,,percent,1,,parsed,scalar,2.1,,2.1,,percent,1,
1883,PCE,2021-11-24T07:30:00-06:00,BEA,bea:pce:20211124T133000Z:october-2021,October 2021,3,exact,2021-11-24,08:30:00,America/New_York,https://www.bea.gov/news/2021/personal-income-and-outlays-october-2021,OANDA,694,101661,Personal Consumption Expenditures,October,2,1637766000,2021-11-24 16:00,EconomicCalendar/raw/oanda/daily/2021-11-24.json,pinned_report_and_event_name,1% m/m,"0,6% m/m","1,3% m/m",parsed,scalar,1,,1,,percent,1,m/m,parsed,scalar,0.6,,0.6,,percent,1,m/m,parsed,scalar,1.3,,1.3,,percent,1,m/m
585,EMPLOYMENT,2021-12-03T07:30:00-06:00,BLS,bls:employment:20211203T133000Z:november-2021,November 2021,3,exact,2021-12-03,08:30:00,America/New_York,https://www.bls.gov/schedule/2021/home.htm,OANDA,707,100283,Non-Farm Employment Change,November,3,1638538200,2021-12-03 14:30,EconomicCalendar/raw/oanda/daily/2021-12-03.json,pinned_report_and_event_name,550 k,531 k,210 k,parsed,scalar,550,,550000,,count,1000,,parsed,scalar,531,,531000,,count,1000,,parsed,scalar,210,,210000,,count,1000,
587,CPI,2021-12-10T07:30:00-06:00,BLS,bls:cpi:20211210T133000Z:november-2021,November 2021,3,exact,2021-12-10,08:30:00,America/New_York,https://www.bls.gov/schedule/2021/home.htm,OANDA,699,100122,Consumer Price Index,November,3,1639143000,2021-12-10 14:30,EconomicCalendar/raw/oanda/daily/2021-12-10.json,pinned_report_and_event_name,"0,7% m/m","0,9% m/m","0,8% m/m",parsed,scalar,0.7,,0.7,,percent,1,m/m,parsed,scalar,0.9,,0.9,,percent,1,m/m,parsed,scalar,0.8,,0.8,,percent,1,m/m
588,PPI,2021-12-14T07:30:00-06:00,BLS,bls:ppi:20211214T133000Z:november-2021,November 2021,3,exact,2021-12-14,08:30:00,America/New_York,https://www.bls.gov/schedule/2021/home.htm,OANDA,703,100177,Producer Price Index,November,2,1639488600,2021-12-14 14:30,EconomicCalendar/raw/oanda/daily/2021-12-14.json,pinned_report_and_event_name,"0,5% m/m","0,6% m/m","0,8% m/m",parsed,scalar,0.5,,0.5,,percent,1,m/m,parsed,scalar,0.6,,0.6,,percent,1,m/m,parsed,scalar,0.8,,0.8,,percent,1,m/m
2551,RETAIL_SALES,2021-12-15T07:30:00-06:00,CENSUS,census:retail-sales-2021-11,November 2021,3,exact,2021-12-15,08:30:00,America/New_York,https://www2.census.gov/retail/releases/historical/marts/adv2111.pdf,OANDA,696,100759,Retail Sales,November,3,1639575000,2021-12-15 14:30,EconomicCalendar/raw/oanda/daily/2021-12-15.json,pinned_report_and_event_name,"0,8% m/m","1,7% m/m","0,3% m/m",parsed,scalar,0.8,,0.8,,percent,1,m/m,parsed,scalar,1.7,,1.7,,percent,1,m/m,parsed,scalar,0.3,,0.3,,percent,1,m/m
2227,FOMC,2021-12-15T13:00:00-06:00,FEDERAL_RESERVE,federal_reserve:fomc:20211215T190000Z,FOMC 2021-12-15,3,exact,2021-12-15,14:00:00,America/New_York,https://www.federalreserve.gov/newsevents/pressreleases/monetary20211215a.htm,OANDA,82,100559,FOMC Interest Rate Decision,December,3,1639594800,2021-12-15 20:00,EconomicCalendar/raw/oanda/daily/2021-12-15.json,pinned_report_and_event_name,"0-0,25%","0-0,25%","0-0,25%",parsed,range,0,0.25,0,0.25,percent,1,,parsed,range,0,0.25,0,0.25,percent,1,,parsed,range,0,0.25,0,0.25,percent,1,
1884,GDP,2021-12-22T07:30:00-06:00,BEA,bea:gdp:20211222T133000Z:q3-2021-third,Q3 2021 Third,3,exact,2021-12-22,08:30:00,America/New_York,https://www.bea.gov/news/2021/gross-domestic-product-third-estimate-gdp-industry-and-corporate-profits-revised-3rd,OANDA,690,99837,GDP (Annualized) - fin..,3Q,3,1640179800,2021-12-22 14:30,EconomicCalendar/raw/oanda/daily/2021-12-22.json,pinned_report_and_event_name,"2,1%","6,7%","2,3%",parsed,scalar,2.1,,2.1,,percent,1,,parsed,scalar,6.7,,6.7,,percent,1,,parsed,scalar,2.3,,2.3,,percent,1,
2552,DURABLE_GOODS,2021-12-23T07:30:00-06:00,CENSUS,census:durable-goods-2021-11,November 2021,3,exact,2021-12-23,08:30:00,America/New_York,https://www.census.gov/manufacturing/m3/historical_data/pressreleases/adv/2021/nov21adv.pdf,OANDA,59,100653,Durable Goods Orders - pre..,November,3,1640266200,2021-12-23 14:30,EconomicCalendar/raw/oanda/daily/2021-12-23.json,pinned_report_and_event_name,"1,6% m/m","-0,4% m/m","2,5% m/m",parsed,scalar,1.6,,1.6,,percent,1,m/m,parsed,scalar,-0.4,,-0.4,,percent,1,m/m,parsed,scalar,2.5,,2.5,,percent,1,m/m
1885,PCE,2021-12-23T07:30:00-06:00,BEA,bea:pce:20211223T133000Z:november-2021,November 2021,3,exact,2021-12-23,08:30:00,America/New_York,https://www.bea.gov/news/2021/personal-income-and-outlays-november-2021,OANDA,694,101667,Personal Consumption Expenditures,November,2,1640266200,2021-12-23 14:30,EconomicCalendar/raw/oanda/daily/2021-12-23.json,pinned_report_and_event_name,"0,6% m/m","1,3% m/m","0,6% m/m",parsed,scalar,0.6,,0.6,,percent,1,m/m,parsed,scalar,1.3,,1.3,,percent,1,m/m,parsed,scalar,0.6,,0.6,,percent,1,m/m
590,EMPLOYMENT,2022-01-07T07:30:00-06:00,BLS,bls:employment:20220107T133000Z:december-2021,December 2021,3,exact,2022-01-07,08:30:00,America/New_York,https://www.bls.gov/schedule/2022/home.htm,OANDA,707,110156,Non-Farm Employment Change,December,3,1641562200,2022-01-07 14:30,EconomicCalendar/raw/oanda/daily/2022-01-07.json,pinned_report_and_event_name,400 k,210 k,199 k,parsed,scalar,400,,400000,,count,1000,,parsed,scalar,210,,210000,,count,1000,,parsed,scalar,199,,199000,,count,1000,
591,CPI,2022-01-12T07:30:00-06:00,BLS,bls:cpi:20220112T133000Z:december-2021,December 2021,3,exact,2022-01-12,08:30:00,America/New_York,https://www.bls.gov/schedule/2022/home.htm,OANDA,699,109894,Consumer Price Index,December,3,1641994200,2022-01-12 14:30,EconomicCalendar/raw/oanda/daily/2022-01-12.json,pinned_report_and_event_name,"0,4% m/m","0,8% m/m","0,5% m/m",parsed,scalar,0.4,,0.4,,percent,1,m/m,parsed,scalar,0.8,,0.8,,percent,1,m/m,parsed,scalar,0.5,,0.5,,percent,1,m/m
592,PPI,2022-01-13T07:30:00-06:00,BLS,bls:ppi:20220113T133000Z:december-2021,December 2021,3,exact,2022-01-13,08:30:00,America/New_York,https://www.bls.gov/schedule/2022/home.htm,OANDA,703,109954,Producer Price Index,December,2,1642080600,2022-01-13 14:30,EconomicCalendar/raw/oanda/daily/2022-01-13.json,pinned_report_and_event_name,"0,4% m/m","0,8% m/m","0,2% m/m",parsed,scalar,0.4,,0.4,,percent,1,m/m,parsed,scalar,0.8,,0.8,,percent,1,m/m,parsed,scalar,0.2,,0.2,,percent,1,m/m
2553,RETAIL_SALES,2022-01-14T07:30:00-06:00,CENSUS,census:retail-sales-2021-12,December 2021,3,exact,2022-01-14,08:30:00,America/New_York,https://www2.census.gov/retail/releases/historical/marts/adv2112.pdf,OANDA,696,110568,Retail Sales,December,3,1642167000,2022-01-14 14:30,EconomicCalendar/raw/oanda/daily/2022-01-14.json,pinned_report_and_event_name,"0,0% m/m","0,3% m/m","-1,9% m/m",parsed,scalar,0.0,,0.0,,percent,1,m/m,parsed,scalar,0.3,,0.3,,percent,1,m/m,parsed,scalar,-1.9,,-1.9,,percent,1,m/m
2228,FOMC,2022-01-26T13:00:00-06:00,FEDERAL_RESERVE,federal_reserve:fomc:20220126T190000Z,FOMC 2022-01-26,3,exact,2022-01-26,14:00:00,America/New_York,https://www.federalreserve.gov/newsevents/pressreleases/monetary20220126a.htm,OANDA,82,100560,FOMC Interest Rate Decision,January,3,1643223600,2022-01-26 20:00,EconomicCalendar/raw/oanda/daily/2022-01-26.json,pinned_report_and_event_name,"0-0,25%","0-0,25%","0-0,25%",parsed,range,0,0.25,0,0.25,percent,1,,parsed,range,0,0.25,0,0.25,percent,1,,parsed,range,0,0.25,0,0.25,percent,1,
2554,DURABLE_GOODS,2022-01-27T07:30:00-06:00,CENSUS,census:durable-goods-2021-12,December 2021,3,exact,2022-01-27,08:30:00,America/New_York,https://www.census.gov/manufacturing/m3/historical_data/pressreleases/adv/2021/dec21adv.pdf,OANDA,59,110635,Durable Goods Orders - pre..,December,3,1643290200,2022-01-27 14:30,EconomicCalendar/raw/oanda/daily/2022-01-27.json,pinned_report_and_event_name,"-0,5% m/m","2,6% m/m","-0,9% m/m",parsed,scalar,-0.5,,-0.5,,percent,1,m/m,parsed,scalar,2.6,,2.6,,percent,1,m/m,parsed,scalar,-0.9,,-0.9,,percent,1,m/m
1886,GDP,2022-01-27T07:30:00-06:00,BEA,bea:gdp:20220127T133000Z:q4-2021-advance,Q4 2021 Advance,3,exact,2022-01-27,08:30:00,America/New_York,https://www.bea.gov/news/2022/gross-domestic-product-fourth-quarter-and-year-2021-advance-estimate,OANDA,690,108329,GDP (Annualized) - pre..,4Q,3,1643290200,2022-01-27 14:30,EconomicCalendar/raw/oanda/daily/2022-01-27.json,pinned_report_and_event_name,"5,5%","2,3%","6,9%",parsed,scalar,5.5,,5.5,,percent,1,,parsed,scalar,2.3,,2.3,,percent,1,,parsed,scalar,6.9,,6.9,,percent,1,
1887,PCE,2022-01-28T07:30:00-06:00,BEA,bea:pce:20220128T133000Z:december-2021,December 2021,3,exact,2022-01-28,08:30:00,America/New_York,https://www.bea.gov/news/2022/personal-income-and-outlays-december-2021,OANDA,694,108389,Personal Consumption Expenditures,December,2,1643376600,2022-01-28 14:30,EconomicCalendar/raw/oanda/daily/2022-01-28.json,pinned_report_and_event_name,"-0,5% m/m","0,6% m/m","-0,6% m/m",parsed,scalar,-0.5,,-0.5,,percent,1,m/m,parsed,scalar,0.6,,0.6,,percent,1,m/m,parsed,scalar,-0.6,,-0.6,,percent,1,m/m
594,EMPLOYMENT,2022-02-04T07:30:00-06:00,BLS,bls:employment:20220204T133000Z:january-2022,January 2022,3,exact,2022-02-04,08:30:00,America/New_York,https://www.bls.gov/schedule/2022/home.htm,OANDA,707,110164,Non-Farm Employment Change,January,3,1643981400,2022-02-04 14:30,EconomicCalendar/raw/oanda/daily/2022-02-04.json,pinned_report_and_event_name,150 k,199 k,467 k,parsed,scalar,150,,150000,,count,1000,,parsed,scalar,199,,199000,,count,1000,,parsed,scalar,467,,467000,,count,1000,
595,CPI,2022-02-10T07:30:00-06:00,BLS,bls:cpi:20220210T133000Z:january-2022,January 2022,3,exact,2022-02-10,08:30:00,America/New_York,https://www.bls.gov/schedule/2022/home.htm,OANDA,699,109899,Consumer Price Index,January,3,1644499800,2022-02-10 14:30,EconomicCalendar/raw/oanda/daily/2022-02-10.json,pinned_report_and_event_name,"0,5% m/m","0,5% m/m","0,6% m/m",parsed,scalar,0.5,,0.5,,percent,1,m/m,parsed,scalar,0.5,,0.5,,percent,1,m/m,parsed,scalar,0.6,,0.6,,percent,1,m/m
596,PPI,2022-02-15T07:30:00-06:00,BLS,bls:ppi:20220215T133000Z:january-2022,January 2022,3,exact,2022-02-15,08:30:00,America/New_York,https://www.bls.gov/schedule/2022/home.htm,OANDA,703,109959,Producer Price Index,January,2,1644931800,2022-02-15 14:30,EconomicCalendar/raw/oanda/daily/2022-02-15.json,pinned_report_and_event_name,"0,5% m/m","0,2% m/m",1% m/m,parsed,scalar,0.5,,0.5,,percent,1,m/m,parsed,scalar,0.2,,0.2,,percent,1,m/m,parsed,scalar,1,,1,,percent,1,m/m
2555,RETAIL_SALES,2022-02-16T07:30:00-06:00,CENSUS,census:retail-sales-2022-01,January 2022,3,exact,2022-02-16,08:30:00,America/New_York,https://www2.census.gov/retail/releases/historical/marts/adv2201.pdf,OANDA,696,110572,Retail Sales,January,3,1645018200,2022-02-16 14:30,EconomicCalendar/raw/oanda/daily/2022-02-16.json,pinned_report_and_event_name,"1,9% m/m","-1,9% m/m","3,8% m/m",parsed,scalar,1.9,,1.9,,percent,1,m/m,parsed,scalar,-1.9,,-1.9,,percent,1,m/m,parsed,scalar,3.8,,3.8,,percent,1,m/m
1888,GDP,2022-02-24T07:30:00-06:00,BEA,bea:gdp:20220224T133000Z:q4-2021-second,Q4 2021 Second,3,exact,2022-02-24,08:30:00,America/New_York,https://www.bea.gov/news/2022/gross-domestic-product-fourth-quarter-and-year-2021-second-estimate,OANDA,690,108334,GDP (Annualized) - rev..,4Q,3,1645709400,2022-02-24 14:30,EconomicCalendar/raw/oanda/daily/2022-02-24.json,pinned_report_and_event_name,"6,9%","2,3%",7%,parsed,scalar,6.9,,6.9,,percent,1,,parsed,scalar,2.3,,2.3,,percent,1,,parsed,scalar,7,,7,,percent,1,
2556,DURABLE_GOODS,2022-02-25T07:30:00-06:00,CENSUS,census:durable-goods-2022-01,January 2022,3,exact,2022-02-25,08:30:00,America/New_York,https://www.census.gov/manufacturing/m3/historical_data/pressreleases/adv/2022/jan22adv.pdf,OANDA,59,110636,Durable Goods Orders - pre..,January,3,1645795800,2022-02-25 14:30,EconomicCalendar/raw/oanda/daily/2022-02-25.json,pinned_report_and_event_name,"0,7% m/m","-0,7% m/m","1,6% m/m",parsed,scalar,0.7,,0.7,,percent,1,m/m,parsed,scalar,-0.7,,-0.7,,percent,1,m/m,parsed,scalar,1.6,,1.6,,percent,1,m/m
1889,PCE,2022-02-25T07:30:00-06:00,BEA,bea:pce:20220225T133000Z:january-2022,January 2022,3,exact,2022-02-25,08:30:00,America/New_York,https://www.bea.gov/news/2022/personal-income-and-outlays-january-2022,OANDA,694,108395,Personal Consumption Expenditures,January,2,1645795800,2022-02-25 14:30,EconomicCalendar/raw/oanda/daily/2022-02-25.json,pinned_report_and_event_name,"1,5% m/m","-0,6% m/m","2,1% m/m",parsed,scalar,1.5,,1.5,,percent,1,m/m,parsed,scalar,-0.6,,-0.6,,percent,1,m/m,parsed,scalar,2.1,,2.1,,percent,1,m/m
597,EMPLOYMENT,2022-03-04T07:30:00-06:00,BLS,bls:employment:20220304T133000Z:february-2022,February 2022,3,exact,2022-03-04,08:30:00,America/New_York,https://www.bls.gov/schedule/2022/home.htm,OANDA,707,110172,Non-Farm Employment Change,February,3,1646400600,2022-03-04 14:30,EconomicCalendar/raw/oanda/daily/2022-03-04.json,pinned_report_and_event_name,440 k,467 k,678 k,parsed,scalar,440,,440000,,count,1000,,parsed,scalar,467,,467000,,count,1000,,parsed,scalar,678,,678000,,count,1000,
599,CPI,2022-03-10T07:30:00-06:00,BLS,bls:cpi:20220310T133000Z:february-2022,February 2022,3,exact,2022-03-10,08:30:00,America/New_York,https://www.bls.gov/schedule/2022/home.htm,OANDA,699,109904,Consumer Price Index,February,3,1646919000,2022-03-10 14:30,EconomicCalendar/raw/oanda/daily/2022-03-10.json,pinned_report_and_event_name,"0,8% m/m","0,6% m/m","0,8% m/m",parsed,scalar,0.8,,0.8,,percent,1,m/m,parsed,scalar,0.6,,0.6,,percent,1,m/m,parsed,scalar,0.8,,0.8,,percent,1,m/m
600,PPI,2022-03-15T07:30:00-05:00,BLS,bls:ppi:20220315T123000Z:february-2022,February 2022,3,exact,2022-03-15,08:30:00,America/New_York,https://www.bls.gov/schedule/2022/home.htm,OANDA,703,109964,Producer Price Index,February,2,1647347400,2022-03-15 13:30,EconomicCalendar/raw/oanda/daily/2022-03-15.json,pinned_report_and_event_name,"0,9% m/m",1% m/m,"0,8% m/m",parsed,scalar,0.9,,0.9,,percent,1,m/m,parsed,scalar,1,,1,,percent,1,m/m,parsed,scalar,0.8,,0.8,,percent,1,m/m
2557,RETAIL_SALES,2022-03-16T07:30:00-05:00,CENSUS,census:retail-sales-2022-02,February 2022,3,exact,2022-03-16,08:30:00,America/New_York,https://www2.census.gov/retail/releases/historical/marts/adv2202.pdf,OANDA,696,110576,Retail Sales,February,3,1647433800,2022-03-16 13:30,EconomicCalendar/raw/oanda/daily/2022-03-16.json,pinned_report_and_event_name,"0,4% m/m","3,8% m/m","0,3% m/m",parsed,scalar,0.4,,0.4,,percent,1,m/m,parsed,scalar,3.8,,3.8,,percent,1,m/m,parsed,scalar,0.3,,0.3,,percent,1,m/m
2229,FOMC,2022-03-16T13:00:00-05:00,FEDERAL_RESERVE,federal_reserve:fomc:20220316T180000Z,FOMC 2022-03-16,3,exact,2022-03-16,14:00:00,America/New_York,https://www.federalreserve.gov/newsevents/pressreleases/monetary20220316a.htm,OANDA,82,109608,FOMC Interest Rate Decision,March,3,1647453600,2022-03-16 19:00,EconomicCalendar/raw/oanda/daily/2022-03-16.json,pinned_report_and_event_name,"0,25-0,50%","0-0,25%","0,25-0,50%",parsed,range,0.25,0.50,0.25,0.50,percent,1,,parsed,range,0,0.25,0,0.25,percent,1,,parsed,range,0.25,0.50,0.25,0.50,percent,1,
2558,DURABLE_GOODS,2022-03-24T07:30:00-05:00,CENSUS,census:durable-goods-2022-02,February 2022,3,exact,2022-03-24,08:30:00,America/New_York,https://www.census.gov/manufacturing/m3/historical_data/pressreleases/adv/2022/feb22adv.pdf,OANDA,59,110637,Durable Goods Orders - pre..,February,3,1648125000,2022-03-24 13:30,EconomicCalendar/raw/oanda/daily/2022-03-24.json,pinned_report_and_event_name,"-0,5% m/m","1,6% m/m","-2,2% m/m",parsed,scalar,-0.5,,-0.5,,percent,1,m/m,parsed,scalar,1.6,,1.6,,percent,1,m/m,parsed,scalar,-2.2,,-2.2,,percent,1,m/m
1890,GDP,2022-03-30T07:30:00-05:00,BEA,bea:gdp:20220330T123000Z:q4-2021-third,Q4 2021 Third,3,exact,2022-03-30,08:30:00,America/New_York,https://www.bea.gov/news/2022/gross-domestic-product-third-estimate-corporate-profits-and-gdp-industry-fourth-quarter,OANDA,690,108339,GDP (Annualized) - fin..,4Q,3,1648643400,2022-03-30 14:30,EconomicCalendar/raw/oanda/daily/2022-03-30.json,pinned_report_and_event_name,7%,"2,3%","6,9%",parsed,scalar,7,,7,,percent,1,,parsed,scalar,2.3,,2.3,,percent,1,,parsed,scalar,6.9,,6.9,,percent,1,
1891,PCE,2022-03-31T07:30:00-05:00,BEA,bea:pce:20220331T123000Z:february-2022,February 2022,3,exact,2022-03-31,08:30:00,America/New_York,https://www.bea.gov/news/2022/personal-income-and-outlays-february-2022,OANDA,694,108401,Personal Consumption Expenditures,February,2,1648729800,2022-03-31 14:30,EconomicCalendar/raw/oanda/daily/2022-03-31.json,pinned_report_and_event_name,"0,5% m/m","2,1% m/m","0,2% m/m",parsed,scalar,0.5,,0.5,,percent,1,m/m,parsed,scalar,2.1,,2.1,,percent,1,m/m,parsed,scalar,0.2,,0.2,,percent,1,m/m
602,EMPLOYMENT,2022-04-01T07:30:00-05:00,BLS,bls:employment:20220401T123000Z:march-2022,March 2022,3,exact,2022-04-01,08:30:00,America/New_York,https://www.bls.gov/schedule/2022/home.htm,OANDA,707,110180,Non-Farm Employment Change,March,3,1648816200,2022-04-01 14:30,EconomicCalendar/raw/oanda/daily/2022-04-01.json,pinned_report_and_event_name,475 k,678 k,431 k,parsed,scalar,475,,475000,,count,1000,,parsed,scalar,678,,678000,,count,1000,,parsed,scalar,431,,431000,,count,1000,
603,CPI,2022-04-12T07:30:00-05:00,BLS,bls:cpi:20220412T123000Z:march-2022,March 2022,3,exact,2022-04-12,08:30:00,America/New_York,https://www.bls.gov/schedule/2022/home.htm,OANDA,699,109909,Consumer Price Index,March,3,1649766600,2022-04-12 14:30,EconomicCalendar/raw/oanda/daily/2022-04-12.json,pinned_report_and_event_name,"1,2% m/m","0,8% m/m","1,2% m/m",parsed,scalar,1.2,,1.2,,percent,1,m/m,parsed,scalar,0.8,,0.8,,percent,1,m/m,parsed,scalar,1.2,,1.2,,percent,1,m/m
604,PPI,2022-04-13T07:30:00-05:00,BLS,bls:ppi:20220413T123000Z:march-2022,March 2022,3,exact,2022-04-13,08:30:00,America/New_York,https://www.bls.gov/schedule/2022/home.htm,OANDA,703,109969,Producer Price Index,March,2,1649853000,2022-04-13 14:30,EconomicCalendar/raw/oanda/daily/2022-04-13.json,pinned_report_and_event_name,"1,1% m/m","0,8% m/m","1,4% m/m",parsed,scalar,1.1,,1.1,,percent,1,m/m,parsed,scalar,0.8,,0.8,,percent,1,m/m,parsed,scalar,1.4,,1.4,,percent,1,m/m
2559,RETAIL_SALES,2022-04-14T07:30:00-05:00,CENSUS,census:retail-sales-2022-03,March 2022,3,exact,2022-04-14,08:30:00,America/New_York,https://www2.census.gov/retail/releases/historical/marts/adv2203.pdf,OANDA,696,110580,Retail Sales,March,3,1649939400,2022-04-14 14:30,EconomicCalendar/raw/oanda/daily/2022-04-14.json,pinned_report_and_event_name,"0,6% m/m","0,3% m/m","0,5% m/m",parsed,scalar,0.6,,0.6,,percent,1,m/m,parsed,scalar,0.3,,0.3,,percent,1,m/m,parsed,scalar,0.5,,0.5,,percent,1,m/m
2560,DURABLE_GOODS,2022-04-26T07:30:00-05:00,CENSUS,census:durable-goods-2022-03,March 2022,3,exact,2022-04-26,08:30:00,America/New_York,https://www.census.gov/manufacturing/m3/historical_data/pressreleases/adv/2022/mar22adv.pdf,OANDA,59,110638,Durable Goods Orders - pre..,March,3,1650976200,2022-04-26 14:30,EconomicCalendar/raw/oanda/daily/2022-04-26.json,pinned_report_and_event_name,1% m/m,"-2,1% m/m","0,8% m/m",parsed,scalar,1,,1,,percent,1,m/m,parsed,scalar,-2.1,,-2.1,,percent,1,m/m,parsed,scalar,0.8,,0.8,,percent,1,m/m
1892,GDP,2022-04-28T07:30:00-05:00,BEA,bea:gdp:20220428T123000Z:q1-2022-advance,Q1 2022 Advance,3,exact,2022-04-28,08:30:00,America/New_York,https://www.bea.gov/news/2022/gross-domestic-product-first-quarter-2022-advance-estimate,OANDA,690,108344,GDP (Annualized) - pre..,1Q,3,1651149000,2022-04-28 14:30,EconomicCalendar/raw/oanda/daily/2022-04-28.json,pinned_report_and_event_name,"1,1%","6,9%","-1,4%",parsed,scalar,1.1,,1.1,,percent,1,,parsed,scalar,6.9,,6.9,,percent,1,,parsed,scalar,-1.4,,-1.4,,percent,1,
1893,PCE,2022-04-29T07:30:00-05:00,BEA,bea:pce:20220429T123000Z:march-2022,March 2022,3,exact,2022-04-29,08:30:00,America/New_York,https://www.bea.gov/news/2022/personal-income-and-outlays-march-2022,OANDA,694,108407,Personal Consumption Expenditures,March,2,1651235400,2022-04-29 14:30,EconomicCalendar/raw/oanda/daily/2022-04-29.json,pinned_report_and_event_name,"0,6% m/m","0,2% m/m","1,1% m/m",parsed,scalar,0.6,,0.6,,percent,1,m/m,parsed,scalar,0.2,,0.2,,percent,1,m/m,parsed,scalar,1.1,,1.1,,percent,1,m/m
2230,FOMC,2022-05-04T13:00:00-05:00,FEDERAL_RESERVE,federal_reserve:fomc:20220504T180000Z,FOMC 2022-05-04,3,exact,2022-05-04,14:00:00,America/New_York,https://www.federalreserve.gov/newsevents/pressreleases/monetary20220504a.htm,OANDA,82,109609,FOMC Interest Rate Decision,May,3,1651687200,2022-05-04 20:00,EconomicCalendar/raw/oanda/daily/2022-05-04.json,pinned_report_and_event_name,"0,75-1,00%","0,25-0,50%","0,75-1,00%",parsed,range,0.75,1.00,0.75,1.00,percent,1,,parsed,range,0.25,0.50,0.25,0.50,percent,1,,parsed,range,0.75,1.00,0.75,1.00,percent,1,
607,EMPLOYMENT,2022-05-06T07:30:00-05:00,BLS,bls:employment:20220506T123000Z:april-2022,April 2022,3,exact,2022-05-06,08:30:00,America/New_York,https://www.bls.gov/schedule/2022/home.htm,OANDA,707,110188,Non-Farm Employment Change,April,3,1651840200,2022-05-06 14:30,EconomicCalendar/raw/oanda/daily/2022-05-06.json,pinned_report_and_event_name,385 k,431 k,428 k,parsed,scalar,385,,385000,,count,1000,,parsed,scalar,431,,431000,,count,1000,,parsed,scalar,428,,428000,,count,1000,
608,CPI,2022-05-11T07:30:00-05:00,BLS,bls:cpi:20220511T123000Z:april-2022,April 2022,3,exact,2022-05-11,08:30:00,America/New_York,https://www.bls.gov/schedule/2022/home.htm,OANDA,699,109914,Consumer Price Index,April,3,1652272200,2022-05-11 14:30,EconomicCalendar/raw/oanda/daily/2022-05-11.json,pinned_report_and_event_name,"0,2% m/m","1,2% m/m","0,3% m/m",parsed,scalar,0.2,,0.2,,percent,1,m/m,parsed,scalar,1.2,,1.2,,percent,1,m/m,parsed,scalar,0.3,,0.3,,percent,1,m/m
609,PPI,2022-05-12T07:30:00-05:00,BLS,bls:ppi:20220512T123000Z:april-2022,April 2022,3,exact,2022-05-12,08:30:00,America/New_York,https://www.bls.gov/schedule/2022/home.htm,OANDA,703,109974,Producer Price Index,April,2,1652358600,2022-05-12 14:30,EconomicCalendar/raw/oanda/daily/2022-05-12.json,pinned_report_and_event_name,"0,5% m/m","1,4% m/m","0,5% m/m",parsed,scalar,0.5,,0.5,,percent,1,m/m,parsed,scalar,1.4,,1.4,,percent,1,m/m,parsed,scalar,0.5,,0.5,,percent,1,m/m
2561,RETAIL_SALES,2022-05-17T07:30:00-05:00,CENSUS,census:retail-sales-2022-04,April 2022,3,exact,2022-05-17,08:30:00,America/New_York,https://www2.census.gov/retail/releases/historical/marts/adv2204.pdf,OANDA,696,110584,Retail Sales,April,3,1652790600,2022-05-17 14:30,EconomicCalendar/raw/oanda/daily/2022-05-17.json,pinned_report_and_event_name,"0,9% m/m","0,5% m/m","0,9% m/m",parsed,scalar,0.9,,0.9,,percent,1,m/m,parsed,scalar,0.5,,0.5,,percent,1,m/m,parsed,scalar,0.9,,0.9,,percent,1,m/m
2562,DURABLE_GOODS,2022-05-25T07:30:00-05:00,CENSUS,census:durable-goods-2022-04,April 2022,3,exact,2022-05-25,08:30:00,America/New_York,https://www.census.gov/manufacturing/m3/historical_data/pressreleases/adv/2022/apr22adv.pdf,OANDA,59,110639,Durable Goods Orders - pre..,April,3,1653481800,2022-05-25 14:30,EconomicCalendar/raw/oanda/daily/2022-05-25.json,pinned_report_and_event_name,"0,5% m/m","1,1% m/m","0,4% m/m",parsed,scalar,0.5,,0.5,,percent,1,m/m,parsed,scalar,1.1,,1.1,,percent,1,m/m,parsed,scalar,0.4,,0.4,,percent,1,m/m
1894,GDP,2022-05-26T07:30:00-05:00,BEA,bea:gdp:20220526T123000Z:q1-2022-second,Q1 2022 Second,3,exact,2022-05-26,08:30:00,America/New_York,https://www.bea.gov/news/2022/gross-domestic-product-second-estimate-and-corporate-profits-preliminary-first-quarter,OANDA,690,108349,GDP (Annualized) - rev..,1Q,3,1653568200,2022-05-26 14:30,EconomicCalendar/raw/oanda/daily/2022-05-26.json,pinned_report_and_event_name,"-1,4%","6,9%","-1,5%",parsed,scalar,-1.4,,-1.4,,percent,1,,parsed,scalar,6.9,,6.9,,percent,1,,parsed,scalar,-1.5,,-1.5,,percent,1,
1895,PCE,2022-05-27T07:30:00-05:00,BEA,bea:pce:20220527T123000Z:april-2022,April 2022,3,exact,2022-05-27,08:30:00,America/New_York,https://www.bea.gov/news/2022/personal-income-and-outlays-april-2022,OANDA,694,108413,Personal Consumption Expenditures,April,2,1653654600,2022-05-27 14:30,EconomicCalendar/raw/oanda/daily/2022-05-27.json,pinned_report_and_event_name,"0,7% m/m","1,1% m/m","0,9% m/m",parsed,scalar,0.7,,0.7,,percent,1,m/m,parsed,scalar,1.1,,1.1,,percent,1,m/m,parsed,scalar,0.9,,0.9,,percent,1,m/m
611,EMPLOYMENT,2022-06-03T07:30:00-05:00,BLS,bls:employment:20220603T123000Z:may-2022,May 2022,3,exact,2022-06-03,08:30:00,America/New_York,https://www.bls.gov/schedule/2022/home.htm,OANDA,707,110196,Non-Farm Employment Change,May,3,1654259400,2022-06-03 14:30,EconomicCalendar/raw/oanda/daily/2022-06-03.json,pinned_report_and_event_name,320 k,428 k,390 k,parsed,scalar,320,,320000,,count,1000,,parsed,scalar,428,,428000,,count,1000,,parsed,scalar,390,,390000,,count,1000,
612,CPI,2022-06-10T07:30:00-05:00,BLS,bls:cpi:20220610T123000Z:may-2022,May 2022,3,exact,2022-06-10,08:30:00,America/New_York,https://www.bls.gov/schedule/2022/home.htm,OANDA,699,109919,Consumer Price Index,May,3,1654864200,2022-06-10 14:30,EconomicCalendar/raw/oanda/daily/2022-06-10.json,pinned_report_and_event_name,"0,7% m/m","0,3% m/m",1% m/m,parsed,scalar,0.7,,0.7,,percent,1,m/m,parsed,scalar,0.3,,0.3,,percent,1,m/m,parsed,scalar,1,,1,,percent,1,m/m
613,PPI,2022-06-14T07:30:00-05:00,BLS,bls:ppi:20220614T123000Z:may-2022,May 2022,3,exact,2022-06-14,08:30:00,America/New_York,https://www.bls.gov/schedule/2022/home.htm,OANDA,703,109979,Producer Price Index,May,2,1655209800,2022-06-14 14:30,EconomicCalendar/raw/oanda/daily/2022-06-14.json,pinned_report_and_event_name,"0,8% m/m","0,5% m/m","0,8% m/m",parsed,scalar,0.8,,0.8,,percent,1,m/m,parsed,scalar,0.5,,0.5,,percent,1,m/m,parsed,scalar,0.8,,0.8,,percent,1,m/m
2563,RETAIL_SALES,2022-06-15T07:30:00-05:00,CENSUS,census:retail-sales-2022-05,May 2022,3,exact,2022-06-15,08:30:00,America/New_York,https://www2.census.gov/retail/releases/historical/marts/adv2205.pdf,OANDA,696,110588,Retail Sales,May,3,1655296200,2022-06-15 14:30,EconomicCalendar/raw/oanda/daily/2022-06-15.json,pinned_report_and_event_name,"0,2% m/m","0,9% m/m","-0,3% m/m",parsed,scalar,0.2,,0.2,,percent,1,m/m,parsed,scalar,0.9,,0.9,,percent,1,m/m,parsed,scalar,-0.3,,-0.3,,percent,1,m/m
2231,FOMC,2022-06-15T13:00:00-05:00,FEDERAL_RESERVE,federal_reserve:fomc:20220615T180000Z,FOMC 2022-06-15,3,exact,2022-06-15,14:00:00,America/New_York,https://www.federalreserve.gov/newsevents/pressreleases/monetary20220615a.htm,OANDA,82,109610,FOMC Interest Rate Decision,June,3,1655316000,2022-06-15 20:00,EconomicCalendar/raw/oanda/daily/2022-06-15.json,pinned_report_and_event_name,"1,50-1,75%","0,75-1,00%","1,50-1,75%",parsed,range,1.50,1.75,1.50,1.75,percent,1,,parsed,range,0.75,1.00,0.75,1.00,percent,1,,parsed,range,1.50,1.75,1.50,1.75,percent,1,
2564,DURABLE_GOODS,2022-06-27T07:30:00-05:00,CENSUS,census:durable-goods-2022-05,May 2022,3,exact,2022-06-27,08:30:00,America/New_York,https://www.census.gov/manufacturing/m3/historical_data/pressreleases/adv/2022/may22adv.pdf,OANDA,59,110640,Durable Goods Orders - pre..,May,3,1656333000,2022-06-27 14:30,EconomicCalendar/raw/oanda/daily/2022-06-27.json,pinned_report_and_event_name,"0,0% m/m","0,5% m/m","0,7% m/m",parsed,scalar,0.0,,0.0,,percent,1,m/m,parsed,scalar,0.5,,0.5,,percent,1,m/m,parsed,scalar,0.7,,0.7,,percent,1,m/m
1896,GDP,2022-06-29T07:30:00-05:00,BEA,bea:gdp:20220629T123000Z:q1-2022-third,Q1 2022 Third,3,exact,2022-06-29,08:30:00,America/New_York,https://www.bea.gov/news/2022/gross-domestic-product-third-estimate-gdp-industry-and-corporate-profits-revised-first,OANDA,690,108354,GDP (Annualized) - fin..,1Q,3,1656505800,2022-06-29 14:30,EconomicCalendar/raw/oanda/daily/2022-06-29.json,pinned_report_and_event_name,"-1,5%","6,9%","-1,6%",parsed,scalar,-1.5,,-1.5,,percent,1,,parsed,scalar,6.9,,6.9,,percent,1,,parsed,scalar,-1.6,,-1.6,,percent,1,
1897,PCE,2022-06-30T07:30:00-05:00,BEA,bea:pce:20220630T123000Z:may-2022,May 2022,3,exact,2022-06-30,08:30:00,America/New_York,https://www.bea.gov/news/2022/personal-income-and-outlays-may-2022,OANDA,694,108419,Personal Consumption Expenditures,May,2,1656592200,2022-06-30 14:30,EconomicCalendar/raw/oanda/daily/2022-06-30.json,pinned_report_and_event_name,"0,4% m/m","0,9% m/m","0,2% m/m",parsed,scalar,0.4,,0.4,,percent,1,m/m,parsed,scalar,0.9,,0.9,,percent,1,m/m,parsed,scalar,0.2,,0.2,,percent,1,m/m
615,EMPLOYMENT,2022-07-08T07:30:00-05:00,BLS,bls:employment:20220708T123000Z:june-2022,June 2022,3,exact,2022-07-08,08:30:00,America/New_York,https://www.bls.gov/schedule/2022/home.htm,OANDA,707,110204,Non-Farm Employment Change,June,3,1657283400,2022-07-08 14:30,EconomicCalendar/raw/oanda/daily/2022-07-08.json,pinned_report_and_event_name,270 k,390 k,372 k,parsed,scalar,270,,270000,,count,1000,,parsed,scalar,390,,390000,,count,1000,,parsed,scalar,372,,372000,,count,1000,
616,CPI,2022-07-13T07:30:00-05:00,BLS,bls:cpi:20220713T123000Z:june-2022,June 2022,3,exact,2022-07-13,08:30:00,America/New_York,https://www.bls.gov/schedule/2022/home.htm,OANDA,699,109924,Consumer Price Index,June,3,1657715400,2022-07-13 14:30,EconomicCalendar/raw/oanda/daily/2022-07-13.json,pinned_report_and_event_name,"1,1% m/m",1% m/m,"1,3% m/m",parsed,scalar,1.1,,1.1,,percent,1,m/m,parsed,scalar,1,,1,,percent,1,m/m,parsed,scalar,1.3,,1.3,,percent,1,m/m
617,PPI,2022-07-14T07:30:00-05:00,BLS,bls:ppi:20220714T123000Z:june-2022,June 2022,3,exact,2022-07-14,08:30:00,America/New_York,https://www.bls.gov/schedule/2022/home.htm,OANDA,703,109984,Producer Price Index,June,2,1657801800,2022-07-14 14:30,EconomicCalendar/raw/oanda/daily/2022-07-14.json,pinned_report_and_event_name,"0,8% m/m","0,8% m/m","1,1% m/m",parsed,scalar,0.8,,0.8,,percent,1,m/m,parsed,scalar,0.8,,0.8,,percent,1,m/m,parsed,scalar,1.1,,1.1,,percent,1,m/m
2565,RETAIL_SALES,2022-07-15T07:30:00-05:00,CENSUS,census:retail-sales-2022-06,June 2022,3,exact,2022-07-15,08:30:00,America/New_York,https://www2.census.gov/retail/releases/historical/marts/adv2206.pdf,OANDA,696,110592,Retail Sales,June,3,1657888200,2022-07-15 14:30,EconomicCalendar/raw/oanda/daily/2022-07-15.json,pinned_report_and_event_name,"0,8% m/m","-0,3% m/m",1% m/m,parsed,scalar,0.8,,0.8,,percent,1,m/m,parsed,scalar,-0.3,,-0.3,,percent,1,m/m,parsed,scalar,1,,1,,percent,1,m/m
2566,DURABLE_GOODS,2022-07-27T07:30:00-05:00,CENSUS,census:durable-goods-2022-06,June 2022,3,exact,2022-07-27,08:30:00,America/New_York,https://www.census.gov/manufacturing/m3/historical_data/pressreleases/adv/2022/jun22adv.pdf,OANDA,59,110641,Durable Goods Orders - pre..,June,3,1658925000,2022-07-27 14:30,EconomicCalendar/raw/oanda/daily/2022-07-27.json,pinned_report_and_event_name,"-0,4% m/m","0,8% m/m","1,9% m/m",parsed,scalar,-0.4,,-0.4,,percent,1,m/m,parsed,scalar,0.8,,0.8,,percent,1,m/m,parsed,scalar,1.9,,1.9,,percent,1,m/m
2232,FOMC,2022-07-27T13:00:00-05:00,FEDERAL_RESERVE,federal_reserve:fomc:20220727T180000Z,FOMC 2022-07-27,3,exact,2022-07-27,14:00:00,America/New_York,https://www.federalreserve.gov/newsevents/pressreleases/monetary20220727a.htm,OANDA,82,109611,FOMC Interest Rate Decision,July,3,1658944800,2022-07-27 20:00,EconomicCalendar/raw/oanda/daily/2022-07-27.json,pinned_report_and_event_name,"2,25-2,50%","1,50-1,75%","2,25-2,50%",parsed,range,2.25,2.50,2.25,2.50,percent,1,,parsed,range,1.50,1.75,1.50,1.75,percent,1,,parsed,range,2.25,2.50,2.25,2.50,percent,1,
1898,GDP,2022-07-28T07:30:00-05:00,BEA,bea:gdp:20220728T123000Z:q2-2022-advance,Q2 2022 Advance,3,exact,2022-07-28,08:30:00,America/New_York,https://www.bea.gov/news/2022/gross-domestic-product-second-quarter-2022-advance-estimate,OANDA,690,108359,GDP (Annualized) - pre..,2Q,3,1659011400,2022-07-28 14:30,EconomicCalendar/raw/oanda/daily/2022-07-28.json,pinned_report_and_event_name,"0,5%","-1,6%","-0,9%",parsed,scalar,0.5,,0.5,,percent,1,,parsed,scalar,-1.6,,-1.6,,percent,1,,parsed,scalar,-0.9,,-0.9,,percent,1,
1899,PCE,2022-07-29T07:30:00-05:00,BEA,bea:pce:20220729T123000Z:june-2022,June 2022,3,exact,2022-07-29,08:30:00,America/New_York,https://www.bea.gov/news/2022/personal-income-and-outlays-june-2022,OANDA,694,108425,Personal Consumption Expenditures,June,2,1659097800,2022-07-29 14:30,EconomicCalendar/raw/oanda/daily/2022-07-29.json,pinned_report_and_event_name,"0,9% m/m","0,2% m/m","1,1% m/m",parsed,scalar,0.9,,0.9,,percent,1,m/m,parsed,scalar,0.2,,0.2,,percent,1,m/m,parsed,scalar,1.1,,1.1,,percent,1,m/m
619,EMPLOYMENT,2022-08-05T07:30:00-05:00,BLS,bls:employment:20220805T123000Z:july-2022,July 2022,3,exact,2022-08-05,08:30:00,America/New_York,https://www.bls.gov/schedule/2022/home.htm,OANDA,707,110212,Non-Farm Employment Change,July,3,1659702600,2022-08-05 14:30,EconomicCalendar/raw/oanda/daily/2022-08-05.json,pinned_report_and_event_name,250 k,372 k,528 k,parsed,scalar,250,,250000,,count,1000,,parsed,scalar,372,,372000,,count,1000,,parsed,scalar,528,,528000,,count,1000,
620,CPI,2022-08-10T07:30:00-05:00,BLS,bls:cpi:20220810T123000Z:july-2022,July 2022,3,exact,2022-08-10,08:30:00,America/New_York,https://www.bls.gov/schedule/2022/home.htm,OANDA,699,109929,Consumer Price Index,July,3,1660134600,2022-08-10 14:30,EconomicCalendar/raw/oanda/daily/2022-08-10.json,pinned_report_and_event_name,"0,2% m/m","1,3% m/m",,parsed,scalar,0.2,,0.2,,percent,1,m/m,parsed,scalar,1.3,,1.3,,percent,1,m/m,missing,,,,,,,,
621,PPI,2022-08-11T07:30:00-05:00,BLS,bls:ppi:20220811T123000Z:july-2022,July 2022,3,exact,2022-08-11,08:30:00,America/New_York,https://www.bls.gov/schedule/2022/home.htm,OANDA,703,109989,Producer Price Index,July,2,1660221000,2022-08-11 14:30,EconomicCalendar/raw/oanda/daily/2022-08-11.json,pinned_report_and_event_name,"0,3% m/m","1,1% m/m","-0,5% m/m",parsed,scalar,0.3,,0.3,,percent,1,m/m,parsed,scalar,1.1,,1.1,,percent,1,m/m,parsed,scalar,-0.5,,-0.5,,percent,1,m/m
2567,RETAIL_SALES,2022-08-17T07:30:00-05:00,CENSUS,census:retail-sales-2022-07,July 2022,3,exact,2022-08-17,08:30:00,America/New_York,https://www2.census.gov/retail/releases/historical/marts/adv2207.pdf,OANDA,696,110596,Retail Sales,July,3,1660739400,2022-08-17 14:30,EconomicCalendar/raw/oanda/daily/2022-08-17.json,pinned_report_and_event_name,"0,1% m/m",1% m/m,,parsed,scalar,0.1,,0.1,,percent,1,m/m,parsed,scalar,1,,1,,percent,1,m/m,missing,,,,,,,,
2568,DURABLE_GOODS,2022-08-24T07:30:00-05:00,CENSUS,census:durable-goods-2022-07,July 2022,3,exact,2022-08-24,08:30:00,America/New_York,https://www.census.gov/manufacturing/m3/historical_data/pressreleases/adv/2022/jul22adv.pdf,OANDA,59,110642,Durable Goods Orders - pre..,July,3,1661344200,2022-08-24 14:30,EconomicCalendar/raw/oanda/daily/2022-08-24.json,pinned_report_and_event_name,"0,5% m/m",2% m/m,,parsed,scalar,0.5,,0.5,,percent,1,m/m,parsed,scalar,2,,2,,percent,1,m/m,missing,,,,,,,,
1900,GDP,2022-08-25T07:30:00-05:00,BEA,bea:gdp:20220825T123000Z:q2-2022-second,Q2 2022 Second,3,exact,2022-08-25,08:30:00,America/New_York,https://www.bea.gov/news/2022/gross-domestic-product-second-estimate-and-corporate-profits-preliminary-second-quarter,OANDA,690,108364,GDP (Annualized) - rev..,2Q,3,1661430600,2022-08-25 14:30,EconomicCalendar/raw/oanda/daily/2022-08-25.json,pinned_report_and_event_name,"-0,8%","-1,6%","-0,6%",parsed,scalar,-0.8,,-0.8,,percent,1,,parsed,scalar,-1.6,,-1.6,,percent,1,,parsed,scalar,-0.6,,-0.6,,percent,1,
1901,PCE,2022-08-26T07:30:00-05:00,BEA,bea:pce:20220826T123000Z:july-2022,July 2022,3,exact,2022-08-26,08:30:00,America/New_York,https://www.bea.gov/news/2022/personal-income-and-outlays-july-2022,OANDA,694,108431,Personal Consumption Expenditures,July,2,1661517000,2022-08-26 14:30,EconomicCalendar/raw/oanda/daily/2022-08-26.json,pinned_report_and_event_name,"0,4% m/m","1,1% m/m","0,1% m/m",parsed,scalar,0.4,,0.4,,percent,1,m/m,parsed,scalar,1.1,,1.1,,percent,1,m/m,parsed,scalar,0.1,,0.1,,percent,1,m/m
623,EMPLOYMENT,2022-09-02T07:30:00-05:00,BLS,bls:employment:20220902T123000Z:august-2022,August 2022,3,exact,2022-09-02,08:30:00,America/New_York,https://www.bls.gov/schedule/2022/home.htm,OANDA,707,110220,Non-Farm Employment Change,August,3,1662121800,2022-09-02 14:30,EconomicCalendar/raw/oanda/daily/2022-09-02.json,pinned_report_and_event_name,300 k,528 k,315 k,parsed,scalar,300,,300000,,count,1000,,parsed,scalar,528,,528000,,count,1000,,parsed,scalar,315,,315000,,count,1000,
624,CPI,2022-09-13T07:30:00-05:00,BLS,bls:cpi:20220913T123000Z:august-2022,August 2022,3,exact,2022-09-13,08:30:00,America/New_York,https://www.bls.gov/schedule/2022/home.htm,OANDA,699,109934,Consumer Price Index,August,3,1663072200,2022-09-13 14:30,EconomicCalendar/raw/oanda/daily/2022-09-13.json,pinned_report_and_event_name,"-0,1% m/m",,"0,1% m/m",parsed,scalar,-0.1,,-0.1,,percent,1,m/m,missing,,,,,,,,,parsed,scalar,0.1,,0.1,,percent,1,m/m
625,PPI,2022-09-14T07:30:00-05:00,BLS,bls:ppi:20220914T123000Z:august-2022,August 2022,3,exact,2022-09-14,08:30:00,America/New_York,https://www.bls.gov/schedule/2022/home.htm,OANDA,703,109994,Producer Price Index,August,2,1663158600,2022-09-14 14:30,EconomicCalendar/raw/oanda/daily/2022-09-14.json,pinned_report_and_event_name,"-0,1% m/m","-0,5% m/m","-0,1% m/m",parsed,scalar,-0.1,,-0.1,,percent,1,m/m,parsed,scalar,-0.5,,-0.5,,percent,1,m/m,parsed,scalar,-0.1,,-0.1,,percent,1,m/m
2569,RETAIL_SALES,2022-09-15T07:30:00-05:00,CENSUS,census:retail-sales-2022-08,August 2022,3,exact,2022-09-15,08:30:00,America/New_York,https://www2.census.gov/retail/releases/historical/marts/adv2208.pdf,OANDA,696,110600,Retail Sales,August,3,1663245000,2022-09-15 14:30,EconomicCalendar/raw/oanda/daily/2022-09-15.json,pinned_report_and_event_name,,,"0,3% m/m",missing,,,,,,,,,missing,,,,,,,,,parsed,scalar,0.3,,0.3,,percent,1,m/m
2233,FOMC,2022-09-21T13:00:00-05:00,FEDERAL_RESERVE,federal_reserve:fomc:20220921T180000Z,FOMC 2022-09-21,3,exact,2022-09-21,14:00:00,America/New_York,https://www.federalreserve.gov/newsevents/pressreleases/monetary20220921a.htm,OANDA,82,109612,FOMC Interest Rate Decision,September,3,1663783200,2022-09-21 20:00,EconomicCalendar/raw/oanda/daily/2022-09-21.json,pinned_report_and_event_name,"3,00-3,25%","2,25-2,50%","3,00-3,25%",parsed,range,3.00,3.25,3.00,3.25,percent,1,,parsed,range,2.25,2.50,2.25,2.50,percent,1,,parsed,range,3.00,3.25,3.00,3.25,percent,1,
2570,DURABLE_GOODS,2022-09-27T07:30:00-05:00,CENSUS,census:durable-goods-2022-08,August 2022,3,exact,2022-09-27,08:30:00,America/New_York,https://www.census.gov/manufacturing/m3/historical_data/pressreleases/adv/2022/aug22adv.pdf,OANDA,59,110643,Durable Goods Orders - pre..,August,3,1664281800,2022-09-27 14:30,EconomicCalendar/raw/oanda/daily/2022-09-27.json,pinned_report_and_event_name,"-0,5% m/m","-0,1% m/m","-0,2% m/m",parsed,scalar,-0.5,,-0.5,,percent,1,m/m,parsed,scalar,-0.1,,-0.1,,percent,1,m/m,parsed,scalar,-0.2,,-0.2,,percent,1,m/m
1902,GDP,2022-09-29T07:30:00-05:00,BEA,bea:gdp:20220929T123000Z:q2-2022-third,Q2 2022 Third,3,exact,2022-09-29,08:30:00,America/New_York,https://www.bea.gov/news/2022/gross-domestic-product-third-estimate-gdp-industry-and-corporate-profits-revised-2nd,OANDA,690,108369,GDP (Annualized) - fin..,2Q,3,1664454600,2022-09-29 14:30,EconomicCalendar/raw/oanda/daily/2022-09-29.json,pinned_report_and_event_name,"-0,6%","-1,6%","-0,6%",parsed,scalar,-0.6,,-0.6,,percent,1,,parsed,scalar,-1.6,,-1.6,,percent,1,,parsed,scalar,-0.6,,-0.6,,percent,1,
1903,PCE,2022-09-30T07:30:00-05:00,BEA,bea:pce:20220930T123000Z:august-2022,August 2022,3,exact,2022-09-30,08:30:00,America/New_York,https://www.bea.gov/news/2022/personal-income-and-outlays-august-2022-and-annual-update,OANDA,694,108437,Personal Consumption Expenditures,August,2,1664541000,2022-09-30 14:30,EconomicCalendar/raw/oanda/daily/2022-09-30.json,pinned_report_and_event_name,"0,2% m/m","0,1% m/m","0,4% m/m",parsed,scalar,0.2,,0.2,,percent,1,m/m,parsed,scalar,0.1,,0.1,,percent,1,m/m,parsed,scalar,0.4,,0.4,,percent,1,m/m
627,EMPLOYMENT,2022-10-07T07:30:00-05:00,BLS,bls:employment:20221007T123000Z:september-2022,September 2022,3,exact,2022-10-07,08:30:00,America/New_York,https://www.bls.gov/schedule/2022/home.htm,OANDA,707,110228,Non-Farm Employment Change,September,3,1665145800,2022-10-07 14:30,EconomicCalendar/raw/oanda/daily/2022-10-07.json,pinned_report_and_event_name,250 k,315 k,263 k,parsed,scalar,250,,250000,,count,1000,,parsed,scalar,315,,315000,,count,1000,,parsed,scalar,263,,263000,,count,1000,
628,PPI,2022-10-12T07:30:00-05:00,BLS,bls:ppi:20221012T123000Z:september-2022,September 2022,3,exact,2022-10-12,08:30:00,America/New_York,https://www.bls.gov/schedule/2022/home.htm,OANDA,703,109999,Producer Price Index,September,2,1665577800,2022-10-12 14:30,EconomicCalendar/raw/oanda/daily/2022-10-12.json,pinned_report_and_event_name,"0,2% m/m","-0,1% m/m","0,4% m/m",parsed,scalar,0.2,,0.2,,percent,1,m/m,parsed,scalar,-0.1,,-0.1,,percent,1,m/m,parsed,scalar,0.4,,0.4,,percent,1,m/m
629,CPI,2022-10-13T07:30:00-05:00,BLS,bls:cpi:20221013T123000Z:september-2022,September 2022,3,exact,2022-10-13,08:30:00,America/New_York,https://www.bls.gov/schedule/2022/home.htm,OANDA,699,109939,Consumer Price Index,September,3,1665664200,2022-10-13 14:30,EconomicCalendar/raw/oanda/daily/2022-10-13.json,pinned_report_and_event_name,"0,2% m/m","0,1% m/m","0,4% m/m",parsed,scalar,0.2,,0.2,,percent,1,m/m,parsed,scalar,0.1,,0.1,,percent,1,m/m,parsed,scalar,0.4,,0.4,,percent,1,m/m
2571,RETAIL_SALES,2022-10-14T07:30:00-05:00,CENSUS,census:retail-sales-2022-09,September 2022,3,exact,2022-10-14,08:30:00,America/New_York,https://www2.census.gov/retail/releases/historical/marts/adv2209.pdf,OANDA,696,110604,Retail Sales,September,3,1665750600,2022-10-14 14:30,EconomicCalendar/raw/oanda/daily/2022-10-14.json,pinned_report_and_event_name,"0,2% m/m","0,3% m/m",,parsed,scalar,0.2,,0.2,,percent,1,m/m,parsed,scalar,0.3,,0.3,,percent,1,m/m,missing,,,,,,,,
2572,DURABLE_GOODS,2022-10-27T07:30:00-05:00,CENSUS,census:durable-goods-2022-09,September 2022,3,exact,2022-10-27,08:30:00,America/New_York,https://www.census.gov/manufacturing/m3/historical_data/pressreleases/adv/2022/sep22adv.pdf,OANDA,59,110644,Durable Goods Orders - pre..,September,3,1666873800,2022-10-27 14:30,EconomicCalendar/raw/oanda/daily/2022-10-27.json,pinned_report_and_event_name,"0,5% m/m","-0,2% m/m","0,4% m/m",parsed,scalar,0.5,,0.5,,percent,1,m/m,parsed,scalar,-0.2,,-0.2,,percent,1,m/m,parsed,scalar,0.4,,0.4,,percent,1,m/m
1904,GDP,2022-10-27T07:30:00-05:00,BEA,bea:gdp:20221027T123000Z:q3-2022-advance,Q3 2022 Advance,3,exact,2022-10-27,08:30:00,America/New_York,https://www.bea.gov/news/2022/gross-domestic-product-third-quarter-2022-advance-estimate,OANDA,690,108374,GDP (Annualized) - pre..,3Q,3,1666873800,2022-10-27 14:30,EconomicCalendar/raw/oanda/daily/2022-10-27.json,pinned_report_and_event_name,"2,4%","-0,6%","2,6%",parsed,scalar,2.4,,2.4,,percent,1,,parsed,scalar,-0.6,,-0.6,,percent,1,,parsed,scalar,2.6,,2.6,,percent,1,
1905,PCE,2022-10-28T07:30:00-05:00,BEA,bea:pce:20221028T123000Z:september-2022,September 2022,3,exact,2022-10-28,08:30:00,America/New_York,https://www.bea.gov/news/2022/personal-income-and-outlays-september-2022,OANDA,694,108443,Personal Consumption Expenditures,September,2,1666960200,2022-10-28 14:30,EconomicCalendar/raw/oanda/daily/2022-10-28.json,pinned_report_and_event_name,"0,5% m/m","0,4% m/m","0,6% m/m",parsed,scalar,0.5,,0.5,,percent,1,m/m,parsed,scalar,0.4,,0.4,,percent,1,m/m,parsed,scalar,0.6,,0.6,,percent,1,m/m
2234,FOMC,2022-11-02T13:00:00-05:00,FEDERAL_RESERVE,federal_reserve:fomc:20221102T180000Z,FOMC 2022-11-02,3,exact,2022-11-02,14:00:00,America/New_York,https://www.federalreserve.gov/newsevents/pressreleases/monetary20221102a.htm,OANDA,82,109613,FOMC Interest Rate Decision,November,3,1667412000,2022-11-02 19:00,EconomicCalendar/raw/oanda/daily/2022-11-02.json,pinned_report_and_event_name,"3,75-4,00%","3,00-3,25%","3,75-4,00%",parsed,range,3.75,4.00,3.75,4.00,percent,1,,parsed,range,3.00,3.25,3.00,3.25,percent,1,,parsed,range,3.75,4.00,3.75,4.00,percent,1,
631,EMPLOYMENT,2022-11-04T07:30:00-05:00,BLS,bls:employment:20221104T123000Z:october-2022,October 2022,3,exact,2022-11-04,08:30:00,America/New_York,https://www.bls.gov/schedule/2022/home.htm,OANDA,707,110236,Non-Farm Employment Change,October,3,1667565000,2022-11-04 13:30,EconomicCalendar/raw/oanda/daily/2022-11-04.json,pinned_report_and_event_name,200 k,263 k,261 k,parsed,scalar,200,,200000,,count,1000,,parsed,scalar,263,,263000,,count,1000,,parsed,scalar,261,,261000,,count,1000,
632,CPI,2022-11-10T07:30:00-06:00,BLS,bls:cpi:20221110T133000Z:october-2022,October 2022,3,exact,2022-11-10,08:30:00,America/New_York,https://www.bls.gov/schedule/2022/home.htm,OANDA,699,109944,Consumer Price Index,October,3,1668087000,2022-11-10 14:30,EconomicCalendar/raw/oanda/daily/2022-11-10.json,pinned_report_and_event_name,"0,6% m/m","0,4% m/m","0,4% m/m",parsed,scalar,0.6,,0.6,,percent,1,m/m,parsed,scalar,0.4,,0.4,,percent,1,m/m,parsed,scalar,0.4,,0.4,,percent,1,m/m
633,PPI,2022-11-15T07:30:00-06:00,BLS,bls:ppi:20221115T133000Z:october-2022,October 2022,3,exact,2022-11-15,08:30:00,America/New_York,https://www.bls.gov/schedule/2022/home.htm,OANDA,703,110004,Producer Price Index,October,2,1668519000,2022-11-15 14:30,EconomicCalendar/raw/oanda/daily/2022-11-15.json,pinned_report_and_event_name,"0,5% m/m","0,4% m/m","0,2% m/m",parsed,scalar,0.5,,0.5,,percent,1,m/m,parsed,scalar,0.4,,0.4,,percent,1,m/m,parsed,scalar,0.2,,0.2,,percent,1,m/m
2573,RETAIL_SALES,2022-11-16T07:30:00-06:00,CENSUS,census:retail-sales-2022-10,October 2022,3,exact,2022-11-16,08:30:00,America/New_York,https://www2.census.gov/retail/releases/historical/marts/adv2210.pdf,OANDA,696,110608,Retail Sales,October,3,1668605400,2022-11-16 14:30,EconomicCalendar/raw/oanda/daily/2022-11-16.json,pinned_report_and_event_name,"0,9% m/m",,"1,3% m/m",parsed,scalar,0.9,,0.9,,percent,1,m/m,missing,,,,,,,,,parsed,scalar,1.3,,1.3,,percent,1,m/m
2574,DURABLE_GOODS,2022-11-23T07:30:00-06:00,CENSUS,census:durable-goods-2022-10,October 2022,3,exact,2022-11-23,08:30:00,America/New_York,https://www.census.gov/manufacturing/m3/historical_data/pressreleases/adv/2022/oct22adv.pdf,OANDA,59,110645,Durable Goods Orders - pre..,October,3,1669210200,2022-11-23 14:30,EconomicCalendar/raw/oanda/daily/2022-11-23.json,pinned_report_and_event_name,"0,4% m/m","0,4% m/m",1% m/m,parsed,scalar,0.4,,0.4,,percent,1,m/m,parsed,scalar,0.4,,0.4,,percent,1,m/m,parsed,scalar,1,,1,,percent,1,m/m
1906,GDP,2022-11-30T07:30:00-06:00,BEA,bea:gdp:20221130T133000Z:q3-2022-second,Q3 2022 Second,3,exact,2022-11-30,08:30:00,America/New_York,https://www.bea.gov/news/2022/gross-domestic-product-second-estimate-and-corporate-profits-preliminary-third-quarter,OANDA,690,108379,GDP (Annualized) - rev..,3Q,3,1669815000,2022-11-30 14:30,EconomicCalendar/raw/oanda/daily/2022-11-30.json,pinned_report_and_event_name,"2,7%","-0,6%","2,9%",parsed,scalar,2.7,,2.7,,percent,1,,parsed,scalar,-0.6,,-0.6,,percent,1,,parsed,scalar,2.9,,2.9,,percent,1,
1907,PCE,2022-12-01T07:30:00-06:00,BEA,bea:pce:20221201T133000Z:october-2022,October 2022,3,exact,2022-12-01,08:30:00,America/New_York,https://www.bea.gov/news/2022/personal-income-and-outlays-october-2022,OANDA,694,108449,Personal Consumption Expenditures,October,2,1669901400,2022-12-01 14:30,EconomicCalendar/raw/oanda/daily/2022-12-01.json,pinned_report_and_event_name,"0,6% m/m","0,6% m/m","0,8% m/m",parsed,scalar,0.6,,0.6,,percent,1,m/m,parsed,scalar,0.6,,0.6,,percent,1,m/m,parsed,scalar,0.8,,0.8,,percent,1,m/m
635,EMPLOYMENT,2022-12-02T07:30:00-06:00,BLS,bls:employment:20221202T133000Z:november-2022,November 2022,3,exact,2022-12-02,08:30:00,America/New_York,https://www.bls.gov/schedule/2022/home.htm,OANDA,707,110244,Non-Farm Employment Change,November,3,1669987800,2022-12-02 14:30,EconomicCalendar/raw/oanda/daily/2022-12-02.json,pinned_report_and_event_name,200 k,261 k,263 k,parsed,scalar,200,,200000,,count,1000,,parsed,scalar,261,,261000,,count,1000,,parsed,scalar,263,,263000,,count,1000,
636,PPI,2022-12-09T07:30:00-06:00,BLS,bls:ppi:20221209T133000Z:november-2022,November 2022,3,exact,2022-12-09,08:30:00,America/New_York,https://www.bls.gov/schedule/2022/home.htm,OANDA,703,110009,Producer Price Index,November,2,1670592600,2022-12-09 14:30,EconomicCalendar/raw/oanda/daily/2022-12-09.json,pinned_report_and_event_name,"0,2% m/m","0,2% m/m","0,3% m/m",parsed,scalar,0.2,,0.2,,percent,1,m/m,parsed,scalar,0.2,,0.2,,percent,1,m/m,parsed,scalar,0.3,,0.3,,percent,1,m/m
637,CPI,2022-12-13T07:30:00-06:00,BLS,bls:cpi:20221213T133000Z:november-2022,November 2022,3,exact,2022-12-13,08:30:00,America/New_York,https://www.bls.gov/schedule/2022/home.htm,OANDA,699,109949,Consumer Price Index,November,3,1670938200,2022-12-13 14:30,EconomicCalendar/raw/oanda/daily/2022-12-13.json,pinned_report_and_event_name,"0,3% m/m","0,4% m/m","0,1% m/m",parsed,scalar,0.3,,0.3,,percent,1,m/m,parsed,scalar,0.4,,0.4,,percent,1,m/m,parsed,scalar,0.1,,0.1,,percent,1,m/m
2235,FOMC,2022-12-14T13:00:00-06:00,FEDERAL_RESERVE,federal_reserve:fomc:20221214T190000Z,FOMC 2022-12-14,3,exact,2022-12-14,14:00:00,America/New_York,https://www.federalreserve.gov/newsevents/pressreleases/monetary20221214a.htm,OANDA,82,109614,FOMC Interest Rate Decision,December,3,1671044400,2022-12-14 20:00,EconomicCalendar/raw/oanda/daily/2022-12-14.json,pinned_report_and_event_name,"4,25-4,50%","3,75-4,00%","4,25-4,50%",parsed,range,4.25,4.50,4.25,4.50,percent,1,,parsed,range,3.75,4.00,3.75,4.00,percent,1,,parsed,range,4.25,4.50,4.25,4.50,percent,1,
2575,RETAIL_SALES,2022-12-15T07:30:00-06:00,CENSUS,census:retail-sales-2022-11,November 2022,3,exact,2022-12-15,08:30:00,America/New_York,https://www2.census.gov/retail/releases/historical/marts/adv2211.pdf,OANDA,696,110612,Retail Sales,November,3,1671111000,2022-12-15 14:30,EconomicCalendar/raw/oanda/daily/2022-12-15.json,pinned_report_and_event_name,"-0,2% m/m","1,3% m/m","-0,6% m/m",parsed,scalar,-0.2,,-0.2,,percent,1,m/m,parsed,scalar,1.3,,1.3,,percent,1,m/m,parsed,scalar,-0.6,,-0.6,,percent,1,m/m
1908,GDP,2022-12-22T07:30:00-06:00,BEA,bea:gdp:20221222T133000Z:q3-2022-third,Q3 2022 Third,3,exact,2022-12-22,08:30:00,America/New_York,https://www.bea.gov/news/2022/gross-domestic-product-third-estimate-gdp-industry-and-corporate-profits-revised-third,OANDA,690,108384,GDP (Annualized) - fin..,3Q,3,1671715800,2022-12-22 14:30,EconomicCalendar/raw/oanda/daily/2022-12-22.json,pinned_report_and_event_name,"2,9%","-0,6%","3,2%",parsed,scalar,2.9,,2.9,,percent,1,,parsed,scalar,-0.6,,-0.6,,percent,1,,parsed,scalar,3.2,,3.2,,percent,1,
2576,DURABLE_GOODS,2022-12-23T07:30:00-06:00,CENSUS,census:durable-goods-2022-11,November 2022,3,exact,2022-12-23,08:30:00,America/New_York,https://www.census.gov/manufacturing/m3/historical_data/pressreleases/adv/2022/nov22adv.pdf,OANDA,59,110646,Durable Goods Orders - pre..,November,3,1671802200,2022-12-23 14:30,EconomicCalendar/raw/oanda/daily/2022-12-23.json,pinned_report_and_event_name,"-0,8% m/m","1,1% m/m","-2,1% m/m",parsed,scalar,-0.8,,-0.8,,percent,1,m/m,parsed,scalar,1.1,,1.1,,percent,1,m/m,parsed,scalar,-2.1,,-2.1,,percent,1,m/m
1909,PCE,2022-12-23T07:30:00-06:00,BEA,bea:pce:20221223T133000Z:november-2022,November 2022,3,exact,2022-12-23,08:30:00,America/New_York,https://www.bea.gov/news/2022/personal-income-and-outlays-november-2022,OANDA,694,108455,Personal Consumption Expenditures,November,2,1671802200,2022-12-23 14:30,EconomicCalendar/raw/oanda/daily/2022-12-23.json,pinned_report_and_event_name,"0,2% m/m","0,8% m/m","0,1% m/m",parsed,scalar,0.2,,0.2,,percent,1,m/m,parsed,scalar,0.8,,0.8,,percent,1,m/m,parsed,scalar,0.1,,0.1,,percent,1,m/m
639,EMPLOYMENT,2023-01-06T07:30:00-06:00,BLS,bls:employment:20230106T133000Z:december-2022,December 2022,3,exact,2023-01-06,08:30:00,America/New_York,https://www.bls.gov/schedule/2023/home.htm,OANDA,707,118480,Non-Farm Employment Change,December,3,1673011800,2023-01-06 14:30,EconomicCalendar/raw/oanda/daily/2023-01-06.json,pinned_report_and_event_name,200 k,263 k,223 k,parsed,scalar,200,,200000,,count,1000,,parsed,scalar,263,,263000,,count,1000,,parsed,scalar,223,,223000,,count,1000,
640,CPI,2023-01-12T07:30:00-06:00,BLS,bls:cpi:20230112T133000Z:december-2022,December 2022,3,exact,2023-01-12,08:30:00,America/New_York,https://www.bls.gov/schedule/2023/home.htm,OANDA,699,118265,Consumer Price Index,December,3,1673530200,2023-01-12 14:30,EconomicCalendar/raw/oanda/daily/2023-01-12.json,pinned_report_and_event_name,"0,0% m/m","0,1% m/m","-0,1% m/m",parsed,scalar,0.0,,0.0,,percent,1,m/m,parsed,scalar,0.1,,0.1,,percent,1,m/m,parsed,scalar,-0.1,,-0.1,,percent,1,m/m
641,PPI,2023-01-18T07:30:00-06:00,BLS,bls:ppi:20230118T133000Z:december-2022,December 2022,3,exact,2023-01-18,08:30:00,America/New_York,https://www.bls.gov/schedule/2023/home.htm,OANDA,703,118325,Producer Price Index,December,2,1674048600,2023-01-18 14:30,EconomicCalendar/raw/oanda/daily/2023-01-18.json,pinned_report_and_event_name,"-0,1% m/m","0,3% m/m","-0,5% m/m",parsed,scalar,-0.1,,-0.1,,percent,1,m/m,parsed,scalar,0.3,,0.3,,percent,1,m/m,parsed,scalar,-0.5,,-0.5,,percent,1,m/m
2577,RETAIL_SALES,2023-01-18T07:30:00-06:00,CENSUS,census:retail-sales-2022-12,December 2022,3,exact,2023-01-18,08:30:00,America/New_York,https://www2.census.gov/retail/releases/historical/marts/adv2212.pdf,OANDA,696,118627,Retail Sales,December,3,1674048600,2023-01-18 14:30,EconomicCalendar/raw/oanda/daily/2023-01-18.json,pinned_report_and_event_name,"-0,8% m/m","-0,6% m/m","-1,1% m/m",parsed,scalar,-0.8,,-0.8,,percent,1,m/m,parsed,scalar,-0.6,,-0.6,,percent,1,m/m,parsed,scalar,-1.1,,-1.1,,percent,1,m/m
2578,DURABLE_GOODS,2023-01-26T07:30:00-06:00,CENSUS,census:durable-goods-2022-12,December 2022,3,exact,2023-01-26,08:30:00,America/New_York,https://www.census.gov/manufacturing/m3/historical_data/pressreleases/adv/2022/dec22adv.pdf,OANDA,59,118686,Durable Goods Orders - pre..,December,3,1674739800,2023-01-26 14:30,EconomicCalendar/raw/oanda/daily/2023-01-26.json,pinned_report_and_event_name,"2,5% m/m","-2,1% m/m","5,6% m/m",parsed,scalar,2.5,,2.5,,percent,1,m/m,parsed,scalar,-2.1,,-2.1,,percent,1,m/m,parsed,scalar,5.6,,5.6,,percent,1,m/m
1910,GDP,2023-01-26T07:30:00-06:00,BEA,bea:gdp:20230126T133000Z:q4-2022-advance,Q4 2022 Advance,3,exact,2023-01-26,08:30:00,America/New_York,https://www.bea.gov/news/2023/gross-domestic-product-fourth-quarter-and-year-2022-advance-estimate,OANDA,690,117035,GDP (Annualized) - pre..,4Q,3,1674739800,2023-01-26 14:30,EconomicCalendar/raw/oanda/daily/2023-01-26.json,pinned_report_and_event_name,"2,6%","3,2%","2,9%",parsed,scalar,2.6,,2.6,,percent,1,,parsed,scalar,3.2,,3.2,,percent,1,,parsed,scalar,2.9,,2.9,,percent,1,
1911,PCE,2023-01-27T07:30:00-06:00,BEA,bea:pce:20230127T133000Z:december-2022,December 2022,3,exact,2023-01-27,08:30:00,America/New_York,https://www.bea.gov/news/2023/personal-income-and-outlays-december-2022,OANDA,694,116903,Personal Consumption Expenditures,December,2,1674826200,2023-01-27 14:30,EconomicCalendar/raw/oanda/daily/2023-01-27.json,pinned_report_and_event_name,"-0,1% m/m","0,1% m/m","-0,2% m/m",parsed,scalar,-0.1,,-0.1,,percent,1,m/m,parsed,scalar,0.1,,0.1,,percent,1,m/m,parsed,scalar,-0.2,,-0.2,,percent,1,m/m
2236,FOMC,2023-02-01T13:00:00-06:00,FEDERAL_RESERVE,federal_reserve:fomc:20230201T190000Z,FOMC 2023-02-01,3,exact,2023-02-01,14:00:00,America/New_York,https://www.federalreserve.gov/newsevents/pressreleases/monetary20230201a.htm,OANDA,82,109615,FOMC Interest Rate Decision,February,3,1675278000,2023-02-01 20:00,EconomicCalendar/raw/oanda/daily/2023-02-01.json,pinned_report_and_event_name,"4,50-4,75%","4,25-4,50 %%","4,50-4,75%",parsed,range,4.50,4.75,4.50,4.75,percent,1,,parsed,range,4.25,4.50,4.25,4.50,percent,1,,parsed,range,4.50,4.75,4.50,4.75,percent,1,
643,EMPLOYMENT,2023-02-03T07:30:00-06:00,BLS,bls:employment:20230203T133000Z:january-2023,January 2023,3,exact,2023-02-03,08:30:00,America/New_York,https://www.bls.gov/schedule/2023/home.htm,OANDA,707,118488,Non-Farm Employment Change,January,3,1675431000,2023-02-03 14:30,EconomicCalendar/raw/oanda/daily/2023-02-03.json,pinned_report_and_event_name,185 k,223 k,517 k,parsed,scalar,185,,185000,,count,1000,,parsed,scalar,223,,223000,,count,1000,,parsed,scalar,517,,517000,,count,1000,
644,CPI,2023-02-14T07:30:00-06:00,BLS,bls:cpi:20230214T133000Z:january-2023,January 2023,3,exact,2023-02-14,08:30:00,America/New_York,https://www.bls.gov/schedule/2023/home.htm,OANDA,699,118270,Consumer Price Index,January,3,1676381400,2023-02-14 14:30,EconomicCalendar/raw/oanda/daily/2023-02-14.json,pinned_report_and_event_name,"0,5% m/m","-0,1% m/m",,parsed,scalar,0.5,,0.5,,percent,1,m/m,parsed,scalar,-0.1,,-0.1,,percent,1,m/m,missing,,,,,,,,
2579,RETAIL_SALES,2023-02-15T07:30:00-06:00,CENSUS,census:retail-sales-2023-01,January 2023,3,exact,2023-02-15,08:30:00,America/New_York,https://www2.census.gov/retail/releases/historical/marts/adv2301.pdf,OANDA,696,118631,Retail Sales,January,3,1676467800,2023-02-15 14:30,EconomicCalendar/raw/oanda/daily/2023-02-15.json,pinned_report_and_event_name,1% m/m,"-1,1% m/m",,parsed,scalar,1,,1,,percent,1,m/m,parsed,scalar,-1.1,,-1.1,,percent,1,m/m,missing,,,,,,,,
645,PPI,2023-02-16T07:30:00-06:00,BLS,bls:ppi:20230216T133000Z:january-2023,January 2023,3,exact,2023-02-16,08:30:00,America/New_York,https://www.bls.gov/schedule/2023/home.htm,OANDA,703,118330,Producer Price Index,January,2,1676554200,2023-02-16 14:30,EconomicCalendar/raw/oanda/daily/2023-02-16.json,pinned_report_and_event_name,"0,4% m/m","-0,5% m/m","0,7% m/m",parsed,scalar,0.4,,0.4,,percent,1,m/m,parsed,scalar,-0.5,,-0.5,,percent,1,m/m,parsed,scalar,0.7,,0.7,,percent,1,m/m
1912,GDP,2023-02-23T07:30:00-06:00,BEA,bea:gdp:20230223T133000Z:q4-2022-second,Q4 2022 Second,3,exact,2023-02-23,08:30:00,America/New_York,https://www.bea.gov/news/2023/gross-domestic-product-fourth-quarter-and-year-2022-second-estimate,OANDA,690,117040,GDP (Annualized) - rev..,4Q,3,1677159000,2023-02-23 14:30,EconomicCalendar/raw/oanda/daily/2023-02-23.json,pinned_report_and_event_name,"2,9%","3,2%","2,7%",parsed,scalar,2.9,,2.9,,percent,1,,parsed,scalar,3.2,,3.2,,percent,1,,parsed,scalar,2.7,,2.7,,percent,1,
1913,PCE,2023-02-24T07:30:00-06:00,BEA,bea:pce:20230224T133000Z:january-2023,January 2023,3,exact,2023-02-24,08:30:00,America/New_York,https://www.bea.gov/news/2023/personal-income-and-outlays-january-2023,OANDA,694,116909,Personal Consumption Expenditures,January,2,1677245400,2023-02-24 14:30,EconomicCalendar/raw/oanda/daily/2023-02-24.json,pinned_report_and_event_name,"1,2% m/m","-0,2% m/m","1,8% m/m",parsed,scalar,1.2,,1.2,,percent,1,m/m,parsed,scalar,-0.2,,-0.2,,percent,1,m/m,parsed,scalar,1.8,,1.8,,percent,1,m/m
2580,DURABLE_GOODS,2023-02-27T07:30:00-06:00,CENSUS,census:durable-goods-2023-01,January 2023,3,exact,2023-02-27,08:30:00,America/New_York,https://www.census.gov/manufacturing/m3/historical_data/pressreleases/adv/2023/jan23adv.pdf,OANDA,59,118687,Durable Goods Orders - pre..,January,3,1677504600,2023-02-27 14:30,EconomicCalendar/raw/oanda/daily/2023-02-27.json,pinned_report_and_event_name,"-3,9% m/m","5,6% m/m","-4,5% m/m",parsed,scalar,-3.9,,-3.9,,percent,1,m/m,parsed,scalar,5.6,,5.6,,percent,1,m/m,parsed,scalar,-4.5,,-4.5,,percent,1,m/m
647,EMPLOYMENT,2023-03-10T07:30:00-06:00,BLS,bls:employment:20230310T133000Z:february-2023,February 2023,3,exact,2023-03-10,08:30:00,America/New_York,https://www.bls.gov/schedule/2023/home.htm,OANDA,707,118496,Non-Farm Employment Change,February,3,1678455000,2023-03-10 14:30,EconomicCalendar/raw/oanda/daily/2023-03-10.json,pinned_report_and_event_name,205 k,517 k,311 k,parsed,scalar,205,,205000,,count,1000,,parsed,scalar,517,,517000,,count,1000,,parsed,scalar,311,,311000,,count,1000,
648,CPI,2023-03-14T07:30:00-05:00,BLS,bls:cpi:20230314T123000Z:february-2023,February 2023,3,exact,2023-03-14,08:30:00,America/New_York,https://www.bls.gov/schedule/2023/home.htm,OANDA,699,118275,Consumer Price Index,February,3,1678797000,2023-03-14 13:30,EconomicCalendar/raw/oanda/daily/2023-03-14.json,pinned_report_and_event_name,"0,4% m/m","0,5% m/m","0,4% m/m",parsed,scalar,0.4,,0.4,,percent,1,m/m,parsed,scalar,0.5,,0.5,,percent,1,m/m,parsed,scalar,0.4,,0.4,,percent,1,m/m
649,PPI,2023-03-15T07:30:00-05:00,BLS,bls:ppi:20230315T123000Z:february-2023,February 2023,3,exact,2023-03-15,08:30:00,America/New_York,https://www.bls.gov/schedule/2023/home.htm,OANDA,703,118335,Producer Price Index,February,2,1678883400,2023-03-15 13:30,EconomicCalendar/raw/oanda/daily/2023-03-15.json,pinned_report_and_event_name,"0,3% m/m","0,7% m/m","-0,1% m/m",parsed,scalar,0.3,,0.3,,percent,1,m/m,parsed,scalar,0.7,,0.7,,percent,1,m/m,parsed,scalar,-0.1,,-0.1,,percent,1,m/m
2581,RETAIL_SALES,2023-03-15T07:30:00-05:00,CENSUS,census:retail-sales-2023-02,February 2023,3,exact,2023-03-15,08:30:00,America/New_York,https://www2.census.gov/retail/releases/historical/marts/adv2302.pdf,OANDA,696,118635,Retail Sales,February,3,1678883400,2023-03-15 13:30,EconomicCalendar/raw/oanda/daily/2023-03-15.json,pinned_report_and_event_name,"-0,3% m/m",3% m/m,"-0,4% m/m",parsed,scalar,-0.3,,-0.3,,percent,1,m/m,parsed,scalar,3,,3,,percent,1,m/m,parsed,scalar,-0.4,,-0.4,,percent,1,m/m
2237,FOMC,2023-03-22T13:00:00-05:00,FEDERAL_RESERVE,federal_reserve:fomc:20230322T180000Z,FOMC 2023-03-22,3,exact,2023-03-22,14:00:00,America/New_York,https://www.federalreserve.gov/newsevents/pressreleases/monetary20230322a.htm,OANDA,82,116621,FOMC Interest Rate Decision,March,3,1679508000,2023-03-22 19:00,EconomicCalendar/raw/oanda/daily/2023-03-22.json,pinned_report_and_event_name,"4,75-5,00%","4,50-4,75%","4,75-5,00%",parsed,range,4.75,5.00,4.75,5.00,percent,1,,parsed,range,4.50,4.75,4.50,4.75,percent,1,,parsed,range,4.75,5.00,4.75,5.00,percent,1,
2582,DURABLE_GOODS,2023-03-24T07:30:00-05:00,CENSUS,census:durable-goods-2023-02,February 2023,3,exact,2023-03-24,08:30:00,America/New_York,https://www.census.gov/manufacturing/m3/historical_data/pressreleases/adv/2023/feb23adv.pdf,OANDA,59,118688,Durable Goods Orders - pre..,February,3,1679661000,2023-03-24 13:30,EconomicCalendar/raw/oanda/daily/2023-03-24.json,pinned_report_and_event_name,"0,6% m/m","-4,5% m/m",-1% m/m,parsed,scalar,0.6,,0.6,,percent,1,m/m,parsed,scalar,-4.5,,-4.5,,percent,1,m/m,parsed,scalar,-1,,-1,,percent,1,m/m
1914,GDP,2023-03-30T07:30:00-05:00,BEA,bea:gdp:20230330T123000Z:q4-2022-third,Q4 2022 Third,3,exact,2023-03-30,08:30:00,America/New_York,https://www.bea.gov/news/2023/gross-domestic-product-fourth-quarter-and-year-2022-third-estimate-gdp-industry-and,OANDA,690,117045,GDP (Annualized) - fin..,4Q,3,1680179400,2023-03-30 14:30,EconomicCalendar/raw/oanda/daily/2023-03-30.json,pinned_report_and_event_name,"2,7%","3,2%","2,6%",parsed,scalar,2.7,,2.7,,percent,1,,parsed,scalar,3.2,,3.2,,percent,1,,parsed,scalar,2.6,,2.6,,percent,1,
1915,PCE,2023-03-31T07:30:00-05:00,BEA,bea:pce:20230331T123000Z:february-2023,February 2023,3,exact,2023-03-31,08:30:00,America/New_York,https://www.bea.gov/news/2023/personal-income-and-outlays-february-2023,OANDA,694,116915,Personal Consumption Expenditures,February,2,1680265800,2023-03-31 14:30,EconomicCalendar/raw/oanda/daily/2023-03-31.json,pinned_report_and_event_name,"0,3% m/m","1,8% m/m","0,2% m/m",parsed,scalar,0.3,,0.3,,percent,1,m/m,parsed,scalar,1.8,,1.8,,percent,1,m/m,parsed,scalar,0.2,,0.2,,percent,1,m/m
652,EMPLOYMENT,2023-04-07T07:30:00-05:00,BLS,bls:employment:20230407T123000Z:march-2023,March 2023,3,exact,2023-04-07,08:30:00,America/New_York,https://www.bls.gov/schedule/2023/home.htm,OANDA,707,118504,Non-Farm Employment Change,March,3,1680870600,2023-04-07 14:30,EconomicCalendar/raw/oanda/daily/2023-04-07.json,pinned_report_and_event_name,240 k,311 k,236 k,parsed,scalar,240,,240000,,count,1000,,parsed,scalar,311,,311000,,count,1000,,parsed,scalar,236,,236000,,count,1000,
653,CPI,2023-04-12T07:30:00-05:00,BLS,bls:cpi:20230412T123000Z:march-2023,March 2023,3,exact,2023-04-12,08:30:00,America/New_York,https://www.bls.gov/schedule/2023/home.htm,OANDA,699,118280,Consumer Price Index,March,3,1681302600,2023-04-12 14:30,EconomicCalendar/raw/oanda/daily/2023-04-12.json,pinned_report_and_event_name,"0,2% m/m","0,4% m/m","0,1% m/m",parsed,scalar,0.2,,0.2,,percent,1,m/m,parsed,scalar,0.4,,0.4,,percent,1,m/m,parsed,scalar,0.1,,0.1,,percent,1,m/m
654,PPI,2023-04-13T07:30:00-05:00,BLS,bls:ppi:20230413T123000Z:march-2023,March 2023,3,exact,2023-04-13,08:30:00,America/New_York,https://www.bls.gov/schedule/2023/home.htm,OANDA,703,118340,Producer Price Index,March,2,1681389000,2023-04-13 14:30,EconomicCalendar/raw/oanda/daily/2023-04-13.json,pinned_report_and_event_name,"0,0% m/m","-0,1% m/m","-0,5% m/m",parsed,scalar,0.0,,0.0,,percent,1,m/m,parsed,scalar,-0.1,,-0.1,,percent,1,m/m,parsed,scalar,-0.5,,-0.5,,percent,1,m/m
2583,RETAIL_SALES,2023-04-14T07:30:00-05:00,CENSUS,census:retail-sales-2023-03,March 2023,3,exact,2023-04-14,08:30:00,America/New_York,https://www2.census.gov/retail/releases/historical/marts/adv2303.pdf,OANDA,696,118639,Retail Sales,March,3,1681475400,2023-04-14 14:30,EconomicCalendar/raw/oanda/daily/2023-04-14.json,pinned_report_and_event_name,"-0,4% m/m","-0,4% m/m",-1% m/m,parsed,scalar,-0.4,,-0.4,,percent,1,m/m,parsed,scalar,-0.4,,-0.4,,percent,1,m/m,parsed,scalar,-1,,-1,,percent,1,m/m
2584,DURABLE_GOODS,2023-04-26T07:30:00-05:00,CENSUS,census:durable-goods-2023-03,March 2023,3,exact,2023-04-26,08:30:00,America/New_York,https://www.census.gov/manufacturing/m3/historical_data/pressreleases/adv/2023/mar23adv.pdf,OANDA,59,118689,Durable Goods Orders - pre..,March,3,1682512200,2023-04-26 14:30,EconomicCalendar/raw/oanda/daily/2023-04-26.json,pinned_report_and_event_name,"0,8% m/m",-1% m/m,"3,2% m/m",parsed,scalar,0.8,,0.8,,percent,1,m/m,parsed,scalar,-1,,-1,,percent,1,m/m,parsed,scalar,3.2,,3.2,,percent,1,m/m
1916,GDP,2023-04-27T07:30:00-05:00,BEA,bea:gdp:20230427T123000Z:q1-2023-advance,Q1 2023 Advance,3,exact,2023-04-27,08:30:00,America/New_York,https://www.bea.gov/news/2023/gross-domestic-product-first-quarter-2023-advance-estimate,OANDA,690,117050,GDP (Annualized) - pre..,1Q,3,1682598600,2023-04-27 14:30,EconomicCalendar/raw/oanda/daily/2023-04-27.json,pinned_report_and_event_name,2%,"2,6%","1,1%",parsed,scalar,2,,2,,percent,1,,parsed,scalar,2.6,,2.6,,percent,1,,parsed,scalar,1.1,,1.1,,percent,1,
1917,PCE,2023-04-28T07:30:00-05:00,BEA,bea:pce:20230428T123000Z:march-2023,March 2023,3,exact,2023-04-28,08:30:00,America/New_York,https://www.bea.gov/news/2023/personal-income-and-outlays-march-2023,OANDA,694,116921,Personal Consumption Expenditures,March,2,1682685000,2023-04-28 14:30,EconomicCalendar/raw/oanda/daily/2023-04-28.json,pinned_report_and_event_name,"-0,1% m/m","0,2% m/m",,parsed,scalar,-0.1,,-0.1,,percent,1,m/m,parsed,scalar,0.2,,0.2,,percent,1,m/m,missing,,,,,,,,
2238,FOMC,2023-05-03T13:00:00-05:00,FEDERAL_RESERVE,federal_reserve:fomc:20230503T180000Z,FOMC 2023-05-03,3,exact,2023-05-03,14:00:00,America/New_York,https://www.federalreserve.gov/newsevents/pressreleases/monetary20230503a.htm,OANDA,82,116622,FOMC Interest Rate Decision,May,3,1683136800,2023-05-03 20:00,EconomicCalendar/raw/oanda/daily/2023-05-03.json,pinned_report_and_event_name,"5,00-5,25%","4,75-5,00%","5,00-5,25%",parsed,range,5.00,5.25,5.00,5.25,percent,1,,parsed,range,4.75,5.00,4.75,5.00,percent,1,,parsed,range,5.00,5.25,5.00,5.25,percent,1,
656,EMPLOYMENT,2023-05-05T07:30:00-05:00,BLS,bls:employment:20230505T123000Z:april-2023,April 2023,3,exact,2023-05-05,08:30:00,America/New_York,https://www.bls.gov/schedule/2023/home.htm,OANDA,707,118512,Non-Farm Employment Change,April,3,1683289800,2023-05-05 14:30,EconomicCalendar/raw/oanda/daily/2023-05-05.json,pinned_report_and_event_name,180 k,236 k,253 k,parsed,scalar,180,,180000,,count,1000,,parsed,scalar,236,,236000,,count,1000,,parsed,scalar,253,,253000,,count,1000,
657,CPI,2023-05-10T07:30:00-05:00,BLS,bls:cpi:20230510T123000Z:april-2023,April 2023,3,exact,2023-05-10,08:30:00,America/New_York,https://www.bls.gov/schedule/2023/home.htm,OANDA,699,118285,Consumer Price Index,April,3,1683721800,2023-05-10 14:30,EconomicCalendar/raw/oanda/daily/2023-05-10.json,pinned_report_and_event_name,"0,4% m/m","0,1% m/m","0,4% m/m",parsed,scalar,0.4,,0.4,,percent,1,m/m,parsed,scalar,0.1,,0.1,,percent,1,m/m,parsed,scalar,0.4,,0.4,,percent,1,m/m
658,PPI,2023-05-11T07:30:00-05:00,BLS,bls:ppi:20230511T123000Z:april-2023,April 2023,3,exact,2023-05-11,08:30:00,America/New_York,https://www.bls.gov/schedule/2023/home.htm,OANDA,703,118345,Producer Price Index,April,2,1683808200,2023-05-11 14:30,EconomicCalendar/raw/oanda/daily/2023-05-11.json,pinned_report_and_event_name,"0,3% m/m","-0,5% m/m","0,2% m/m",parsed,scalar,0.3,,0.3,,percent,1,m/m,parsed,scalar,-0.5,,-0.5,,percent,1,m/m,parsed,scalar,0.2,,0.2,,percent,1,m/m
2585,RETAIL_SALES,2023-05-16T07:30:00-05:00,CENSUS,census:retail-sales-2023-04,April 2023,3,exact,2023-05-16,08:30:00,America/New_York,https://www2.census.gov/retail/releases/historical/marts/adv2304.pdf,OANDA,696,118643,Retail Sales,April,3,1684240200,2023-05-16 14:30,EconomicCalendar/raw/oanda/daily/2023-05-16.json,pinned_report_and_event_name,"0,8% m/m",-1% m/m,"0,4% m/m",parsed,scalar,0.8,,0.8,,percent,1,m/m,parsed,scalar,-1,,-1,,percent,1,m/m,parsed,scalar,0.4,,0.4,,percent,1,m/m
1918,GDP,2023-05-25T07:30:00-05:00,BEA,bea:gdp:20230525T123000Z:q1-2023-second,Q1 2023 Second,3,exact,2023-05-25,08:30:00,America/New_York,https://www.bea.gov/news/2023/gross-domestic-product-second-estimate-corporate-profits-preliminary-estimate-first,OANDA,690,117055,GDP (Annualized) - rev..,1Q,3,1685017800,2023-05-25 14:30,EconomicCalendar/raw/oanda/daily/2023-05-25.json,pinned_report_and_event_name,"1,1%","2,6%","1,3%",parsed,scalar,1.1,,1.1,,percent,1,,parsed,scalar,2.6,,2.6,,percent,1,,parsed,scalar,1.3,,1.3,,percent,1,
2586,DURABLE_GOODS,2023-05-26T07:30:00-05:00,CENSUS,census:durable-goods-2023-04,April 2023,3,exact,2023-05-26,08:30:00,America/New_York,https://www.census.gov/manufacturing/m3/historical_data/pressreleases/adv/2023/apr23adv.pdf,OANDA,59,118690,Durable Goods Orders - pre..,April,3,1685104200,2023-05-26 14:30,EconomicCalendar/raw/oanda/daily/2023-05-26.json,pinned_report_and_event_name,-1% m/m,"3,2% m/m","1,1% m/m",parsed,scalar,-1,,-1,,percent,1,m/m,parsed,scalar,3.2,,3.2,,percent,1,m/m,parsed,scalar,1.1,,1.1,,percent,1,m/m
1919,PCE,2023-05-26T07:30:00-05:00,BEA,bea:pce:20230526T123000Z:april-2023,April 2023,3,exact,2023-05-26,08:30:00,America/New_York,https://www.bea.gov/news/2023/personal-income-and-outlays-april-2023,OANDA,694,116927,Personal Consumption Expenditures,April,2,1685104200,2023-05-26 14:30,EconomicCalendar/raw/oanda/daily/2023-05-26.json,pinned_report_and_event_name,"0,3% m/m",,"0,8% m/m",parsed,scalar,0.3,,0.3,,percent,1,m/m,missing,,,,,,,,,parsed,scalar,0.8,,0.8,,percent,1,m/m
660,EMPLOYMENT,2023-06-02T07:30:00-05:00,BLS,bls:employment:20230602T123000Z:may-2023,May 2023,3,exact,2023-06-02,08:30:00,America/New_York,https://www.bls.gov/schedule/2023/home.htm,OANDA,707,118520,Non-Farm Employment Change,May,3,1685709000,2023-06-02 14:30,EconomicCalendar/raw/oanda/daily/2023-06-02.json,pinned_report_and_event_name,190 k,253 k,339 k,parsed,scalar,190,,190000,,count,1000,,parsed,scalar,253,,253000,,count,1000,,parsed,scalar,339,,339000,,count,1000,
661,CPI,2023-06-13T07:30:00-05:00,BLS,bls:cpi:20230613T123000Z:may-2023,May 2023,3,exact,2023-06-13,08:30:00,America/New_York,https://www.bls.gov/schedule/2023/home.htm,OANDA,699,118290,Consumer Price Index,May,3,1686659400,2023-06-13 14:30,EconomicCalendar/raw/oanda/daily/2023-06-13.json,pinned_report_and_event_name,"0,2% m/m","0,4% m/m","0,1% m/m",parsed,scalar,0.2,,0.2,,percent,1,m/m,parsed,scalar,0.4,,0.4,,percent,1,m/m,parsed,scalar,0.1,,0.1,,percent,1,m/m
662,PPI,2023-06-14T07:30:00-05:00,BLS,bls:ppi:20230614T123000Z:may-2023,May 2023,3,exact,2023-06-14,08:30:00,America/New_York,https://www.bls.gov/schedule/2023/home.htm,OANDA,703,118350,Producer Price Index,May,2,1686745800,2023-06-14 14:30,EconomicCalendar/raw/oanda/daily/2023-06-14.json,pinned_report_and_event_name,"-0,1% m/m","0,2% m/m","-0,3% m/m",parsed,scalar,-0.1,,-0.1,,percent,1,m/m,parsed,scalar,0.2,,0.2,,percent,1,m/m,parsed,scalar,-0.3,,-0.3,,percent,1,m/m
2239,FOMC,2023-06-14T13:00:00-05:00,FEDERAL_RESERVE,federal_reserve:fomc:20230614T180000Z,FOMC 2023-06-14,3,exact,2023-06-14,14:00:00,America/New_York,https://www.federalreserve.gov/newsevents/pressreleases/monetary20230614a.htm,OANDA,82,116623,FOMC Interest Rate Decision,June,3,1686765600,2023-06-14 20:00,EconomicCalendar/raw/oanda/daily/2023-06-14.json,pinned_report_and_event_name,"5,00-5,25%","5,00-5,25%","5,00-5,25%",parsed,range,5.00,5.25,5.00,5.25,percent,1,,parsed,range,5.00,5.25,5.00,5.25,percent,1,,parsed,range,5.00,5.25,5.00,5.25,percent,1,
2587,RETAIL_SALES,2023-06-15T07:30:00-05:00,CENSUS,census:retail-sales-2023-05,May 2023,3,exact,2023-06-15,08:30:00,America/New_York,https://www2.census.gov/retail/releases/historical/marts/adv2305.pdf,OANDA,696,118647,Retail Sales,May,3,1686832200,2023-06-15 14:30,EconomicCalendar/raw/oanda/daily/2023-06-15.json,pinned_report_and_event_name,"-0,1% m/m","0,4% m/m","0,3% m/m",parsed,scalar,-0.1,,-0.1,,percent,1,m/m,parsed,scalar,0.4,,0.4,,percent,1,m/m,parsed,scalar,0.3,,0.3,,percent,1,m/m
2588,DURABLE_GOODS,2023-06-27T07:30:00-05:00,CENSUS,census:durable-goods-2023-05,May 2023,3,exact,2023-06-27,08:30:00,America/New_York,https://www.census.gov/manufacturing/m3/historical_data/pressreleases/adv/2023/may23adv.pdf,OANDA,59,118691,Durable Goods Orders - pre..,May,3,1687869000,2023-06-27 14:30,EconomicCalendar/raw/oanda/daily/2023-06-27.json,pinned_report_and_event_name,"-1,1% m/m","1,1% m/m","1,7% m/m",parsed,scalar,-1.1,,-1.1,,percent,1,m/m,parsed,scalar,1.1,,1.1,,percent,1,m/m,parsed,scalar,1.7,,1.7,,percent,1,m/m
1920,GDP,2023-06-29T07:30:00-05:00,BEA,bea:gdp:20230629T123000Z:q1-2023-third,Q1 2023 Third,3,exact,2023-06-29,08:30:00,America/New_York,https://www.bea.gov/news/2023/gross-domestic-product-third-estimate-corporate-profits-revised-estimate-and-gdp-industry,OANDA,690,117060,GDP (Annualized) - fin..,1Q,3,1688041800,2023-06-29 14:30,EconomicCalendar/raw/oanda/daily/2023-06-29.json,pinned_report_and_event_name,"1,4%","2,6%",2%,parsed,scalar,1.4,,1.4,,percent,1,,parsed,scalar,2.6,,2.6,,percent,1,,parsed,scalar,2,,2,,percent,1,
1921,PCE,2023-06-30T07:30:00-05:00,BEA,bea:pce:20230630T123000Z:may-2023,May 2023,3,exact,2023-06-30,08:30:00,America/New_York,https://www.bea.gov/news/2023/personal-income-and-outlays-may-2023,OANDA,694,116933,Personal Consumption Expenditures,May,2,1688128200,2023-06-30 14:30,EconomicCalendar/raw/oanda/daily/2023-06-30.json,pinned_report_and_event_name,"0,2% m/m","0,8% m/m","0,1% m/m",parsed,scalar,0.2,,0.2,,percent,1,m/m,parsed,scalar,0.8,,0.8,,percent,1,m/m,parsed,scalar,0.1,,0.1,,percent,1,m/m
664,EMPLOYMENT,2023-07-07T07:30:00-05:00,BLS,bls:employment:20230707T123000Z:june-2023,June 2023,3,exact,2023-07-07,08:30:00,America/New_York,https://www.bls.gov/schedule/2023/home.htm,OANDA,707,118528,Non-Farm Employment Change,June,3,1688733000,2023-07-07 14:30,EconomicCalendar/raw/oanda/daily/2023-07-07.json,pinned_report_and_event_name,225 k,339 k,209 k,parsed,scalar,225,,225000,,count,1000,,parsed,scalar,339,,339000,,count,1000,,parsed,scalar,209,,209000,,count,1000,
665,CPI,2023-07-12T07:30:00-05:00,BLS,bls:cpi:20230712T123000Z:june-2023,June 2023,3,exact,2023-07-12,08:30:00,America/New_York,https://www.bls.gov/schedule/2023/home.htm,OANDA,699,118295,Consumer Price Index,June,3,1689165000,2023-07-12 14:30,EconomicCalendar/raw/oanda/daily/2023-07-12.json,pinned_report_and_event_name,"0,3% m/m","0,1% m/m","0,2% m/m",parsed,scalar,0.3,,0.3,,percent,1,m/m,parsed,scalar,0.1,,0.1,,percent,1,m/m,parsed,scalar,0.2,,0.2,,percent,1,m/m
666,PPI,2023-07-13T07:30:00-05:00,BLS,bls:ppi:20230713T123000Z:june-2023,June 2023,3,exact,2023-07-13,08:30:00,America/New_York,https://www.bls.gov/schedule/2023/home.htm,OANDA,703,118355,Producer Price Index,June,2,1689251400,2023-07-13 14:30,EconomicCalendar/raw/oanda/daily/2023-07-13.json,pinned_report_and_event_name,"0,2% m/m","-0,3% m/m","0,1% m/m",parsed,scalar,0.2,,0.2,,percent,1,m/m,parsed,scalar,-0.3,,-0.3,,percent,1,m/m,parsed,scalar,0.1,,0.1,,percent,1,m/m
2589,RETAIL_SALES,2023-07-18T07:30:00-05:00,CENSUS,census:retail-sales-2023-06,June 2023,3,exact,2023-07-18,08:30:00,America/New_York,https://www2.census.gov/retail/releases/historical/marts/adv2306.pdf,OANDA,696,118651,Retail Sales,June,3,1689683400,2023-07-18 14:30,EconomicCalendar/raw/oanda/daily/2023-07-18.json,pinned_report_and_event_name,"0,5% m/m","0,3% m/m","0,2% m/m",parsed,scalar,0.5,,0.5,,percent,1,m/m,parsed,scalar,0.3,,0.3,,percent,1,m/m,parsed,scalar,0.2,,0.2,,percent,1,m/m
2240,FOMC,2023-07-26T13:00:00-05:00,FEDERAL_RESERVE,federal_reserve:fomc:20230726T180000Z,FOMC 2023-07-26,3,exact,2023-07-26,14:00:00,America/New_York,https://www.federalreserve.gov/newsevents/pressreleases/monetary20230726a.htm,OANDA,82,116624,FOMC Interest Rate Decision,July,3,1690394400,2023-07-26 20:00,EconomicCalendar/raw/oanda/daily/2023-07-26.json,pinned_report_and_event_name,"5,25-5,50%","5,00-5,25%","5,25-5,50%",parsed,range,5.25,5.50,5.25,5.50,percent,1,,parsed,range,5.00,5.25,5.00,5.25,percent,1,,parsed,range,5.25,5.50,5.25,5.50,percent,1,
2590,DURABLE_GOODS,2023-07-27T07:30:00-05:00,CENSUS,census:durable-goods-2023-06,June 2023,3,exact,2023-07-27,08:30:00,America/New_York,https://www.census.gov/manufacturing/m3/historical_data/pressreleases/adv/2023/jun23adv.pdf,OANDA,59,118692,Durable Goods Orders - pre..,June,3,1690461000,2023-07-27 14:30,EconomicCalendar/raw/oanda/daily/2023-07-27.json,pinned_report_and_event_name,"0,6% m/m","1,8% m/m","4,7% m/m",parsed,scalar,0.6,,0.6,,percent,1,m/m,parsed,scalar,1.8,,1.8,,percent,1,m/m,parsed,scalar,4.7,,4.7,,percent,1,m/m
1922,GDP,2023-07-27T07:30:00-05:00,BEA,bea:gdp:20230727T123000Z:q2-2023-advance,Q2 2023 Advance,3,exact,2023-07-27,08:30:00,America/New_York,https://www.bea.gov/news/2023/gross-domestic-product-second-quarter-2023-advance-estimate,OANDA,690,117065,GDP (Annualized) - pre..,2Q,3,1690461000,2023-07-27 14:30,EconomicCalendar/raw/oanda/daily/2023-07-27.json,pinned_report_and_event_name,"1,7%",2%,"2,4%",parsed,scalar,1.7,,1.7,,percent,1,,parsed,scalar,2,,2,,percent,1,,parsed,scalar,2.4,,2.4,,percent,1,
1923,PCE,2023-07-28T07:30:00-05:00,BEA,bea:pce:20230728T123000Z:june-2023,June 2023,3,exact,2023-07-28,08:30:00,America/New_York,https://www.bea.gov/news/2023/personal-income-and-outlays-june-2023,OANDA,694,116939,Personal Consumption Expenditures,June,2,1690547400,2023-07-28 14:30,EconomicCalendar/raw/oanda/daily/2023-07-28.json,pinned_report_and_event_name,"0,4% m/m","0,1% m/m","0,5% m/m",parsed,scalar,0.4,,0.4,,percent,1,m/m,parsed,scalar,0.1,,0.1,,percent,1,m/m,parsed,scalar,0.5,,0.5,,percent,1,m/m
668,EMPLOYMENT,2023-08-04T07:30:00-05:00,BLS,bls:employment:20230804T123000Z:july-2023,July 2023,3,exact,2023-08-04,08:30:00,America/New_York,https://www.bls.gov/schedule/2023/home.htm,OANDA,707,118536,Non-Farm Employment Change,July,3,1691152200,2023-08-04 14:30,EconomicCalendar/raw/oanda/daily/2023-08-04.json,pinned_report_and_event_name,200 k,209 k,187 k,parsed,scalar,200,,200000,,count,1000,,parsed,scalar,209,,209000,,count,1000,,parsed,scalar,187,,187000,,count,1000,
669,CPI,2023-08-10T07:30:00-05:00,BLS,bls:cpi:20230810T123000Z:july-2023,July 2023,3,exact,2023-08-10,08:30:00,America/New_York,https://www.bls.gov/schedule/2023/home.htm,OANDA,699,118300,Consumer Price Index,July,3,1691670600,2023-08-10 14:30,EconomicCalendar/raw/oanda/daily/2023-08-10.json,pinned_report_and_event_name,"0,2% m/m","0,2% m/m","0,2% m/m",parsed,scalar,0.2,,0.2,,percent,1,m/m,parsed,scalar,0.2,,0.2,,percent,1,m/m,parsed,scalar,0.2,,0.2,,percent,1,m/m
670,PPI,2023-08-11T07:30:00-05:00,BLS,bls:ppi:20230811T123000Z:july-2023,July 2023,3,exact,2023-08-11,08:30:00,America/New_York,https://www.bls.gov/schedule/2023/home.htm,OANDA,703,118360,Producer Price Index,July,2,1691757000,2023-08-11 14:30,EconomicCalendar/raw/oanda/daily/2023-08-11.json,pinned_report_and_event_name,"0,2% m/m","0,1% m/m","0,3% m/m",parsed,scalar,0.2,,0.2,,percent,1,m/m,parsed,scalar,0.1,,0.1,,percent,1,m/m,parsed,scalar,0.3,,0.3,,percent,1,m/m
2591,RETAIL_SALES,2023-08-15T07:30:00-05:00,CENSUS,census:retail-sales-2023-07,July 2023,3,exact,2023-08-15,08:30:00,America/New_York,https://www2.census.gov/retail/releases/historical/marts/adv2307.pdf,OANDA,696,118655,Retail Sales,July,3,1692102600,2023-08-15 14:30,EconomicCalendar/raw/oanda/daily/2023-08-15.json,pinned_report_and_event_name,"0,4% m/m","0,2% m/m","0,7% m/m",parsed,scalar,0.4,,0.4,,percent,1,m/m,parsed,scalar,0.2,,0.2,,percent,1,m/m,parsed,scalar,0.7,,0.7,,percent,1,m/m
2592,DURABLE_GOODS,2023-08-24T07:30:00-05:00,CENSUS,census:durable-goods-2023-07,July 2023,3,exact,2023-08-24,08:30:00,America/New_York,https://www.census.gov/manufacturing/m3/historical_data/pressreleases/adv/2023/jul23adv.pdf,OANDA,59,118693,Durable Goods Orders - pre..,July,3,1692880200,2023-08-24 14:30,EconomicCalendar/raw/oanda/daily/2023-08-24.json,pinned_report_and_event_name,"-4,1% m/m","4,6% m/m","-5,2% m/m",parsed,scalar,-4.1,,-4.1,,percent,1,m/m,parsed,scalar,4.6,,4.6,,percent,1,m/m,parsed,scalar,-5.2,,-5.2,,percent,1,m/m
1924,GDP,2023-08-30T07:30:00-05:00,BEA,bea:gdp:20230830T123000Z:q2-2023-second,Q2 2023 Second,3,exact,2023-08-30,08:30:00,America/New_York,https://www.bea.gov/news/2023/gross-domestic-product-second-quarter-2023-second-estimate-and-corporate-profits,OANDA,690,117070,GDP (Annualized) - rev..,2Q,3,1693398600,2023-08-30 14:30,EconomicCalendar/raw/oanda/daily/2023-08-30.json,pinned_report_and_event_name,"2,4%",2%,"2,1%",parsed,scalar,2.4,,2.4,,percent,1,,parsed,scalar,2,,2,,percent,1,,parsed,scalar,2.1,,2.1,,percent,1,
1925,PCE,2023-08-31T07:30:00-05:00,BEA,bea:pce:20230831T123000Z:july-2023,July 2023,3,exact,2023-08-31,08:30:00,America/New_York,https://www.bea.gov/news/2023/personal-income-and-outlays-july-2023,OANDA,694,116945,Personal Consumption Expenditures,July,2,1693485000,2023-08-31 14:30,EconomicCalendar/raw/oanda/daily/2023-08-31.json,pinned_report_and_event_name,"0,6% m/m","0,5% m/m","0,8% m/m",parsed,scalar,0.6,,0.6,,percent,1,m/m,parsed,scalar,0.5,,0.5,,percent,1,m/m,parsed,scalar,0.8,,0.8,,percent,1,m/m
672,EMPLOYMENT,2023-09-01T07:30:00-05:00,BLS,bls:employment:20230901T123000Z:august-2023,August 2023,3,exact,2023-09-01,08:30:00,America/New_York,https://www.bls.gov/schedule/2023/home.htm,OANDA,707,118544,Non-Farm Employment Change,August,3,1693571400,2023-09-01 14:30,EconomicCalendar/raw/oanda/daily/2023-09-01.json,pinned_report_and_event_name,170 k,187 k,187 k,parsed,scalar,170,,170000,,count,1000,,parsed,scalar,187,,187000,,count,1000,,parsed,scalar,187,,187000,,count,1000,
673,CPI,2023-09-13T07:30:00-05:00,BLS,bls:cpi:20230913T123000Z:august-2023,August 2023,3,exact,2023-09-13,08:30:00,America/New_York,https://www.bls.gov/schedule/2023/home.htm,OANDA,699,118305,Consumer Price Index,August,3,1694608200,2023-09-13 14:30,EconomicCalendar/raw/oanda/daily/2023-09-13.json,pinned_report_and_event_name,"0,6% m/m","0,2% m/m","0,6% m/m",parsed,scalar,0.6,,0.6,,percent,1,m/m,parsed,scalar,0.2,,0.2,,percent,1,m/m,parsed,scalar,0.6,,0.6,,percent,1,m/m
674,PPI,2023-09-14T07:30:00-05:00,BLS,bls:ppi:20230914T123000Z:august-2023,August 2023,3,exact,2023-09-14,08:30:00,America/New_York,https://www.bls.gov/schedule/2023/home.htm,OANDA,703,118365,Producer Price Index,August,2,1694694600,2023-09-14 14:30,EconomicCalendar/raw/oanda/daily/2023-09-14.json,pinned_report_and_event_name,"0,4% m/m","0,3% m/m","0,7% m/m",parsed,scalar,0.4,,0.4,,percent,1,m/m,parsed,scalar,0.3,,0.3,,percent,1,m/m,parsed,scalar,0.7,,0.7,,percent,1,m/m
2593,RETAIL_SALES,2023-09-14T07:30:00-05:00,CENSUS,census:retail-sales-2023-08,August 2023,3,exact,2023-09-14,08:30:00,America/New_York,https://www2.census.gov/retail/releases/historical/marts/adv2308.pdf,OANDA,696,118659,Retail Sales,August,3,1694694600,2023-09-14 14:30,EconomicCalendar/raw/oanda/daily/2023-09-14.json,pinned_report_and_event_name,"0,2% m/m","0,7% m/m","0,6% m/m",parsed,scalar,0.2,,0.2,,percent,1,m/m,parsed,scalar,0.7,,0.7,,percent,1,m/m,parsed,scalar,0.6,,0.6,,percent,1,m/m
2241,FOMC,2023-09-20T13:00:00-05:00,FEDERAL_RESERVE,federal_reserve:fomc:20230920T180000Z,FOMC 2023-09-20,3,exact,2023-09-20,14:00:00,America/New_York,https://www.federalreserve.gov/newsevents/pressreleases/monetary20230920a.htm,OANDA,82,116625,FOMC Interest Rate Decision,September,3,1695232800,2023-09-20 20:00,EconomicCalendar/raw/oanda/daily/2023-09-20.json,pinned_report_and_event_name,"5,25-5,50%","5,25-5,50%","5,25-5,50%",parsed,range,5.25,5.50,5.25,5.50,percent,1,,parsed,range,5.25,5.50,5.25,5.50,percent,1,,parsed,range,5.25,5.50,5.25,5.50,percent,1,
2594,DURABLE_GOODS,2023-09-27T07:30:00-05:00,CENSUS,census:durable-goods-2023-08,August 2023,3,exact,2023-09-27,08:30:00,America/New_York,https://www.census.gov/manufacturing/m3/historical_data/pressreleases/adv/2023/aug23adv.pdf,OANDA,59,118694,Durable Goods Orders - pre..,August,3,1695817800,2023-09-27 14:30,EconomicCalendar/raw/oanda/daily/2023-09-27.json,pinned_report_and_event_name,"-0,5% m/m","-5,2% m/m","0,2% m/m",parsed,scalar,-0.5,,-0.5,,percent,1,m/m,parsed,scalar,-5.2,,-5.2,,percent,1,m/m,parsed,scalar,0.2,,0.2,,percent,1,m/m
1926,GDP,2023-09-28T07:30:00-05:00,BEA,bea:gdp:20230928T123000Z:q2-2023-third,Q2 2023 Third,3,exact,2023-09-28,08:30:00,America/New_York,https://www.bea.gov/news/2023/gross-domestic-product-third-estimate-corporate-profits-revised-estimate-second-quarter,OANDA,690,117075,GDP (Annualized) - fin..,2Q,3,1695904200,2023-09-28 14:30,EconomicCalendar/raw/oanda/daily/2023-09-28.json,pinned_report_and_event_name,"2,1%",2%,"2,1%",parsed,scalar,2.1,,2.1,,percent,1,,parsed,scalar,2,,2,,percent,1,,parsed,scalar,2.1,,2.1,,percent,1,
1927,PCE,2023-09-29T07:30:00-05:00,BEA,bea:pce:20230929T123000Z:august-2023,August 2023,3,exact,2023-09-29,08:30:00,America/New_York,https://www.bea.gov/news/2023/personal-income-and-outlays-august-2023,OANDA,694,116951,Personal Consumption Expenditures,August,2,1695990600,2023-09-29 14:30,EconomicCalendar/raw/oanda/daily/2023-09-29.json,pinned_report_and_event_name,"0,5% m/m","0,8% m/m","0,4% m/m",parsed,scalar,0.5,,0.5,,percent,1,m/m,parsed,scalar,0.8,,0.8,,percent,1,m/m,parsed,scalar,0.4,,0.4,,percent,1,m/m
676,EMPLOYMENT,2023-10-06T07:30:00-05:00,BLS,bls:employment:20231006T123000Z:september-2023,September 2023,3,exact,2023-10-06,08:30:00,America/New_York,https://www.bls.gov/schedule/2023/home.htm,OANDA,707,118552,Non-Farm Employment Change,September,3,1696595400,2023-10-06 14:30,EconomicCalendar/raw/oanda/daily/2023-10-06.json,pinned_report_and_event_name,170 k,187 k,336 k,parsed,scalar,170,,170000,,count,1000,,parsed,scalar,187,,187000,,count,1000,,parsed,scalar,336,,336000,,count,1000,
677,PPI,2023-10-11T07:30:00-05:00,BLS,bls:ppi:20231011T123000Z:september-2023,September 2023,3,exact,2023-10-11,08:30:00,America/New_York,https://www.bls.gov/schedule/2023/home.htm,OANDA,703,118370,Producer Price Index,September,2,1697027400,2023-10-11 14:30,EconomicCalendar/raw/oanda/daily/2023-10-11.json,pinned_report_and_event_name,"0,3% m/m","0,7% m/m","0,5% m/m",parsed,scalar,0.3,,0.3,,percent,1,m/m,parsed,scalar,0.7,,0.7,,percent,1,m/m,parsed,scalar,0.5,,0.5,,percent,1,m/m
678,CPI,2023-10-12T07:30:00-05:00,BLS,bls:cpi:20231012T123000Z:september-2023,September 2023,3,exact,2023-10-12,08:30:00,America/New_York,https://www.bls.gov/schedule/2023/home.htm,OANDA,699,118310,Consumer Price Index,September,3,1697113800,2023-10-12 14:30,EconomicCalendar/raw/oanda/daily/2023-10-12.json,pinned_report_and_event_name,"0,3% m/m","0,6% m/m","0,4% m/m",parsed,scalar,0.3,,0.3,,percent,1,m/m,parsed,scalar,0.6,,0.6,,percent,1,m/m,parsed,scalar,0.4,,0.4,,percent,1,m/m
2595,RETAIL_SALES,2023-10-17T07:30:00-05:00,CENSUS,census:retail-sales-2023-09,September 2023,3,exact,2023-10-17,08:30:00,America/New_York,https://www2.census.gov/retail/releases/historical/marts/adv2309.pdf,OANDA,696,118663,Retail Sales,September,3,1697545800,2023-10-17 14:30,EconomicCalendar/raw/oanda/daily/2023-10-17.json,pinned_report_and_event_name,"0,3% m/m","0,6% m/m","0,7% m/m",parsed,scalar,0.3,,0.3,,percent,1,m/m,parsed,scalar,0.6,,0.6,,percent,1,m/m,parsed,scalar,0.7,,0.7,,percent,1,m/m
2596,DURABLE_GOODS,2023-10-26T07:30:00-05:00,CENSUS,census:durable-goods-2023-09,September 2023,3,exact,2023-10-26,08:30:00,America/New_York,https://www.census.gov/manufacturing/m3/historical_data/pressreleases/adv/2023/sep23adv.pdf,OANDA,59,118695,Durable Goods Orders - pre..,September,3,1698323400,2023-10-26 14:30,EconomicCalendar/raw/oanda/daily/2023-10-26.json,pinned_report_and_event_name,"1,7% m/m","0,1% m/m","4,7% m/m",parsed,scalar,1.7,,1.7,,percent,1,m/m,parsed,scalar,0.1,,0.1,,percent,1,m/m,parsed,scalar,4.7,,4.7,,percent,1,m/m
1928,GDP,2023-10-26T07:30:00-05:00,BEA,bea:gdp:20231026T123000Z:q3-2023-advance,Q3 2023 Advance,3,exact,2023-10-26,08:30:00,America/New_York,https://www.bea.gov/news/2023/gross-domestic-product-third-quarter-2023-advance-estimate,OANDA,690,117080,GDP (Annualized) - pre..,3Q,3,1698323400,2023-10-26 14:30,EconomicCalendar/raw/oanda/daily/2023-10-26.json,pinned_report_and_event_name,"4,3%","2,1%","4,9%",parsed,scalar,4.3,,4.3,,percent,1,,parsed,scalar,2.1,,2.1,,percent,1,,parsed,scalar,4.9,,4.9,,percent,1,
1929,PCE,2023-10-27T07:30:00-05:00,BEA,bea:pce:20231027T123000Z:september-2023,September 2023,3,exact,2023-10-27,08:30:00,America/New_York,https://www.bea.gov/news/2023/personal-income-and-outlays-september-2023,OANDA,694,116957,Personal Consumption Expenditures,September,2,1698409800,2023-10-27 14:30,EconomicCalendar/raw/oanda/daily/2023-10-27.json,pinned_report_and_event_name,"0,5% m/m","0,4% m/m","0,7% m/m",parsed,scalar,0.5,,0.5,,percent,1,m/m,parsed,scalar,0.4,,0.4,,percent,1,m/m,parsed,scalar,0.7,,0.7,,percent,1,m/m
2242,FOMC,2023-11-01T13:00:00-05:00,FEDERAL_RESERVE,federal_reserve:fomc:20231101T180000Z,FOMC 2023-11-01,3,exact,2023-11-01,14:00:00,America/New_York,https://www.federalreserve.gov/newsevents/pressreleases/monetary20231101a.htm,OANDA,82,116626,FOMC Interest Rate Decision,November,3,1698861600,2023-11-01 19:00,EconomicCalendar/raw/oanda/daily/2023-11-01.json,pinned_report_and_event_name,"5,25-5,50%","5,25-5,50%","5,25-5,50%",parsed,range,5.25,5.50,5.25,5.50,percent,1,,parsed,range,5.25,5.50,5.25,5.50,percent,1,,parsed,range,5.25,5.50,5.25,5.50,percent,1,
680,EMPLOYMENT,2023-11-03T07:30:00-05:00,BLS,bls:employment:20231103T123000Z:october-2023,October 2023,3,exact,2023-11-03,08:30:00,America/New_York,https://www.bls.gov/schedule/2023/home.htm,OANDA,707,118560,Non-Farm Employment Change,October,3,1699014600,2023-11-03 13:30,EconomicCalendar/raw/oanda/daily/2023-11-03.json,pinned_report_and_event_name,180 k,336 k,150 k,parsed,scalar,180,,180000,,count,1000,,parsed,scalar,336,,336000,,count,1000,,parsed,scalar,150,,150000,,count,1000,
681,CPI,2023-11-14T07:30:00-06:00,BLS,bls:cpi:20231114T133000Z:october-2023,October 2023,3,exact,2023-11-14,08:30:00,America/New_York,https://www.bls.gov/schedule/2023/home.htm,OANDA,699,118315,Consumer Price Index,October,3,1699968600,2023-11-14 14:30,EconomicCalendar/raw/oanda/daily/2023-11-14.json,pinned_report_and_event_name,"0,1% m/m","0,4% m/m",,parsed,scalar,0.1,,0.1,,percent,1,m/m,parsed,scalar,0.4,,0.4,,percent,1,m/m,missing,,,,,,,,
682,PPI,2023-11-15T07:30:00-06:00,BLS,bls:ppi:20231115T133000Z:october-2023,October 2023,3,exact,2023-11-15,08:30:00,America/New_York,https://www.bls.gov/schedule/2023/home.htm,OANDA,703,118375,Producer Price Index,October,2,1700055000,2023-11-15 14:30,EconomicCalendar/raw/oanda/daily/2023-11-15.json,pinned_report_and_event_name,"0,1% m/m","0,5% m/m","-0,5% m/m",parsed,scalar,0.1,,0.1,,percent,1,m/m,parsed,scalar,0.5,,0.5,,percent,1,m/m,parsed,scalar,-0.5,,-0.5,,percent,1,m/m
2597,RETAIL_SALES,2023-11-15T07:30:00-06:00,CENSUS,census:retail-sales-2023-10,October 2023,3,exact,2023-11-15,08:30:00,America/New_York,https://www2.census.gov/retail/releases/historical/marts/adv2310.pdf,OANDA,696,118667,Retail Sales,October,3,1700055000,2023-11-15 14:30,EconomicCalendar/raw/oanda/daily/2023-11-15.json,pinned_report_and_event_name,"-0,3% m/m","0,7% m/m","-0,1% m/m",parsed,scalar,-0.3,,-0.3,,percent,1,m/m,parsed,scalar,0.7,,0.7,,percent,1,m/m,parsed,scalar,-0.1,,-0.1,,percent,1,m/m
2598,DURABLE_GOODS,2023-11-22T07:30:00-06:00,CENSUS,census:durable-goods-2023-10,October 2023,3,exact,2023-11-22,08:30:00,America/New_York,https://www.census.gov/manufacturing/m3/historical_data/pressreleases/adv/2023/oct23adv.pdf,OANDA,59,118696,Durable Goods Orders - pre..,October,3,1700659800,2023-11-22 14:30,EconomicCalendar/raw/oanda/daily/2023-11-22.json,pinned_report_and_event_name,"-3,1% m/m","4,6% m/m","-5,4% m/m",parsed,scalar,-3.1,,-3.1,,percent,1,m/m,parsed,scalar,4.6,,4.6,,percent,1,m/m,parsed,scalar,-5.4,,-5.4,,percent,1,m/m
1930,GDP,2023-11-29T07:30:00-06:00,BEA,bea:gdp:20231129T133000Z:q3-2023-second,Q3 2023 Second,3,exact,2023-11-29,08:30:00,America/New_York,https://www.bea.gov/news/2023/gross-domestic-product-second-estimate-corporate-profits-preliminary-estimate-third,OANDA,690,117085,GDP (Annualized) - rev..,3Q,3,1701264600,2023-11-29 14:30,EconomicCalendar/raw/oanda/daily/2023-11-29.json,pinned_report_and_event_name,5%,"2,1%","5,2%",parsed,scalar,5,,5,,percent,1,,parsed,scalar,2.1,,2.1,,percent,1,,parsed,scalar,5.2,,5.2,,percent,1,
1931,PCE,2023-11-30T07:30:00-06:00,BEA,bea:pce:20231130T133000Z:october-2023,October 2023,3,exact,2023-11-30,08:30:00,America/New_York,https://www.bea.gov/news/2023/personal-income-and-outlays-october-2023,OANDA,694,116963,Personal Consumption Expenditures,October,2,1701351000,2023-11-30 14:30,EconomicCalendar/raw/oanda/daily/2023-11-30.json,pinned_report_and_event_name,"0,2% m/m","0,7% m/m","0,2% m/m",parsed,scalar,0.2,,0.2,,percent,1,m/m,parsed,scalar,0.7,,0.7,,percent,1,m/m,parsed,scalar,0.2,,0.2,,percent,1,m/m
683,JOLTS,2023-12-05T09:00:00-06:00,BLS,bls:jolts:20231205T150000Z:october-2023,October 2023,3,exact,2023-12-05,10:00:00,America/New_York,https://www.bls.gov/schedule/2023/home.htm,OANDA,1371,124631,JOLTS Job Openings,October,3,1701788400,2023-12-05 16:00,EconomicCalendar/raw/oanda/daily/2023-12-05.json,pinned_report_and_event_name,"9,3 mn","9,55 mn","8,73 mn",parsed,scalar,9.3,,9300000.0,,count,1000000,,parsed,scalar,9.55,,9550000.00,,count,1000000,,parsed,scalar,8.73,,8730000.00,,count,1000000,
684,EMPLOYMENT,2023-12-08T07:30:00-06:00,BLS,bls:employment:20231208T133000Z:november-2023,November 2023,3,exact,2023-12-08,08:30:00,America/New_York,https://www.bls.gov/schedule/2023/home.htm,OANDA,707,118568,Non-Farm Employment Change,November,3,1702042200,2023-12-08 14:30,EconomicCalendar/raw/oanda/daily/2023-12-08.json,pinned_report_and_event_name,180 k,150 k,199 k,parsed,scalar,180,,180000,,count,1000,,parsed,scalar,150,,150000,,count,1000,,parsed,scalar,199,,199000,,count,1000,
685,CPI,2023-12-12T07:30:00-06:00,BLS,bls:cpi:20231212T133000Z:november-2023,November 2023,3,exact,2023-12-12,08:30:00,America/New_York,https://www.bls.gov/schedule/2023/home.htm,OANDA,699,118320,Consumer Price Index,November,3,1702387800,2023-12-12 14:30,EconomicCalendar/raw/oanda/daily/2023-12-12.json,pinned_report_and_event_name,,,"0,1% m/m",missing,,,,,,,,,missing,,,,,,,,,parsed,scalar,0.1,,0.1,,percent,1,m/m
686,PPI,2023-12-13T07:30:00-06:00,BLS,bls:ppi:20231213T133000Z:november-2023,November 2023,3,exact,2023-12-13,08:30:00,America/New_York,https://www.bls.gov/schedule/2023/home.htm,OANDA,703,118380,Producer Price Index,November,2,1702474200,2023-12-13 14:30,EconomicCalendar/raw/oanda/daily/2023-12-13.json,pinned_report_and_event_name,"0,1% m/m","-0,5% m/m",,parsed,scalar,0.1,,0.1,,percent,1,m/m,parsed,scalar,-0.5,,-0.5,,percent,1,m/m,missing,,,,,,,,
2243,FOMC,2023-12-13T13:00:00-06:00,FEDERAL_RESERVE,federal_reserve:fomc:20231213T190000Z,FOMC 2023-12-13,3,exact,2023-12-13,14:00:00,America/New_York,https://www.federalreserve.gov/newsevents/pressreleases/monetary20231213a.htm,OANDA,82,116627,FOMC Interest Rate Decision,December,3,1702494000,2023-12-13 20:00,EconomicCalendar/raw/oanda/daily/2023-12-13.json,pinned_report_and_event_name,"5,25-5,50%","5,25-5,50%","5,25-5,50%",parsed,range,5.25,5.50,5.25,5.50,percent,1,,parsed,range,5.25,5.50,5.25,5.50,percent,1,,parsed,range,5.25,5.50,5.25,5.50,percent,1,
2599,RETAIL_SALES,2023-12-14T07:30:00-06:00,CENSUS,census:retail-sales-2023-11,November 2023,3,exact,2023-12-14,08:30:00,America/New_York,https://www2.census.gov/retail/releases/historical/marts/adv2311.pdf,OANDA,696,118671,Retail Sales,November,3,1702560600,2023-12-14 14:30,EconomicCalendar/raw/oanda/daily/2023-12-14.json,pinned_report_and_event_name,"-0,1% m/m","-0,1% m/m","0,3% m/m",parsed,scalar,-0.1,,-0.1,,percent,1,m/m,parsed,scalar,-0.1,,-0.1,,percent,1,m/m,parsed,scalar,0.3,,0.3,,percent,1,m/m
1932,GDP,2023-12-21T07:30:00-06:00,BEA,bea:gdp:20231221T133000Z:q3-2023-third,Q3 2023 Third,3,exact,2023-12-21,08:30:00,America/New_York,https://www.bea.gov/news/2023/gross-domestic-product-third-estimate-corporate-profits-revised-estimate-and-gdp,OANDA,690,117090,GDP (Annualized) - fin..,3Q,3,1703165400,2023-12-21 14:30,EconomicCalendar/raw/oanda/daily/2023-12-21.json,pinned_report_and_event_name,"5,2%","2,1%","4,9%",parsed,scalar,5.2,,5.2,,percent,1,,parsed,scalar,2.1,,2.1,,percent,1,,parsed,scalar,4.9,,4.9,,percent,1,
2600,DURABLE_GOODS,2023-12-22T07:30:00-06:00,CENSUS,census:durable-goods-2023-11,November 2023,3,exact,2023-12-22,08:30:00,America/New_York,https://www.census.gov/manufacturing/m3/historical_data/pressreleases/adv/2023/nov23adv.pdf,OANDA,59,118697,Durable Goods Orders - pre..,November,3,1703251800,2023-12-22 14:30,EconomicCalendar/raw/oanda/daily/2023-12-22.json,pinned_report_and_event_name,"2,3% m/m","-5,4% m/m","5,4% m/m",parsed,scalar,2.3,,2.3,,percent,1,m/m,parsed,scalar,-5.4,,-5.4,,percent,1,m/m,parsed,scalar,5.4,,5.4,,percent,1,m/m
1933,PCE,2023-12-22T07:30:00-06:00,BEA,bea:pce:20231222T133000Z:november-2023,November 2023,3,exact,2023-12-22,08:30:00,America/New_York,https://www.bea.gov/news/2023/personal-income-and-outlays-november-2023,OANDA,694,116969,Personal Consumption Expenditures,November,2,1703251800,2023-12-22 14:30,EconomicCalendar/raw/oanda/daily/2023-12-22.json,pinned_report_and_event_name,"0,3% m/m","0,2% m/m","0,2% m/m",parsed,scalar,0.3,,0.3,,percent,1,m/m,parsed,scalar,0.2,,0.2,,percent,1,m/m,parsed,scalar,0.2,,0.2,,percent,1,m/m
687,JOLTS,2024-01-03T09:00:00-06:00,BLS,bls:jolts:20240103T150000Z:november-2023,November 2023,3,exact,2024-01-03,10:00:00,America/New_York,https://www.bls.gov/schedule/2024/home.htm,OANDA,1371,127578,JOLTS Job Openings,November,3,1704294000,2024-01-03 16:00,EconomicCalendar/raw/oanda/daily/2024-01-03.json,pinned_report_and_event_name,"8,85 mn","8,73 mn","8,79 mn",parsed,scalar,8.85,,8850000.00,,count,1000000,,parsed,scalar,8.73,,8730000.00,,count,1000000,,parsed,scalar,8.79,,8790000.00,,count,1000000,
688,EMPLOYMENT,2024-01-05T07:30:00-06:00,BLS,bls:employment:20240105T133000Z:december-2023,December 2023,3,exact,2024-01-05,08:30:00,America/New_York,https://www.bls.gov/schedule/2024/home.htm,OANDA,707,127793,Non-Farm Employment Change,December,3,1704461400,2024-01-05 14:30,EconomicCalendar/raw/oanda/daily/2024-01-05.json,pinned_report_and_event_name,170 k,199 k,216 k,parsed,scalar,170,,170000,,count,1000,,parsed,scalar,199,,199000,,count,1000,,parsed,scalar,216,,216000,,count,1000,
689,CPI,2024-01-11T07:30:00-06:00,BLS,bls:cpi:20240111T133000Z:december-2023,December 2023,3,exact,2024-01-11,08:30:00,America/New_York,https://www.bls.gov/schedule/2024/home.htm,OANDA,699,126154,Consumer Price Index,December,3,1704979800,2024-01-11 14:30,EconomicCalendar/raw/oanda/daily/2024-01-11.json,pinned_report_and_event_name,"0,2% m/m","0,1% m/m","0,3% m/m",parsed,scalar,0.2,,0.2,,percent,1,m/m,parsed,scalar,0.1,,0.1,,percent,1,m/m,parsed,scalar,0.3,,0.3,,percent,1,m/m
690,PPI,2024-01-12T07:30:00-06:00,BLS,bls:ppi:20240112T133000Z:december-2023,December 2023,3,exact,2024-01-12,08:30:00,America/New_York,https://www.bls.gov/schedule/2024/home.htm,OANDA,703,126214,Producer Price Index,December,2,1705066200,2024-01-12 14:30,EconomicCalendar/raw/oanda/daily/2024-01-12.json,pinned_report_and_event_name,"0,1% m/m",,"-0,1% m/m",parsed,scalar,0.1,,0.1,,percent,1,m/m,missing,,,,,,,,,parsed,scalar,-0.1,,-0.1,,percent,1,m/m
2601,RETAIL_SALES,2024-01-17T07:30:00-06:00,CENSUS,census:retail-sales-2023-12,December 2023,3,exact,2024-01-17,08:30:00,America/New_York,https://www2.census.gov/retail/releases/historical/marts/adv2312.pdf,OANDA,696,129882,Retail Sales,December,3,1705498200,2024-01-17 14:30,EconomicCalendar/raw/oanda/daily/2024-01-17.json,pinned_report_and_event_name,"0,4% m/m","0,3% m/m","0,6% m/m",parsed,scalar,0.4,,0.4,,percent,1,m/m,parsed,scalar,0.3,,0.3,,percent,1,m/m,parsed,scalar,0.6,,0.6,,percent,1,m/m
2602,DURABLE_GOODS,2024-01-25T07:30:00-06:00,CENSUS,census:durable-goods-2023-12,December 2023,3,exact,2024-01-25,08:30:00,America/New_York,https://www.census.gov/manufacturing/m3//historical_data/pressreleases/adv/2023/dec23adv.pdf,OANDA,59,129941,Durable Goods Orders - pre..,December,3,1706189400,2024-01-25 14:30,EconomicCalendar/raw/oanda/daily/2024-01-25.json,pinned_report_and_event_name,1% m/m,"5,4% m/m",,parsed,scalar,1,,1,,percent,1,m/m,parsed,scalar,5.4,,5.4,,percent,1,m/m,missing,,,,,,,,
1934,GDP,2024-01-25T07:30:00-06:00,BEA,bea:gdp:20240125T133000Z:q4-2023-advance,Q4 2023 Advance,3,exact,2024-01-25,08:30:00,America/New_York,https://www.bea.gov/news/2024/gross-domestic-product-fourth-quarter-and-year-2023-advance-estimate,OANDA,690,127651,GDP (Annualized) - pre..,4Q,3,1706189400,2024-01-25 14:30,EconomicCalendar/raw/oanda/daily/2024-01-25.json,pinned_report_and_event_name,2%,"4,9%","3,3%",parsed,scalar,2,,2,,percent,1,,parsed,scalar,4.9,,4.9,,percent,1,,parsed,scalar,3.3,,3.3,,percent,1,
1935,PCE,2024-01-26T07:30:00-06:00,BEA,bea:pce:20240126T133000Z:december-2023,December 2023,3,exact,2024-01-26,08:30:00,America/New_York,https://www.bea.gov/news/2024/personal-income-and-outlays-december-2023,OANDA,694,126409,Personal Consumption Expenditures,December,2,1706275800,2024-01-26 14:30,EconomicCalendar/raw/oanda/daily/2024-01-26.json,pinned_report_and_event_name,"0,4% m/m","0,2% m/m","0,7% m/m",parsed,scalar,0.4,,0.4,,percent,1,m/m,parsed,scalar,0.2,,0.2,,percent,1,m/m,parsed,scalar,0.7,,0.7,,percent,1,m/m
691,JOLTS,2024-01-30T09:00:00-06:00,BLS,bls:jolts:20240130T150000Z:december-2023,December 2023,3,exact,2024-01-30,10:00:00,America/New_York,https://www.bls.gov/schedule/2024/home.htm,OANDA,1371,127579,JOLTS Job Openings,December,3,1706626800,2024-01-30 16:00,EconomicCalendar/raw/oanda/daily/2024-01-30.json,pinned_report_and_event_name,"8,75 mn","8,79 mn","9,03 mn",parsed,scalar,8.75,,8750000.00,,count,1000000,,parsed,scalar,8.79,,8790000.00,,count,1000000,,parsed,scalar,9.03,,9030000.00,,count,1000000,
2244,FOMC,2024-01-31T13:00:00-06:00,FEDERAL_RESERVE,federal_reserve:fomc:20240131T190000Z,FOMC 2024-01-31,3,exact,2024-01-31,14:00:00,America/New_York,https://www.federalreserve.gov/newsevents/pressreleases/monetary20240131a.htm,OANDA,82,116628,FOMC Interest Rate Decision,January,3,1706727600,2024-01-31 20:00,EconomicCalendar/raw/oanda/daily/2024-01-31.json,pinned_report_and_event_name,"5,25-5,50%","5,25-5,50%","5,25-5,50%",parsed,range,5.25,5.50,5.25,5.50,percent,1,,parsed,range,5.25,5.50,5.25,5.50,percent,1,,parsed,range,5.25,5.50,5.25,5.50,percent,1,
692,EMPLOYMENT,2024-02-02T07:30:00-06:00,BLS,bls:employment:20240202T133000Z:january-2024,January 2024,3,exact,2024-02-02,08:30:00,America/New_York,https://www.bls.gov/schedule/2024/home.htm,OANDA,707,127801,Non-Farm Employment Change,January,3,1706880600,2024-02-02 14:30,EconomicCalendar/raw/oanda/daily/2024-02-02.json,pinned_report_and_event_name,180 k,216 k,353 k,parsed,scalar,180,,180000,,count,1000,,parsed,scalar,216,,216000,,count,1000,,parsed,scalar,353,,353000,,count,1000,
693,CPI,2024-02-13T07:30:00-06:00,BLS,bls:cpi:20240213T133000Z:january-2024,January 2024,3,exact,2024-02-13,08:30:00,America/New_York,https://www.bls.gov/schedule/2024/home.htm,OANDA,699,126159,Consumer Price Index,January,3,1707831000,2024-02-13 14:30,EconomicCalendar/raw/oanda/daily/2024-02-13.json,pinned_report_and_event_name,"0,2% m/m","0,3% m/m","0,3% m/m",parsed,scalar,0.2,,0.2,,percent,1,m/m,parsed,scalar,0.3,,0.3,,percent,1,m/m,parsed,scalar,0.3,,0.3,,percent,1,m/m
2603,RETAIL_SALES,2024-02-15T07:30:00-06:00,CENSUS,census:retail-sales-2024-01,January 2024,3,exact,2024-02-15,08:30:00,America/New_York,https://www2.census.gov/retail/releases/historical/marts/adv2401.pdf,OANDA,696,129886,Retail Sales,January,3,1708003800,2024-02-15 14:30,EconomicCalendar/raw/oanda/daily/2024-02-15.json,pinned_report_and_event_name,"-0,1% m/m","0,6% m/m","-0,8% m/m",parsed,scalar,-0.1,,-0.1,,percent,1,m/m,parsed,scalar,0.6,,0.6,,percent,1,m/m,parsed,scalar,-0.8,,-0.8,,percent,1,m/m
694,PPI,2024-02-16T07:30:00-06:00,BLS,bls:ppi:20240216T133000Z:january-2024,January 2024,3,exact,2024-02-16,08:30:00,America/New_York,https://www.bls.gov/schedule/2024/home.htm,OANDA,703,126219,Producer Price Index,January,2,1708090200,2024-02-16 14:30,EconomicCalendar/raw/oanda/daily/2024-02-16.json,pinned_report_and_event_name,"0,1% m/m","-0,1% m/m","0,3% m/m",parsed,scalar,0.1,,0.1,,percent,1,m/m,parsed,scalar,-0.1,,-0.1,,percent,1,m/m,parsed,scalar,0.3,,0.3,,percent,1,m/m
2604,DURABLE_GOODS,2024-02-27T07:30:00-06:00,CENSUS,census:durable-goods-2024-01,January 2024,3,exact,2024-02-27,08:30:00,America/New_York,https://www.census.gov/manufacturing/m3/historical_data/pressreleases/adv/2024/jan24adv.pdf,OANDA,59,129942,Durable Goods Orders - pre..,January,3,1709040600,2024-02-27 14:30,EconomicCalendar/raw/oanda/daily/2024-02-27.json,pinned_report_and_event_name,"-4,5% m/m",,"-6,1% m/m",parsed,scalar,-4.5,,-4.5,,percent,1,m/m,missing,,,,,,,,,parsed,scalar,-6.1,,-6.1,,percent,1,m/m
1936,GDP,2024-02-28T07:30:00-06:00,BEA,bea:gdp:20240228T133000Z:q4-2023-second,Q4 2023 Second,3,exact,2024-02-28,08:30:00,America/New_York,https://www.bea.gov/news/2024/gross-domestic-product-fourth-quarter-and-year-2023-second-estimate,OANDA,690,127656,GDP (Annualized) - rev..,4Q,3,1709127000,2024-02-28 14:30,EconomicCalendar/raw/oanda/daily/2024-02-28.json,pinned_report_and_event_name,"3,3%","4,9%","3,2%",parsed,scalar,3.3,,3.3,,percent,1,,parsed,scalar,4.9,,4.9,,percent,1,,parsed,scalar,3.2,,3.2,,percent,1,
1937,PCE,2024-02-29T07:30:00-06:00,BEA,bea:pce:20240229T133000Z:january-2024,January 2024,3,exact,2024-02-29,08:30:00,America/New_York,https://www.bea.gov/news/2024/personal-income-and-outlays-january-2024,OANDA,694,126415,Personal Consumption Expenditures,January,2,1709213400,2024-02-29 14:30,EconomicCalendar/raw/oanda/daily/2024-02-29.json,pinned_report_and_event_name,"0,2% m/m","0,7% m/m","0,2% m/m",parsed,scalar,0.2,,0.2,,percent,1,m/m,parsed,scalar,0.7,,0.7,,percent,1,m/m,parsed,scalar,0.2,,0.2,,percent,1,m/m
695,JOLTS,2024-03-06T09:00:00-06:00,BLS,bls:jolts:20240306T150000Z:january-2024,January 2024,3,exact,2024-03-06,10:00:00,America/New_York,https://www.bls.gov/schedule/2024/home.htm,OANDA,1371,127580,JOLTS Job Openings,January,3,1709737200,2024-03-06 16:00,EconomicCalendar/raw/oanda/daily/2024-03-06.json,pinned_report_and_event_name,"8,9 mn","9,03 mn","8,863 mn",parsed,scalar,8.9,,8900000.0,,count,1000000,,parsed,scalar,9.03,,9030000.00,,count,1000000,,parsed,scalar,8.863,,8863000.000,,count,1000000,
696,EMPLOYMENT,2024-03-08T07:30:00-06:00,BLS,bls:employment:20240308T133000Z:february-2024,February 2024,3,exact,2024-03-08,08:30:00,America/New_York,https://www.bls.gov/schedule/2024/home.htm,OANDA,707,127809,Non-Farm Employment Change,February,3,1709904600,2024-03-08 14:30,EconomicCalendar/raw/oanda/daily/2024-03-08.json,pinned_report_and_event_name,200 k,353 k,275 k,parsed,scalar,200,,200000,,count,1000,,parsed,scalar,353,,353000,,count,1000,,parsed,scalar,275,,275000,,count,1000,
697,CPI,2024-03-12T07:30:00-05:00,BLS,bls:cpi:20240312T123000Z:february-2024,February 2024,3,exact,2024-03-12,08:30:00,America/New_York,https://www.bls.gov/schedule/2024/home.htm,OANDA,699,126164,Consumer Price Index,February,3,1710246600,2024-03-12 13:30,EconomicCalendar/raw/oanda/daily/2024-03-12.json,pinned_report_and_event_name,"0,4% m/m","0,3% m/m","0,4% m/m",parsed,scalar,0.4,,0.4,,percent,1,m/m,parsed,scalar,0.3,,0.3,,percent,1,m/m,parsed,scalar,0.4,,0.4,,percent,1,m/m
698,PPI,2024-03-14T07:30:00-05:00,BLS,bls:ppi:20240314T123000Z:february-2024,February 2024,3,exact,2024-03-14,08:30:00,America/New_York,https://www.bls.gov/schedule/2024/home.htm,OANDA,703,126224,Producer Price Index,February,2,1710419400,2024-03-14 13:30,EconomicCalendar/raw/oanda/daily/2024-03-14.json,pinned_report_and_event_name,"0,3% m/m","0,3% m/m","0,6% m/m",parsed,scalar,0.3,,0.3,,percent,1,m/m,parsed,scalar,0.3,,0.3,,percent,1,m/m,parsed,scalar,0.6,,0.6,,percent,1,m/m
2605,RETAIL_SALES,2024-03-14T07:30:00-05:00,CENSUS,census:retail-sales-2024-02,February 2024,3,exact,2024-03-14,08:30:00,America/New_York,https://www2.census.gov/retail/releases/historical/marts/adv2402.pdf,OANDA,696,129890,Retail Sales,February,3,1710419400,2024-03-14 13:30,EconomicCalendar/raw/oanda/daily/2024-03-14.json,pinned_report_and_event_name,"0,8% m/m","-0,8% m/m","0,6% m/m",parsed,scalar,0.8,,0.8,,percent,1,m/m,parsed,scalar,-0.8,,-0.8,,percent,1,m/m,parsed,scalar,0.6,,0.6,,percent,1,m/m
2245,FOMC,2024-03-20T13:00:00-05:00,FEDERAL_RESERVE,federal_reserve:fomc:20240320T180000Z,FOMC 2024-03-20,3,exact,2024-03-20,14:00:00,America/New_York,https://www.federalreserve.gov/newsevents/pressreleases/monetary20240320a.htm,OANDA,82,126401,FOMC Interest Rate Decision,March,3,1710957600,2024-03-20 19:00,EconomicCalendar/raw/oanda/daily/2024-03-20.json,pinned_report_and_event_name,"5,25-5,50%","5,25-5,50%","5,25-5,50%",parsed,range,5.25,5.50,5.25,5.50,percent,1,,parsed,range,5.25,5.50,5.25,5.50,percent,1,,parsed,range,5.25,5.50,5.25,5.50,percent,1,
2606,DURABLE_GOODS,2024-03-26T07:30:00-05:00,CENSUS,census:durable-goods-2024-02,February 2024,3,exact,2024-03-26,08:30:00,America/New_York,https://www.census.gov/manufacturing/m3/historical_data/pressreleases/adv/2024/feb24adv.pdf,OANDA,59,129943,Durable Goods Orders - pre..,February,3,1711456200,2024-03-26 13:30,EconomicCalendar/raw/oanda/daily/2024-03-26.json,pinned_report_and_event_name,"1,2% m/m","-6,2% m/m","1,4% m/m",parsed,scalar,1.2,,1.2,,percent,1,m/m,parsed,scalar,-6.2,,-6.2,,percent,1,m/m,parsed,scalar,1.4,,1.4,,percent,1,m/m
1938,GDP,2024-03-28T07:30:00-05:00,BEA,bea:gdp:20240328T123000Z:q4-2023-third,Q4 2023 Third,3,exact,2024-03-28,08:30:00,America/New_York,https://www.bea.gov/news/2024/gross-domestic-product-fourth-quarter-and-year-2023-third-estimate-gdp-industry-and,OANDA,690,127661,GDP (Annualized) - fin..,4Q,3,1711629000,2024-03-28 13:30,EconomicCalendar/raw/oanda/daily/2024-03-28.json,pinned_report_and_event_name,"3,2%","4,9%","3,4%",parsed,scalar,3.2,,3.2,,percent,1,,parsed,scalar,4.9,,4.9,,percent,1,,parsed,scalar,3.4,,3.4,,percent,1,
1939,PCE,2024-03-29T07:30:00-05:00,BEA,bea:pce:20240329T123000Z:february-2024,February 2024,3,exact,2024-03-29,08:30:00,America/New_York,https://www.bea.gov/news/2024/personal-income-and-outlays-february-2024,OANDA,694,126421,Personal Consumption Expenditures,February,2,1711715400,2024-03-29 13:30,EconomicCalendar/raw/oanda/daily/2024-03-29.json,pinned_report_and_event_name,"0,5% m/m","0,2% m/m","0,8% m/m",parsed,scalar,0.5,,0.5,,percent,1,m/m,parsed,scalar,0.2,,0.2,,percent,1,m/m,parsed,scalar,0.8,,0.8,,percent,1,m/m
700,JOLTS,2024-04-02T09:00:00-05:00,BLS,bls:jolts:20240402T140000Z:february-2024,February 2024,3,exact,2024-04-02,10:00:00,America/New_York,https://www.bls.gov/schedule/2024/home.htm,OANDA,1371,127581,JOLTS Job Openings,February,3,1712066400,2024-04-02 16:00,EconomicCalendar/raw/oanda/daily/2024-04-02.json,pinned_report_and_event_name,"8,75 mn","8,863 mn","8,756 mn",parsed,scalar,8.75,,8750000.00,,count,1000000,,parsed,scalar,8.863,,8863000.000,,count,1000000,,parsed,scalar,8.756,,8756000.000,,count,1000000,
701,EMPLOYMENT,2024-04-05T07:30:00-05:00,BLS,bls:employment:20240405T123000Z:march-2024,March 2024,3,exact,2024-04-05,08:30:00,America/New_York,https://www.bls.gov/schedule/2024/home.htm,OANDA,707,127817,Non-Farm Employment Change,March,3,1712320200,2024-04-05 14:30,EconomicCalendar/raw/oanda/daily/2024-04-05.json,pinned_report_and_event_name,200 k,275 k,303 k,parsed,scalar,200,,200000,,count,1000,,parsed,scalar,275,,275000,,count,1000,,parsed,scalar,303,,303000,,count,1000,
702,CPI,2024-04-10T07:30:00-05:00,BLS,bls:cpi:20240410T123000Z:march-2024,March 2024,3,exact,2024-04-10,08:30:00,America/New_York,https://www.bls.gov/schedule/2024/home.htm,OANDA,699,126169,Consumer Price Index,March,3,1712752200,2024-04-10 14:30,EconomicCalendar/raw/oanda/daily/2024-04-10.json,pinned_report_and_event_name,"0,3% m/m","0,4% m/m","0,4% m/m",parsed,scalar,0.3,,0.3,,percent,1,m/m,parsed,scalar,0.4,,0.4,,percent,1,m/m,parsed,scalar,0.4,,0.4,,percent,1,m/m
703,PPI,2024-04-11T07:30:00-05:00,BLS,bls:ppi:20240411T123000Z:march-2024,March 2024,3,exact,2024-04-11,08:30:00,America/New_York,https://www.bls.gov/schedule/2024/home.htm,OANDA,703,126229,Producer Price Index,March,2,1712838600,2024-04-11 14:30,EconomicCalendar/raw/oanda/daily/2024-04-11.json,pinned_report_and_event_name,"0,3% m/m","0,6% m/m","0,2% m/m",parsed,scalar,0.3,,0.3,,percent,1,m/m,parsed,scalar,0.6,,0.6,,percent,1,m/m,parsed,scalar,0.2,,0.2,,percent,1,m/m
2607,RETAIL_SALES,2024-04-15T07:30:00-05:00,CENSUS,census:retail-sales-2024-03,March 2024,3,exact,2024-04-15,08:30:00,America/New_York,https://www2.census.gov/retail/releases/historical/marts/adv2403.pdf,OANDA,696,129894,Retail Sales,March,3,1713184200,2024-04-15 14:30,EconomicCalendar/raw/oanda/daily/2024-04-15.json,pinned_report_and_event_name,"0,3% m/m","0,6% m/m","0,7% m/m",parsed,scalar,0.3,,0.3,,percent,1,m/m,parsed,scalar,0.6,,0.6,,percent,1,m/m,parsed,scalar,0.7,,0.7,,percent,1,m/m
2608,DURABLE_GOODS,2024-04-24T07:30:00-05:00,CENSUS,census:durable-goods-2024-03,March 2024,3,exact,2024-04-24,08:30:00,America/New_York,https://www.census.gov/manufacturing/m3/historical_data/pressreleases/adv/2024/mar24adv.pdf,OANDA,59,129944,Durable Goods Orders - pre..,March,3,1713961800,2024-04-24 14:30,EconomicCalendar/raw/oanda/daily/2024-04-24.json,pinned_report_and_event_name,"2,5% m/m","1,3% m/m","2,6% m/m",parsed,scalar,2.5,,2.5,,percent,1,m/m,parsed,scalar,1.3,,1.3,,percent,1,m/m,parsed,scalar,2.6,,2.6,,percent,1,m/m
1940,GDP,2024-04-25T07:30:00-05:00,BEA,bea:gdp:20240425T123000Z:q1-2024-advance,Q1 2024 Advance,3,exact,2024-04-25,08:30:00,America/New_York,https://www.bea.gov/news/2024/gross-domestic-product-first-quarter-2024-advance-estimate,OANDA,690,127666,GDP (Annualized) - pre..,1Q,3,1714048200,2024-04-25 14:30,EconomicCalendar/raw/oanda/daily/2024-04-25.json,pinned_report_and_event_name,"2,4%","3,4%","1,6%",parsed,scalar,2.4,,2.4,,percent,1,,parsed,scalar,3.4,,3.4,,percent,1,,parsed,scalar,1.6,,1.6,,percent,1,
1941,PCE,2024-04-26T07:30:00-05:00,BEA,bea:pce:20240426T123000Z:march-2024,March 2024,3,exact,2024-04-26,08:30:00,America/New_York,https://www.bea.gov/news/2024/personal-income-and-outlays-march-2024,OANDA,694,126427,Personal Consumption Expenditures,March,2,1714134600,2024-04-26 14:30,EconomicCalendar/raw/oanda/daily/2024-04-26.json,pinned_report_and_event_name,"0,6% m/m","0,8% m/m","0,8% m/m",parsed,scalar,0.6,,0.6,,percent,1,m/m,parsed,scalar,0.8,,0.8,,percent,1,m/m,parsed,scalar,0.8,,0.8,,percent,1,m/m
704,JOLTS,2024-05-01T09:00:00-05:00,BLS,bls:jolts:20240501T140000Z:march-2024,March 2024,3,exact,2024-05-01,10:00:00,America/New_York,https://www.bls.gov/schedule/2024/home.htm,OANDA,1371,127582,JOLTS Job Openings,March,3,1714572000,2024-05-01 16:00,EconomicCalendar/raw/oanda/daily/2024-05-01.json,pinned_report_and_event_name,"8,686 mn","8,756 mn","8,488 mn",parsed,scalar,8.686,,8686000.000,,count,1000000,,parsed,scalar,8.756,,8756000.000,,count,1000000,,parsed,scalar,8.488,,8488000.000,,count,1000000,
2246,FOMC,2024-05-01T13:00:00-05:00,FEDERAL_RESERVE,federal_reserve:fomc:20240501T180000Z,FOMC 2024-05-01,3,exact,2024-05-01,14:00:00,America/New_York,https://www.federalreserve.gov/newsevents/pressreleases/monetary20240501a.htm,OANDA,82,126402,FOMC Interest Rate Decision,May,3,1714586400,2024-05-01 20:00,EconomicCalendar/raw/oanda/daily/2024-05-01.json,pinned_report_and_event_name,"5,25-5,50%","5,25-5,50%","5,25-5,50%",parsed,range,5.25,5.50,5.25,5.50,percent,1,,parsed,range,5.25,5.50,5.25,5.50,percent,1,,parsed,range,5.25,5.50,5.25,5.50,percent,1,
705,EMPLOYMENT,2024-05-03T07:30:00-05:00,BLS,bls:employment:20240503T123000Z:april-2024,April 2024,3,exact,2024-05-03,08:30:00,America/New_York,https://www.bls.gov/schedule/2024/home.htm,OANDA,707,127825,Non-Farm Employment Change,April,3,1714739400,2024-05-03 14:30,EconomicCalendar/raw/oanda/daily/2024-05-03.json,pinned_report_and_event_name,245 k,303 k,175 k,parsed,scalar,245,,245000,,count,1000,,parsed,scalar,303,,303000,,count,1000,,parsed,scalar,175,,175000,,count,1000,
706,PPI,2024-05-14T07:30:00-05:00,BLS,bls:ppi:20240514T123000Z:april-2024,April 2024,3,exact,2024-05-14,08:30:00,America/New_York,https://www.bls.gov/schedule/2024/home.htm,OANDA,703,126234,Producer Price Index,April,2,1715689800,2024-05-14 14:30,EconomicCalendar/raw/oanda/daily/2024-05-14.json,pinned_report_and_event_name,"0,3% m/m","0,2% m/m","0,5% m/m",parsed,scalar,0.3,,0.3,,percent,1,m/m,parsed,scalar,0.2,,0.2,,percent,1,m/m,parsed,scalar,0.5,,0.5,,percent,1,m/m
707,CPI,2024-05-15T07:30:00-05:00,BLS,bls:cpi:20240515T123000Z:april-2024,April 2024,3,exact,2024-05-15,08:30:00,America/New_York,https://www.bls.gov/schedule/2024/home.htm,OANDA,699,126174,Consumer Price Index,April,3,1715776200,2024-05-15 14:30,EconomicCalendar/raw/oanda/daily/2024-05-15.json,pinned_report_and_event_name,"0,4% m/m","0,4% m/m","0,3% m/m",parsed,scalar,0.4,,0.4,,percent,1,m/m,parsed,scalar,0.4,,0.4,,percent,1,m/m,parsed,scalar,0.3,,0.3,,percent,1,m/m
2609,RETAIL_SALES,2024-05-15T07:30:00-05:00,CENSUS,census:retail-sales-2024-04,April 2024,3,exact,2024-05-15,08:30:00,America/New_York,https://www2.census.gov/retail/releases/historical/marts/adv2404.pdf,OANDA,696,129898,Retail Sales,April,3,1715776200,2024-05-15 14:30,EconomicCalendar/raw/oanda/daily/2024-05-15.json,pinned_report_and_event_name,"0,4% m/m","0,7% m/m","0,0% m/m",parsed,scalar,0.4,,0.4,,percent,1,m/m,parsed,scalar,0.7,,0.7,,percent,1,m/m,parsed,scalar,0.0,,0.0,,percent,1,m/m
2610,DURABLE_GOODS,2024-05-24T07:30:00-05:00,CENSUS,census:durable-goods-2024-04,April 2024,3,exact,2024-05-24,08:30:00,America/New_York,https://www.census.gov/manufacturing/m3/historical_data/pressreleases/adv/2024/apr24adv.pdf,OANDA,59,129945,Durable Goods Orders - pre..,April,3,1716553800,2024-05-24 14:30,EconomicCalendar/raw/oanda/daily/2024-05-24.json,pinned_report_and_event_name,"-0,6% m/m","2,6% m/m","0,7% m/m",parsed,scalar,-0.6,,-0.6,,percent,1,m/m,parsed,scalar,2.6,,2.6,,percent,1,m/m,parsed,scalar,0.7,,0.7,,percent,1,m/m
1942,GDP,2024-05-30T07:30:00-05:00,BEA,bea:gdp:20240530T123000Z:q1-2024-second,Q1 2024 Second,3,exact,2024-05-30,08:30:00,America/New_York,https://www.bea.gov/news/2024/gross-domestic-product-first-quarter-2024-second-estimate-and-corporate-profits,OANDA,690,127671,GDP (Annualized) - rev..,1Q,3,1717072200,2024-05-30 14:30,EconomicCalendar/raw/oanda/daily/2024-05-30.json,pinned_report_and_event_name,"1,3%","3,4%","1,3%",parsed,scalar,1.3,,1.3,,percent,1,,parsed,scalar,3.4,,3.4,,percent,1,,parsed,scalar,1.3,,1.3,,percent,1,
1943,PCE,2024-05-31T07:30:00-05:00,BEA,bea:pce:20240531T123000Z:april-2024,April 2024,3,exact,2024-05-31,08:30:00,America/New_York,https://www.bea.gov/news/2024/personal-income-and-outlays-april-2024,OANDA,694,126433,Personal Consumption Expenditures,April,2,1717158600,2024-05-31 14:30,EconomicCalendar/raw/oanda/daily/2024-05-31.json,pinned_report_and_event_name,"0,3% m/m","0,8% m/m","0,2% m/m",parsed,scalar,0.3,,0.3,,percent,1,m/m,parsed,scalar,0.8,,0.8,,percent,1,m/m,parsed,scalar,0.2,,0.2,,percent,1,m/m
708,JOLTS,2024-06-04T09:00:00-05:00,BLS,bls:jolts:20240604T140000Z:april-2024,April 2024,3,exact,2024-06-04,10:00:00,America/New_York,https://www.bls.gov/schedule/2024/home.htm,OANDA,1371,127583,JOLTS Job Openings,April,3,1717509600,2024-06-04 16:00,EconomicCalendar/raw/oanda/daily/2024-06-04.json,pinned_report_and_event_name,"8,355 mn","8,488 mn","8,059 mn",parsed,scalar,8.355,,8355000.000,,count,1000000,,parsed,scalar,8.488,,8488000.000,,count,1000000,,parsed,scalar,8.059,,8059000.000,,count,1000000,
709,EMPLOYMENT,2024-06-07T07:30:00-05:00,BLS,bls:employment:20240607T123000Z:may-2024,May 2024,3,exact,2024-06-07,08:30:00,America/New_York,https://www.bls.gov/schedule/2024/home.htm,OANDA,707,127833,Non-Farm Employment Change,May,3,1717763400,2024-06-07 14:30,EconomicCalendar/raw/oanda/daily/2024-06-07.json,pinned_report_and_event_name,185 k,175 k,272 k,parsed,scalar,185,,185000,,count,1000,,parsed,scalar,175,,175000,,count,1000,,parsed,scalar,272,,272000,,count,1000,
710,CPI,2024-06-12T07:30:00-05:00,BLS,bls:cpi:20240612T123000Z:may-2024,May 2024,3,exact,2024-06-12,08:30:00,America/New_York,https://www.bls.gov/schedule/2024/home.htm,OANDA,699,126179,Consumer Price Index,May,3,1718195400,2024-06-12 14:30,EconomicCalendar/raw/oanda/daily/2024-06-12.json,pinned_report_and_event_name,"0,1% m/m","0,3% m/m",,parsed,scalar,0.1,,0.1,,percent,1,m/m,parsed,scalar,0.3,,0.3,,percent,1,m/m,missing,,,,,,,,
2247,FOMC,2024-06-12T13:00:00-05:00,FEDERAL_RESERVE,federal_reserve:fomc:20240612T180000Z,FOMC 2024-06-12,3,exact,2024-06-12,14:00:00,America/New_York,https://www.federalreserve.gov/newsevents/pressreleases/monetary20240612a.htm,OANDA,82,126403,FOMC Interest Rate Decision,June,3,1718215200,2024-06-12 20:00,EconomicCalendar/raw/oanda/daily/2024-06-12.json,pinned_report_and_event_name,"5,25-5,50%","5,25-5,50%","5,25-5,50%",parsed,range,5.25,5.50,5.25,5.50,percent,1,,parsed,range,5.25,5.50,5.25,5.50,percent,1,,parsed,range,5.25,5.50,5.25,5.50,percent,1,
711,PPI,2024-06-13T07:30:00-05:00,BLS,bls:ppi:20240613T123000Z:may-2024,May 2024,3,exact,2024-06-13,08:30:00,America/New_York,https://www.bls.gov/schedule/2024/home.htm,OANDA,703,126239,Producer Price Index,May,2,1718281800,2024-06-13 14:30,EconomicCalendar/raw/oanda/daily/2024-06-13.json,pinned_report_and_event_name,"0,1% m/m","0,5% m/m","-0,2% m/m",parsed,scalar,0.1,,0.1,,percent,1,m/m,parsed,scalar,0.5,,0.5,,percent,1,m/m,parsed,scalar,-0.2,,-0.2,,percent,1,m/m
2611,RETAIL_SALES,2024-06-18T07:30:00-05:00,CENSUS,census:retail-sales-2024-05,May 2024,3,exact,2024-06-18,08:30:00,America/New_York,https://www2.census.gov/retail/releases/historical/marts/adv2405.pdf,OANDA,696,129902,Retail Sales,May,3,1718713800,2024-06-18 14:30,EconomicCalendar/raw/oanda/daily/2024-06-18.json,pinned_report_and_event_name,"0,2% m/m","0,0% m/m","0,1% m/m",parsed,scalar,0.2,,0.2,,percent,1,m/m,parsed,scalar,0.0,,0.0,,percent,1,m/m,parsed,scalar,0.1,,0.1,,percent,1,m/m
2612,DURABLE_GOODS,2024-06-27T07:30:00-05:00,CENSUS,census:durable-goods-2024-05,May 2024,3,exact,2024-06-27,08:30:00,America/New_York,https://www.census.gov/manufacturing/m3/historical_data/pressreleases/adv/2024/may24adv.pdf,OANDA,59,129946,Durable Goods Orders - pre..,May,3,1719491400,2024-06-27 14:30,EconomicCalendar/raw/oanda/daily/2024-06-27.json,pinned_report_and_event_name,"-0,1% m/m","0,6% m/m","0,1% m/m",parsed,scalar,-0.1,,-0.1,,percent,1,m/m,parsed,scalar,0.6,,0.6,,percent,1,m/m,parsed,scalar,0.1,,0.1,,percent,1,m/m
1944,GDP,2024-06-27T07:30:00-05:00,BEA,bea:gdp:20240627T123000Z:q1-2024-third,Q1 2024 Third,3,exact,2024-06-27,08:30:00,America/New_York,https://www.bea.gov/news/2024/gross-domestic-product-third-estimate-corporate-profits-revised-estimate-and-gdp-industry,OANDA,690,127676,GDP (Annualized) - fin..,1Q,3,1719491400,2024-06-27 14:30,EconomicCalendar/raw/oanda/daily/2024-06-27.json,pinned_report_and_event_name,"1,4%","3,4%","1,4%",parsed,scalar,1.4,,1.4,,percent,1,,parsed,scalar,3.4,,3.4,,percent,1,,parsed,scalar,1.4,,1.4,,percent,1,
1945,PCE,2024-06-28T07:30:00-05:00,BEA,bea:pce:20240628T123000Z:may-2024,May 2024,3,exact,2024-06-28,08:30:00,America/New_York,https://www.bea.gov/news/2024/personal-income-and-outlays-may-2024,OANDA,694,126439,Personal Consumption Expenditures,May,2,1719577800,2024-06-28 14:30,EconomicCalendar/raw/oanda/daily/2024-06-28.json,pinned_report_and_event_name,"0,3% m/m","0,2% m/m","0,2% m/m",parsed,scalar,0.3,,0.3,,percent,1,m/m,parsed,scalar,0.2,,0.2,,percent,1,m/m,parsed,scalar,0.2,,0.2,,percent,1,m/m
712,JOLTS,2024-07-02T09:00:00-05:00,BLS,bls:jolts:20240702T140000Z:may-2024,May 2024,3,exact,2024-07-02,10:00:00,America/New_York,https://www.bls.gov/schedule/2024/home.htm,OANDA,1371,127584,JOLTS Job Openings,May,3,1719928800,2024-07-02 16:00,EconomicCalendar/raw/oanda/daily/2024-07-02.json,pinned_report_and_event_name,"7,91 mn","8,059 mn","8,14 mn",parsed,scalar,7.91,,7910000.00,,count,1000000,,parsed,scalar,8.059,,8059000.000,,count,1000000,,parsed,scalar,8.14,,8140000.00,,count,1000000,
713,EMPLOYMENT,2024-07-05T07:30:00-05:00,BLS,bls:employment:20240705T123000Z:june-2024,June 2024,3,exact,2024-07-05,08:30:00,America/New_York,https://www.bls.gov/schedule/2024/home.htm,OANDA,707,127841,Non-Farm Employment Change,June,3,1720182600,2024-07-05 14:30,EconomicCalendar/raw/oanda/daily/2024-07-05.json,pinned_report_and_event_name,190 k,272 k,206 k,parsed,scalar,190,,190000,,count,1000,,parsed,scalar,272,,272000,,count,1000,,parsed,scalar,206,,206000,,count,1000,
714,CPI,2024-07-11T07:30:00-05:00,BLS,bls:cpi:20240711T123000Z:june-2024,June 2024,3,exact,2024-07-11,08:30:00,America/New_York,https://www.bls.gov/schedule/2024/home.htm,OANDA,699,126184,Consumer Price Index,June,3,1720701000,2024-07-11 14:30,EconomicCalendar/raw/oanda/daily/2024-07-11.json,pinned_report_and_event_name,"0,1% m/m",,"-0,1% m/m",parsed,scalar,0.1,,0.1,,percent,1,m/m,missing,,,,,,,,,parsed,scalar,-0.1,,-0.1,,percent,1,m/m
715,PPI,2024-07-12T07:30:00-05:00,BLS,bls:ppi:20240712T123000Z:june-2024,June 2024,3,exact,2024-07-12,08:30:00,America/New_York,https://www.bls.gov/schedule/2024/home.htm,OANDA,703,126244,Producer Price Index,June,2,1720787400,2024-07-12 14:30,EconomicCalendar/raw/oanda/daily/2024-07-12.json,pinned_report_and_event_name,"0,1% m/m","-0,2% m/m","0,2% m/m",parsed,scalar,0.1,,0.1,,percent,1,m/m,parsed,scalar,-0.2,,-0.2,,percent,1,m/m,parsed,scalar,0.2,,0.2,,percent,1,m/m
2613,RETAIL_SALES,2024-07-16T07:30:00-05:00,CENSUS,census:retail-sales-2024-06,June 2024,3,exact,2024-07-16,08:30:00,America/New_York,https://www2.census.gov/retail/releases/historical/marts/adv2406.pdf,OANDA,696,129906,Retail Sales,June,3,1721133000,2024-07-16 14:30,EconomicCalendar/raw/oanda/daily/2024-07-16.json,pinned_report_and_event_name,"-0,3% m/m","0,1% m/m",,parsed,scalar,-0.3,,-0.3,,percent,1,m/m,parsed,scalar,0.1,,0.1,,percent,1,m/m,missing,,,,,,,,
2614,DURABLE_GOODS,2024-07-25T07:30:00-05:00,CENSUS,census:durable-goods-2024-06,June 2024,3,exact,2024-07-25,08:30:00,America/New_York,https://www.census.gov/manufacturing/m3/historical_data/pressreleases/adv/2024/jun24adv.pdf,OANDA,59,129947,Durable Goods Orders - pre..,June,3,1721910600,2024-07-25 14:30,EconomicCalendar/raw/oanda/daily/2024-07-25.json,pinned_report_and_event_name,"0,3% m/m","0,1% m/m","-6,6% m/m",parsed,scalar,0.3,,0.3,,percent,1,m/m,parsed,scalar,0.1,,0.1,,percent,1,m/m,parsed,scalar,-6.6,,-6.6,,percent,1,m/m
1946,GDP,2024-07-25T07:30:00-05:00,BEA,bea:gdp:20240725T123000Z:q2-2024-advance,Q2 2024 Advance,3,exact,2024-07-25,08:30:00,America/New_York,https://www.bea.gov/news/2024/gross-domestic-product-2nd-quarter-2024-advance-estimate,OANDA,690,127681,GDP (Annualized) - pre..,2Q,3,1721910600,2024-07-25 14:30,EconomicCalendar/raw/oanda/daily/2024-07-25.json,pinned_report_and_event_name,2%,"1,4%","2,8%",parsed,scalar,2,,2,,percent,1,,parsed,scalar,1.4,,1.4,,percent,1,,parsed,scalar,2.8,,2.8,,percent,1,
1947,PCE,2024-07-26T07:30:00-05:00,BEA,bea:pce:20240726T123000Z:june-2024,June 2024,3,exact,2024-07-26,08:30:00,America/New_York,https://www.bea.gov/news/2024/personal-income-and-outlays-june-2024,OANDA,694,126445,Personal Consumption Expenditures,June,2,1721997000,2024-07-26 14:30,EconomicCalendar/raw/oanda/daily/2024-07-26.json,pinned_report_and_event_name,"0,3% m/m","0,2% m/m","0,3% m/m",parsed,scalar,0.3,,0.3,,percent,1,m/m,parsed,scalar,0.2,,0.2,,percent,1,m/m,parsed,scalar,0.3,,0.3,,percent,1,m/m
716,JOLTS,2024-07-30T09:00:00-05:00,BLS,bls:jolts:20240730T140000Z:june-2024,June 2024,3,exact,2024-07-30,10:00:00,America/New_York,https://www.bls.gov/schedule/2024/home.htm,OANDA,1371,127585,JOLTS Job Openings,June,3,1722348000,2024-07-30 16:00,EconomicCalendar/raw/oanda/daily/2024-07-30.json,pinned_report_and_event_name,"8,0 mn","8,14 mn","8,184 mn",parsed,scalar,8.0,,8000000.0,,count,1000000,,parsed,scalar,8.14,,8140000.00,,count,1000000,,parsed,scalar,8.184,,8184000.000,,count,1000000,
2248,FOMC,2024-07-31T13:00:00-05:00,FEDERAL_RESERVE,federal_reserve:fomc:20240731T180000Z,FOMC 2024-07-31,3,exact,2024-07-31,14:00:00,America/New_York,https://www.federalreserve.gov/newsevents/pressreleases/monetary20240731a.htm,OANDA,82,126404,FOMC Interest Rate Decision,July,3,1722448800,2024-07-31 20:00,EconomicCalendar/raw/oanda/daily/2024-07-31.json,pinned_report_and_event_name,"5,25-5,50%","5,25-5,50%","5,25-5,50%",parsed,range,5.25,5.50,5.25,5.50,percent,1,,parsed,range,5.25,5.50,5.25,5.50,percent,1,,parsed,range,5.25,5.50,5.25,5.50,percent,1,
717,EMPLOYMENT,2024-08-02T07:30:00-05:00,BLS,bls:employment:20240802T123000Z:july-2024,July 2024,3,exact,2024-08-02,08:30:00,America/New_York,https://www.bls.gov/schedule/2024/home.htm,OANDA,707,127849,Non-Farm Employment Change,July,3,1722601800,2024-08-02 14:30,EconomicCalendar/raw/oanda/daily/2024-08-02.json,pinned_report_and_event_name,175 k,206 k,114 k,parsed,scalar,175,,175000,,count,1000,,parsed,scalar,206,,206000,,count,1000,,parsed,scalar,114,,114000,,count,1000,
718,PPI,2024-08-13T07:30:00-05:00,BLS,bls:ppi:20240813T123000Z:july-2024,July 2024,3,exact,2024-08-13,08:30:00,America/New_York,https://www.bls.gov/schedule/2024/home.htm,OANDA,703,126249,Producer Price Index,July,2,1723552200,2024-08-13 14:30,EconomicCalendar/raw/oanda/daily/2024-08-13.json,pinned_report_and_event_name,"0,2% m/m","0,2% m/m","0,1% m/m",parsed,scalar,0.2,,0.2,,percent,1,m/m,parsed,scalar,0.2,,0.2,,percent,1,m/m,parsed,scalar,0.1,,0.1,,percent,1,m/m
719,CPI,2024-08-14T07:30:00-05:00,BLS,bls:cpi:20240814T123000Z:july-2024,July 2024,3,exact,2024-08-14,08:30:00,America/New_York,https://www.bls.gov/schedule/2024/home.htm,OANDA,699,126189,Consumer Price Index,July,3,1723638600,2024-08-14 14:30,EconomicCalendar/raw/oanda/daily/2024-08-14.json,pinned_report_and_event_name,"0,2% m/m","-0,1% m/m","0,2% m/m",parsed,scalar,0.2,,0.2,,percent,1,m/m,parsed,scalar,-0.1,,-0.1,,percent,1,m/m,parsed,scalar,0.2,,0.2,,percent,1,m/m
2615,RETAIL_SALES,2024-08-15T07:30:00-05:00,CENSUS,census:retail-sales-2024-07,July 2024,3,exact,2024-08-15,08:30:00,America/New_York,https://www2.census.gov/retail/releases/historical/marts/adv2407.pdf,OANDA,696,129910,Retail Sales,July,3,1723725000,2024-08-15 14:30,EconomicCalendar/raw/oanda/daily/2024-08-15.json,pinned_report_and_event_name,"0,3% m/m",,1% m/m,parsed,scalar,0.3,,0.3,,percent,1,m/m,missing,,,,,,,,,parsed,scalar,1,,1,,percent,1,m/m
2616,DURABLE_GOODS,2024-08-26T07:30:00-05:00,CENSUS,census:durable-goods-2024-07,July 2024,3,exact,2024-08-26,08:30:00,America/New_York,https://www.census.gov/manufacturing/m3/historical_data/pressreleases/adv/2024/jul24adv.pdf,OANDA,59,129948,Durable Goods Orders - pre..,July,3,1724675400,2024-08-26 14:30,EconomicCalendar/raw/oanda/daily/2024-08-26.json,pinned_report_and_event_name,5% m/m,"-6,7% m/m","9,9% m/m",parsed,scalar,5,,5,,percent,1,m/m,parsed,scalar,-6.7,,-6.7,,percent,1,m/m,parsed,scalar,9.9,,9.9,,percent,1,m/m
1948,GDP,2024-08-29T07:30:00-05:00,BEA,bea:gdp:20240829T123000Z:q2-2024-second,Q2 2024 Second,3,exact,2024-08-29,08:30:00,America/New_York,https://www.bea.gov/news/2024/gross-domestic-product-second-estimate-corporate-profits-preliminary-estimate-second,OANDA,690,127686,GDP (Annualized) - rev..,2Q,3,1724934600,2024-08-29 14:30,EconomicCalendar/raw/oanda/daily/2024-08-29.json,pinned_report_and_event_name,"2,8%","1,4%",3%,parsed,scalar,2.8,,2.8,,percent,1,,parsed,scalar,1.4,,1.4,,percent,1,,parsed,scalar,3,,3,,percent,1,
1949,PCE,2024-08-30T07:30:00-05:00,BEA,bea:pce:20240830T123000Z:july-2024,July 2024,3,exact,2024-08-30,08:30:00,America/New_York,https://www.bea.gov/news/2024/personal-income-and-outlays-july-2024,OANDA,694,126451,Personal Consumption Expenditures,July,2,1725021000,2024-08-30 14:30,EconomicCalendar/raw/oanda/daily/2024-08-30.json,pinned_report_and_event_name,"0,5% m/m","0,3% m/m","0,5% m/m",parsed,scalar,0.5,,0.5,,percent,1,m/m,parsed,scalar,0.3,,0.3,,percent,1,m/m,parsed,scalar,0.5,,0.5,,percent,1,m/m
720,JOLTS,2024-09-04T09:00:00-05:00,BLS,bls:jolts:20240904T140000Z:july-2024,July 2024,3,exact,2024-09-04,10:00:00,America/New_York,https://www.bls.gov/schedule/2024/home.htm,OANDA,1371,127586,JOLTS Job Openings,July,3,1725458400,2024-09-04 16:00,EconomicCalendar/raw/oanda/daily/2024-09-04.json,pinned_report_and_event_name,"8,100 mn","8,184 mn","7,673 mn",parsed,scalar,8.100,,8100000.000,,count,1000000,,parsed,scalar,8.184,,8184000.000,,count,1000000,,parsed,scalar,7.673,,7673000.000,,count,1000000,
721,EMPLOYMENT,2024-09-06T07:30:00-05:00,BLS,bls:employment:20240906T123000Z:august-2024,August 2024,3,exact,2024-09-06,08:30:00,America/New_York,https://www.bls.gov/schedule/2024/home.htm,OANDA,707,127857,Non-Farm Employment Change,August,3,1725625800,2024-09-06 14:30,EconomicCalendar/raw/oanda/daily/2024-09-06.json,pinned_report_and_event_name,160 k,114 k,142 k,parsed,scalar,160,,160000,,count,1000,,parsed,scalar,114,,114000,,count,1000,,parsed,scalar,142,,142000,,count,1000,
722,CPI,2024-09-11T07:30:00-05:00,BLS,bls:cpi:20240911T123000Z:august-2024,August 2024,3,exact,2024-09-11,08:30:00,America/New_York,https://www.bls.gov/schedule/2024/home.htm,OANDA,699,126194,Consumer Price Index,August,3,1726057800,2024-09-11 14:30,EconomicCalendar/raw/oanda/daily/2024-09-11.json,pinned_report_and_event_name,"0,2% m/m","0,2% m/m","0,2% m/m",parsed,scalar,0.2,,0.2,,percent,1,m/m,parsed,scalar,0.2,,0.2,,percent,1,m/m,parsed,scalar,0.2,,0.2,,percent,1,m/m
723,PPI,2024-09-12T07:30:00-05:00,BLS,bls:ppi:20240912T123000Z:august-2024,August 2024,3,exact,2024-09-12,08:30:00,America/New_York,https://www.bls.gov/schedule/2024/home.htm,OANDA,703,126254,Producer Price Index,August,2,1726144200,2024-09-12 14:30,EconomicCalendar/raw/oanda/daily/2024-09-12.json,pinned_report_and_event_name,"0,1% m/m","0,1% m/m","0,2% m/m",parsed,scalar,0.1,,0.1,,percent,1,m/m,parsed,scalar,0.1,,0.1,,percent,1,m/m,parsed,scalar,0.2,,0.2,,percent,1,m/m
2617,RETAIL_SALES,2024-09-17T07:30:00-05:00,CENSUS,census:retail-sales-2024-08,August 2024,3,exact,2024-09-17,08:30:00,America/New_York,https://www2.census.gov/retail/releases/historical/marts/adv2408.pdf,OANDA,696,129914,Retail Sales,August,3,1726576200,2024-09-17 14:30,EconomicCalendar/raw/oanda/daily/2024-09-17.json,pinned_report_and_event_name,"-0,2% m/m",1% m/m,"0,1% m/m",parsed,scalar,-0.2,,-0.2,,percent,1,m/m,parsed,scalar,1,,1,,percent,1,m/m,parsed,scalar,0.1,,0.1,,percent,1,m/m
2249,FOMC,2024-09-18T13:00:00-05:00,FEDERAL_RESERVE,federal_reserve:fomc:20240918T180000Z,FOMC 2024-09-18,3,exact,2024-09-18,14:00:00,America/New_York,https://www.federalreserve.gov/newsevents/pressreleases/monetary20240918a.htm,OANDA,82,126405,FOMC Interest Rate Decision,September,3,1726682400,2024-09-18 20:00,EconomicCalendar/raw/oanda/daily/2024-09-18.json,pinned_report_and_event_name,"5,00-5,25%","5,25-5,50%","4,75-5,00%",parsed,range,5.00,5.25,5.00,5.25,percent,1,,parsed,range,5.25,5.50,5.25,5.50,percent,1,,parsed,range,4.75,5.00,4.75,5.00,percent,1,
2618,DURABLE_GOODS,2024-09-26T07:30:00-05:00,CENSUS,census:durable-goods-2024-08,August 2024,3,exact,2024-09-26,08:30:00,America/New_York,https://www.census.gov/manufacturing/m3/historical_data/pressreleases/adv/2024/aug24adv.pdf,OANDA,59,129949,Durable Goods Orders - pre..,August,3,1727353800,2024-09-26 14:30,EconomicCalendar/raw/oanda/daily/2024-09-26.json,pinned_report_and_event_name,"-2,6% m/m","9,8% m/m","0,0% m/m",parsed,scalar,-2.6,,-2.6,,percent,1,m/m,parsed,scalar,9.8,,9.8,,percent,1,m/m,parsed,scalar,0.0,,0.0,,percent,1,m/m
1950,GDP,2024-09-26T07:30:00-05:00,BEA,bea:gdp:20240926T123000Z:q2-2024-third,Q2 2024 Third,3,exact,2024-09-26,08:30:00,America/New_York,https://www.bea.gov/news/2024/gross-domestic-product-third-estimate-corporate-profits-revised-estimate-and-gdp-0,OANDA,690,127691,GDP (Annualized) - fin..,2Q,3,1727353800,2024-09-26 14:30,EconomicCalendar/raw/oanda/daily/2024-09-26.json,pinned_report_and_event_name,"2,9%","1,4%","3,0%",parsed,scalar,2.9,,2.9,,percent,1,,parsed,scalar,1.4,,1.4,,percent,1,,parsed,scalar,3.0,,3.0,,percent,1,
1951,PCE,2024-09-27T07:30:00-05:00,BEA,bea:pce:20240927T123000Z:august-2024,August 2024,3,exact,2024-09-27,08:30:00,America/New_York,https://www.bea.gov/news/2024/personal-income-and-outlays-august-2024,OANDA,694,126457,Personal Consumption Expenditures,August,2,1727440200,2024-09-27 14:30,EconomicCalendar/raw/oanda/daily/2024-09-27.json,pinned_report_and_event_name,"0,3% m/m","0,5% m/m","0,2% m/m",parsed,scalar,0.3,,0.3,,percent,1,m/m,parsed,scalar,0.5,,0.5,,percent,1,m/m,parsed,scalar,0.2,,0.2,,percent,1,m/m
724,JOLTS,2024-10-01T09:00:00-05:00,BLS,bls:jolts:20241001T140000Z:august-2024,August 2024,3,exact,2024-10-01,10:00:00,America/New_York,https://www.bls.gov/schedule/2024/home.htm,OANDA,1371,127587,JOLTS Job Openings,August,3,1727791200,2024-10-01 16:00,EconomicCalendar/raw/oanda/daily/2024-10-01.json,pinned_report_and_event_name,"7,655 mn","7,673 mn","8,04 mn",parsed,scalar,7.655,,7655000.000,,count,1000000,,parsed,scalar,7.673,,7673000.000,,count,1000000,,parsed,scalar,8.04,,8040000.00,,count,1000000,
725,EMPLOYMENT,2024-10-04T07:30:00-05:00,BLS,bls:employment:20241004T123000Z:september-2024,September 2024,3,exact,2024-10-04,08:30:00,America/New_York,https://www.bls.gov/schedule/2024/home.htm,OANDA,707,127865,Non-Farm Employment Change,September,3,1728045000,2024-10-04 14:30,EconomicCalendar/raw/oanda/daily/2024-10-04.json,pinned_report_and_event_name,140 k,142 k,254 k,parsed,scalar,140,,140000,,count,1000,,parsed,scalar,142,,142000,,count,1000,,parsed,scalar,254,,254000,,count,1000,
726,CPI,2024-10-10T07:30:00-05:00,BLS,bls:cpi:20241010T123000Z:september-2024,September 2024,3,exact,2024-10-10,08:30:00,America/New_York,https://www.bls.gov/schedule/2024/home.htm,OANDA,699,126199,Consumer Price Index,September,3,1728563400,2024-10-10 14:30,EconomicCalendar/raw/oanda/daily/2024-10-10.json,pinned_report_and_event_name,"0,1% m/m","0,2% m/m","0,2% m/m",parsed,scalar,0.1,,0.1,,percent,1,m/m,parsed,scalar,0.2,,0.2,,percent,1,m/m,parsed,scalar,0.2,,0.2,,percent,1,m/m
727,PPI,2024-10-11T07:30:00-05:00,BLS,bls:ppi:20241011T123000Z:september-2024,September 2024,3,exact,2024-10-11,08:30:00,America/New_York,https://www.bls.gov/schedule/2024/home.htm,OANDA,703,126259,Producer Price Index,September,2,1728649800,2024-10-11 14:30,EconomicCalendar/raw/oanda/daily/2024-10-11.json,pinned_report_and_event_name,"0,1% m/m","0,2% m/m",,parsed,scalar,0.1,,0.1,,percent,1,m/m,parsed,scalar,0.2,,0.2,,percent,1,m/m,missing,,,,,,,,
2619,RETAIL_SALES,2024-10-17T07:30:00-05:00,CENSUS,census:retail-sales-2024-09,September 2024,3,exact,2024-10-17,08:30:00,America/New_York,https://www2.census.gov/retail/releases/historical/marts/adv2409.pdf,OANDA,696,129918,Retail Sales,September,3,1729168200,2024-10-17 14:30,EconomicCalendar/raw/oanda/daily/2024-10-17.json,pinned_report_and_event_name,"0,3% m/m","0,1% m/m","0,4% m/m",parsed,scalar,0.3,,0.3,,percent,1,m/m,parsed,scalar,0.1,,0.1,,percent,1,m/m,parsed,scalar,0.4,,0.4,,percent,1,m/m
2620,DURABLE_GOODS,2024-10-25T07:30:00-05:00,CENSUS,census:durable-goods-2024-09,September 2024,3,exact,2024-10-25,08:30:00,America/New_York,https://www.census.gov/manufacturing/m3/historical_data/pressreleases/adv/2024/sep24adv.pdf,OANDA,59,129950,Durable Goods Orders - pre..,September,3,1729859400,2024-10-25 14:30,EconomicCalendar/raw/oanda/daily/2024-10-25.json,pinned_report_and_event_name,"-1,1% m/m",,"-0,8% m/m",parsed,scalar,-1.1,,-1.1,,percent,1,m/m,missing,,,,,,,,,parsed,scalar,-0.8,,-0.8,,percent,1,m/m
728,JOLTS,2024-10-29T09:00:00-05:00,BLS,bls:jolts:20241029T140000Z:september-2024,September 2024,3,exact,2024-10-29,10:00:00,America/New_York,https://www.bls.gov/schedule/2024/home.htm,OANDA,1371,127588,JOLTS Job Openings,September,3,1730210400,2024-10-29 15:00,EconomicCalendar/raw/oanda/daily/2024-10-29.json,pinned_report_and_event_name,"7,99 mn","8,04 mn","7,443 mn",parsed,scalar,7.99,,7990000.00,,count,1000000,,parsed,scalar,8.04,,8040000.00,,count,1000000,,parsed,scalar,7.443,,7443000.000,,count,1000000,
1952,GDP,2024-10-30T07:30:00-05:00,BEA,bea:gdp:20241030T123000Z:q3-2024-advance,Q3 2024 Advance,3,exact,2024-10-30,08:30:00,America/New_York,https://www.bea.gov/news/2024/gross-domestic-product-third-quarter-2024-advance-estimate,OANDA,690,127696,GDP (Annualized) - pre..,3Q,3,1730291400,2024-10-30 13:30,EconomicCalendar/raw/oanda/daily/2024-10-30.json,pinned_report_and_event_name,"3,0%","3,0%","2,8%",parsed,scalar,3.0,,3.0,,percent,1,,parsed,scalar,3.0,,3.0,,percent,1,,parsed,scalar,2.8,,2.8,,percent,1,
1953,PCE,2024-10-31T07:30:00-05:00,BEA,bea:pce:20241031T123000Z:september-2024,September 2024,3,exact,2024-10-31,08:30:00,America/New_York,https://www.bea.gov/news/2024/personal-income-and-outlays-september-2024,OANDA,694,126463,Personal Consumption Expenditures,September,2,1730377800,2024-10-31 13:30,EconomicCalendar/raw/oanda/daily/2024-10-31.json,pinned_report_and_event_name,"0,4% m/m","0,2% m/m","0,5% m/m",parsed,scalar,0.4,,0.4,,percent,1,m/m,parsed,scalar,0.2,,0.2,,percent,1,m/m,parsed,scalar,0.5,,0.5,,percent,1,m/m
729,EMPLOYMENT,2024-11-01T07:30:00-05:00,BLS,bls:employment:20241101T123000Z:october-2024,October 2024,3,exact,2024-11-01,08:30:00,America/New_York,https://www.bls.gov/schedule/2024/home.htm,OANDA,707,127873,Non-Farm Employment Change,October,3,1730464200,2024-11-01 13:30,EconomicCalendar/raw/oanda/daily/2024-11-01.json,pinned_report_and_event_name,115 k,254 k,12 k,parsed,scalar,115,,115000,,count,1000,,parsed,scalar,254,,254000,,count,1000,,parsed,scalar,12,,12000,,count,1000,
2250,FOMC,2024-11-07T13:00:00-06:00,FEDERAL_RESERVE,federal_reserve:fomc:20241107T190000Z,FOMC 2024-11-07,3,exact,2024-11-07,14:00:00,America/New_York,https://www.federalreserve.gov/newsevents/pressreleases/monetary20241107a.htm,OANDA,82,126406,FOMC Interest Rate Decision,November,3,1731006000,2024-11-07 20:00,EconomicCalendar/raw/oanda/daily/2024-11-07.json,pinned_report_and_event_name,"4,50-4,75%","4,75-5,00%","4,50-4,75%",parsed,range,4.50,4.75,4.50,4.75,percent,1,,parsed,range,4.75,5.00,4.75,5.00,percent,1,,parsed,range,4.50,4.75,4.50,4.75,percent,1,
730,CPI,2024-11-13T07:30:00-06:00,BLS,bls:cpi:20241113T133000Z:october-2024,October 2024,3,exact,2024-11-13,08:30:00,America/New_York,https://www.bls.gov/schedule/2024/home.htm,OANDA,699,126204,Consumer Price Index,October,3,1731504600,2024-11-13 14:30,EconomicCalendar/raw/oanda/daily/2024-11-13.json,pinned_report_and_event_name,"0,2% m/m","0,2% m/m","0,2% m/m",parsed,scalar,0.2,,0.2,,percent,1,m/m,parsed,scalar,0.2,,0.2,,percent,1,m/m,parsed,scalar,0.2,,0.2,,percent,1,m/m
731,PPI,2024-11-14T07:30:00-06:00,BLS,bls:ppi:20241114T133000Z:october-2024,October 2024,3,exact,2024-11-14,08:30:00,America/New_York,https://www.bls.gov/schedule/2024/home.htm,OANDA,703,126264,Producer Price Index,October,2,1731591000,2024-11-14 14:30,EconomicCalendar/raw/oanda/daily/2024-11-14.json,pinned_report_and_event_name,"0,2% m/m",,"0,2% m/m",parsed,scalar,0.2,,0.2,,percent,1,m/m,missing,,,,,,,,,parsed,scalar,0.2,,0.2,,percent,1,m/m
2621,RETAIL_SALES,2024-11-15T07:30:00-06:00,CENSUS,census:retail-sales-2024-10,October 2024,3,exact,2024-11-15,08:30:00,America/New_York,https://www2.census.gov/retail/releases/historical/marts/adv2410.pdf,OANDA,696,129922,Retail Sales,October,3,1731677400,2024-11-15 14:30,EconomicCalendar/raw/oanda/daily/2024-11-15.json,pinned_report_and_event_name,"0,3% m/m","0,4% m/m","0,4% m/m",parsed,scalar,0.3,,0.3,,percent,1,m/m,parsed,scalar,0.4,,0.4,,percent,1,m/m,parsed,scalar,0.4,,0.4,,percent,1,m/m
2622,DURABLE_GOODS,2024-11-27T07:30:00-06:00,CENSUS,census:durable-goods-2024-10,October 2024,3,exact,2024-11-27,08:30:00,America/New_York,https://www.census.gov/manufacturing/m3/historical_data/pressreleases/adv/2024/oct24adv.pdf,OANDA,59,129951,Durable Goods Orders - pre..,October,3,1732714200,2024-11-27 14:30,EconomicCalendar/raw/oanda/daily/2024-11-27.json,pinned_report_and_event_name,"0,5% m/m","-0,7% m/m","0,2% m/m",parsed,scalar,0.5,,0.5,,percent,1,m/m,parsed,scalar,-0.7,,-0.7,,percent,1,m/m,parsed,scalar,0.2,,0.2,,percent,1,m/m
1954,GDP,2024-11-27T07:30:00-06:00,BEA,bea:gdp:20241127T133000Z:q3-2024-second,Q3 2024 Second,3,exact,2024-11-27,08:30:00,America/New_York,https://www.bea.gov/news/2024/gross-domestic-product-third-quarter-2024-second-estimate-and-corporate-profits,OANDA,690,127701,GDP (Annualized) - rev..,3Q,3,1732714200,2024-11-27 14:30,EconomicCalendar/raw/oanda/daily/2024-11-27.json,pinned_report_and_event_name,"2,8%","3,0%","2,8%",parsed,scalar,2.8,,2.8,,percent,1,,parsed,scalar,3.0,,3.0,,percent,1,,parsed,scalar,2.8,,2.8,,percent,1,
1955,PCE,2024-11-27T09:00:00-06:00,BEA,bea:pce:20241127T150000Z:october-2024,October 2024,3,exact,2024-11-27,10:00:00,America/New_York,https://www.bea.gov/news/2024/personal-income-and-outlays-october-2024,OANDA,694,126469,Personal Consumption Expenditures,October,2,1732719600,2024-11-27 16:00,EconomicCalendar/raw/oanda/daily/2024-11-27.json,pinned_report_and_event_name,"0,3% m/m","0,5% m/m","0,4% m/m",parsed,scalar,0.3,,0.3,,percent,1,m/m,parsed,scalar,0.5,,0.5,,percent,1,m/m,parsed,scalar,0.4,,0.4,,percent,1,m/m
732,JOLTS,2024-12-03T09:00:00-06:00,BLS,bls:jolts:20241203T150000Z:october-2024,October 2024,3,exact,2024-12-03,10:00:00,America/New_York,https://www.bls.gov/schedule/2024/home.htm,OANDA,1371,127589,JOLTS Job Openings,October,3,1733238000,2024-12-03 16:00,EconomicCalendar/raw/oanda/daily/2024-12-03.json,pinned_report_and_event_name,"7,48 mn","7,443 mn","7,744 mn",parsed,scalar,7.48,,7480000.00,,count,1000000,,parsed,scalar,7.443,,7443000.000,,count,1000000,,parsed,scalar,7.744,,7744000.000,,count,1000000,
733,EMPLOYMENT,2024-12-06T07:30:00-06:00,BLS,bls:employment:20241206T133000Z:november-2024,November 2024,3,exact,2024-12-06,08:30:00,America/New_York,https://www.bls.gov/schedule/2024/home.htm,OANDA,707,127881,Non-Farm Employment Change,November,3,1733491800,2024-12-06 14:30,EconomicCalendar/raw/oanda/daily/2024-12-06.json,pinned_report_and_event_name,195 k,12 k,227 k,parsed,scalar,195,,195000,,count,1000,,parsed,scalar,12,,12000,,count,1000,,parsed,scalar,227,,227000,,count,1000,
734,CPI,2024-12-11T07:30:00-06:00,BLS,bls:cpi:20241211T133000Z:november-2024,November 2024,3,exact,2024-12-11,08:30:00,America/New_York,https://www.bls.gov/schedule/2024/home.htm,OANDA,699,126209,Consumer Price Index,November,3,1733923800,2024-12-11 14:30,EconomicCalendar/raw/oanda/daily/2024-12-11.json,pinned_report_and_event_name,"0,3% m/m","0,2% m/m","0,3% m/m",parsed,scalar,0.3,,0.3,,percent,1,m/m,parsed,scalar,0.2,,0.2,,percent,1,m/m,parsed,scalar,0.3,,0.3,,percent,1,m/m
735,PPI,2024-12-12T07:30:00-06:00,BLS,bls:ppi:20241212T133000Z:november-2024,November 2024,3,exact,2024-12-12,08:30:00,America/New_York,https://www.bls.gov/schedule/2024/home.htm,OANDA,703,126269,Producer Price Index,November,2,1734010200,2024-12-12 14:30,EconomicCalendar/raw/oanda/daily/2024-12-12.json,pinned_report_and_event_name,"0,2% m/m","0,2% m/m","0,4% m/m",parsed,scalar,0.2,,0.2,,percent,1,m/m,parsed,scalar,0.2,,0.2,,percent,1,m/m,parsed,scalar,0.4,,0.4,,percent,1,m/m
2623,RETAIL_SALES,2024-12-17T07:30:00-06:00,CENSUS,census:retail-sales-2024-11,November 2024,3,exact,2024-12-17,08:30:00,America/New_York,https://www2.census.gov/retail/releases/historical/marts/adv2411.pdf,OANDA,696,129926,Retail Sales,November,3,1734442200,2024-12-17 14:30,EconomicCalendar/raw/oanda/daily/2024-12-17.json,pinned_report_and_event_name,"0,5% m/m","0,4% m/m","0,7% m/m",parsed,scalar,0.5,,0.5,,percent,1,m/m,parsed,scalar,0.4,,0.4,,percent,1,m/m,parsed,scalar,0.7,,0.7,,percent,1,m/m
2251,FOMC,2024-12-18T13:00:00-06:00,FEDERAL_RESERVE,federal_reserve:fomc:20241218T190000Z,FOMC 2024-12-18,3,exact,2024-12-18,14:00:00,America/New_York,https://www.federalreserve.gov/newsevents/pressreleases/monetary20241218a.htm,OANDA,82,126407,FOMC Interest Rate Decision,December,3,1734548400,2024-12-18 20:00,EconomicCalendar/raw/oanda/daily/2024-12-18.json,pinned_report_and_event_name,"4,25-4,50%","4,50-4,75%","4,25-4,50%",parsed,range,4.25,4.50,4.25,4.50,percent,1,,parsed,range,4.50,4.75,4.50,4.75,percent,1,,parsed,range,4.25,4.50,4.25,4.50,percent,1,
1956,GDP,2024-12-19T07:30:00-06:00,BEA,bea:gdp:20241219T133000Z:q3-2024-third,Q3 2024 Third,3,exact,2024-12-19,08:30:00,America/New_York,https://www.bea.gov/news/2024/gross-domestic-product-third-estimate-corporate-profits-revised-estimate-and-gdp-1,OANDA,690,127706,GDP (Annualized) - fin..,3Q,3,1734615000,2024-12-19 14:30,EconomicCalendar/raw/oanda/daily/2024-12-19.json,pinned_report_and_event_name,"2,8%","3,0%","3,1%",parsed,scalar,2.8,,2.8,,percent,1,,parsed,scalar,3.0,,3.0,,percent,1,,parsed,scalar,3.1,,3.1,,percent,1,
1957,PCE,2024-12-20T07:30:00-06:00,BEA,bea:pce:20241220T133000Z:november-2024,November 2024,3,exact,2024-12-20,08:30:00,America/New_York,https://www.bea.gov/news/2024/personal-income-and-outlays-november-2024,OANDA,694,126475,Personal Consumption Expenditures,November,2,1734701400,2024-12-20 14:30,EconomicCalendar/raw/oanda/daily/2024-12-20.json,pinned_report_and_event_name,"0,5% m/m","0,4% m/m","0,4% m/m",parsed,scalar,0.5,,0.5,,percent,1,m/m,parsed,scalar,0.4,,0.4,,percent,1,m/m,parsed,scalar,0.4,,0.4,,percent,1,m/m
2624,DURABLE_GOODS,2024-12-23T07:30:00-06:00,CENSUS,census:durable-goods-2024-11,November 2024,3,exact,2024-12-23,08:30:00,America/New_York,https://www.census.gov/manufacturing/m3/historical_data/pressreleases/adv/2024/nov24adv.pdf,OANDA,59,129952,Durable Goods Orders - pre..,November,3,1734960600,2024-12-23 14:30,EconomicCalendar/raw/oanda/daily/2024-12-23.json,pinned_report_and_event_name,"-0,2% m/m","0,3% m/m","-1,1% m/m",parsed,scalar,-0.2,,-0.2,,percent,1,m/m,parsed,scalar,0.3,,0.3,,percent,1,m/m,parsed,scalar,-1.1,,-1.1,,percent,1,m/m
736,JOLTS,2025-01-07T09:00:00-06:00,BLS,bls:jolts:20250107T150000Z:november-2024,November 2024,3,exact,2025-01-07,10:00:00,America/New_York,https://www.bls.gov/schedule/2025/home.htm,OANDA,1371,138355,JOLTS Job Openings,November,3,1736262000,2025-01-07 16:00,EconomicCalendar/raw/oanda/daily/2025-01-07.json,pinned_report_and_event_name,"7,7 mn","7,744 mn","8,098 mn",parsed,scalar,7.7,,7700000.0,,count,1000000,,parsed,scalar,7.744,,7744000.000,,count,1000000,,parsed,scalar,8.098,,8098000.000,,count,1000000,
737,EMPLOYMENT,2025-01-10T07:30:00-06:00,BLS,bls:employment:20250110T133000Z:december-2024,December 2024,3,exact,2025-01-10,08:30:00,America/New_York,https://www.bls.gov/schedule/2025/home.htm,OANDA,707,137745,Non-Farm Employment Change,December,3,1736515800,2025-01-10 14:30,EconomicCalendar/raw/oanda/daily/2025-01-10.json,pinned_report_and_event_name,160 k,227 k,256 k,parsed,scalar,160,,160000,,count,1000,,parsed,scalar,227,,227000,,count,1000,,parsed,scalar,256,,256000,,count,1000,
738,PPI,2025-01-14T07:30:00-06:00,BLS,bls:ppi:20250114T133000Z:december-2024,December 2024,3,exact,2025-01-14,08:30:00,America/New_York,https://www.bls.gov/schedule/2025/home.htm,OANDA,703,137677,Producer Price Index,December,2,1736861400,2025-01-14 14:30,EconomicCalendar/raw/oanda/daily/2025-01-14.json,pinned_report_and_event_name,"0,3% m/m","0,4% m/m","0,2% m/m",parsed,scalar,0.3,,0.3,,percent,1,m/m,parsed,scalar,0.4,,0.4,,percent,1,m/m,parsed,scalar,0.2,,0.2,,percent,1,m/m
739,CPI,2025-01-15T07:30:00-06:00,BLS,bls:cpi:20250115T133000Z:december-2024,December 2024,3,exact,2025-01-15,08:30:00,America/New_York,https://www.bls.gov/schedule/2025/home.htm,OANDA,699,137617,Consumer Price Index,December,3,1736947800,2025-01-15 14:30,EconomicCalendar/raw/oanda/daily/2025-01-15.json,pinned_report_and_event_name,"0,4% m/m","0,3% m/m","0,4% m/m",parsed,scalar,0.4,,0.4,,percent,1,m/m,parsed,scalar,0.3,,0.3,,percent,1,m/m,parsed,scalar,0.4,,0.4,,percent,1,m/m
2625,RETAIL_SALES,2025-01-16T07:30:00-06:00,CENSUS,census:retail-sales-2024-12,December 2024,3,exact,2025-01-16,08:30:00,America/New_York,https://www2.census.gov/retail/releases/historical/marts/adv2412.pdf,OANDA,696,138615,Retail Sales,December,3,1737034200,2025-01-16 14:30,EconomicCalendar/raw/oanda/daily/2025-01-16.json,pinned_report_and_event_name,"0,6% m/m","0,7% m/m","0,4% m/m",parsed,scalar,0.6,,0.6,,percent,1,m/m,parsed,scalar,0.7,,0.7,,percent,1,m/m,parsed,scalar,0.4,,0.4,,percent,1,m/m
2626,DURABLE_GOODS,2025-01-28T07:30:00-06:00,CENSUS,census:durable-goods-2024-12,December 2024,3,exact,2025-01-28,08:30:00,America/New_York,https://www.census.gov/manufacturing/m3/historical_data/pressreleases/adv/2024/dec24adv.pdf,OANDA,59,138674,Durable Goods Orders - pre..,December,3,1738071000,2025-01-28 14:30,EconomicCalendar/raw/oanda/daily/2025-01-28.json,pinned_report_and_event_name,"0,6% m/m","-1,2% m/m","-2,2% m/m",parsed,scalar,0.6,,0.6,,percent,1,m/m,parsed,scalar,-1.2,,-1.2,,percent,1,m/m,parsed,scalar,-2.2,,-2.2,,percent,1,m/m
2252,FOMC,2025-01-29T13:00:00-06:00,FEDERAL_RESERVE,federal_reserve:fomc:20250129T190000Z,FOMC 2025-01-29,3,exact,2025-01-29,14:00:00,America/New_York,https://www.federalreserve.gov/newsevents/pressreleases/monetary20250129a.htm,OANDA,82,127714,FOMC Interest Rate Decision,January,3,1738177200,2025-01-29 20:00,EconomicCalendar/raw/oanda/daily/2025-01-29.json,pinned_report_and_event_name,"4,25-4,50%","4,25-4,50%","4,25-4,50%",parsed,range,4.25,4.50,4.25,4.50,percent,1,,parsed,range,4.25,4.50,4.25,4.50,percent,1,,parsed,range,4.25,4.50,4.25,4.50,percent,1,
1958,GDP,2025-01-30T07:30:00-06:00,BEA,bea:gdp:20250130T133000Z:q4-2024-advance,Q4 2024 Advance,3,exact,2025-01-30,08:30:00,America/New_York,https://www.bea.gov/news/2025/gross-domestic-product-4th-quarter-and-year-2024-advance-estimate,OANDA,690,134727,GDP (Annualized) - pre..,4Q,3,1738243800,2025-01-30 14:30,EconomicCalendar/raw/oanda/daily/2025-01-30.json,pinned_report_and_event_name,"2,6%","3,1%","2,3%",parsed,scalar,2.6,,2.6,,percent,1,,parsed,scalar,3.1,,3.1,,percent,1,,parsed,scalar,2.3,,2.3,,percent,1,
1959,PCE,2025-01-31T07:30:00-06:00,BEA,bea:pce:20250131T133000Z:december-2024,December 2024,3,exact,2025-01-31,08:30:00,America/New_York,https://www.bea.gov/news/2025/personal-income-and-outlays-december-2024,OANDA,694,137848,Personal Consumption Expenditures,December,2,1738330200,2025-01-31 14:30,EconomicCalendar/raw/oanda/daily/2025-01-31.json,pinned_report_and_event_name,"0,5% m/m","0,4% m/m","0,7% m/m",parsed,scalar,0.5,,0.5,,percent,1,m/m,parsed,scalar,0.4,,0.4,,percent,1,m/m,parsed,scalar,0.7,,0.7,,percent,1,m/m
740,JOLTS,2025-02-04T09:00:00-06:00,BLS,bls:jolts:20250204T150000Z:december-2024,December 2024,3,exact,2025-02-04,10:00:00,America/New_York,https://www.bls.gov/schedule/2025/home.htm,OANDA,1371,138356,JOLTS Job Openings,December,3,1738681200,2025-02-04 16:00,EconomicCalendar/raw/oanda/daily/2025-02-04.json,pinned_report_and_event_name,"8,01 mn","8,098 mn","7,6 mn",parsed,scalar,8.01,,8010000.00,,count,1000000,,parsed,scalar,8.098,,8098000.000,,count,1000000,,parsed,scalar,7.6,,7600000.0,,count,1000000,
741,EMPLOYMENT,2025-02-07T07:30:00-06:00,BLS,bls:employment:20250207T133000Z:january-2025,January 2025,3,exact,2025-02-07,08:30:00,America/New_York,https://www.bls.gov/schedule/2025/home.htm,OANDA,707,137753,Non-Farm Employment Change,January,3,1738935000,2025-02-07 14:30,EconomicCalendar/raw/oanda/daily/2025-02-07.json,pinned_report_and_event_name,170 k,256 k,143 k,parsed,scalar,170,,170000,,count,1000,,parsed,scalar,256,,256000,,count,1000,,parsed,scalar,143,,143000,,count,1000,
742,CPI,2025-02-12T07:30:00-06:00,BLS,bls:cpi:20250212T133000Z:january-2025,January 2025,3,exact,2025-02-12,08:30:00,America/New_York,https://www.bls.gov/schedule/2025/home.htm,OANDA,699,137622,Consumer Price Index,January,3,1739367000,2025-02-12 14:30,EconomicCalendar/raw/oanda/daily/2025-02-12.json,pinned_report_and_event_name,"0,3% m/m","0,4% m/m","0,5% m/m",parsed,scalar,0.3,,0.3,,percent,1,m/m,parsed,scalar,0.4,,0.4,,percent,1,m/m,parsed,scalar,0.5,,0.5,,percent,1,m/m
743,PPI,2025-02-13T07:30:00-06:00,BLS,bls:ppi:20250213T133000Z:january-2025,January 2025,3,exact,2025-02-13,08:30:00,America/New_York,https://www.bls.gov/schedule/2025/home.htm,OANDA,703,137682,Producer Price Index,January,2,1739453400,2025-02-13 14:30,EconomicCalendar/raw/oanda/daily/2025-02-13.json,pinned_report_and_event_name,"0,3% m/m","0,2% m/m","0,4% m/m",parsed,scalar,0.3,,0.3,,percent,1,m/m,parsed,scalar,0.2,,0.2,,percent,1,m/m,parsed,scalar,0.4,,0.4,,percent,1,m/m
2627,RETAIL_SALES,2025-02-14T07:30:00-06:00,CENSUS,census:retail-sales-2025-01,January 2025,3,exact,2025-02-14,08:30:00,America/New_York,https://www2.census.gov/retail/releases/historical/marts/adv2501.pdf,OANDA,696,138619,Retail Sales,January,3,1739539800,2025-02-14 14:30,EconomicCalendar/raw/oanda/daily/2025-02-14.json,pinned_report_and_event_name,"-0,1% m/m","0,4% m/m","-0,9% m/m",parsed,scalar,-0.1,,-0.1,,percent,1,m/m,parsed,scalar,0.4,,0.4,,percent,1,m/m,parsed,scalar,-0.9,,-0.9,,percent,1,m/m
2628,DURABLE_GOODS,2025-02-27T07:30:00-06:00,CENSUS,census:durable-goods-2025-01,January 2025,3,exact,2025-02-27,08:30:00,America/New_York,https://www.census.gov/manufacturing/m3/historical_data/pressreleases/adv/2025/jan25adv.pdf,OANDA,59,138675,Durable Goods Orders - pre..,January,3,1740663000,2025-02-27 14:30,EconomicCalendar/raw/oanda/daily/2025-02-27.json,pinned_report_and_event_name,2% m/m,"-2,2% m/m","3,1% m/m",parsed,scalar,2,,2,,percent,1,m/m,parsed,scalar,-2.2,,-2.2,,percent,1,m/m,parsed,scalar,3.1,,3.1,,percent,1,m/m
1960,GDP,2025-02-27T07:30:00-06:00,BEA,bea:gdp:20250227T133000Z:q4-2024-second,Q4 2024 Second,3,exact,2025-02-27,08:30:00,America/New_York,https://www.bea.gov/news/2025/gross-domestic-product-4th-quarter-and-year-2024-second-estimate,OANDA,690,134732,GDP (Annualized) - rev..,4Q,3,1740663000,2025-02-27 14:30,EconomicCalendar/raw/oanda/daily/2025-02-27.json,pinned_report_and_event_name,"2,3%","3,1%","2,3%",parsed,scalar,2.3,,2.3,,percent,1,,parsed,scalar,3.1,,3.1,,percent,1,,parsed,scalar,2.3,,2.3,,percent,1,
1961,PCE,2025-02-28T07:30:00-06:00,BEA,bea:pce:20250228T133000Z:january-2025,January 2025,3,exact,2025-02-28,08:30:00,America/New_York,https://www.bea.gov/news/2025/personal-income-and-outlays-january-2025,OANDA,694,137854,Personal Consumption Expenditures,January,2,1740749400,2025-02-28 14:30,EconomicCalendar/raw/oanda/daily/2025-02-28.json,pinned_report_and_event_name,"0,1% m/m","0,7% m/m","-0,2% m/m",parsed,scalar,0.1,,0.1,,percent,1,m/m,parsed,scalar,0.7,,0.7,,percent,1,m/m,parsed,scalar,-0.2,,-0.2,,percent,1,m/m
744,EMPLOYMENT,2025-03-07T07:30:00-06:00,BLS,bls:employment:20250307T133000Z:february-2025,February 2025,3,exact,2025-03-07,08:30:00,America/New_York,https://www.bls.gov/schedule/2025/home.htm,OANDA,707,137761,Non-Farm Employment Change,February,3,1741354200,2025-03-07 14:30,EconomicCalendar/raw/oanda/daily/2025-03-07.json,pinned_report_and_event_name,160 k,143 k,151 k,parsed,scalar,160,,160000,,count,1000,,parsed,scalar,143,,143000,,count,1000,,parsed,scalar,151,,151000,,count,1000,
745,JOLTS,2025-03-11T09:00:00-05:00,BLS,bls:jolts:20250311T140000Z:january-2025,January 2025,3,exact,2025-03-11,10:00:00,America/New_York,https://www.bls.gov/schedule/2025/home.htm,OANDA,1371,138357,JOLTS Job Openings,January,3,1741701600,2025-03-11 15:00,EconomicCalendar/raw/oanda/daily/2025-03-11.json,pinned_report_and_event_name,"7,63 mn","7,6 mn","7,74 mn",parsed,scalar,7.63,,7630000.00,,count,1000000,,parsed,scalar,7.6,,7600000.0,,count,1000000,,parsed,scalar,7.74,,7740000.00,,count,1000000,
746,CPI,2025-03-12T07:30:00-05:00,BLS,bls:cpi:20250312T123000Z:february-2025,February 2025,3,exact,2025-03-12,08:30:00,America/New_York,https://www.bls.gov/schedule/2025/home.htm,OANDA,699,137627,Consumer Price Index,February,3,1741782600,2025-03-12 13:30,EconomicCalendar/raw/oanda/daily/2025-03-12.json,pinned_report_and_event_name,"0,3% m/m","0,5% m/m","0,2% m/m",parsed,scalar,0.3,,0.3,,percent,1,m/m,parsed,scalar,0.5,,0.5,,percent,1,m/m,parsed,scalar,0.2,,0.2,,percent,1,m/m
747,PPI,2025-03-13T07:30:00-05:00,BLS,bls:ppi:20250313T123000Z:february-2025,February 2025,3,exact,2025-03-13,08:30:00,America/New_York,https://www.bls.gov/schedule/2025/home.htm,OANDA,703,137687,Producer Price Index,February,2,1741869000,2025-03-13 13:30,EconomicCalendar/raw/oanda/daily/2025-03-13.json,pinned_report_and_event_name,"0,3% m/m","0,4% m/m","0,0% m/m",parsed,scalar,0.3,,0.3,,percent,1,m/m,parsed,scalar,0.4,,0.4,,percent,1,m/m,parsed,scalar,0.0,,0.0,,percent,1,m/m
2629,RETAIL_SALES,2025-03-17T07:30:00-05:00,CENSUS,census:retail-sales-2025-02,February 2025,3,exact,2025-03-17,08:30:00,America/New_York,https://www2.census.gov/retail/releases/historical/marts/adv2502.pdf,OANDA,696,138623,Retail Sales,February,3,1742214600,2025-03-17 13:30,EconomicCalendar/raw/oanda/daily/2025-03-17.json,pinned_report_and_event_name,"0,6% m/m","-0,9% m/m","0,2% m/m",parsed,scalar,0.6,,0.6,,percent,1,m/m,parsed,scalar,-0.9,,-0.9,,percent,1,m/m,parsed,scalar,0.2,,0.2,,percent,1,m/m
2253,FOMC,2025-03-19T13:00:00-05:00,FEDERAL_RESERVE,federal_reserve:fomc:20250319T180000Z,FOMC 2025-03-19,3,exact,2025-03-19,14:00:00,America/New_York,https://www.federalreserve.gov/newsevents/pressreleases/monetary20250319a.htm,OANDA,82,135333,FOMC Interest Rate Decision,March,3,1742407200,2025-03-19 19:00,EconomicCalendar/raw/oanda/daily/2025-03-19.json,pinned_report_and_event_name,"4,25-4,50%","4,25-4,50%","4,25-4,50%",parsed,range,4.25,4.50,4.25,4.50,percent,1,,parsed,range,4.25,4.50,4.25,4.50,percent,1,,parsed,range,4.25,4.50,4.25,4.50,percent,1,
2630,DURABLE_GOODS,2025-03-26T07:30:00-05:00,CENSUS,census:durable-goods-2025-02,February 2025,3,exact,2025-03-26,08:30:00,America/New_York,https://www.census.gov/manufacturing/m3/historical_data/pressreleases/adv/2025/feb25adv.pdf,OANDA,59,138676,Durable Goods Orders - pre..,February,3,1742992200,2025-03-26 13:30,EconomicCalendar/raw/oanda/daily/2025-03-26.json,pinned_report_and_event_name,-1% m/m,"3,2% m/m","0,9% m/m",parsed,scalar,-1,,-1,,percent,1,m/m,parsed,scalar,3.2,,3.2,,percent,1,m/m,parsed,scalar,0.9,,0.9,,percent,1,m/m
1962,GDP,2025-03-27T07:30:00-05:00,BEA,bea:gdp:20250327T123000Z:q4-2024-third,Q4 2024 Third,3,exact,2025-03-27,08:30:00,America/New_York,https://www.bea.gov/news/2025/gross-domestic-product-4th-quarter-and-year-2024-third-estimate-gdp-industry-and,OANDA,690,134737,GDP (Annualized) - fin..,4Q,3,1743078600,2025-03-27 13:30,EconomicCalendar/raw/oanda/daily/2025-03-27.json,pinned_report_and_event_name,"2,3%","3,1%","2,4%",parsed,scalar,2.3,,2.3,,percent,1,,parsed,scalar,3.1,,3.1,,percent,1,,parsed,scalar,2.4,,2.4,,percent,1,
1963,PCE,2025-03-28T07:30:00-05:00,BEA,bea:pce:20250328T123000Z:february-2025,February 2025,3,exact,2025-03-28,08:30:00,America/New_York,https://www.bea.gov/news/2025/personal-income-and-outlays-february-2025,OANDA,694,137860,Personal Consumption Expenditures,February,2,1743165000,2025-03-28 13:30,EconomicCalendar/raw/oanda/daily/2025-03-28.json,pinned_report_and_event_name,"0,5% m/m","-0,2% m/m","0,4% m/m",parsed,scalar,0.5,,0.5,,percent,1,m/m,parsed,scalar,-0.2,,-0.2,,percent,1,m/m,parsed,scalar,0.4,,0.4,,percent,1,m/m
749,JOLTS,2025-04-01T09:00:00-05:00,BLS,bls:jolts:20250401T140000Z:february-2025,February 2025,3,exact,2025-04-01,10:00:00,America/New_York,https://www.bls.gov/schedule/2025/home.htm,OANDA,1371,138358,JOLTS Job Openings,February,3,1743516000,2025-04-01 16:00,EconomicCalendar/raw/oanda/daily/2025-04-01.json,pinned_report_and_event_name,"7,616 mn","7,74 mn","7,568 mn",parsed,scalar,7.616,,7616000.000,,count,1000000,,parsed,scalar,7.74,,7740000.00,,count,1000000,,parsed,scalar,7.568,,7568000.000,,count,1000000,
750,EMPLOYMENT,2025-04-04T07:30:00-05:00,BLS,bls:employment:20250404T123000Z:march-2025,March 2025,3,exact,2025-04-04,08:30:00,America/New_York,https://www.bls.gov/schedule/2025/home.htm,OANDA,707,137769,Non-Farm Employment Change,March,3,1743769800,2025-04-04 14:30,EconomicCalendar/raw/oanda/daily/2025-04-04.json,pinned_report_and_event_name,135 k,151 k,228 k,parsed,scalar,135,,135000,,count,1000,,parsed,scalar,151,,151000,,count,1000,,parsed,scalar,228,,228000,,count,1000,
751,CPI,2025-04-10T07:30:00-05:00,BLS,bls:cpi:20250410T123000Z:march-2025,March 2025,3,exact,2025-04-10,08:30:00,America/New_York,https://www.bls.gov/schedule/2025/home.htm,OANDA,699,137632,Consumer Price Index,March,3,1744288200,2025-04-10 14:30,EconomicCalendar/raw/oanda/daily/2025-04-10.json,pinned_report_and_event_name,"0,1% m/m","0,2% m/m","-0,1% m/m",parsed,scalar,0.1,,0.1,,percent,1,m/m,parsed,scalar,0.2,,0.2,,percent,1,m/m,parsed,scalar,-0.1,,-0.1,,percent,1,m/m
752,PPI,2025-04-11T07:30:00-05:00,BLS,bls:ppi:20250411T123000Z:march-2025,March 2025,3,exact,2025-04-11,08:30:00,America/New_York,https://www.bls.gov/schedule/2025/home.htm,OANDA,703,137692,Producer Price Index,March,2,1744374600,2025-04-11 14:30,EconomicCalendar/raw/oanda/daily/2025-04-11.json,pinned_report_and_event_name,"0,2% m/m","0,0% m/m","-0,4% m/m",parsed,scalar,0.2,,0.2,,percent,1,m/m,parsed,scalar,0.0,,0.0,,percent,1,m/m,parsed,scalar,-0.4,,-0.4,,percent,1,m/m
2631,RETAIL_SALES,2025-04-16T07:30:00-05:00,CENSUS,census:retail-sales-2025-03,March 2025,3,exact,2025-04-16,08:30:00,America/New_York,https://www2.census.gov/retail/releases/historical/marts/adv2503.pdf,OANDA,696,138627,Retail Sales,March,3,1744806600,2025-04-16 14:30,EconomicCalendar/raw/oanda/daily/2025-04-16.json,pinned_report_and_event_name,"1,3% m/m","0,2% m/m","1,4% m/m",parsed,scalar,1.3,,1.3,,percent,1,m/m,parsed,scalar,0.2,,0.2,,percent,1,m/m,parsed,scalar,1.4,,1.4,,percent,1,m/m
2632,DURABLE_GOODS,2025-04-24T07:30:00-05:00,CENSUS,census:durable-goods-2025-03,March 2025,3,exact,2025-04-24,08:30:00,America/New_York,https://www.census.gov/manufacturing/m3/historical_data/pressreleases/adv/2025/mar25adv.pdf,OANDA,59,138677,Durable Goods Orders - pre..,March,3,1745497800,2025-04-24 14:30,EconomicCalendar/raw/oanda/daily/2025-04-24.json,pinned_report_and_event_name,2% m/m,1% m/m,"9,2% m/m",parsed,scalar,2,,2,,percent,1,m/m,parsed,scalar,1,,1,,percent,1,m/m,parsed,scalar,9.2,,9.2,,percent,1,m/m
753,JOLTS,2025-04-29T09:00:00-05:00,BLS,bls:jolts:20250429T140000Z:march-2025,March 2025,3,exact,2025-04-29,10:00:00,America/New_York,https://www.bls.gov/schedule/2025/home.htm,OANDA,1371,138359,JOLTS Job Openings,March,3,1745935200,2025-04-29 16:00,EconomicCalendar/raw/oanda/daily/2025-04-29.json,pinned_report_and_event_name,"7,48 mn","7,568 mn","7,192 mn",parsed,scalar,7.48,,7480000.00,,count,1000000,,parsed,scalar,7.568,,7568000.000,,count,1000000,,parsed,scalar,7.192,,7192000.000,,count,1000000,
1964,GDP,2025-04-30T07:30:00-05:00,BEA,bea:gdp:20250430T123000Z:q1-2025-advance,Q1 2025 Advance,3,exact,2025-04-30,08:30:00,America/New_York,https://www.bea.gov/news/2025/gross-domestic-product-1st-quarter-2025-advance-estimate,OANDA,690,134742,GDP (Annualized) - pre..,1Q,3,1746016200,2025-04-30 14:30,EconomicCalendar/raw/oanda/daily/2025-04-30.json,pinned_report_and_event_name,"0,3%","2,4%","-0,3%",parsed,scalar,0.3,,0.3,,percent,1,,parsed,scalar,2.4,,2.4,,percent,1,,parsed,scalar,-0.3,,-0.3,,percent,1,
1965,PCE,2025-04-30T09:00:00-05:00,BEA,bea:pce:20250430T140000Z:march-2025,March 2025,3,exact,2025-04-30,10:00:00,America/New_York,https://www.bea.gov/news/2025/personal-income-and-outlays-march-2025,OANDA,694,137866,Personal Consumption Expenditures,March,2,1746021600,2025-04-30 16:00,EconomicCalendar/raw/oanda/daily/2025-04-30.json,pinned_report_and_event_name,"0,5% m/m","0,4% m/m","0,7% m/m",parsed,scalar,0.5,,0.5,,percent,1,m/m,parsed,scalar,0.4,,0.4,,percent,1,m/m,parsed,scalar,0.7,,0.7,,percent,1,m/m
754,EMPLOYMENT,2025-05-02T07:30:00-05:00,BLS,bls:employment:20250502T123000Z:april-2025,April 2025,3,exact,2025-05-02,08:30:00,America/New_York,https://www.bls.gov/schedule/2025/home.htm,OANDA,707,137777,Non-Farm Employment Change,April,3,1746189000,2025-05-02 14:30,EconomicCalendar/raw/oanda/daily/2025-05-02.json,pinned_report_and_event_name,130 k,228 k,177 k,parsed,scalar,130,,130000,,count,1000,,parsed,scalar,228,,228000,,count,1000,,parsed,scalar,177,,177000,,count,1000,
2254,FOMC,2025-05-07T13:00:00-05:00,FEDERAL_RESERVE,federal_reserve:fomc:20250507T180000Z,FOMC 2025-05-07,3,exact,2025-05-07,14:00:00,America/New_York,https://www.federalreserve.gov/newsevents/pressreleases/monetary20250507a.htm,OANDA,82,135334,FOMC Interest Rate Decision,May,3,1746640800,2025-05-07 20:00,EconomicCalendar/raw/oanda/daily/2025-05-07.json,pinned_report_and_event_name,"4,25-4,50%","4,25-4,50%","4,25-4,50%",parsed,range,4.25,4.50,4.25,4.50,percent,1,,parsed,range,4.25,4.50,4.25,4.50,percent,1,,parsed,range,4.25,4.50,4.25,4.50,percent,1,
755,CPI,2025-05-13T07:30:00-05:00,BLS,bls:cpi:20250513T123000Z:april-2025,April 2025,3,exact,2025-05-13,08:30:00,America/New_York,https://www.bls.gov/schedule/2025/home.htm,OANDA,699,137637,Consumer Price Index,April,3,1747139400,2025-05-13 14:30,EconomicCalendar/raw/oanda/daily/2025-05-13.json,pinned_report_and_event_name,"0,3% m/m","-0,1% m/m","0,2% m/m",parsed,scalar,0.3,,0.3,,percent,1,m/m,parsed,scalar,-0.1,,-0.1,,percent,1,m/m,parsed,scalar,0.2,,0.2,,percent,1,m/m
756,PPI,2025-05-15T07:30:00-05:00,BLS,bls:ppi:20250515T123000Z:april-2025,April 2025,3,exact,2025-05-15,08:30:00,America/New_York,https://www.bls.gov/schedule/2025/home.htm,OANDA,703,137697,Producer Price Index,April,2,1747312200,2025-05-15 14:30,EconomicCalendar/raw/oanda/daily/2025-05-15.json,pinned_report_and_event_name,"0,2% m/m","-0,4% m/m","-0,5% m/m",parsed,scalar,0.2,,0.2,,percent,1,m/m,parsed,scalar,-0.4,,-0.4,,percent,1,m/m,parsed,scalar,-0.5,,-0.5,,percent,1,m/m
2633,RETAIL_SALES,2025-05-15T07:30:00-05:00,CENSUS,census:retail-sales-2025-04,April 2025,3,exact,2025-05-15,08:30:00,America/New_York,https://www2.census.gov/retail/releases/historical/marts/adv2504.pdf,OANDA,696,138631,Retail Sales,April,3,1747312200,2025-05-15 14:30,EconomicCalendar/raw/oanda/daily/2025-05-15.json,pinned_report_and_event_name,"0,0% m/m","1,4% m/m","0,1% m/m",parsed,scalar,0.0,,0.0,,percent,1,m/m,parsed,scalar,1.4,,1.4,,percent,1,m/m,parsed,scalar,0.1,,0.1,,percent,1,m/m
2634,DURABLE_GOODS,2025-05-27T07:30:00-05:00,CENSUS,census:durable-goods-2025-04,April 2025,3,exact,2025-05-27,08:30:00,America/New_York,https://www.census.gov/manufacturing/m3/historical_data/pressreleases/adv/2025/apr25adv.pdf,OANDA,59,138678,Durable Goods Orders - pre..,April,3,1748349000,2025-05-27 14:30,EconomicCalendar/raw/oanda/daily/2025-05-27.json,pinned_report_and_event_name,"-7,8% m/m","9,2% m/m","-6,3% m/m",parsed,scalar,-7.8,,-7.8,,percent,1,m/m,parsed,scalar,9.2,,9.2,,percent,1,m/m,parsed,scalar,-6.3,,-6.3,,percent,1,m/m
1966,GDP,2025-05-29T07:30:00-05:00,BEA,bea:gdp:20250529T123000Z:q1-2025-second,Q1 2025 Second,3,exact,2025-05-29,08:30:00,America/New_York,https://www.bea.gov/news/2025/gross-domestic-product-second-estimate-corporate-profits-preliminary-estimate-1st-quarter,OANDA,690,134747,GDP (Annualized) - rev..,1Q,3,1748521800,2025-05-29 14:30,EconomicCalendar/raw/oanda/daily/2025-05-29.json,pinned_report_and_event_name,"-0,3%","2,4%","-0,2%",parsed,scalar,-0.3,,-0.3,,percent,1,,parsed,scalar,2.4,,2.4,,percent,1,,parsed,scalar,-0.2,,-0.2,,percent,1,
1967,PCE,2025-05-30T07:30:00-05:00,BEA,bea:pce:20250530T123000Z:april-2025,April 2025,3,exact,2025-05-30,08:30:00,America/New_York,https://www.bea.gov/news/2025/personal-income-and-outlays-april-2025,OANDA,694,137872,Personal Consumption Expenditures,April,2,1748608200,2025-05-30 14:30,EconomicCalendar/raw/oanda/daily/2025-05-30.json,pinned_report_and_event_name,"0,2% m/m","0,7% m/m","0,2% m/m",parsed,scalar,0.2,,0.2,,percent,1,m/m,parsed,scalar,0.7,,0.7,,percent,1,m/m,parsed,scalar,0.2,,0.2,,percent,1,m/m
757,JOLTS,2025-06-03T09:00:00-05:00,BLS,bls:jolts:20250603T140000Z:april-2025,April 2025,3,exact,2025-06-03,10:00:00,America/New_York,https://www.bls.gov/schedule/2025/home.htm,OANDA,1371,138360,JOLTS Job Openings,April,3,1748959200,2025-06-03 16:00,EconomicCalendar/raw/oanda/daily/2025-06-03.json,pinned_report_and_event_name,"7,1 mn","7,192 mn","7,391 mn",parsed,scalar,7.1,,7100000.0,,count,1000000,,parsed,scalar,7.192,,7192000.000,,count,1000000,,parsed,scalar,7.391,,7391000.000,,count,1000000,
758,EMPLOYMENT,2025-06-06T07:30:00-05:00,BLS,bls:employment:20250606T123000Z:may-2025,May 2025,3,exact,2025-06-06,08:30:00,America/New_York,https://www.bls.gov/schedule/2025/home.htm,OANDA,707,137785,Non-Farm Employment Change,May,3,1749213000,2025-06-06 14:30,EconomicCalendar/raw/oanda/daily/2025-06-06.json,pinned_report_and_event_name,130 k,177 k,139 k,parsed,scalar,130,,130000,,count,1000,,parsed,scalar,177,,177000,,count,1000,,parsed,scalar,139,,139000,,count,1000,
759,CPI,2025-06-11T07:30:00-05:00,BLS,bls:cpi:20250611T123000Z:may-2025,May 2025,3,exact,2025-06-11,08:30:00,America/New_York,https://www.bls.gov/schedule/2025/home.htm,OANDA,699,137642,Consumer Price Index,May,3,1749645000,2025-06-11 14:30,EconomicCalendar/raw/oanda/daily/2025-06-11.json,pinned_report_and_event_name,"0,2% m/m","0,2% m/m","0,1% m/m",parsed,scalar,0.2,,0.2,,percent,1,m/m,parsed,scalar,0.2,,0.2,,percent,1,m/m,parsed,scalar,0.1,,0.1,,percent,1,m/m
760,PPI,2025-06-12T07:30:00-05:00,BLS,bls:ppi:20250612T123000Z:may-2025,May 2025,3,exact,2025-06-12,08:30:00,America/New_York,https://www.bls.gov/schedule/2025/home.htm,OANDA,703,137702,Producer Price Index,May,2,1749731400,2025-06-12 14:30,EconomicCalendar/raw/oanda/daily/2025-06-12.json,pinned_report_and_event_name,"0,2% m/m","-0,5% m/m","0,1% m/m",parsed,scalar,0.2,,0.2,,percent,1,m/m,parsed,scalar,-0.5,,-0.5,,percent,1,m/m,parsed,scalar,0.1,,0.1,,percent,1,m/m
2635,RETAIL_SALES,2025-06-17T07:30:00-05:00,CENSUS,census:retail-sales-2025-05,May 2025,3,exact,2025-06-17,08:30:00,America/New_York,https://www2.census.gov/retail/releases/historical/marts/adv2505.pdf,OANDA,696,138635,Retail Sales,May,3,1750163400,2025-06-17 14:30,EconomicCalendar/raw/oanda/daily/2025-06-17.json,pinned_report_and_event_name,"-0,7% m/m","0,1% m/m","-0,9% m/m",parsed,scalar,-0.7,,-0.7,,percent,1,m/m,parsed,scalar,0.1,,0.1,,percent,1,m/m,parsed,scalar,-0.9,,-0.9,,percent,1,m/m
2255,FOMC,2025-06-18T13:00:00-05:00,FEDERAL_RESERVE,federal_reserve:fomc:20250618T180000Z,FOMC 2025-06-18,3,exact,2025-06-18,14:00:00,America/New_York,https://www.federalreserve.gov/newsevents/pressreleases/monetary20250618a.htm,OANDA,82,135335,FOMC Interest Rate Decision,June,3,1750269600,2025-06-18 20:00,EconomicCalendar/raw/oanda/daily/2025-06-18.json,pinned_report_and_event_name,"4,25-4,50%","4,25-4,50%","4,25-4,50%",parsed,range,4.25,4.50,4.25,4.50,percent,1,,parsed,range,4.25,4.50,4.25,4.50,percent,1,,parsed,range,4.25,4.50,4.25,4.50,percent,1,
2636,DURABLE_GOODS,2025-06-26T07:30:00-05:00,CENSUS,census:durable-goods-2025-05,May 2025,3,exact,2025-06-26,08:30:00,America/New_York,https://www.census.gov/manufacturing/m3/historical_data/pressreleases/adv/2025/may25adv.pdf,OANDA,59,138679,Durable Goods Orders - pre..,May,3,1750941000,2025-06-26 14:30,EconomicCalendar/raw/oanda/daily/2025-06-26.json,pinned_report_and_event_name,"6,8% m/m","-6,3% m/m","16,4% m/m",parsed,scalar,6.8,,6.8,,percent,1,m/m,parsed,scalar,-6.3,,-6.3,,percent,1,m/m,parsed,scalar,16.4,,16.4,,percent,1,m/m
1968,GDP,2025-06-26T07:30:00-05:00,BEA,bea:gdp:20250626T123000Z:q1-2025-third,Q1 2025 Third,3,exact,2025-06-26,08:30:00,America/New_York,https://www.bea.gov/news/2025/gross-domestic-product-1st-quarter-2025-third-estimate-gdp-industry-and-corporate-profits,OANDA,690,134752,GDP (Annualized) - fin..,1Q,3,1750941000,2025-06-26 14:30,EconomicCalendar/raw/oanda/daily/2025-06-26.json,pinned_report_and_event_name,"-0,2%","2,4%","-0,5%",parsed,scalar,-0.2,,-0.2,,percent,1,,parsed,scalar,2.4,,2.4,,percent,1,,parsed,scalar,-0.5,,-0.5,,percent,1,
1969,PCE,2025-06-27T07:30:00-05:00,BEA,bea:pce:20250627T123000Z:may-2025,May 2025,3,exact,2025-06-27,08:30:00,America/New_York,https://www.bea.gov/news/2025/personal-income-and-outlays-may-2025,OANDA,694,137878,Personal Consumption Expenditures,May,2,1751027400,2025-06-27 14:30,EconomicCalendar/raw/oanda/daily/2025-06-27.json,pinned_report_and_event_name,"0,1% m/m","0,2% m/m","-0,1% m/m",parsed,scalar,0.1,,0.1,,percent,1,m/m,parsed,scalar,0.2,,0.2,,percent,1,m/m,parsed,scalar,-0.1,,-0.1,,percent,1,m/m
761,JOLTS,2025-07-01T09:00:00-05:00,BLS,bls:jolts:20250701T140000Z:may-2025,May 2025,3,exact,2025-07-01,10:00:00,America/New_York,https://www.bls.gov/schedule/2025/home.htm,OANDA,1371,138361,JOLTS Job Openings,May,3,1751378400,2025-07-01 16:00,EconomicCalendar/raw/oanda/daily/2025-07-01.json,pinned_report_and_event_name,"7,3 mn","7,391 mn","7,769 mn",parsed,scalar,7.3,,7300000.0,,count,1000000,,parsed,scalar,7.391,,7391000.000,,count,1000000,,parsed,scalar,7.769,,7769000.000,,count,1000000,
762,EMPLOYMENT,2025-07-03T07:30:00-05:00,BLS,bls:employment:20250703T123000Z:june-2025,June 2025,3,exact,2025-07-03,08:30:00,America/New_York,https://www.bls.gov/schedule/2025/home.htm,OANDA,707,137793,Non-Farm Employment Change,June,3,1751545800,2025-07-03 14:30,EconomicCalendar/raw/oanda/daily/2025-07-03.json,pinned_report_and_event_name,110 k,139 k,147 k,parsed,scalar,110,,110000,,count,1000,,parsed,scalar,139,,139000,,count,1000,,parsed,scalar,147,,147000,,count,1000,
763,CPI,2025-07-15T07:30:00-05:00,BLS,bls:cpi:20250715T123000Z:june-2025,June 2025,3,exact,2025-07-15,08:30:00,America/New_York,https://www.bls.gov/schedule/2025/home.htm,OANDA,699,137647,Consumer Price Index,June,3,1752582600,2025-07-15 14:30,EconomicCalendar/raw/oanda/daily/2025-07-15.json,pinned_report_and_event_name,"0,3% m/m","0,1% m/m","0,3% m/m",parsed,scalar,0.3,,0.3,,percent,1,m/m,parsed,scalar,0.1,,0.1,,percent,1,m/m,parsed,scalar,0.3,,0.3,,percent,1,m/m
764,PPI,2025-07-16T07:30:00-05:00,BLS,bls:ppi:20250716T123000Z:june-2025,June 2025,3,exact,2025-07-16,08:30:00,America/New_York,https://www.bls.gov/schedule/2025/home.htm,OANDA,703,137707,Producer Price Index,June,2,1752669000,2025-07-16 14:30,EconomicCalendar/raw/oanda/daily/2025-07-16.json,pinned_report_and_event_name,"0,2% m/m","0,1% m/m","0,0% m/m",parsed,scalar,0.2,,0.2,,percent,1,m/m,parsed,scalar,0.1,,0.1,,percent,1,m/m,parsed,scalar,0.0,,0.0,,percent,1,m/m
2637,RETAIL_SALES,2025-07-17T07:30:00-05:00,CENSUS,census:retail-sales-2025-06,June 2025,3,exact,2025-07-17,08:30:00,America/New_York,https://www2.census.gov/retail/releases/historical/marts/adv2506.pdf,OANDA,696,138639,Retail Sales,June,3,1752755400,2025-07-17 14:30,EconomicCalendar/raw/oanda/daily/2025-07-17.json,pinned_report_and_event_name,"0,1% m/m","-0,9% m/m","0,6% m/m",parsed,scalar,0.1,,0.1,,percent,1,m/m,parsed,scalar,-0.9,,-0.9,,percent,1,m/m,parsed,scalar,0.6,,0.6,,percent,1,m/m
2638,DURABLE_GOODS,2025-07-25T07:30:00-05:00,CENSUS,census:durable-goods-2025-06,June 2025,3,exact,2025-07-25,08:30:00,America/New_York,https://www.census.gov/manufacturing/m3/historical_data/pressreleases/adv/2025/jun25adv.pdf,OANDA,59,138680,Durable Goods Orders - pre..,June,3,1753446600,2025-07-25 14:30,EconomicCalendar/raw/oanda/daily/2025-07-25.json,pinned_report_and_event_name,"-10,5% m/m","16,4% m/m","-9,3% m/m",parsed,scalar,-10.5,,-10.5,,percent,1,m/m,parsed,scalar,16.4,,16.4,,percent,1,m/m,parsed,scalar,-9.3,,-9.3,,percent,1,m/m
765,JOLTS,2025-07-29T09:00:00-05:00,BLS,bls:jolts:20250729T140000Z:june-2025,June 2025,3,exact,2025-07-29,10:00:00,America/New_York,https://www.bls.gov/schedule/2025/home.htm,OANDA,1371,138362,JOLTS Job Openings,June,3,1753797600,2025-07-29 16:00,EconomicCalendar/raw/oanda/daily/2025-07-29.json,pinned_report_and_event_name,"7,5 mn","7,769 mn","7,437 mn",parsed,scalar,7.5,,7500000.0,,count,1000000,,parsed,scalar,7.769,,7769000.000,,count,1000000,,parsed,scalar,7.437,,7437000.000,,count,1000000,
1970,GDP,2025-07-30T07:30:00-05:00,BEA,bea:gdp:20250730T123000Z:q2-2025-advance,Q2 2025 Advance,3,exact,2025-07-30,08:30:00,America/New_York,https://www.bea.gov/news/2025/gross-domestic-product-2nd-quarter-2025-advance-estimate,OANDA,690,134757,GDP (Annualized) - pre..,2Q,3,1753878600,2025-07-30 14:30,EconomicCalendar/raw/oanda/daily/2025-07-30.json,pinned_report_and_event_name,"2,4%","-0,5%","3,0%",parsed,scalar,2.4,,2.4,,percent,1,,parsed,scalar,-0.5,,-0.5,,percent,1,,parsed,scalar,3.0,,3.0,,percent,1,
2256,FOMC,2025-07-30T13:00:00-05:00,FEDERAL_RESERVE,federal_reserve:fomc:20250730T180000Z,FOMC 2025-07-30,3,exact,2025-07-30,14:00:00,America/New_York,https://www.federalreserve.gov/newsevents/pressreleases/monetary20250730a.htm,OANDA,82,135336,FOMC Interest Rate Decision,July,3,1753898400,2025-07-30 20:00,EconomicCalendar/raw/oanda/daily/2025-07-30.json,pinned_report_and_event_name,"4,25-4,50%","4,25-4,50%","4,25-4,50%",parsed,range,4.25,4.50,4.25,4.50,percent,1,,parsed,range,4.25,4.50,4.25,4.50,percent,1,,parsed,range,4.25,4.50,4.25,4.50,percent,1,
1971,PCE,2025-07-31T07:30:00-05:00,BEA,bea:pce:20250731T123000Z:june-2025,June 2025,3,exact,2025-07-31,08:30:00,America/New_York,https://www.bea.gov/news/2025/personal-income-and-outlays-june-2025,OANDA,694,137884,Personal Consumption Expenditures,June,2,1753965000,2025-07-31 14:30,EconomicCalendar/raw/oanda/daily/2025-07-31.json,pinned_report_and_event_name,"0,4% m/m","-0,1% m/m","0,3% m/m",parsed,scalar,0.4,,0.4,,percent,1,m/m,parsed,scalar,-0.1,,-0.1,,percent,1,m/m,parsed,scalar,0.3,,0.3,,percent,1,m/m
766,EMPLOYMENT,2025-08-01T07:30:00-05:00,BLS,bls:employment:20250801T123000Z:july-2025,July 2025,3,exact,2025-08-01,08:30:00,America/New_York,https://www.bls.gov/schedule/2025/home.htm,OANDA,707,137801,Non-Farm Employment Change,July,3,1754051400,2025-08-01 14:30,EconomicCalendar/raw/oanda/daily/2025-08-01.json,pinned_report_and_event_name,110 k,147 k,73 k,parsed,scalar,110,,110000,,count,1000,,parsed,scalar,147,,147000,,count,1000,,parsed,scalar,73,,73000,,count,1000,
767,CPI,2025-08-12T07:30:00-05:00,BLS,bls:cpi:20250812T123000Z:july-2025,July 2025,3,exact,2025-08-12,08:30:00,America/New_York,https://www.bls.gov/schedule/2025/home.htm,OANDA,699,137652,Consumer Price Index,July,3,1755001800,2025-08-12 14:30,EconomicCalendar/raw/oanda/daily/2025-08-12.json,pinned_report_and_event_name,"0,2% m/m","0,3% m/m","0,2% m/m",parsed,scalar,0.2,,0.2,,percent,1,m/m,parsed,scalar,0.3,,0.3,,percent,1,m/m,parsed,scalar,0.2,,0.2,,percent,1,m/m
768,PPI,2025-08-14T07:30:00-05:00,BLS,bls:ppi:20250814T123000Z:july-2025,July 2025,3,exact,2025-08-14,08:30:00,America/New_York,https://www.bls.gov/schedule/2025/home.htm,OANDA,703,137712,Producer Price Index,July,2,1755174600,2025-08-14 14:30,EconomicCalendar/raw/oanda/daily/2025-08-14.json,pinned_report_and_event_name,"0,2% m/m","0,0% m/m","0,9% m/m",parsed,scalar,0.2,,0.2,,percent,1,m/m,parsed,scalar,0.0,,0.0,,percent,1,m/m,parsed,scalar,0.9,,0.9,,percent,1,m/m
2639,RETAIL_SALES,2025-08-15T07:30:00-05:00,CENSUS,census:retail-sales-2025-07,July 2025,3,exact,2025-08-15,08:30:00,America/New_York,https://www2.census.gov/retail/releases/historical/marts/adv2507.pdf,OANDA,696,138643,Retail Sales,July,3,1755261000,2025-08-15 14:30,EconomicCalendar/raw/oanda/daily/2025-08-15.json,pinned_report_and_event_name,"0,5% m/m","0,6% m/m","0,5% m/m",parsed,scalar,0.5,,0.5,,percent,1,m/m,parsed,scalar,0.6,,0.6,,percent,1,m/m,parsed,scalar,0.5,,0.5,,percent,1,m/m
2640,DURABLE_GOODS,2025-08-26T07:30:00-05:00,CENSUS,census:durable-goods-2025-07,July 2025,3,exact,2025-08-26,08:30:00,America/New_York,https://www.census.gov/manufacturing/m3/historical_data/pressreleases/adv/2025/jul25adv.pdf,OANDA,59,138681,Durable Goods Orders - pre..,July,3,1756211400,2025-08-26 14:30,EconomicCalendar/raw/oanda/daily/2025-08-26.json,pinned_report_and_event_name,"-3,9% m/m","-9,4% m/m","-2,8% m/m",parsed,scalar,-3.9,,-3.9,,percent,1,m/m,parsed,scalar,-9.4,,-9.4,,percent,1,m/m,parsed,scalar,-2.8,,-2.8,,percent,1,m/m
1972,GDP,2025-08-28T07:30:00-05:00,BEA,bea:gdp:20250828T123000Z:q2-2025-second,Q2 2025 Second,3,exact,2025-08-28,08:30:00,America/New_York,https://www.bea.gov/news/2025/gross-domestic-product-2nd-quarter-2025-second-estimate-and-corporate-profits-preliminary,OANDA,690,134762,GDP (Annualized) - rev..,2Q,3,1756384200,2025-08-28 14:30,EconomicCalendar/raw/oanda/daily/2025-08-28.json,pinned_report_and_event_name,"3,1%","-0,5%","3,3%",parsed,scalar,3.1,,3.1,,percent,1,,parsed,scalar,-0.5,,-0.5,,percent,1,,parsed,scalar,3.3,,3.3,,percent,1,
1973,PCE,2025-08-29T07:30:00-05:00,BEA,bea:pce:20250829T123000Z:july-2025,July 2025,3,exact,2025-08-29,08:30:00,America/New_York,https://www.bea.gov/news/2025/personal-income-and-outlays-july-2025,OANDA,694,137890,Personal Consumption Expenditures,July,2,1756470600,2025-08-29 14:30,EconomicCalendar/raw/oanda/daily/2025-08-29.json,pinned_report_and_event_name,"0,5% m/m","0,3% m/m","0,5% m/m",parsed,scalar,0.5,,0.5,,percent,1,m/m,parsed,scalar,0.3,,0.3,,percent,1,m/m,parsed,scalar,0.5,,0.5,,percent,1,m/m
769,JOLTS,2025-09-03T09:00:00-05:00,BLS,bls:jolts:20250903T140000Z:july-2025,July 2025,3,exact,2025-09-03,10:00:00,America/New_York,https://www.bls.gov/schedule/2025/home.htm,OANDA,1371,138363,JOLTS Job Openings,July,3,1756908000,2025-09-03 16:00,EconomicCalendar/raw/oanda/daily/2025-09-03.json,pinned_report_and_event_name,"7,377 mn","7,437 mn","7,181 mn",parsed,scalar,7.377,,7377000.000,,count,1000000,,parsed,scalar,7.437,,7437000.000,,count,1000000,,parsed,scalar,7.181,,7181000.000,,count,1000000,
770,EMPLOYMENT,2025-09-05T07:30:00-05:00,BLS,bls:employment:20250905T123000Z:august-2025,August 2025,3,exact,2025-09-05,08:30:00,America/New_York,https://www.bls.gov/schedule/2025/home.htm,OANDA,707,137809,Non-Farm Employment Change,August,3,1757075400,2025-09-05 14:30,EconomicCalendar/raw/oanda/daily/2025-09-05.json,pinned_report_and_event_name,75 k,73 k,22 k,parsed,scalar,75,,75000,,count,1000,,parsed,scalar,73,,73000,,count,1000,,parsed,scalar,22,,22000,,count,1000,
771,PPI,2025-09-10T07:30:00-05:00,BLS,bls:ppi:20250910T123000Z:august-2025,August 2025,3,exact,2025-09-10,08:30:00,America/New_York,https://www.bls.gov/schedule/2025/home.htm,OANDA,703,137717,Producer Price Index,August,2,1757507400,2025-09-10 14:30,EconomicCalendar/raw/oanda/daily/2025-09-10.json,pinned_report_and_event_name,"0,3% m/m","0,9% m/m","-0,1% m/m",parsed,scalar,0.3,,0.3,,percent,1,m/m,parsed,scalar,0.9,,0.9,,percent,1,m/m,parsed,scalar,-0.1,,-0.1,,percent,1,m/m
772,CPI,2025-09-11T07:30:00-05:00,BLS,bls:cpi:20250911T123000Z:august-2025,August 2025,3,exact,2025-09-11,08:30:00,America/New_York,https://www.bls.gov/schedule/2025/home.htm,OANDA,699,137657,Consumer Price Index,August,3,1757593800,2025-09-11 14:30,EconomicCalendar/raw/oanda/daily/2025-09-11.json,pinned_report_and_event_name,"0,3% m/m","0,2% m/m","0,4% m/m",parsed,scalar,0.3,,0.3,,percent,1,m/m,parsed,scalar,0.2,,0.2,,percent,1,m/m,parsed,scalar,0.4,,0.4,,percent,1,m/m
2641,RETAIL_SALES,2025-09-16T07:30:00-05:00,CENSUS,census:retail-sales-2025-08,August 2025,3,exact,2025-09-16,08:30:00,America/New_York,https://www2.census.gov/retail/releases/historical/marts/adv2508.pdf,OANDA,696,138647,Retail Sales,August,3,1758025800,2025-09-16 14:30,EconomicCalendar/raw/oanda/daily/2025-09-16.json,pinned_report_and_event_name,"0,2% m/m","0,5% m/m","0,6% m/m",parsed,scalar,0.2,,0.2,,percent,1,m/m,parsed,scalar,0.5,,0.5,,percent,1,m/m,parsed,scalar,0.6,,0.6,,percent,1,m/m
2257,FOMC,2025-09-17T13:00:00-05:00,FEDERAL_RESERVE,federal_reserve:fomc:20250917T180000Z,FOMC 2025-09-17,3,exact,2025-09-17,14:00:00,America/New_York,https://www.federalreserve.gov/newsevents/pressreleases/monetary20250917a.htm,OANDA,82,135337,FOMC Interest Rate Decision,September,3,1758132000,2025-09-17 20:00,EconomicCalendar/raw/oanda/daily/2025-09-17.json,pinned_report_and_event_name,"4,00-4,25%","4,25-4,50%","4,00-4,25%",parsed,range,4.00,4.25,4.00,4.25,percent,1,,parsed,range,4.25,4.50,4.25,4.50,percent,1,,parsed,range,4.00,4.25,4.00,4.25,percent,1,
2642,DURABLE_GOODS,2025-09-25T07:30:00-05:00,CENSUS,census:durable-goods-2025-08,August 2025,3,exact,2025-09-25,08:30:00,America/New_York,https://www.census.gov/manufacturing/m3/historical_data/pressreleases/adv/2025/aug25adv.pdf,OANDA,59,138682,Durable Goods Orders - pre..,August,3,1758803400,2025-09-25 14:30,EconomicCalendar/raw/oanda/daily/2025-09-25.json,pinned_report_and_event_name,"-0,5% m/m","-2,8% m/m","2,9% m/m",parsed,scalar,-0.5,,-0.5,,percent,1,m/m,parsed,scalar,-2.8,,-2.8,,percent,1,m/m,parsed,scalar,2.9,,2.9,,percent,1,m/m
1974,GDP,2025-09-25T07:30:00-05:00,BEA,bea:gdp:20250925T123000Z:q2-2025-third,Q2 2025 Third,3,exact,2025-09-25,08:30:00,America/New_York,https://www.bea.gov/news/2025/gross-domestic-product-2nd-quarter-2025-third-estimate-gdp-industry-corporate-profits,OANDA,690,134767,GDP (Annualized) - fin..,2Q,3,1758803400,2025-09-25 14:30,EconomicCalendar/raw/oanda/daily/2025-09-25.json,pinned_report_and_event_name,"3,3%","-0,5%","3,8%",parsed,scalar,3.3,,3.3,,percent,1,,parsed,scalar,-0.5,,-0.5,,percent,1,,parsed,scalar,3.8,,3.8,,percent,1,
1975,PCE,2025-09-26T07:30:00-05:00,BEA,bea:pce:20250926T123000Z:august-2025,August 2025,3,exact,2025-09-26,08:30:00,America/New_York,https://www.bea.gov/news/2025/personal-income-and-outlays-august-2025,OANDA,694,137896,Personal Consumption Expenditures,August,2,1758889800,2025-09-26 14:30,EconomicCalendar/raw/oanda/daily/2025-09-26.json,pinned_report_and_event_name,"0,5% m/m","0,5% m/m","0,6% m/m",parsed,scalar,0.5,,0.5,,percent,1,m/m,parsed,scalar,0.5,,0.5,,percent,1,m/m,parsed,scalar,0.6,,0.6,,percent,1,m/m
773,JOLTS,2025-09-30T09:00:00-05:00,BLS,bls:jolts:20250930T140000Z:august-2025,August 2025,3,exact,2025-09-30,10:00:00,America/New_York,https://www.bls.gov/schedule/2025/home.htm,OANDA,1371,138364,JOLTS Job Openings,August,3,1759240800,2025-09-30 16:00,EconomicCalendar/raw/oanda/daily/2025-09-30.json,pinned_report_and_event_name,"7,185 mn","7,181 mn","7,227 mn",parsed,scalar,7.185,,7185000.000,,count,1000000,,parsed,scalar,7.181,,7181000.000,,count,1000000,,parsed,scalar,7.227,,7227000.000,,count,1000000,
774,CPI,2025-10-24T07:30:00-05:00,BLS,bls:cpi:20251024T123000Z:september-2025,September 2025,3,exact,2025-10-24,08:30:00,America/New_York,https://www.bls.gov/schedule/2025/home.htm,OANDA,699,137662,Consumer Price Index,September,3,1761309000,2025-10-24 14:30,EconomicCalendar/raw/oanda/daily/2025-10-24.json,pinned_report_and_event_name,"0,4% m/m","0,4% m/m","0,3% m/m",parsed,scalar,0.4,,0.4,,percent,1,m/m,parsed,scalar,0.4,,0.4,,percent,1,m/m,parsed,scalar,0.3,,0.3,,percent,1,m/m
2258,FOMC,2025-10-29T13:00:00-05:00,FEDERAL_RESERVE,federal_reserve:fomc:20251029T180000Z,FOMC 2025-10-29,3,exact,2025-10-29,14:00:00,America/New_York,https://www.federalreserve.gov/newsevents/pressreleases/monetary20251029a.htm,OANDA,82,135338,FOMC Interest Rate Decision,October,3,1761760800,2025-10-29 19:00,EconomicCalendar/raw/oanda/daily/2025-10-29.json,pinned_report_and_event_name,"3,75-4,00%","4,00-4,25%","3,75-4,00%",parsed,range,3.75,4.00,3.75,4.00,percent,1,,parsed,range,4.00,4.25,4.00,4.25,percent,1,,parsed,range,3.75,4.00,3.75,4.00,percent,1,
775,EMPLOYMENT,2025-11-20T07:30:00-06:00,BLS,bls:employment:20251120T133000Z:september-2025,September 2025,3,exact,2025-11-20,08:30:00,America/New_York,https://www.bls.gov/schedule/2025/home.htm,OANDA,707,143689,Non-Farm Employment Change,September,3,1763645400,2025-11-20 14:30,EconomicCalendar/raw/oanda/daily/2025-11-20.json,pinned_report_and_event_name,55 k,22 k,119 k,parsed,scalar,55,,55000,,count,1000,,parsed,scalar,22,,22000,,count,1000,,parsed,scalar,119,,119000,,count,1000,
776,PPI,2025-11-25T07:30:00-06:00,BLS,bls:ppi:20251125T133000Z:september-2025,September 2025,3,exact,2025-11-25,08:30:00,America/New_York,https://www.bls.gov/schedule/2025/home.htm,OANDA,703,143718,Producer Price Index,September,2,1764077400,2025-11-25 14:30,EconomicCalendar/raw/oanda/daily/2025-11-25.json,pinned_report_and_event_name,"0,3% m/m","-0,1% m/m","0,3% m/m",parsed,scalar,0.3,,0.3,,percent,1,m/m,parsed,scalar,-0.1,,-0.1,,percent,1,m/m,parsed,scalar,0.3,,0.3,,percent,1,m/m
2643,RETAIL_SALES,2025-11-25T07:30:00-06:00,CENSUS,census:retail-sales-2025-09,September 2025,3,exact,2025-11-25,08:30:00,America/New_York,https://www2.census.gov/retail/releases/historical/marts/adv2509.pdf,OANDA,696,143793,Retail Sales,September,3,1764077400,2025-11-25 14:30,EconomicCalendar/raw/oanda/daily/2025-11-25.json,pinned_report_and_event_name,"0,4% m/m","0,6% m/m","0,2% m/m",parsed,scalar,0.4,,0.4,,percent,1,m/m,parsed,scalar,0.6,,0.6,,percent,1,m/m,parsed,scalar,0.2,,0.2,,percent,1,m/m
2644,DURABLE_GOODS,2025-11-26T07:30:00-06:00,CENSUS,census:durable-goods-2025-09,September 2025,3,exact,2025-11-26,08:30:00,America/New_York,https://www.census.gov/manufacturing/m3/historical_data/pressreleases/adv/2025/sep25adv.pdf,OANDA,59,143799,Durable Goods Orders - pre..,September,3,1764163800,2025-11-26 14:30,EconomicCalendar/raw/oanda/daily/2025-11-26.json,pinned_report_and_event_name,"0,3% m/m","2,9% m/m","0,5% m/m",parsed,scalar,0.3,,0.3,,percent,1,m/m,parsed,scalar,2.9,,2.9,,percent,1,m/m,parsed,scalar,0.5,,0.5,,percent,1,m/m
1976,PCE,2025-12-05T09:00:00-06:00,BEA,bea:pce:20251205T150000Z:september-2025,September 2025,3,exact,2025-12-05,10:00:00,America/New_York,https://www.bea.gov/news/2025/personal-income-and-outlays-september-2025,OANDA,694,144519,Personal Consumption Expenditures,September,2,1764946800,2025-12-05 16:00,EconomicCalendar/raw/oanda/daily/2025-12-05.json,pinned_report_and_event_name,"0,4% m/m","0,6% m/m","0,3% m/m",parsed,scalar,0.4,,0.4,,percent,1,m/m,parsed,scalar,0.6,,0.6,,percent,1,m/m,parsed,scalar,0.3,,0.3,,percent,1,m/m
777,JOLTS,2025-12-09T09:00:00-06:00,BLS,bls:jolts:20251209T150000Z:october-2025,October 2025,3,exact,2025-12-09,10:00:00,America/New_York,https://www.bls.gov/schedule/2025/home.htm,OANDA,1371,145254,JOLTS Job Openings,October,3,1765292400,2025-12-09 16:00,EconomicCalendar/raw/oanda/daily/2025-12-09.json,authoritative_reference_period,"7,15 mn","7,658 mn","7,67 mn",parsed,scalar,7.15,,7150000.00,,count,1000000,,parsed,scalar,7.658,,7658000.000,,count,1000000,,parsed,scalar,7.67,,7670000.00,,count,1000000,
2259,FOMC,2025-12-10T13:00:00-06:00,FEDERAL_RESERVE,federal_reserve:fomc:20251210T190000Z,FOMC 2025-12-10,3,exact,2025-12-10,14:00:00,America/New_York,https://www.federalreserve.gov/newsevents/pressreleases/monetary20251210a.htm,OANDA,82,135339,FOMC Interest Rate Decision,December,3,1765393200,2025-12-10 20:00,EconomicCalendar/raw/oanda/daily/2025-12-10.json,pinned_report_and_event_name,"3,50-3,75%","3,75-4,00%","3,50-3,75%",parsed,range,3.50,3.75,3.50,3.75,percent,1,,parsed,range,3.75,4.00,3.75,4.00,percent,1,,parsed,range,3.50,3.75,3.50,3.75,percent,1,
778,EMPLOYMENT,2025-12-16T07:30:00-06:00,BLS,bls:employment:20251216T133000Z:november-2025,November 2025,3,exact,2025-12-16,08:30:00,America/New_York,https://www.bls.gov/schedule/2025/home.htm,OANDA,707,143734,Non-Farm Employment Change,November,3,1765891800,2025-12-16 14:30,EconomicCalendar/raw/oanda/daily/2025-12-16.json,authoritative_reference_period,50 k,-105 k,64 k,parsed,scalar,50,,50000,,count,1000,,parsed,scalar,-105,,-105000,,count,1000,,parsed,scalar,64,,64000,,count,1000,
2645,RETAIL_SALES,2025-12-16T07:30:00-06:00,CENSUS,census:retail-sales-2025-10,October 2025,3,exact,2025-12-16,08:30:00,America/New_York,https://www2.census.gov/retail/releases/historical/marts/adv2510.pdf,OANDA,696,146182,Retail Sales,October,3,1765891800,2025-12-16 14:30,EconomicCalendar/raw/oanda/daily/2025-12-16.json,pinned_report_and_event_name,"0,1% m/m","0,2% m/m","0,0% m/m",parsed,scalar,0.1,,0.1,,percent,1,m/m,parsed,scalar,0.2,,0.2,,percent,1,m/m,parsed,scalar,0.0,,0.0,,percent,1,m/m
779,CPI,2025-12-18T07:30:00-06:00,BLS,bls:cpi:20251218T133000Z:november-2025,November 2025,3,exact,2025-12-18,08:30:00,America/New_York,https://www.bls.gov/schedule/2025/home.htm,OANDA,698,137671,Consumer Price Index,November,3,1766064600,2025-12-18 14:30,EconomicCalendar/raw/oanda/daily/2025-12-18.json,pinned_report_698_single_release_exception,"3,1% y/y",3% y/y,"2,7% y/y",parsed,scalar,3.1,,3.1,,percent,1,y/y,parsed,scalar,3,,3,,percent,1,y/y,parsed,scalar,2.7,,2.7,,percent,1,y/y
2646,DURABLE_GOODS,2025-12-23T07:30:00-06:00,CENSUS,census:durable-goods-2025-10,October 2025,3,exact,2025-12-23,08:30:00,America/New_York,https://www.census.gov/manufacturing/m3/historical_data/pressreleases/adv/2025/oct25adv.pdf,OANDA,59,146271,Durable Goods Orders - pre..,October,3,1766496600,2025-12-23 14:30,EconomicCalendar/raw/oanda/daily/2025-12-23.json,pinned_report_and_event_name,"-1,5% m/m","0,5% m/m","-2,2% m/m",parsed,scalar,-1.5,,-1.5,,percent,1,m/m,parsed,scalar,0.5,,0.5,,percent,1,m/m,parsed,scalar,-2.2,,-2.2,,percent,1,m/m
1977,GDP,2025-12-23T07:30:00-06:00,BEA,bea:gdp:20251223T133000Z:q3-2025-initial,Q3 2025 Initial,3,exact,2025-12-23,08:30:00,America/New_York,https://www.bea.gov/news/2025/gross-domestic-product-3rd-quarter-2025-initial-estimate-and-corporate-profits,OANDA,690,145984,GDP (Annualized) - pre..,3Q,3,1766496600,2025-12-23 14:30,EconomicCalendar/raw/oanda/daily/2025-12-23.json,pinned_report_and_event_name,"3,2%","3,8%","4,3%",parsed,scalar,3.2,,3.2,,percent,1,,parsed,scalar,3.8,,3.8,,percent,1,,parsed,scalar,4.3,,4.3,,percent,1,
780,JOLTS,2026-01-07T09:00:00-06:00,BLS,bls:jolts:20260107T150000Z:november-2025,November 2025,3,exact,2026-01-07,10:00:00,America/New_York,https://www.bls.gov/schedule/2026/home.htm,OANDA,1371,147601,JOLTS Job Openings,November,3,1767798000,2026-01-07 16:00,EconomicCalendar/raw/oanda/daily/2026-01-07.json,pinned_report_and_event_name,"7,6 mn","7,67 mn","7,146 mn",parsed,scalar,7.6,,7600000.0,,count,1000000,,parsed,scalar,7.67,,7670000.00,,count,1000000,,parsed,scalar,7.146,,7146000.000,,count,1000000,
781,EMPLOYMENT,2026-01-09T07:30:00-06:00,BLS,bls:employment:20260109T133000Z:december-2025,December 2025,3,exact,2026-01-09,08:30:00,America/New_York,https://www.bls.gov/schedule/2026/home.htm,OANDA,707,148054,Non-Farm Employment Change,December,3,1767965400,2026-01-09 14:30,EconomicCalendar/raw/oanda/daily/2026-01-09.json,pinned_report_and_event_name,60 k,64 k,50 k,parsed,scalar,60,,60000,,count,1000,,parsed,scalar,64,,64000,,count,1000,,parsed,scalar,50,,50000,,count,1000,
782,CPI,2026-01-13T07:30:00-06:00,BLS,bls:cpi:20260113T133000Z:december-2025,December 2025,3,exact,2026-01-13,08:30:00,America/New_York,https://www.bls.gov/schedule/2026/home.htm,OANDA,699,145751,Consumer Price Index,December,3,1768311000,2026-01-13 14:30,EconomicCalendar/raw/oanda/daily/2026-01-13.json,pinned_report_and_event_name,"0,3% m/m",,"0,3% m/m",parsed,scalar,0.3,,0.3,,percent,1,m/m,missing,,,,,,,,,parsed,scalar,0.3,,0.3,,percent,1,m/m
783,PPI,2026-01-14T07:30:00-06:00,BLS,bls:ppi:20260114T133000Z:november-2025,November 2025,3,exact,2026-01-14,08:30:00,America/New_York,https://www.bls.gov/schedule/2026/home.htm,OANDA,703,148826,Producer Price Index,November,2,1768397400,2026-01-14 14:30,EconomicCalendar/raw/oanda/daily/2026-01-14.json,authoritative_reference_period,"0,3% m/m","0,1% m/m","0,2% m/m",parsed,scalar,0.3,,0.3,,percent,1,m/m,parsed,scalar,0.1,,0.1,,percent,1,m/m,parsed,scalar,0.2,,0.2,,percent,1,m/m
2647,RETAIL_SALES,2026-01-14T07:30:00-06:00,CENSUS,census:retail-sales-2025-11,November 2025,3,exact,2026-01-14,08:30:00,America/New_York,https://www2.census.gov/retail/releases/historical/marts/adv2511.pdf,OANDA,696,147839,Retail Sales,November,3,1768397400,2026-01-14 14:30,EconomicCalendar/raw/oanda/daily/2026-01-14.json,pinned_report_and_event_name,"0,4% m/m","0,0% m/m","0,6% m/m",parsed,scalar,0.4,,0.4,,percent,1,m/m,parsed,scalar,0.0,,0.0,,percent,1,m/m,parsed,scalar,0.6,,0.6,,percent,1,m/m
1978,GDP,2026-01-22T07:30:00-06:00,BEA,bea:gdp:20260122T133000Z:q3-2025-updated,Q3 2025 Updated,3,exact,2026-01-22,08:30:00,America/New_York,https://www.bea.gov/news/2026/gross-domestic-product-3rd-quarter-2025-updated-estimate-gdp-industry-and-corporate,OANDA,690,146640,GDP (Annualized) - rev..,3Q,3,1769088600,2026-01-22 14:30,EconomicCalendar/raw/oanda/daily/2026-01-22.json,equivalent_oanda_duplicate_collapse,"4,3%","3,8%","4,4%",parsed,scalar,4.3,,4.3,,percent,1,,parsed,scalar,3.8,,3.8,,percent,1,,parsed,scalar,4.4,,4.4,,percent,1,
1979,PCE,2026-01-22T09:00:00-06:00,BEA,bea:pce:20260122T150000Z:october-and-november-2025,October and November 2025,3,exact,2026-01-22,10:00:00,America/New_York,https://www.bea.gov/news/2026/personal-income-and-outlays-october-and-november-2025,OANDA,694,148841,Personal Consumption Expenditures,November,2,1769094000,2026-01-22 16:00,EconomicCalendar/raw/oanda/daily/2026-01-22.json,authoritative_reference_period,"0,5% m/m","0,5% m/m","0,5% m/m",parsed,scalar,0.5,,0.5,,percent,1,m/m,parsed,scalar,0.5,,0.5,,percent,1,m/m,parsed,scalar,0.5,,0.5,,percent,1,m/m
2648,DURABLE_GOODS,2026-01-26T07:30:00-06:00,CENSUS,census:durable-goods-2025-11,November 2025,3,exact,2026-01-26,08:30:00,America/New_York,https://www.census.gov/manufacturing/m3/historical_data/pressreleases/adv/2025/nov25adv.pdf,OANDA,59,147832,Durable Goods Orders - pre..,November,3,1769439600,2026-01-26 16:00,EconomicCalendar/raw/oanda/daily/2026-01-26.json,pinned_report_and_event_name,"3,7% m/m","-2,2% m/m","5,3% m/m",parsed,scalar,3.7,,3.7,,percent,1,m/m,parsed,scalar,-2.2,,-2.2,,percent,1,m/m,parsed,scalar,5.3,,5.3,,percent,1,m/m
2260,FOMC,2026-01-28T13:00:00-06:00,FEDERAL_RESERVE,federal_reserve:fomc:20260128T190000Z,FOMC 2026-01-28,3,exact,2026-01-28,14:00:00,America/New_York,https://www.federalreserve.gov/newsevents/pressreleases/monetary20260128a.htm,OANDA,82,135340,FOMC Interest Rate Decision,January,3,1769626800,2026-01-28 20:00,EconomicCalendar/raw/oanda/daily/2026-01-28.json,pinned_report_and_event_name,"3,50-3,75%","3,50-3,75%","3,50-3,75%",parsed,range,3.50,3.75,3.50,3.75,percent,1,,parsed,range,3.50,3.75,3.50,3.75,percent,1,,parsed,range,3.50,3.75,3.50,3.75,percent,1,
784,PPI,2026-01-30T07:30:00-06:00,BLS,bls:ppi:20260130T133000Z:december-2025,December 2025,3,exact,2026-01-30,08:30:00,America/New_York,https://www.bls.gov/schedule/2026/home.htm,OANDA,703,148032,Producer Price Index,December,2,1769779800,2026-01-30 14:30,EconomicCalendar/raw/oanda/daily/2026-01-30.json,pinned_report_and_event_name,"0,2% m/m","0,2% m/m","0,5% m/m",parsed,scalar,0.2,,0.2,,percent,1,m/m,parsed,scalar,0.2,,0.2,,percent,1,m/m,parsed,scalar,0.5,,0.5,,percent,1,m/m
785,JOLTS,2026-02-05T09:00:00-06:00,BLS,bls:jolts:20260205T150000Z:december-2025,December 2025,3,exact,2026-02-05,10:00:00,America/New_York,https://www.bls.gov/schedule/2026/home.htm,OANDA,1371,149053,JOLTS Job Openings,December,3,1770303600,2026-02-05 16:00,EconomicCalendar/raw/oanda/daily/2026-02-05.json,pinned_report_and_event_name,"7,2 mn","7,146 mn","6,542 mn",parsed,scalar,7.2,,7200000.0,,count,1000000,,parsed,scalar,7.146,,7146000.000,,count,1000000,,parsed,scalar,6.542,,6542000.000,,count,1000000,
2649,RETAIL_SALES,2026-02-10T07:30:00-06:00,CENSUS,census:retail-sales-2025-12,December 2025,3,exact,2026-02-10,08:30:00,America/New_York,https://www2.census.gov/retail/releases/historical/marts/adv2512.pdf,OANDA,696,148916,Retail Sales,December,3,1770730200,2026-02-10 14:30,EconomicCalendar/raw/oanda/daily/2026-02-10.json,pinned_report_and_event_name,"0,4% m/m","0,6% m/m","0,0% m/m",parsed,scalar,0.4,,0.4,,percent,1,m/m,parsed,scalar,0.6,,0.6,,percent,1,m/m,parsed,scalar,0.0,,0.0,,percent,1,m/m
786,EMPLOYMENT,2026-02-11T07:30:00-06:00,BLS,bls:employment:20260211T133000Z:january-2026,January 2026,3,exact,2026-02-11,08:30:00,America/New_York,https://www.bls.gov/schedule/2026/home.htm,OANDA,707,146043,Non-Farm Employment Change,January,3,1770816600,2026-02-11 14:30,EconomicCalendar/raw/oanda/daily/2026-02-11.json,pinned_report_and_event_name,70 k,50 k,130 k,parsed,scalar,70,,70000,,count,1000,,parsed,scalar,50,,50000,,count,1000,,parsed,scalar,130,,130000,,count,1000,
787,CPI,2026-02-13T07:30:00-06:00,BLS,bls:cpi:20260213T133000Z:january-2026,January 2026,3,exact,2026-02-13,08:30:00,America/New_York,https://www.bls.gov/schedule/2026/home.htm,OANDA,699,145756,Consumer Price Index,January,3,1770989400,2026-02-13 14:30,EconomicCalendar/raw/oanda/daily/2026-02-13.json,pinned_report_and_event_name,"0,3% m/m","0,3% m/m","0,2% m/m",parsed,scalar,0.3,,0.3,,percent,1,m/m,parsed,scalar,0.3,,0.3,,percent,1,m/m,parsed,scalar,0.2,,0.2,,percent,1,m/m
2650,DURABLE_GOODS,2026-02-18T07:30:00-06:00,CENSUS,census:durable-goods-2025-12,December 2025,3,exact,2026-02-18,08:30:00,America/New_York,https://www.census.gov/manufacturing/m3/historical_data/pressreleases/adv/2025/dec25adv.pdf,OANDA,59,149547,Durable Goods Orders - pre..,December,3,1771421400,2026-02-18 14:30,EconomicCalendar/raw/oanda/daily/2026-02-18.json,pinned_report_and_event_name,"-1,9% m/m","5,3% m/m","-1,4% m/m",parsed,scalar,-1.9,,-1.9,,percent,1,m/m,parsed,scalar,5.3,,5.3,,percent,1,m/m,parsed,scalar,-1.4,,-1.4,,percent,1,m/m
1980,GDP,2026-02-20T07:30:00-06:00,BEA,bea:gdp:20260220T133000Z:q4-2025-advance,Q4 2025 Advance,3,exact,2026-02-20,08:30:00,America/New_York,https://www.bea.gov/news/2026/gdp-advance-estimate-4th-quarter-and-year-2025,OANDA,690,149437,GDP (Annualized) - pre..,4Q,3,1771594200,2026-02-20 14:30,EconomicCalendar/raw/oanda/daily/2026-02-20.json,pinned_report_and_event_name,3%,"4,4%","1,4%",parsed,scalar,3,,3,,percent,1,,parsed,scalar,4.4,,4.4,,percent,1,,parsed,scalar,1.4,,1.4,,percent,1,
1981,PCE,2026-02-20T07:30:00-06:00,BEA,bea:pce:20260220T133000Z:december-2025,December 2025,3,exact,2026-02-20,08:30:00,America/New_York,https://www.bea.gov/news/2026/personal-income-and-outlays-december-2025,OANDA,694,148876,Personal Consumption Expenditures,December,2,1771594200,2026-02-20 14:30,EconomicCalendar/raw/oanda/daily/2026-02-20.json,pinned_report_and_event_name,"0,4% m/m","0,5% m/m","0,4% m/m",parsed,scalar,0.4,,0.4,,percent,1,m/m,parsed,scalar,0.5,,0.5,,percent,1,m/m,parsed,scalar,0.4,,0.4,,percent,1,m/m
788,PPI,2026-02-27T07:30:00-06:00,BLS,bls:ppi:20260227T133000Z:january-2026,January 2026,3,exact,2026-02-27,08:30:00,America/New_York,https://www.bls.gov/schedule/2026/home.htm,OANDA,703,145816,Producer Price Index,January,2,1772199000,2026-02-27 14:30,EconomicCalendar/raw/oanda/daily/2026-02-27.json,pinned_report_and_event_name,"0,3% m/m","0,5% m/m","0,5% m/m",parsed,scalar,0.3,,0.3,,percent,1,m/m,parsed,scalar,0.5,,0.5,,percent,1,m/m,parsed,scalar,0.5,,0.5,,percent,1,m/m
789,EMPLOYMENT,2026-03-06T07:30:00-06:00,BLS,bls:employment:20260306T133000Z:february-2026,February 2026,3,exact,2026-03-06,08:30:00,America/New_York,https://www.bls.gov/schedule/2026/home.htm,OANDA,707,146051,Non-Farm Employment Change,February,3,1772803800,2026-03-06 14:30,EconomicCalendar/raw/oanda/daily/2026-03-06.json,pinned_report_and_event_name,60 k,130 k,-92 k,parsed,scalar,60,,60000,,count,1000,,parsed,scalar,130,,130000,,count,1000,,parsed,scalar,-92,,-92000,,count,1000,
2651,RETAIL_SALES,2026-03-06T07:30:00-06:00,CENSUS,census:retail-sales-2026-01,January 2026,3,exact,2026-03-06,08:30:00,America/New_York,https://www2.census.gov/retail/releases/historical/marts/adv2601.pdf,OANDA,696,149772,Retail Sales,January,3,1772803800,2026-03-06 14:30,EconomicCalendar/raw/oanda/daily/2026-03-06.json,pinned_report_and_event_name,"-0,3% m/m","0,0% m/m","-0,2% m/m",parsed,scalar,-0.3,,-0.3,,percent,1,m/m,parsed,scalar,0.0,,0.0,,percent,1,m/m,parsed,scalar,-0.2,,-0.2,,percent,1,m/m
790,CPI,2026-03-11T07:30:00-05:00,BLS,bls:cpi:20260311T123000Z:february-2026,February 2026,3,exact,2026-03-11,08:30:00,America/New_York,https://www.bls.gov/schedule/2026/home.htm,OANDA,699,145761,Consumer Price Index,February,3,1773232200,2026-03-11 13:30,EconomicCalendar/raw/oanda/daily/2026-03-11.json,pinned_report_and_event_name,"0,3% m/m","0,2% m/m","0,3% m/m",parsed,scalar,0.3,,0.3,,percent,1,m/m,parsed,scalar,0.2,,0.2,,percent,1,m/m,parsed,scalar,0.3,,0.3,,percent,1,m/m
2652,DURABLE_GOODS,2026-03-13T07:30:00-05:00,CENSUS,census:durable-goods-2026-01,January 2026,3,exact,2026-03-13,08:30:00,America/New_York,https://www.census.gov/manufacturing/m3/historical_data/pressreleases/adv/2026/jan26adv.pdf,OANDA,59,149777,Durable Goods Orders - pre..,January,3,1773405000,2026-03-13 13:30,EconomicCalendar/raw/oanda/daily/2026-03-13.json,pinned_report_and_event_name,"1,1% m/m","-1,4% m/m","0,0% m/m",parsed,scalar,1.1,,1.1,,percent,1,m/m,parsed,scalar,-1.4,,-1.4,,percent,1,m/m,parsed,scalar,0.0,,0.0,,percent,1,m/m
1982,GDP,2026-03-13T07:30:00-05:00,BEA,bea:gdp:20260313T123000Z:q4-2025-second,Q4 2025 Second,3,exact,2026-03-13,08:30:00,America/New_York,https://www.bea.gov/news/2026/gdp-second-estimate-4th-quarter-and-year-2025,OANDA,690,149442,GDP (Annualized) - rev..,4Q,3,1773405000,2026-03-13 13:30,EconomicCalendar/raw/oanda/daily/2026-03-13.json,pinned_report_and_event_name,"1,4%","4,4%","0,7%",parsed,scalar,1.4,,1.4,,percent,1,,parsed,scalar,4.4,,4.4,,percent,1,,parsed,scalar,0.7,,0.7,,percent,1,
1983,PCE,2026-03-13T07:30:00-05:00,BEA,bea:pce:20260313T123000Z:january-2026,January 2026,3,exact,2026-03-13,08:30:00,America/New_York,https://www.bea.gov/news/2026/personal-income-and-outlays-january-2026,OANDA,694,145262,Personal Consumption Expenditures,January,2,1773405000,2026-03-13 13:30,EconomicCalendar/raw/oanda/daily/2026-03-13.json,pinned_report_and_event_name,"0,3% m/m","0,4% m/m","0,4% m/m",parsed,scalar,0.3,,0.3,,percent,1,m/m,parsed,scalar,0.4,,0.4,,percent,1,m/m,parsed,scalar,0.4,,0.4,,percent,1,m/m
791,JOLTS,2026-03-13T09:00:00-05:00,BLS,bls:jolts:20260313T140000Z:january-2026,January 2026,3,exact,2026-03-13,10:00:00,America/New_York,https://www.bls.gov/schedule/2026/home.htm,OANDA,1371,149594,JOLTS Job Openings,January,3,1773410400,2026-03-13 15:00,EconomicCalendar/raw/oanda/daily/2026-03-13.json,pinned_report_and_event_name,"6,7 mn","6,542 mn","6,946 mn",parsed,scalar,6.7,,6700000.0,,count,1000000,,parsed,scalar,6.542,,6542000.000,,count,1000000,,parsed,scalar,6.946,,6946000.000,,count,1000000,
792,PPI,2026-03-18T07:30:00-05:00,BLS,bls:ppi:20260318T123000Z:february-2026,February 2026,3,exact,2026-03-18,08:30:00,America/New_York,https://www.bls.gov/schedule/2026/home.htm,OANDA,703,145821,Producer Price Index,February,2,1773837000,2026-03-18 13:30,EconomicCalendar/raw/oanda/daily/2026-03-18.json,pinned_report_and_event_name,"0,3% m/m","0,5% m/m","0,7% m/m",parsed,scalar,0.3,,0.3,,percent,1,m/m,parsed,scalar,0.5,,0.5,,percent,1,m/m,parsed,scalar,0.7,,0.7,,percent,1,m/m
2261,FOMC,2026-03-18T13:00:00-05:00,FEDERAL_RESERVE,federal_reserve:fomc:20260318T180000Z,FOMC 2026-03-18,3,exact,2026-03-18,14:00:00,America/New_York,https://www.federalreserve.gov/newsevents/pressreleases/monetary20260318a.htm,OANDA,82,135341,FOMC Interest Rate Decision,March,3,1773856800,2026-03-18 19:00,EconomicCalendar/raw/oanda/daily/2026-03-18.json,pinned_report_and_event_name,"3,50-3,75%","3,50-3,75%","3,50-3,75%",parsed,range,3.50,3.75,3.50,3.75,percent,1,,parsed,range,3.50,3.75,3.50,3.75,percent,1,,parsed,range,3.50,3.75,3.50,3.75,percent,1,
793,JOLTS,2026-03-31T09:00:00-05:00,BLS,bls:jolts:20260331T140000Z:february-2026,February 2026,3,exact,2026-03-31,10:00:00,America/New_York,https://www.bls.gov/schedule/2026/home.htm,OANDA,1371,149595,JOLTS Job Openings,February,3,1774965600,2026-03-31 16:00,EconomicCalendar/raw/oanda/daily/2026-03-31.json,pinned_report_and_event_name,"6,92 mn","6,946 mn","6,882 mn",parsed,scalar,6.92,,6920000.00,,count,1000000,,parsed,scalar,6.946,,6946000.000,,count,1000000,,parsed,scalar,6.882,,6882000.000,,count,1000000,
2653,RETAIL_SALES,2026-04-01T07:30:00-05:00,CENSUS,census:retail-sales-2026-02,February 2026,3,exact,2026-04-01,08:30:00,America/New_York,https://www2.census.gov/retail/releases/historical/marts/adv2602.pdf,OANDA,696,150518,Retail Sales,February,3,1775046600,2026-04-01 14:30,EconomicCalendar/raw/oanda/daily/2026-04-01.json,pinned_report_and_event_name,"0,5% m/m","-0,2% m/m","0,6% m/m",parsed,scalar,0.5,,0.5,,percent,1,m/m,parsed,scalar,-0.2,,-0.2,,percent,1,m/m,parsed,scalar,0.6,,0.6,,percent,1,m/m
794,EMPLOYMENT,2026-04-03T07:30:00-05:00,BLS,bls:employment:20260403T123000Z:march-2026,March 2026,3,exact,2026-04-03,08:30:00,America/New_York,https://www.bls.gov/schedule/2026/home.htm,OANDA,707,146059,Non-Farm Employment Change,March,3,1775219400,2026-04-03 14:30,EconomicCalendar/raw/oanda/daily/2026-04-03.json,pinned_report_and_event_name,60 k,-92 k,178 k,parsed,scalar,60,,60000,,count,1000,,parsed,scalar,-92,,-92000,,count,1000,,parsed,scalar,178,,178000,,count,1000,
2654,DURABLE_GOODS,2026-04-07T07:30:00-05:00,CENSUS,census:durable-goods-2026-02,February 2026,3,exact,2026-04-07,08:30:00,America/New_York,https://www.census.gov/manufacturing/m3/historical_data/pressreleases/adv/2026/feb26adv.pdf,OANDA,59,150530,Durable Goods Orders - pre..,February,3,1775565000,2026-04-07 14:30,EconomicCalendar/raw/oanda/daily/2026-04-07.json,pinned_report_and_event_name,-1% m/m,,"-1,4% m/m",parsed,scalar,-1,,-1,,percent,1,m/m,missing,,,,,,,,,parsed,scalar,-1.4,,-1.4,,percent,1,m/m
1984,GDP,2026-04-09T07:30:00-05:00,BEA,bea:gdp:20260409T123000Z:q4-2025-third,Q4 2025 Third,3,exact,2026-04-09,08:30:00,America/New_York,https://www.bea.gov/news/2026/gdp-third-estimate-industries-corporate-profits-state-gdp-and-state-personal-income-4th,OANDA,690,149447,GDP (Annualized) - fin..,4Q,3,1775737800,2026-04-09 14:30,EconomicCalendar/raw/oanda/daily/2026-04-09.json,pinned_report_and_event_name,"0,7%","4,4%","0,5%",parsed,scalar,0.7,,0.7,,percent,1,,parsed,scalar,4.4,,4.4,,percent,1,,parsed,scalar,0.5,,0.5,,percent,1,
1985,PCE,2026-04-09T07:30:00-05:00,BEA,bea:pce:20260409T123000Z:february-2026,February 2026,3,exact,2026-04-09,08:30:00,America/New_York,https://www.bea.gov/news/2026/personal-income-and-outlays-february-2026,OANDA,694,145268,Personal Consumption Expenditures,February,2,1775737800,2026-04-09 14:30,EconomicCalendar/raw/oanda/daily/2026-04-09.json,pinned_report_and_event_name,"0,5% m/m","0,4% m/m","0,5% m/m",parsed,scalar,0.5,,0.5,,percent,1,m/m,parsed,scalar,0.4,,0.4,,percent,1,m/m,parsed,scalar,0.5,,0.5,,percent,1,m/m
795,CPI,2026-04-10T07:30:00-05:00,BLS,bls:cpi:20260410T123000Z:march-2026,March 2026,3,exact,2026-04-10,08:30:00,America/New_York,https://www.bls.gov/schedule/2026/home.htm,OANDA,699,145766,Consumer Price Index,March,3,1775824200,2026-04-10 14:30,EconomicCalendar/raw/oanda/daily/2026-04-10.json,pinned_report_and_event_name,"0,9% m/m","0,3% m/m","0,9% m/m",parsed,scalar,0.9,,0.9,,percent,1,m/m,parsed,scalar,0.3,,0.3,,percent,1,m/m,parsed,scalar,0.9,,0.9,,percent,1,m/m
796,PPI,2026-04-14T07:30:00-05:00,BLS,bls:ppi:20260414T123000Z:march-2026,March 2026,3,exact,2026-04-14,08:30:00,America/New_York,https://www.bls.gov/schedule/2026/home.htm,OANDA,703,145826,Producer Price Index,March,2,1776169800,2026-04-14 14:30,EconomicCalendar/raw/oanda/daily/2026-04-14.json,pinned_report_and_event_name,"1,1% m/m","0,7% m/m","0,5% m/m",parsed,scalar,1.1,,1.1,,percent,1,m/m,parsed,scalar,0.7,,0.7,,percent,1,m/m,parsed,scalar,0.5,,0.5,,percent,1,m/m
2655,RETAIL_SALES,2026-04-21T07:30:00-05:00,CENSUS,census:retail-sales-2026-03,March 2026,3,exact,2026-04-21,08:30:00,America/New_York,https://www2.census.gov/retail/releases/historical/marts/adv2603.pdf,OANDA,696,150523,Retail Sales,March,3,1776774600,2026-04-21 14:30,EconomicCalendar/raw/oanda/daily/2026-04-21.json,pinned_report_and_event_name,"1,4% m/m","0,6% m/m","1,7% m/m",parsed,scalar,1.4,,1.4,,percent,1,m/m,parsed,scalar,0.6,,0.6,,percent,1,m/m,parsed,scalar,1.7,,1.7,,percent,1,m/m
2656,DURABLE_GOODS,2026-04-29T07:30:00-05:00,CENSUS,census:durable-goods-2026-03,March 2026,3,exact,2026-04-29,08:30:00,America/New_York,https://www.census.gov/manufacturing/m3/historical_data/pressreleases/adv/2026/mar26adv.pdf,OANDA,59,150532,Durable Goods Orders - pre..,March,3,1777465800,2026-04-29 14:30,EconomicCalendar/raw/oanda/daily/2026-04-29.json,pinned_report_and_event_name,"0,5% m/m","-1,3% m/m","0,8% m/m",parsed,scalar,0.5,,0.5,,percent,1,m/m,parsed,scalar,-1.3,,-1.3,,percent,1,m/m,parsed,scalar,0.8,,0.8,,percent,1,m/m
2262,FOMC,2026-04-29T13:00:00-05:00,FEDERAL_RESERVE,federal_reserve:fomc:20260429T180000Z,FOMC 2026-04-29,3,exact,2026-04-29,14:00:00,America/New_York,https://www.federalreserve.gov/newsevents/pressreleases/monetary20260429a.htm,OANDA,82,135342,FOMC Interest Rate Decision,April,3,1777485600,2026-04-29 20:00,EconomicCalendar/raw/oanda/daily/2026-04-29.json,pinned_report_and_event_name,"3,50-3,75%","3,50-3,75%","3,50-3,75%",parsed,range,3.50,3.75,3.50,3.75,percent,1,,parsed,range,3.50,3.75,3.50,3.75,percent,1,,parsed,range,3.50,3.75,3.50,3.75,percent,1,
1986,GDP,2026-04-30T07:30:00-05:00,BEA,bea:gdp:20260430T123000Z:q1-2026-advance,Q1 2026 Advance,3,exact,2026-04-30,08:30:00,America/New_York,https://www.bea.gov/news/2026/gdp-advance-estimate-1st-quarter-2026,OANDA,690,149613,GDP (Annualized) - pre..,1Q,3,1777552200,2026-04-30 14:30,EconomicCalendar/raw/oanda/daily/2026-04-30.json,pinned_report_and_event_name,"2,3%","0,5%",2%,parsed,scalar,2.3,,2.3,,percent,1,,parsed,scalar,0.5,,0.5,,percent,1,,parsed,scalar,2,,2,,percent,1,
1987,PCE,2026-04-30T07:30:00-05:00,BEA,bea:pce:20260430T123000Z:march-2026,March 2026,3,exact,2026-04-30,08:30:00,America/New_York,https://www.bea.gov/news/2026/personal-income-and-outlays-march-2026,OANDA,694,145274,Personal Consumption Expenditures,March,2,1777552200,2026-04-30 14:30,EconomicCalendar/raw/oanda/daily/2026-04-30.json,pinned_report_and_event_name,"0,9% m/m","0,5% m/m","0,9% m/m",parsed,scalar,0.9,,0.9,,percent,1,m/m,parsed,scalar,0.5,,0.5,,percent,1,m/m,parsed,scalar,0.9,,0.9,,percent,1,m/m
798,JOLTS,2026-05-05T09:00:00-05:00,BLS,bls:jolts:20260505T140000Z:march-2026,March 2026,3,exact,2026-05-05,10:00:00,America/New_York,https://www.bls.gov/schedule/2026/home.htm,OANDA,1371,150503,JOLTS Job Openings,March,3,1777989600,2026-05-05 16:00,EconomicCalendar/raw/oanda/daily/2026-05-05.json,pinned_report_and_event_name,"6,835 mn","6,882 mn","6,866 mn",parsed,scalar,6.835,,6835000.000,,count,1000000,,parsed,scalar,6.882,,6882000.000,,count,1000000,,parsed,scalar,6.866,,6866000.000,,count,1000000,
799,EMPLOYMENT,2026-05-08T07:30:00-05:00,BLS,bls:employment:20260508T123000Z:april-2026,April 2026,3,exact,2026-05-08,08:30:00,America/New_York,https://www.bls.gov/schedule/2026/home.htm,OANDA,707,146067,Non-Farm Employment Change,April,3,1778243400,2026-05-08 14:30,EconomicCalendar/raw/oanda/daily/2026-05-08.json,pinned_report_and_event_name,62 k,178 k,115 k,parsed,scalar,62,,62000,,count,1000,,parsed,scalar,178,,178000,,count,1000,,parsed,scalar,115,,115000,,count,1000,
800,CPI,2026-05-12T07:30:00-05:00,BLS,bls:cpi:20260512T123000Z:april-2026,April 2026,3,exact,2026-05-12,08:30:00,America/New_York,https://www.bls.gov/schedule/2026/home.htm,OANDA,699,145771,Consumer Price Index,April,3,1778589000,2026-05-12 14:30,EconomicCalendar/raw/oanda/daily/2026-05-12.json,pinned_report_and_event_name,"0,6% m/m","0,9% m/m","0,6% m/m",parsed,scalar,0.6,,0.6,,percent,1,m/m,parsed,scalar,0.9,,0.9,,percent,1,m/m,parsed,scalar,0.6,,0.6,,percent,1,m/m
801,PPI,2026-05-13T07:30:00-05:00,BLS,bls:ppi:20260513T123000Z:april-2026,April 2026,3,exact,2026-05-13,08:30:00,America/New_York,https://www.bls.gov/schedule/2026/home.htm,OANDA,703,145831,Producer Price Index,April,2,1778675400,2026-05-13 14:30,EconomicCalendar/raw/oanda/daily/2026-05-13.json,pinned_report_and_event_name,"0,5% m/m","0,5% m/m","1,4% m/m",parsed,scalar,0.5,,0.5,,percent,1,m/m,parsed,scalar,0.5,,0.5,,percent,1,m/m,parsed,scalar,1.4,,1.4,,percent,1,m/m
2657,RETAIL_SALES,2026-05-14T07:30:00-05:00,CENSUS,census:retail-sales-2026-04,April 2026,3,exact,2026-05-14,08:30:00,America/New_York,https://www2.census.gov/retail/releases/historical/marts/adv2604.pdf,OANDA,696,146219,Retail Sales,April,3,1778761800,2026-05-14 14:30,EconomicCalendar/raw/oanda/daily/2026-05-14.json,pinned_report_and_event_name,"0,5% m/m","1,7% m/m","0,5% m/m",parsed,scalar,0.5,,0.5,,percent,1,m/m,parsed,scalar,1.7,,1.7,,percent,1,m/m,parsed,scalar,0.5,,0.5,,percent,1,m/m
2658,DURABLE_GOODS,2026-05-28T07:30:00-05:00,CENSUS,census:durable-goods-2026-04,April 2026,3,exact,2026-05-28,08:30:00,America/New_York,https://www.census.gov/manufacturing/m3/historical_data/pressreleases/adv/2026/apr26adv.pdf,OANDA,59,146276,Durable Goods Orders - pre..,April,3,1779971400,2026-05-28 14:30,EconomicCalendar/raw/oanda/daily/2026-05-28.json,pinned_report_and_event_name,"3,4% m/m","0,8% m/m","7,9% m/m",parsed,scalar,3.4,,3.4,,percent,1,m/m,parsed,scalar,0.8,,0.8,,percent,1,m/m,parsed,scalar,7.9,,7.9,,percent,1,m/m
1988,GDP,2026-05-28T07:30:00-05:00,BEA,bea:gdp:20260528T123000Z:q1-2026-second,Q1 2026 Second,3,exact,2026-05-28,08:30:00,America/New_York,https://www.bea.gov/news/2026/gdp-second-estimate-and-corporate-profits-1st-quarter-2026,OANDA,690,149731,GDP (Annualized) - rev..,1Q,3,1779971400,2026-05-28 14:30,EconomicCalendar/raw/oanda/daily/2026-05-28.json,pinned_report_and_event_name,2%,"0,5%","1,6%",parsed,scalar,2,,2,,percent,1,,parsed,scalar,0.5,,0.5,,percent,1,,parsed,scalar,1.6,,1.6,,percent,1,
1989,PCE,2026-05-28T07:30:00-05:00,BEA,bea:pce:20260528T123000Z:april-2026,April 2026,3,exact,2026-05-28,08:30:00,America/New_York,https://www.bea.gov/news/2026/personal-income-and-outlays-april-2026,OANDA,694,145280,Personal Consumption Expenditures,April,2,1779971400,2026-05-28 14:30,EconomicCalendar/raw/oanda/daily/2026-05-28.json,pinned_report_and_event_name,"0,5% m/m","0,9% m/m","0,5% m/m",parsed,scalar,0.5,,0.5,,percent,1,m/m,parsed,scalar,0.9,,0.9,,percent,1,m/m,parsed,scalar,0.5,,0.5,,percent,1,m/m
802,JOLTS,2026-06-02T09:00:00-05:00,BLS,bls:jolts:20260602T140000Z:april-2026,April 2026,3,exact,2026-06-02,10:00:00,America/New_York,https://www.bls.gov/schedule/2026/home.htm,OANDA,1371,150504,JOLTS Job Openings,April,3,1780408800,2026-06-02 16:00,EconomicCalendar/raw/oanda/daily/2026-06-02.json,pinned_report_and_event_name,"6,88 mn","6,866 mn","7,618 mn",parsed,scalar,6.88,,6880000.00,,count,1000000,,parsed,scalar,6.866,,6866000.000,,count,1000000,,parsed,scalar,7.618,,7618000.000,,count,1000000,
803,EMPLOYMENT,2026-06-05T07:30:00-05:00,BLS,bls:employment:20260605T123000Z:may-2026,May 2026,3,exact,2026-06-05,08:30:00,America/New_York,https://www.bls.gov/schedule/2026/home.htm,OANDA,707,146075,Non-Farm Employment Change,May,3,1780662600,2026-06-05 14:30,EconomicCalendar/raw/oanda/daily/2026-06-05.json,pinned_report_and_event_name,85 k,115 k,172 k,parsed,scalar,85,,85000,,count,1000,,parsed,scalar,115,,115000,,count,1000,,parsed,scalar,172,,172000,,count,1000,
804,CPI,2026-06-10T07:30:00-05:00,BLS,bls:cpi:20260610T123000Z:may-2026,May 2026,3,exact,2026-06-10,08:30:00,America/New_York,https://www.bls.gov/schedule/2026/home.htm,OANDA,699,145776,Consumer Price Index,May,3,1781094600,2026-06-10 14:30,EconomicCalendar/raw/oanda/daily/2026-06-10.json,pinned_report_and_event_name,"0,5% m/m","0,6% m/m","0,5% m/m",parsed,scalar,0.5,,0.5,,percent,1,m/m,parsed,scalar,0.6,,0.6,,percent,1,m/m,parsed,scalar,0.5,,0.5,,percent,1,m/m
805,PPI,2026-06-11T07:30:00-05:00,BLS,bls:ppi:20260611T123000Z:may-2026,May 2026,3,exact,2026-06-11,08:30:00,America/New_York,https://www.bls.gov/schedule/2026/home.htm,OANDA,703,145836,Producer Price Index,May,2,1781181000,2026-06-11 14:30,EconomicCalendar/raw/oanda/daily/2026-06-11.json,pinned_report_and_event_name,"0,7% m/m","1,4% m/m","1,1% m/m",parsed,scalar,0.7,,0.7,,percent,1,m/m,parsed,scalar,1.4,,1.4,,percent,1,m/m,parsed,scalar,1.1,,1.1,,percent,1,m/m
2659,RETAIL_SALES,2026-06-17T07:30:00-05:00,CENSUS,census:retail-sales-2026-05,May 2026,3,exact,2026-06-17,08:30:00,America/New_York,https://www2.census.gov/retail/releases/historical/marts/adv2605.pdf,OANDA,696,146224,Retail Sales,May,3,1781699400,2026-06-17 14:30,EconomicCalendar/raw/oanda/daily/2026-06-17.json,pinned_report_and_event_name,"0,5% m/m","0,5% m/m","0,9% m/m",parsed,scalar,0.5,,0.5,,percent,1,m/m,parsed,scalar,0.5,,0.5,,percent,1,m/m,parsed,scalar,0.9,,0.9,,percent,1,m/m
2263,FOMC,2026-06-17T13:00:00-05:00,FEDERAL_RESERVE,federal_reserve:fomc:20260617T180000Z,FOMC 2026-06-17,3,exact,2026-06-17,14:00:00,America/New_York,https://www.federalreserve.gov/newsevents/pressreleases/monetary20260617a.htm,OANDA,82,135343,FOMC Interest Rate Decision,June,3,1781719200,2026-06-17 20:00,EconomicCalendar/raw/oanda/daily/2026-06-17.json,pinned_report_and_event_name,"3,50-3,75%","3,50-3,75%","3,50-3,75%",parsed,range,3.50,3.75,3.50,3.75,percent,1,,parsed,range,3.50,3.75,3.50,3.75,percent,1,,parsed,range,3.50,3.75,3.50,3.75,percent,1,
2660,DURABLE_GOODS,2026-06-25T07:30:00-05:00,CENSUS,census:durable-goods-2026-05,May 2026,3,exact,2026-06-25,08:30:00,America/New_York,https://www.census.gov/manufacturing/m3/historical_data/pressreleases/adv/2026/may26adv.pdf,OANDA,59,146277,Durable Goods Orders - pre..,May,3,1782390600,2026-06-25 14:30,EconomicCalendar/raw/oanda/daily/2026-06-25.json,pinned_report_and_event_name,"-4,4% m/m",8% m/m,"-4,5% m/m",parsed,scalar,-4.4,,-4.4,,percent,1,m/m,parsed,scalar,8,,8,,percent,1,m/m,parsed,scalar,-4.5,,-4.5,,percent,1,m/m
1990,GDP,2026-06-25T07:30:00-05:00,BEA,bea:gdp:20260625T123000Z:q1-2026-third,Q1 2026 Third,3,exact,2026-06-25,08:30:00,America/New_York,https://www.bea.gov/news/2026/gdp-third-estimate-industries-corporate-profits-state-gdp-and-state-personal-income-1st,OANDA,690,149736,GDP (Annualized) - fin..,1Q,3,1782390600,2026-06-25 14:30,EconomicCalendar/raw/oanda/daily/2026-06-25.json,pinned_report_and_event_name,"1,6%","0,5%","2,1%",parsed,scalar,1.6,,1.6,,percent,1,,parsed,scalar,0.5,,0.5,,percent,1,,parsed,scalar,2.1,,2.1,,percent,1,
1991,PCE,2026-06-25T07:30:00-05:00,BEA,bea:pce:20260625T123000Z:may-2026,May 2026,3,exact,2026-06-25,08:30:00,America/New_York,https://www.bea.gov/news/2026/personal-income-and-outlays-may-2026,OANDA,694,145286,Personal Consumption Expenditures,May,2,1782390600,2026-06-25 14:30,EconomicCalendar/raw/oanda/daily/2026-06-25.json,pinned_report_and_event_name,"0,6% m/m","0,5% m/m","0,7% m/m",parsed,scalar,0.6,,0.6,,percent,1,m/m,parsed,scalar,0.5,,0.5,,percent,1,m/m,parsed,scalar,0.7,,0.7,,percent,1,m/m
806,JOLTS,2026-06-30T09:00:00-05:00,BLS,bls:jolts:20260630T140000Z:may-2026,May 2026,3,exact,2026-06-30,10:00:00,America/New_York,https://www.bls.gov/schedule/2026/home.htm,OANDA,1371,150505,JOLTS Job Openings,May,3,1782828000,2026-06-30 16:00,EconomicCalendar/raw/oanda/daily/2026-06-30.json,pinned_report_and_event_name,"7,3 mn","7,618 mn","7,594 mn",parsed,scalar,7.3,,7300000.0,,count,1000000,,parsed,scalar,7.618,,7618000.000,,count,1000000,,parsed,scalar,7.594,,7594000.000,,count,1000000,
807,EMPLOYMENT,2026-07-02T07:30:00-05:00,BLS,bls:employment:20260702T123000Z:june-2026,June 2026,3,exact,2026-07-02,08:30:00,America/New_York,https://www.bls.gov/schedule/2026/home.htm,OANDA,707,146083,Non-Farm Employment Change,June,3,1782995400,2026-07-02 14:30,EconomicCalendar/raw/oanda/daily/2026-07-02.json,pinned_report_and_event_name,110 k,172 k,57 k,parsed,scalar,110,,110000,,count,1000,,parsed,scalar,172,,172000,,count,1000,,parsed,scalar,57,,57000,,count,1000,
808,CPI,2026-07-14T07:30:00-05:00,BLS,bls:cpi:20260714T123000Z:june-2026,June 2026,3,exact,2026-07-14,08:30:00,America/New_York,https://www.bls.gov/schedule/2026/home.htm,OANDA,699,145781,Consumer Price Index,June,3,1784032200,2026-07-14 14:30,EconomicCalendar/raw/oanda/daily/2026-07-14.json,pinned_report_and_event_name,"-0,1% m/m","0,5% m/m","-0,4% m/m",parsed,scalar,-0.1,,-0.1,,percent,1,m/m,parsed,scalar,0.5,,0.5,,percent,1,m/m,parsed,scalar,-0.4,,-0.4,,percent,1,m/m
809,PPI,2026-07-15T07:30:00-05:00,BLS,bls:ppi:20260715T123000Z:june-2026,June 2026,3,exact,2026-07-15,08:30:00,America/New_York,https://www.bls.gov/schedule/2026/home.htm,OANDA,703,145841,Producer Price Index,June,2,1784118600,2026-07-15 14:30,EconomicCalendar/raw/oanda/daily/2026-07-15.json,pinned_report_and_event_name,"0,0% m/m","1,1% m/m","-0,3% m/m",parsed,scalar,0.0,,0.0,,percent,1,m/m,parsed,scalar,1.1,,1.1,,percent,1,m/m,parsed,scalar,-0.3,,-0.3,,percent,1,m/m
2661,RETAIL_SALES,2026-07-16T07:30:00-05:00,CENSUS,census:retail-sales-2026-06,June 2026,3,exact,2026-07-16,08:30:00,America/New_York,https://www2.census.gov/retail/releases/historical/marts/adv2606.pdf,OANDA,696,146229,Retail Sales,June,3,1784205000,2026-07-16 14:30,EconomicCalendar/raw/oanda/daily/2026-07-16.json,pinned_report_and_event_name,"0,2% m/m","0,9% m/m","0,2% m/m",parsed,scalar,0.2,,0.2,,percent,1,m/m,parsed,scalar,0.9,,0.9,,percent,1,m/m,parsed,scalar,0.2,,0.2,,percent,1,m/m
2662,DURABLE_GOODS,2026-07-27T07:30:00-05:00,CENSUS,census:durable-goods-2026-06,June 2026,3,exact,2026-07-27,08:30:00,America/New_York,https://www.census.gov/manufacturing/m3/adv/current/index.html,OANDA,59,146278,Durable Goods Orders - pre..,June,3,1785155400,2026-07-27 14:30,EconomicCalendar/raw/oanda/daily/2026-07-27.json,pinned_report_and_event_name,"2,5% m/m","-4,5% m/m","0,3% m/m",parsed,scalar,2.5,,2.5,,percent,1,m/m,parsed,scalar,-4.5,,-4.5,,percent,1,m/m,parsed,scalar,0.3,,0.3,,percent,1,m/m
2264,FOMC,2026-07-29T13:00:00-05:00,FEDERAL_RESERVE,federal_reserve:fomc:20260729T180000Z,FOMC 2026-07-29,3,exact,2026-07-29,14:00:00,America/New_York,https://www.federalreserve.gov/newsevents/pressreleases/monetary20260729a.htm,OANDA,82,135344,FOMC Interest Rate Decision,July,3,1785348000,2026-07-29 20:00,EconomicCalendar/raw/oanda/daily/2026-07-29.json,pinned_report_and_event_name,"3,50-3,75%","3,50-3,75%","3,50-3,75%",parsed,range,3.50,3.75,3.50,3.75,percent,1,,parsed,range,3.50,3.75,3.50,3.75,percent,1,,parsed,range,3.50,3.75,3.50,3.75,percent,1,
1992,GDP,2026-07-30T07:30:00-05:00,BEA,bea:gdp:20260730T123000Z:q2-2026-advance,Q2 2026 Advance,3,exact,2026-07-30,08:30:00,America/New_York,https://www.bea.gov/news/2026/gdp-advance-estimate-2nd-quarter-2026,OANDA,690,149741,GDP (Annualized) - pre..,2Q,3,1785414600,2026-07-30 14:30,EconomicCalendar/raw/oanda/daily/2026-07-30.json,pinned_report_and_event_name,"2,1%","2,1%","1,5%",parsed,scalar,2.1,,2.1,,percent,1,,parsed,scalar,2.1,,2.1,,percent,1,,parsed,scalar,1.5,,1.5,,percent,1,
810,JOLTS,2026-08-04T09:00:00-05:00,BLS,bls:jolts:20260804T140000Z:june-2026,June 2026,3,exact,2026-08-04,10:00:00,America/New_York,https://www.bls.gov/schedule/2026/home.htm,OANDA,1371,150506,JOLTS Job Openings,June,3,1785852000,2026-08-04 16:00,EconomicCalendar/raw/oanda/daily/2026-08-04.json,pinned_report_and_event_name,"7,45 mn","7,594 mn","7,359 mn",parsed,scalar,7.45,,7450000.00,,count,1000000,,parsed,scalar,7.594,,7594000.000,,count,1000000,,parsed,scalar,7.359,,7359000.000,,count,1000000,
811,EMPLOYMENT,2026-08-07T07:30:00-05:00,BLS,bls:employment:20260807T123000Z:july-2026,July 2026,3,exact,2026-08-07,08:30:00,America/New_York,https://www.bls.gov/schedule/2026/home.htm,OANDA,707,146091,Non-Farm Employment Change,July,3,1786105800,2026-08-07 14:30,EconomicCalendar/raw/oanda/daily/2026-08-07.json,pinned_report_and_event_name,80 k,57 k,-23 k,parsed,scalar,80,,80000,,count,1000,,parsed,scalar,57,,57000,,count,1000,,parsed,scalar,-23,,-23000,,count,1000,
812,CPI,2026-08-12T07:30:00-05:00,BLS,bls:cpi:20260812T123000Z:july-2026,July 2026,3,exact,2026-08-12,08:30:00,America/New_York,https://www.bls.gov/schedule/2026/home.htm,OANDA,699,145786,Consumer Price Index,July,3,1786537800,2026-08-12 14:30,EconomicCalendar/raw/oanda/daily/2026-08-12.json,pinned_report_and_event_name,"0,1% m/m","-0,4% m/m","0,1% m/m",parsed,scalar,0.1,,0.1,,percent,1,m/m,parsed,scalar,-0.4,,-0.4,,percent,1,m/m,parsed,scalar,0.1,,0.1,,percent,1,m/m
813,PPI,2026-08-13T07:30:00-05:00,BLS,bls:ppi:20260813T123000Z:july-2026,July 2026,3,exact,2026-08-13,08:30:00,America/New_York,https://www.bls.gov/schedule/2026/home.htm,OANDA,703,145846,Producer Price Index,July,2,1786624200,2026-08-13 14:30,EconomicCalendar/raw/oanda/daily/2026-08-13.json,pinned_report_and_event_name,"0,2% m/m","-0,3% m/m","0,0% m/m",parsed,scalar,0.2,,0.2,,percent,1,m/m,parsed,scalar,-0.3,,-0.3,,percent,1,m/m,parsed,scalar,0.0,,0.0,,percent,1,m/m
2663,RETAIL_SALES,2026-08-14T07:30:00-05:00,CENSUS,census:retail-sales-2026-07,July 2026,3,exact,2026-08-14,08:30:00,America/New_York,https://www.census.gov/retail/marts/www/marts_current.pdf,OANDA,696,146234,Retail Sales,July,3,1786710600,2026-08-14 14:30,EconomicCalendar/raw/oanda/daily/2026-08-14.json,pinned_report_and_event_name,"0,1% m/m","0,2% m/m","-0,6% m/m",parsed,scalar,0.1,,0.1,,percent,1,m/m,parsed,scalar,0.2,,0.2,,percent,1,m/m,parsed,scalar,-0.6,,-0.6,,percent,1,m/m
